2026-02-12 13:04:20.003 [main] INFO  o.s.t.c.s.AnnotationConfigContextLoaderUtils - Could not detect default configuration classes for test class [com.example.ProyectoBackEnd.ProyectoBackEndApplicationTests]: ProyectoBackEndApplicationTests does not declare any static, non-private, non-final, nested classes annotated with @Configuration.
2026-02-12 13:04:20.236 [main] INFO  o.s.b.t.c.SpringBootTestContextBootstrapper - Found @SpringBootConfiguration com.example.ProyectoBackEnd.ProyectoBackEndApplication for test class com.example.ProyectoBackEnd.ProyectoBackEndApplicationTests
2026-02-12 13:04:20.523 [main] INFO  o.s.b.d.r.RestartApplicationListener - Restart disabled due to context in which it is running
2026-02-12 13:04:20.945 [main] INFO  c.e.P.ProyectoBackEndApplicationTests - Starting ProyectoBackEndApplicationTests using Java 17.0.17 with PID 15308 (started by leofr in C:\Users\leofr\OneDrive\Escritorio\ESPECIALIZACION EN JAVA(CIBERTEC) Y OTRAS\JAVA BACK END\PROYECTO FINAL\ProyectoBackEnd (1)\ProyectoBackEnd)
2026-02-12 13:04:20.950 [main] DEBUG c.e.P.ProyectoBackEndApplicationTests - Running with Spring Boot v3.5.10, Spring v6.2.15
2026-02-12 13:04:20.951 [main] INFO  c.e.P.ProyectoBackEndApplicationTests - No active profile set, falling back to 1 default profile: "default"
2026-02-12 13:04:21.000 [main] DEBUG o.s.w.c.s.GenericWebApplicationContext - Refreshing org.springframework.web.context.support.GenericWebApplicationContext@4fe875be
2026-02-12 13:04:22.096 [main] INFO  o.s.d.r.c.RepositoryConfigurationDelegate - Bootstrapping Spring Data JPA repositories in DEFAULT mode.
2026-02-12 13:04:22.251 [main] INFO  o.s.d.r.c.RepositoryConfigurationDelegate - Finished Spring Data repository scanning in 138 ms. Found 3 JPA repository interfaces.
2026-02-12 13:04:23.318 [main] INFO  o.h.jpa.internal.util.LogHelper - HHH000204: Processing PersistenceUnitInfo [name: default]
2026-02-12 13:04:23.449 [main] INFO  org.hibernate.Version - HHH000412: Hibernate ORM core version 6.6.41.Final
2026-02-12 13:04:23.553 [main] INFO  o.h.c.i.RegionFactoryInitiator - HHH000026: Second-level cache disabled
2026-02-12 13:04:24.218 [main] INFO  o.s.o.j.p.SpringPersistenceUnitInfo - No LoadTimeWeaver setup: ignoring JPA class transformer
2026-02-12 13:04:24.264 [main] INFO  com.zaxxer.hikari.HikariDataSource - HikariPool-1 - Starting...
2026-02-12 13:04:24.520 [main] INFO  com.zaxxer.hikari.pool.HikariPool - HikariPool-1 - Added connection com.mysql.cj.jdbc.ConnectionImpl@3d718248
2026-02-12 13:04:24.523 [main] INFO  com.zaxxer.hikari.HikariDataSource - HikariPool-1 - Start completed.
2026-02-12 13:04:24.613 [main] WARN  org.hibernate.orm.deprecation - HHH90000025: MySQLDialect does not need to be specified explicitly using 'hibernate.dialect' (remove the property setting and it will be selected by default)
2026-02-12 13:04:24.666 [main] INFO  o.hibernate.orm.connections.pooling - HHH10001005: Database info:
	Database JDBC URL [Connecting through datasource 'HikariDataSource (HikariPool-1)']
	Database driver: undefined/unknown
	Database version: 8.0.32
	Autocommit mode: undefined/unknown
	Isolation level: undefined/unknown
	Minimum pool size: undefined/unknown
	Maximum pool size: undefined/unknown
2026-02-12 13:04:25.876 [main] INFO  o.h.e.t.j.p.i.JtaPlatformInitiator - HHH000489: No JTA platform available (set 'hibernate.transaction.jta.platform' to enable JTA platform integration)
2026-02-12 13:04:26.034 [main] INFO  o.s.o.j.LocalContainerEntityManagerFactoryBean - Initialized JPA EntityManagerFactory for persistence unit 'default'
2026-02-12 13:04:26.768 [main] INFO  o.s.d.j.r.query.QueryEnhancerFactory - Hibernate is in classpath; If applicable, HQL parser will be used.
2026-02-12 13:04:27.938 [main] WARN  o.s.b.a.o.j.JpaBaseConfiguration$JpaWebConfiguration - spring.jpa.open-in-view is enabled by default. Therefore, database queries may be performed during view rendering. Explicitly configure spring.jpa.open-in-view to disable this warning
2026-02-12 13:04:28.426 [main] WARN  o.s.w.c.s.GenericWebApplicationContext - Exception encountered during context initialization - cancelling refresh attempt: org.springframework.beans.factory.BeanCreationException: Error creating bean with name 'requestMappingHandlerMapping' defined in class path resource [org/springframework/boot/autoconfigure/web/servlet/WebMvcAutoConfiguration$EnableWebMvcConfiguration.class]: Ambiguous mapping. Cannot map 'usuarioController' method 
com.example.ProyectoBackEnd.controller.UsuarioController#obtenerUno(int)
to {GET [/api/usuarios/{id}]}: There is already 'loginController' bean method
com.example.ProyectoBackEnd.controller.LoginController#obtenerUno(int) mapped.
2026-02-12 13:04:28.428 [main] INFO  o.s.o.j.LocalContainerEntityManagerFactoryBean - Closing JPA EntityManagerFactory for persistence unit 'default'
2026-02-12 13:04:28.433 [main] INFO  com.zaxxer.hikari.HikariDataSource - HikariPool-1 - Shutdown initiated...
2026-02-12 13:04:28.445 [main] INFO  com.zaxxer.hikari.HikariDataSource - HikariPool-1 - Shutdown completed.
2026-02-12 13:04:28.485 [main] INFO  o.s.b.a.l.ConditionEvaluationReportLogger - 

Error starting ApplicationContext. To display the condition evaluation report re-run your application with 'debug' enabled.
2026-02-12 13:04:28.527 [main] ERROR o.s.boot.SpringApplication - Application run failed
org.springframework.beans.factory.BeanCreationException: Error creating bean with name 'requestMappingHandlerMapping' defined in class path resource [org/springframework/boot/autoconfigure/web/servlet/WebMvcAutoConfiguration$EnableWebMvcConfiguration.class]: Ambiguous mapping. Cannot map 'usuarioController' method 
com.example.ProyectoBackEnd.controller.UsuarioController#obtenerUno(int)
to {GET [/api/usuarios/{id}]}: There is already 'loginController' bean method
com.example.ProyectoBackEnd.controller.LoginController#obtenerUno(int) mapped.
	at org.springframework.beans.factory.support.AbstractAutowireCapableBeanFactory.initializeBean(AbstractAutowireCapableBeanFactory.java:1826)
	at org.springframework.beans.factory.support.AbstractAutowireCapableBeanFactory.doCreateBean(AbstractAutowireCapableBeanFactory.java:607)
	at org.springframework.beans.factory.support.AbstractAutowireCapableBeanFactory.createBean(AbstractAutowireCapableBeanFactory.java:529)
	at org.springframework.beans.factory.support.AbstractBeanFactory.lambda$doGetBean$0(AbstractBeanFactory.java:339)
	at org.springframework.beans.factory.support.DefaultSingletonBeanRegistry.getSingleton(DefaultSingletonBeanRegistry.java:373)
	at org.springframework.beans.factory.support.AbstractBeanFactory.doGetBean(AbstractBeanFactory.java:337)
	at org.springframework.beans.factory.support.AbstractBeanFactory.getBean(AbstractBeanFactory.java:202)
	at org.springframework.beans.factory.support.DefaultListableBeanFactory.instantiateSingleton(DefaultListableBeanFactory.java:1228)
	at org.springframework.beans.factory.support.DefaultListableBeanFactory.preInstantiateSingleton(DefaultListableBeanFactory.java:1194)
	at org.springframework.beans.factory.support.DefaultListableBeanFactory.preInstantiateSingletons(DefaultListableBeanFactory.java:1130)
	at org.springframework.context.support.AbstractApplicationContext.finishBeanFactoryInitialization(AbstractApplicationContext.java:990)
	at org.springframework.context.support.AbstractApplicationContext.refresh(AbstractApplicationContext.java:627)
	at org.springframework.boot.SpringApplication.refresh(SpringApplication.java:752)
	at org.springframework.boot.SpringApplication.refreshContext(SpringApplication.java:439)
	at org.springframework.boot.SpringApplication.run(SpringApplication.java:318)
	at org.springframework.boot.test.context.SpringBootContextLoader.lambda$loadContext$3(SpringBootContextLoader.java:152)
	at org.springframework.util.function.ThrowingSupplier.get(ThrowingSupplier.java:58)
	at org.springframework.util.function.ThrowingSupplier.get(ThrowingSupplier.java:46)
	at org.springframework.boot.SpringApplication.withHook(SpringApplication.java:1461)
	at org.springframework.boot.test.context.SpringBootContextLoader$ContextLoaderHook.run(SpringBootContextLoader.java:595)
	at org.springframework.boot.test.context.SpringBootContextLoader.loadContext(SpringBootContextLoader.java:152)
	at org.springframework.boot.test.context.SpringBootContextLoader.loadContext(SpringBootContextLoader.java:111)
	at org.springframework.test.context.cache.DefaultCacheAwareContextLoaderDelegate.loadContextInternal(DefaultCacheAwareContextLoaderDelegate.java:225)
	at org.springframework.test.context.cache.DefaultCacheAwareContextLoaderDelegate.loadContext(DefaultCacheAwareContextLoaderDelegate.java:152)
	at org.springframework.test.context.support.DefaultTestContext.getApplicationContext(DefaultTestContext.java:130)
	at org.springframework.test.context.web.ServletTestExecutionListener.setUpRequestContextIfNecessary(ServletTestExecutionListener.java:200)
	at org.springframework.test.context.web.ServletTestExecutionListener.prepareTestInstance(ServletTestExecutionListener.java:139)
	at org.springframework.test.context.TestContextManager.prepareTestInstance(TestContextManager.java:260)
	at org.springframework.test.context.junit.jupiter.SpringExtension.postProcessTestInstance(SpringExtension.java:159)
	at org.junit.jupiter.engine.descriptor.ClassBasedTestDescriptor.lambda$invokeTestInstancePostProcessors$10(ClassBasedTestDescriptor.java:383)
	at org.junit.jupiter.engine.descriptor.ClassBasedTestDescriptor.executeAndMaskThrowable(ClassBasedTestDescriptor.java:388)
	at org.junit.jupiter.engine.descriptor.ClassBasedTestDescriptor.lambda$invokeTestInstancePostProcessors$11(ClassBasedTestDescriptor.java:382)
	at java.base/java.util.stream.ForEachOps$ForEachOp$OfRef.accept(ForEachOps.java:183)
	at java.base/java.util.stream.ReferencePipeline$3$1.accept(ReferencePipeline.java:197)
	at java.base/java.util.stream.ReferencePipeline$2$1.accept(ReferencePipeline.java:179)
	at java.base/java.util.stream.ReferencePipeline$3$1.accept(ReferencePipeline.java:197)
	at java.base/java.util.ArrayList$ArrayListSpliterator.forEachRemaining(ArrayList.java:1625)
	at java.base/java.util.stream.AbstractPipeline.copyInto(AbstractPipeline.java:509)
	at java.base/java.util.stream.AbstractPipeline.wrapAndCopyInto(AbstractPipeline.java:499)
	at java.base/java.util.stream.ForEachOps$ForEachOp.evaluateSequential(ForEachOps.java:150)
	at java.base/java.util.stream.ForEachOps$ForEachOp$OfRef.evaluateSequential(ForEachOps.java:173)
	at java.base/java.util.stream.AbstractPipeline.evaluate(AbstractPipeline.java:234)
	at java.base/java.util.stream.ReferencePipeline.forEach(ReferencePipeline.java:596)
	at org.junit.jupiter.engine.descriptor.ClassBasedTestDescriptor.invokeTestInstancePostProcessors(ClassBasedTestDescriptor.java:382)
	at org.junit.jupiter.engine.descriptor.ClassBasedTestDescriptor.lambda$instantiateAndPostProcessTestInstance$6(ClassBasedTestDescriptor.java:293)
	at org.junit.platform.engine.support.hierarchical.ThrowableCollector.execute(ThrowableCollector.java:73)
	at org.junit.jupiter.engine.descriptor.ClassBasedTestDescriptor.instantiateAndPostProcessTestInstance(ClassBasedTestDescriptor.java:292)
	at org.junit.jupiter.engine.descriptor.ClassBasedTestDescriptor.lambda$testInstancesProvider$4(ClassBasedTestDescriptor.java:281)
	at java.base/java.util.Optional.orElseGet(Optional.java:364)
	at org.junit.jupiter.engine.descriptor.ClassBasedTestDescriptor.lambda$testInstancesProvider$5(ClassBasedTestDescriptor.java:280)
	at org.junit.jupiter.engine.execution.TestInstancesProvider.getTestInstances(TestInstancesProvider.java:27)
	at org.junit.jupiter.engine.descriptor.TestMethodTestDescriptor.lambda$prepare$0(TestMethodTestDescriptor.java:112)
	at org.junit.platform.engine.support.hierarchical.ThrowableCollector.execute(ThrowableCollector.java:73)
	at org.junit.jupiter.engine.descriptor.TestMethodTestDescriptor.prepare(TestMethodTestDescriptor.java:111)
	at org.junit.jupiter.engine.descriptor.TestMethodTestDescriptor.prepare(TestMethodTestDescriptor.java:69)
	at org.junit.platform.engine.support.hierarchical.NodeTestTask.lambda$prepare$2(NodeTestTask.java:128)
	at org.junit.platform.engine.support.hierarchical.ThrowableCollector.execute(ThrowableCollector.java:73)
	at org.junit.platform.engine.support.hierarchical.NodeTestTask.prepare(NodeTestTask.java:128)
	at org.junit.platform.engine.support.hierarchical.NodeTestTask.execute(NodeTestTask.java:95)
	at java.base/java.util.ArrayList.forEach(ArrayList.java:1511)
	at org.junit.platform.engine.support.hierarchical.SameThreadHierarchicalTestExecutorService.invokeAll(SameThreadHierarchicalTestExecutorService.java:41)
	at org.junit.platform.engine.support.hierarchical.NodeTestTask.lambda$executeRecursively$6(NodeTestTask.java:160)
	at org.junit.platform.engine.support.hierarchical.ThrowableCollector.execute(ThrowableCollector.java:73)
	at org.junit.platform.engine.support.hierarchical.NodeTestTask.lambda$executeRecursively$8(NodeTestTask.java:146)
	at org.junit.platform.engine.support.hierarchical.Node.around(Node.java:137)
	at org.junit.platform.engine.support.hierarchical.NodeTestTask.lambda$executeRecursively$9(NodeTestTask.java:144)
	at org.junit.platform.engine.support.hierarchical.ThrowableCollector.execute(ThrowableCollector.java:73)
	at org.junit.platform.engine.support.hierarchical.NodeTestTask.executeRecursively(NodeTestTask.java:143)
	at org.junit.platform.engine.support.hierarchical.NodeTestTask.execute(NodeTestTask.java:100)
	at java.base/java.util.ArrayList.forEach(ArrayList.java:1511)
	at org.junit.platform.engine.support.hierarchical.SameThreadHierarchicalTestExecutorService.invokeAll(SameThreadHierarchicalTestExecutorService.java:41)
	at org.junit.platform.engine.support.hierarchical.NodeTestTask.lambda$executeRecursively$6(NodeTestTask.java:160)
	at org.junit.platform.engine.support.hierarchical.ThrowableCollector.execute(ThrowableCollector.java:73)
	at org.junit.platform.engine.support.hierarchical.NodeTestTask.lambda$executeRecursively$8(NodeTestTask.java:146)
	at org.junit.platform.engine.support.hierarchical.Node.around(Node.java:137)
	at org.junit.platform.engine.support.hierarchical.NodeTestTask.lambda$executeRecursively$9(NodeTestTask.java:144)
	at org.junit.platform.engine.support.hierarchical.ThrowableCollector.execute(ThrowableCollector.java:73)
	at org.junit.platform.engine.support.hierarchical.NodeTestTask.executeRecursively(NodeTestTask.java:143)
	at org.junit.platform.engine.support.hierarchical.NodeTestTask.execute(NodeTestTask.java:100)
	at org.junit.platform.engine.support.hierarchical.SameThreadHierarchicalTestExecutorService.submit(SameThreadHierarchicalTestExecutorService.java:35)
	at org.junit.platform.engine.support.hierarchical.HierarchicalTestExecutor.execute(HierarchicalTestExecutor.java:57)
	at org.junit.platform.engine.support.hierarchical.HierarchicalTestEngine.execute(HierarchicalTestEngine.java:54)
	at org.junit.platform.launcher.core.EngineExecutionOrchestrator.execute(EngineExecutionOrchestrator.java:201)
	at org.junit.platform.launcher.core.EngineExecutionOrchestrator.execute(EngineExecutionOrchestrator.java:170)
	at org.junit.platform.launcher.core.EngineExecutionOrchestrator.execute(EngineExecutionOrchestrator.java:94)
	at org.junit.platform.launcher.core.EngineExecutionOrchestrator.lambda$execute$0(EngineExecutionOrchestrator.java:59)
	at org.junit.platform.launcher.core.EngineExecutionOrchestrator.withInterceptedStreams(EngineExecutionOrchestrator.java:142)
	at org.junit.platform.launcher.core.EngineExecutionOrchestrator.execute(EngineExecutionOrchestrator.java:58)
	at org.junit.platform.launcher.core.DefaultLauncher.execute(DefaultLauncher.java:103)
	at org.junit.platform.launcher.core.DefaultLauncher.execute(DefaultLauncher.java:85)
	at org.junit.platform.launcher.core.DelegatingLauncher.execute(DelegatingLauncher.java:47)
	at org.junit.platform.launcher.core.InterceptingLauncher.lambda$execute$1(InterceptingLauncher.java:39)
	at org.junit.platform.launcher.core.ClasspathAlignmentCheckingLauncherInterceptor.intercept(ClasspathAlignmentCheckingLauncherInterceptor.java:25)
	at org.junit.platform.launcher.core.InterceptingLauncher.execute(InterceptingLauncher.java:38)
	at org.junit.platform.launcher.core.DelegatingLauncher.execute(DelegatingLauncher.java:47)
	at org.apache.maven.surefire.junitplatform.LauncherAdapter.executeWithoutCancellationToken(LauncherAdapter.java:60)
	at org.apache.maven.surefire.junitplatform.LauncherAdapter.execute(LauncherAdapter.java:52)
	at org.apache.maven.surefire.junitplatform.JUnitPlatformProvider.execute(JUnitPlatformProvider.java:203)
	at org.apache.maven.surefire.junitplatform.JUnitPlatformProvider.invokeAllTests(JUnitPlatformProvider.java:168)
	at org.apache.maven.surefire.junitplatform.JUnitPlatformProvider.invoke(JUnitPlatformProvider.java:136)
	at org.apache.maven.surefire.booter.ForkedBooter.runSuitesInProcess(ForkedBooter.java:385)
	at org.apache.maven.surefire.booter.ForkedBooter.execute(ForkedBooter.java:162)
	at org.apache.maven.surefire.booter.ForkedBooter.run(ForkedBooter.java:507)
	at org.apache.maven.surefire.booter.ForkedBooter.main(ForkedBooter.java:495)
Caused by: java.lang.IllegalStateException: Ambiguous mapping. Cannot map 'usuarioController' method 
com.example.ProyectoBackEnd.controller.UsuarioController#obtenerUno(int)
to {GET [/api/usuarios/{id}]}: There is already 'loginController' bean method
com.example.ProyectoBackEnd.controller.LoginController#obtenerUno(int) mapped.
	at org.springframework.web.servlet.handler.AbstractHandlerMethodMapping$MappingRegistry.validateMethodMapping(AbstractHandlerMethodMapping.java:676)
	at org.springframework.web.servlet.handler.AbstractHandlerMethodMapping$MappingRegistry.register(AbstractHandlerMethodMapping.java:637)
	at org.springframework.web.servlet.handler.AbstractHandlerMethodMapping.registerHandlerMethod(AbstractHandlerMethodMapping.java:331)
	at org.springframework.web.servlet.mvc.method.annotation.RequestMappingHandlerMapping.registerHandlerMethod(RequestMappingHandlerMapping.java:507)
	at org.springframework.web.servlet.mvc.method.annotation.RequestMappingHandlerMapping.registerHandlerMethod(RequestMappingHandlerMapping.java:84)
	at org.springframework.web.servlet.handler.AbstractHandlerMethodMapping.lambda$detectHandlerMethods$2(AbstractHandlerMethodMapping.java:298)
	at java.base/java.util.LinkedHashMap.forEach(LinkedHashMap.java:721)
	at org.springframework.web.servlet.handler.AbstractHandlerMethodMapping.detectHandlerMethods(AbstractHandlerMethodMapping.java:296)
	at org.springframework.web.servlet.handler.AbstractHandlerMethodMapping.processCandidateBean(AbstractHandlerMethodMapping.java:265)
	at org.springframework.web.servlet.handler.AbstractHandlerMethodMapping.initHandlerMethods(AbstractHandlerMethodMapping.java:224)
	at org.springframework.web.servlet.handler.AbstractHandlerMethodMapping.afterPropertiesSet(AbstractHandlerMethodMapping.java:212)
	at org.springframework.web.servlet.mvc.method.annotation.RequestMappingHandlerMapping.afterPropertiesSet(RequestMappingHandlerMapping.java:237)
	at org.springframework.beans.factory.support.AbstractAutowireCapableBeanFactory.invokeInitMethods(AbstractAutowireCapableBeanFactory.java:1873)
	at org.springframework.beans.factory.support.AbstractAutowireCapableBeanFactory.initializeBean(AbstractAutowireCapableBeanFactory.java:1822)
	... 103 common frames omitted
2026-02-12 13:04:28.542 [main] WARN  o.s.test.context.TestContextManager - Caught exception while allowing TestExecutionListener [org.springframework.test.context.web.ServletTestExecutionListener] to prepare test instance [com.example.ProyectoBackEnd.ProyectoBackEndApplicationTests@4a544672]
java.lang.IllegalStateException: Failed to load ApplicationContext for [WebMergedContextConfiguration@55d607b testClass = com.example.ProyectoBackEnd.ProyectoBackEndApplicationTests, locations = [], classes = [com.example.ProyectoBackEnd.ProyectoBackEndApplication], contextInitializerClasses = [], activeProfiles = [], propertySourceDescriptors = [], propertySourceProperties = ["org.springframework.boot.test.context.SpringBootTestContextBootstrapper=true"], contextCustomizers = [org.springframework.boot.test.context.filter.ExcludeFilterContextCustomizer@26bab2f1, org.springframework.boot.test.json.DuplicateJsonObjectContextCustomizerFactory$DuplicateJsonObjectContextCustomizer@a43ce46, org.springframework.boot.test.mock.mockito.MockitoContextCustomizer@0, org.springframework.boot.test.web.client.TestRestTemplateContextCustomizer@366c4480, org.springframework.boot.test.web.reactor.netty.DisableReactorResourceFactoryGlobalResourcesContextCustomizerFactory$DisableReactorResourceFactoryGlobalResourcesContextCustomizerCustomizer@4c2cc639, org.springframework.boot.test.autoconfigure.OnFailureConditionReportContextCustomizerFactory$OnFailureConditionReportContextCustomizer@ec2cc4, org.springframework.boot.test.autoconfigure.actuate.observability.ObservabilityContextCustomizerFactory$DisableObservabilityContextCustomizer@1f, org.springframework.boot.test.autoconfigure.properties.PropertyMappingContextCustomizer@0, org.springframework.boot.test.autoconfigure.web.servlet.WebDriverContextCustomizer@13e547a9, org.springframework.test.context.support.DynamicPropertiesContextCustomizer@0, org.springframework.boot.test.context.SpringBootTestAnnotation@96abb616], resourceBasePath = "src/main/webapp", contextLoader = org.springframework.boot.test.context.SpringBootContextLoader, parent = null]
	at org.springframework.test.context.cache.DefaultCacheAwareContextLoaderDelegate.loadContext(DefaultCacheAwareContextLoaderDelegate.java:180)
	at org.springframework.test.context.support.DefaultTestContext.getApplicationContext(DefaultTestContext.java:130)
	at org.springframework.test.context.web.ServletTestExecutionListener.setUpRequestContextIfNecessary(ServletTestExecutionListener.java:200)
	at org.springframework.test.context.web.ServletTestExecutionListener.prepareTestInstance(ServletTestExecutionListener.java:139)
	at org.springframework.test.context.TestContextManager.prepareTestInstance(TestContextManager.java:260)
	at org.springframework.test.context.junit.jupiter.SpringExtension.postProcessTestInstance(SpringExtension.java:159)
	at org.junit.jupiter.engine.descriptor.ClassBasedTestDescriptor.lambda$invokeTestInstancePostProcessors$10(ClassBasedTestDescriptor.java:383)
	at org.junit.jupiter.engine.descriptor.ClassBasedTestDescriptor.executeAndMaskThrowable(ClassBasedTestDescriptor.java:388)
	at org.junit.jupiter.engine.descriptor.ClassBasedTestDescriptor.lambda$invokeTestInstancePostProcessors$11(ClassBasedTestDescriptor.java:382)
	at java.base/java.util.stream.ForEachOps$ForEachOp$OfRef.accept(ForEachOps.java:183)
	at java.base/java.util.stream.ReferencePipeline$3$1.accept(ReferencePipeline.java:197)
	at java.base/java.util.stream.ReferencePipeline$2$1.accept(ReferencePipeline.java:179)
	at java.base/java.util.stream.ReferencePipeline$3$1.accept(ReferencePipeline.java:197)
	at java.base/java.util.ArrayList$ArrayListSpliterator.forEachRemaining(ArrayList.java:1625)
	at java.base/java.util.stream.AbstractPipeline.copyInto(AbstractPipeline.java:509)
	at java.base/java.util.stream.AbstractPipeline.wrapAndCopyInto(AbstractPipeline.java:499)
	at java.base/java.util.stream.ForEachOps$ForEachOp.evaluateSequential(ForEachOps.java:150)
	at java.base/java.util.stream.ForEachOps$ForEachOp$OfRef.evaluateSequential(ForEachOps.java:173)
	at java.base/java.util.stream.AbstractPipeline.evaluate(AbstractPipeline.java:234)
	at java.base/java.util.stream.ReferencePipeline.forEach(ReferencePipeline.java:596)
	at org.junit.jupiter.engine.descriptor.ClassBasedTestDescriptor.invokeTestInstancePostProcessors(ClassBasedTestDescriptor.java:382)
	at org.junit.jupiter.engine.descriptor.ClassBasedTestDescriptor.lambda$instantiateAndPostProcessTestInstance$6(ClassBasedTestDescriptor.java:293)
	at org.junit.platform.engine.support.hierarchical.ThrowableCollector.execute(ThrowableCollector.java:73)
	at org.junit.jupiter.engine.descriptor.ClassBasedTestDescriptor.instantiateAndPostProcessTestInstance(ClassBasedTestDescriptor.java:292)
	at org.junit.jupiter.engine.descriptor.ClassBasedTestDescriptor.lambda$testInstancesProvider$4(ClassBasedTestDescriptor.java:281)
	at java.base/java.util.Optional.orElseGet(Optional.java:364)
	at org.junit.jupiter.engine.descriptor.ClassBasedTestDescriptor.lambda$testInstancesProvider$5(ClassBasedTestDescriptor.java:280)
	at org.junit.jupiter.engine.execution.TestInstancesProvider.getTestInstances(TestInstancesProvider.java:27)
	at org.junit.jupiter.engine.descriptor.TestMethodTestDescriptor.lambda$prepare$0(TestMethodTestDescriptor.java:112)
	at org.junit.platform.engine.support.hierarchical.ThrowableCollector.execute(ThrowableCollector.java:73)
	at org.junit.jupiter.engine.descriptor.TestMethodTestDescriptor.prepare(TestMethodTestDescriptor.java:111)
	at org.junit.jupiter.engine.descriptor.TestMethodTestDescriptor.prepare(TestMethodTestDescriptor.java:69)
	at org.junit.platform.engine.support.hierarchical.NodeTestTask.lambda$prepare$2(NodeTestTask.java:128)
	at org.junit.platform.engine.support.hierarchical.ThrowableCollector.execute(ThrowableCollector.java:73)
	at org.junit.platform.engine.support.hierarchical.NodeTestTask.prepare(NodeTestTask.java:128)
	at org.junit.platform.engine.support.hierarchical.NodeTestTask.execute(NodeTestTask.java:95)
	at java.base/java.util.ArrayList.forEach(ArrayList.java:1511)
	at org.junit.platform.engine.support.hierarchical.SameThreadHierarchicalTestExecutorService.invokeAll(SameThreadHierarchicalTestExecutorService.java:41)
	at org.junit.platform.engine.support.hierarchical.NodeTestTask.lambda$executeRecursively$6(NodeTestTask.java:160)
	at org.junit.platform.engine.support.hierarchical.ThrowableCollector.execute(ThrowableCollector.java:73)
	at org.junit.platform.engine.support.hierarchical.NodeTestTask.lambda$executeRecursively$8(NodeTestTask.java:146)
	at org.junit.platform.engine.support.hierarchical.Node.around(Node.java:137)
	at org.junit.platform.engine.support.hierarchical.NodeTestTask.lambda$executeRecursively$9(NodeTestTask.java:144)
	at org.junit.platform.engine.support.hierarchical.ThrowableCollector.execute(ThrowableCollector.java:73)
	at org.junit.platform.engine.support.hierarchical.NodeTestTask.executeRecursively(NodeTestTask.java:143)
	at org.junit.platform.engine.support.hierarchical.NodeTestTask.execute(NodeTestTask.java:100)
	at java.base/java.util.ArrayList.forEach(ArrayList.java:1511)
	at org.junit.platform.engine.support.hierarchical.SameThreadHierarchicalTestExecutorService.invokeAll(SameThreadHierarchicalTestExecutorService.java:41)
	at org.junit.platform.engine.support.hierarchical.NodeTestTask.lambda$executeRecursively$6(NodeTestTask.java:160)
	at org.junit.platform.engine.support.hierarchical.ThrowableCollector.execute(ThrowableCollector.java:73)
	at org.junit.platform.engine.support.hierarchical.NodeTestTask.lambda$executeRecursively$8(NodeTestTask.java:146)
	at org.junit.platform.engine.support.hierarchical.Node.around(Node.java:137)
	at org.junit.platform.engine.support.hierarchical.NodeTestTask.lambda$executeRecursively$9(NodeTestTask.java:144)
	at org.junit.platform.engine.support.hierarchical.ThrowableCollector.execute(ThrowableCollector.java:73)
	at org.junit.platform.engine.support.hierarchical.NodeTestTask.executeRecursively(NodeTestTask.java:143)
	at org.junit.platform.engine.support.hierarchical.NodeTestTask.execute(NodeTestTask.java:100)
	at org.junit.platform.engine.support.hierarchical.SameThreadHierarchicalTestExecutorService.submit(SameThreadHierarchicalTestExecutorService.java:35)
	at org.junit.platform.engine.support.hierarchical.HierarchicalTestExecutor.execute(HierarchicalTestExecutor.java:57)
	at org.junit.platform.engine.support.hierarchical.HierarchicalTestEngine.execute(HierarchicalTestEngine.java:54)
	at org.junit.platform.launcher.core.EngineExecutionOrchestrator.execute(EngineExecutionOrchestrator.java:201)
	at org.junit.platform.launcher.core.EngineExecutionOrchestrator.execute(EngineExecutionOrchestrator.java:170)
	at org.junit.platform.launcher.core.EngineExecutionOrchestrator.execute(EngineExecutionOrchestrator.java:94)
	at org.junit.platform.launcher.core.EngineExecutionOrchestrator.lambda$execute$0(EngineExecutionOrchestrator.java:59)
	at org.junit.platform.launcher.core.EngineExecutionOrchestrator.withInterceptedStreams(EngineExecutionOrchestrator.java:142)
	at org.junit.platform.launcher.core.EngineExecutionOrchestrator.execute(EngineExecutionOrchestrator.java:58)
	at org.junit.platform.launcher.core.DefaultLauncher.execute(DefaultLauncher.java:103)
	at org.junit.platform.launcher.core.DefaultLauncher.execute(DefaultLauncher.java:85)
	at org.junit.platform.launcher.core.DelegatingLauncher.execute(DelegatingLauncher.java:47)
	at org.junit.platform.launcher.core.InterceptingLauncher.lambda$execute$1(InterceptingLauncher.java:39)
	at org.junit.platform.launcher.core.ClasspathAlignmentCheckingLauncherInterceptor.intercept(ClasspathAlignmentCheckingLauncherInterceptor.java:25)
	at org.junit.platform.launcher.core.InterceptingLauncher.execute(InterceptingLauncher.java:38)
	at org.junit.platform.launcher.core.DelegatingLauncher.execute(DelegatingLauncher.java:47)
	at org.apache.maven.surefire.junitplatform.LauncherAdapter.executeWithoutCancellationToken(LauncherAdapter.java:60)
	at org.apache.maven.surefire.junitplatform.LauncherAdapter.execute(LauncherAdapter.java:52)
	at org.apache.maven.surefire.junitplatform.JUnitPlatformProvider.execute(JUnitPlatformProvider.java:203)
	at org.apache.maven.surefire.junitplatform.JUnitPlatformProvider.invokeAllTests(JUnitPlatformProvider.java:168)
	at org.apache.maven.surefire.junitplatform.JUnitPlatformProvider.invoke(JUnitPlatformProvider.java:136)
	at org.apache.maven.surefire.booter.ForkedBooter.runSuitesInProcess(ForkedBooter.java:385)
	at org.apache.maven.surefire.booter.ForkedBooter.execute(ForkedBooter.java:162)
	at org.apache.maven.surefire.booter.ForkedBooter.run(ForkedBooter.java:507)
	at org.apache.maven.surefire.booter.ForkedBooter.main(ForkedBooter.java:495)
Caused by: org.springframework.beans.factory.BeanCreationException: Error creating bean with name 'requestMappingHandlerMapping' defined in class path resource [org/springframework/boot/autoconfigure/web/servlet/WebMvcAutoConfiguration$EnableWebMvcConfiguration.class]: Ambiguous mapping. Cannot map 'usuarioController' method 
com.example.ProyectoBackEnd.controller.UsuarioController#obtenerUno(int)
to {GET [/api/usuarios/{id}]}: There is already 'loginController' bean method
com.example.ProyectoBackEnd.controller.LoginController#obtenerUno(int) mapped.
	at org.springframework.beans.factory.support.AbstractAutowireCapableBeanFactory.initializeBean(AbstractAutowireCapableBeanFactory.java:1826)
	at org.springframework.beans.factory.support.AbstractAutowireCapableBeanFactory.doCreateBean(AbstractAutowireCapableBeanFactory.java:607)
	at org.springframework.beans.factory.support.AbstractAutowireCapableBeanFactory.createBean(AbstractAutowireCapableBeanFactory.java:529)
	at org.springframework.beans.factory.support.AbstractBeanFactory.lambda$doGetBean$0(AbstractBeanFactory.java:339)
	at org.springframework.beans.factory.support.DefaultSingletonBeanRegistry.getSingleton(DefaultSingletonBeanRegistry.java:373)
	at org.springframework.beans.factory.support.AbstractBeanFactory.doGetBean(AbstractBeanFactory.java:337)
	at org.springframework.beans.factory.support.AbstractBeanFactory.getBean(AbstractBeanFactory.java:202)
	at org.springframework.beans.factory.support.DefaultListableBeanFactory.instantiateSingleton(DefaultListableBeanFactory.java:1228)
	at org.springframework.beans.factory.support.DefaultListableBeanFactory.preInstantiateSingleton(DefaultListableBeanFactory.java:1194)
	at org.springframework.beans.factory.support.DefaultListableBeanFactory.preInstantiateSingletons(DefaultListableBeanFactory.java:1130)
	at org.springframework.context.support.AbstractApplicationContext.finishBeanFactoryInitialization(AbstractApplicationContext.java:990)
	at org.springframework.context.support.AbstractApplicationContext.refresh(AbstractApplicationContext.java:627)
	at org.springframework.boot.SpringApplication.refresh(SpringApplication.java:752)
	at org.springframework.boot.SpringApplication.refreshContext(SpringApplication.java:439)
	at org.springframework.boot.SpringApplication.run(SpringApplication.java:318)
	at org.springframework.boot.test.context.SpringBootContextLoader.lambda$loadContext$3(SpringBootContextLoader.java:152)
	at org.springframework.util.function.ThrowingSupplier.get(ThrowingSupplier.java:58)
	at org.springframework.util.function.ThrowingSupplier.get(ThrowingSupplier.java:46)
	at org.springframework.boot.SpringApplication.withHook(SpringApplication.java:1461)
	at org.springframework.boot.test.context.SpringBootContextLoader$ContextLoaderHook.run(SpringBootContextLoader.java:595)
	at org.springframework.boot.test.context.SpringBootContextLoader.loadContext(SpringBootContextLoader.java:152)
	at org.springframework.boot.test.context.SpringBootContextLoader.loadContext(SpringBootContextLoader.java:111)
	at org.springframework.test.context.cache.DefaultCacheAwareContextLoaderDelegate.loadContextInternal(DefaultCacheAwareContextLoaderDelegate.java:225)
	at org.springframework.test.context.cache.DefaultCacheAwareContextLoaderDelegate.loadContext(DefaultCacheAwareContextLoaderDelegate.java:152)
	... 80 common frames omitted
Caused by: java.lang.IllegalStateException: Ambiguous mapping. Cannot map 'usuarioController' method 
com.example.ProyectoBackEnd.controller.UsuarioController#obtenerUno(int)
to {GET [/api/usuarios/{id}]}: There is already 'loginController' bean method
com.example.ProyectoBackEnd.controller.LoginController#obtenerUno(int) mapped.
	at org.springframework.web.servlet.handler.AbstractHandlerMethodMapping$MappingRegistry.validateMethodMapping(AbstractHandlerMethodMapping.java:676)
	at org.springframework.web.servlet.handler.AbstractHandlerMethodMapping$MappingRegistry.register(AbstractHandlerMethodMapping.java:637)
	at org.springframework.web.servlet.handler.AbstractHandlerMethodMapping.registerHandlerMethod(AbstractHandlerMethodMapping.java:331)
	at org.springframework.web.servlet.mvc.method.annotation.RequestMappingHandlerMapping.registerHandlerMethod(RequestMappingHandlerMapping.java:507)
	at org.springframework.web.servlet.mvc.method.annotation.RequestMappingHandlerMapping.registerHandlerMethod(RequestMappingHandlerMapping.java:84)
	at org.springframework.web.servlet.handler.AbstractHandlerMethodMapping.lambda$detectHandlerMethods$2(AbstractHandlerMethodMapping.java:298)
	at java.base/java.util.LinkedHashMap.forEach(LinkedHashMap.java:721)
	at org.springframework.web.servlet.handler.AbstractHandlerMethodMapping.detectHandlerMethods(AbstractHandlerMethodMapping.java:296)
	at org.springframework.web.servlet.handler.AbstractHandlerMethodMapping.processCandidateBean(AbstractHandlerMethodMapping.java:265)
	at org.springframework.web.servlet.handler.AbstractHandlerMethodMapping.initHandlerMethods(AbstractHandlerMethodMapping.java:224)
	at org.springframework.web.servlet.handler.AbstractHandlerMethodMapping.afterPropertiesSet(AbstractHandlerMethodMapping.java:212)
	at org.springframework.web.servlet.mvc.method.annotation.RequestMappingHandlerMapping.afterPropertiesSet(RequestMappingHandlerMapping.java:237)
	at org.springframework.beans.factory.support.AbstractAutowireCapableBeanFactory.invokeInitMethods(AbstractAutowireCapableBeanFactory.java:1873)
	at org.springframework.beans.factory.support.AbstractAutowireCapableBeanFactory.initializeBean(AbstractAutowireCapableBeanFactory.java:1822)
	... 103 common frames omitted
2026-02-12 13:16:57.917 [restartedMain] INFO  c.e.P.ProyectoBackEndApplication - Starting ProyectoBackEndApplication using Java 17.0.17 with PID 5980 (C:\Users\leofr\OneDrive\Escritorio\ESPECIALIZACION EN JAVA(CIBERTEC) Y OTRAS\JAVA BACK END\PROYECTO FINAL\ProyectoBackEnd (1)\ProyectoBackEnd\target\classes started by leofr in C:\Users\leofr\OneDrive\Escritorio\ESPECIALIZACION EN JAVA(CIBERTEC) Y OTRAS\JAVA BACK END\PROYECTO FINAL\ProyectoBackEnd (1)\ProyectoBackEnd)
2026-02-12 13:16:57.925 [restartedMain] DEBUG c.e.P.ProyectoBackEndApplication - Running with Spring Boot v3.5.10, Spring v6.2.15
2026-02-12 13:16:57.926 [restartedMain] INFO  c.e.P.ProyectoBackEndApplication - No active profile set, falling back to 1 default profile: "default"
2026-02-12 13:16:58.015 [restartedMain] INFO  o.s.b.d.e.DevToolsPropertyDefaultsPostProcessor - Devtools property defaults active! Set 'spring.devtools.add-properties' to 'false' to disable
2026-02-12 13:16:58.015 [restartedMain] INFO  o.s.b.d.e.DevToolsPropertyDefaultsPostProcessor - For additional web related logging consider setting the 'logging.level.web' property to 'DEBUG'
2026-02-12 13:16:59.222 [restartedMain] INFO  o.s.d.r.c.RepositoryConfigurationDelegate - Bootstrapping Spring Data JPA repositories in DEFAULT mode.
2026-02-12 13:16:59.342 [restartedMain] INFO  o.s.d.r.c.RepositoryConfigurationDelegate - Finished Spring Data repository scanning in 102 ms. Found 3 JPA repository interfaces.
2026-02-12 13:17:00.699 [restartedMain] INFO  o.s.b.w.e.tomcat.TomcatWebServer - Tomcat initialized with port 8080 (http)
2026-02-12 13:17:00.723 [restartedMain] INFO  o.a.coyote.http11.Http11NioProtocol - Initializing ProtocolHandler ["http-nio-8080"]
2026-02-12 13:17:00.727 [restartedMain] INFO  o.a.catalina.core.StandardService - Starting service [Tomcat]
2026-02-12 13:17:00.727 [restartedMain] INFO  o.a.catalina.core.StandardEngine - Starting Servlet engine: [Apache Tomcat/10.1.50]
2026-02-12 13:17:00.820 [restartedMain] INFO  o.a.c.c.C.[Tomcat].[localhost].[/] - Initializing Spring embedded WebApplicationContext
2026-02-12 13:17:00.821 [restartedMain] INFO  o.s.b.w.s.c.ServletWebServerApplicationContext - Root WebApplicationContext: initialization completed in 2804 ms
2026-02-12 13:17:01.166 [restartedMain] INFO  o.h.jpa.internal.util.LogHelper - HHH000204: Processing PersistenceUnitInfo [name: default]
2026-02-12 13:17:01.290 [restartedMain] INFO  org.hibernate.Version - HHH000412: Hibernate ORM core version 6.6.41.Final
2026-02-12 13:17:01.376 [restartedMain] INFO  o.h.c.i.RegionFactoryInitiator - HHH000026: Second-level cache disabled
2026-02-12 13:17:01.884 [restartedMain] INFO  o.s.o.j.p.SpringPersistenceUnitInfo - No LoadTimeWeaver setup: ignoring JPA class transformer
2026-02-12 13:17:01.936 [restartedMain] INFO  com.zaxxer.hikari.HikariDataSource - HikariPool-1 - Starting...
2026-02-12 13:17:02.199 [restartedMain] INFO  com.zaxxer.hikari.pool.HikariPool - HikariPool-1 - Added connection com.mysql.cj.jdbc.ConnectionImpl@67a02019
2026-02-12 13:17:02.202 [restartedMain] INFO  com.zaxxer.hikari.HikariDataSource - HikariPool-1 - Start completed.
2026-02-12 13:17:02.275 [restartedMain] WARN  org.hibernate.orm.deprecation - HHH90000025: MySQLDialect does not need to be specified explicitly using 'hibernate.dialect' (remove the property setting and it will be selected by default)
2026-02-12 13:17:02.306 [restartedMain] INFO  o.hibernate.orm.connections.pooling - HHH10001005: Database info:
	Database JDBC URL [Connecting through datasource 'HikariDataSource (HikariPool-1)']
	Database driver: undefined/unknown
	Database version: 8.0.32
	Autocommit mode: undefined/unknown
	Isolation level: undefined/unknown
	Minimum pool size: undefined/unknown
	Maximum pool size: undefined/unknown
2026-02-12 13:17:03.473 [restartedMain] INFO  o.h.e.t.j.p.i.JtaPlatformInitiator - HHH000489: No JTA platform available (set 'hibernate.transaction.jta.platform' to enable JTA platform integration)
2026-02-12 13:17:03.615 [restartedMain] INFO  o.s.o.j.LocalContainerEntityManagerFactoryBean - Initialized JPA EntityManagerFactory for persistence unit 'default'
2026-02-12 13:17:04.280 [restartedMain] INFO  o.s.d.j.r.query.QueryEnhancerFactory - Hibernate is in classpath; If applicable, HQL parser will be used.
2026-02-12 13:17:05.241 [restartedMain] WARN  o.s.b.a.o.j.JpaBaseConfiguration$JpaWebConfiguration - spring.jpa.open-in-view is enabled by default. Therefore, database queries may be performed during view rendering. Explicitly configure spring.jpa.open-in-view to disable this warning
2026-02-12 13:17:05.709 [restartedMain] WARN  o.s.b.w.s.c.AnnotationConfigServletWebServerApplicationContext - Exception encountered during context initialization - cancelling refresh attempt: org.springframework.beans.factory.BeanCreationException: Error creating bean with name 'requestMappingHandlerMapping' defined in class path resource [org/springframework/boot/autoconfigure/web/servlet/WebMvcAutoConfiguration$EnableWebMvcConfiguration.class]: Ambiguous mapping. Cannot map 'usuarioController' method 
com.example.ProyectoBackEnd.controller.UsuarioController#obtenerUno(int)
to {GET [/api/usuarios/{id}]}: There is already 'loginController' bean method
com.example.ProyectoBackEnd.controller.LoginController#obtenerUno(int) mapped.
2026-02-12 13:17:05.711 [restartedMain] INFO  o.s.o.j.LocalContainerEntityManagerFactoryBean - Closing JPA EntityManagerFactory for persistence unit 'default'
2026-02-12 13:17:05.718 [restartedMain] INFO  com.zaxxer.hikari.HikariDataSource - HikariPool-1 - Shutdown initiated...
2026-02-12 13:17:05.726 [restartedMain] INFO  com.zaxxer.hikari.HikariDataSource - HikariPool-1 - Shutdown completed.
2026-02-12 13:17:05.731 [restartedMain] INFO  o.a.catalina.core.StandardService - Stopping service [Tomcat]
2026-02-12 13:17:05.750 [restartedMain] INFO  o.s.b.a.l.ConditionEvaluationReportLogger - 

Error starting ApplicationContext. To display the condition evaluation report re-run your application with 'debug' enabled.
2026-02-12 13:17:05.785 [restartedMain] ERROR o.s.boot.SpringApplication - Application run failed
org.springframework.beans.factory.BeanCreationException: Error creating bean with name 'requestMappingHandlerMapping' defined in class path resource [org/springframework/boot/autoconfigure/web/servlet/WebMvcAutoConfiguration$EnableWebMvcConfiguration.class]: Ambiguous mapping. Cannot map 'usuarioController' method 
com.example.ProyectoBackEnd.controller.UsuarioController#obtenerUno(int)
to {GET [/api/usuarios/{id}]}: There is already 'loginController' bean method
com.example.ProyectoBackEnd.controller.LoginController#obtenerUno(int) mapped.
	at org.springframework.beans.factory.support.AbstractAutowireCapableBeanFactory.initializeBean(AbstractAutowireCapableBeanFactory.java:1826)
	at org.springframework.beans.factory.support.AbstractAutowireCapableBeanFactory.doCreateBean(AbstractAutowireCapableBeanFactory.java:607)
	at org.springframework.beans.factory.support.AbstractAutowireCapableBeanFactory.createBean(AbstractAutowireCapableBeanFactory.java:529)
	at org.springframework.beans.factory.support.AbstractBeanFactory.lambda$doGetBean$0(AbstractBeanFactory.java:339)
	at org.springframework.beans.factory.support.DefaultSingletonBeanRegistry.getSingleton(DefaultSingletonBeanRegistry.java:373)
	at org.springframework.beans.factory.support.AbstractBeanFactory.doGetBean(AbstractBeanFactory.java:337)
	at org.springframework.beans.factory.support.AbstractBeanFactory.getBean(AbstractBeanFactory.java:202)
	at org.springframework.beans.factory.support.DefaultListableBeanFactory.instantiateSingleton(DefaultListableBeanFactory.java:1228)
	at org.springframework.beans.factory.support.DefaultListableBeanFactory.preInstantiateSingleton(DefaultListableBeanFactory.java:1194)
	at org.springframework.beans.factory.support.DefaultListableBeanFactory.preInstantiateSingletons(DefaultListableBeanFactory.java:1130)
	at org.springframework.context.support.AbstractApplicationContext.finishBeanFactoryInitialization(AbstractApplicationContext.java:990)
	at org.springframework.context.support.AbstractApplicationContext.refresh(AbstractApplicationContext.java:627)
	at org.springframework.boot.web.servlet.context.ServletWebServerApplicationContext.refresh(ServletWebServerApplicationContext.java:146)
	at org.springframework.boot.SpringApplication.refresh(SpringApplication.java:752)
	at org.springframework.boot.SpringApplication.refreshContext(SpringApplication.java:439)
	at org.springframework.boot.SpringApplication.run(SpringApplication.java:318)
	at org.springframework.boot.SpringApplication.run(SpringApplication.java:1361)
	at org.springframework.boot.SpringApplication.run(SpringApplication.java:1350)
	at com.example.ProyectoBackEnd.ProyectoBackEndApplication.main(ProyectoBackEndApplication.java:10)
	at java.base/jdk.internal.reflect.NativeMethodAccessorImpl.invoke0(Native Method)
	at java.base/jdk.internal.reflect.NativeMethodAccessorImpl.invoke(NativeMethodAccessorImpl.java:77)
	at java.base/jdk.internal.reflect.DelegatingMethodAccessorImpl.invoke(DelegatingMethodAccessorImpl.java:43)
	at java.base/java.lang.reflect.Method.invoke(Method.java:568)
	at org.springframework.boot.devtools.restart.RestartLauncher.run(RestartLauncher.java:50)
Caused by: java.lang.IllegalStateException: Ambiguous mapping. Cannot map 'usuarioController' method 
com.example.ProyectoBackEnd.controller.UsuarioController#obtenerUno(int)
to {GET [/api/usuarios/{id}]}: There is already 'loginController' bean method
com.example.ProyectoBackEnd.controller.LoginController#obtenerUno(int) mapped.
	at org.springframework.web.servlet.handler.AbstractHandlerMethodMapping$MappingRegistry.validateMethodMapping(AbstractHandlerMethodMapping.java:676)
	at org.springframework.web.servlet.handler.AbstractHandlerMethodMapping$MappingRegistry.register(AbstractHandlerMethodMapping.java:637)
	at org.springframework.web.servlet.handler.AbstractHandlerMethodMapping.registerHandlerMethod(AbstractHandlerMethodMapping.java:331)
	at org.springframework.web.servlet.mvc.method.annotation.RequestMappingHandlerMapping.registerHandlerMethod(RequestMappingHandlerMapping.java:507)
	at org.springframework.web.servlet.mvc.method.annotation.RequestMappingHandlerMapping.registerHandlerMethod(RequestMappingHandlerMapping.java:84)
	at org.springframework.web.servlet.handler.AbstractHandlerMethodMapping.lambda$detectHandlerMethods$2(AbstractHandlerMethodMapping.java:298)
	at java.base/java.util.LinkedHashMap.forEach(LinkedHashMap.java:721)
	at org.springframework.web.servlet.handler.AbstractHandlerMethodMapping.detectHandlerMethods(AbstractHandlerMethodMapping.java:296)
	at org.springframework.web.servlet.handler.AbstractHandlerMethodMapping.processCandidateBean(AbstractHandlerMethodMapping.java:265)
	at org.springframework.web.servlet.handler.AbstractHandlerMethodMapping.initHandlerMethods(AbstractHandlerMethodMapping.java:224)
	at org.springframework.web.servlet.handler.AbstractHandlerMethodMapping.afterPropertiesSet(AbstractHandlerMethodMapping.java:212)
	at org.springframework.web.servlet.mvc.method.annotation.RequestMappingHandlerMapping.afterPropertiesSet(RequestMappingHandlerMapping.java:237)
	at org.springframework.beans.factory.support.AbstractAutowireCapableBeanFactory.invokeInitMethods(AbstractAutowireCapableBeanFactory.java:1873)
	at org.springframework.beans.factory.support.AbstractAutowireCapableBeanFactory.initializeBean(AbstractAutowireCapableBeanFactory.java:1822)
	... 23 common frames omitted
2026-02-12 13:18:14.836 [restartedMain] INFO  c.e.P.ProyectoBackEndApplication - Starting ProyectoBackEndApplication using Java 17.0.17 with PID 15412 (C:\Users\leofr\OneDrive\Escritorio\ESPECIALIZACION EN JAVA(CIBERTEC) Y OTRAS\JAVA BACK END\PROYECTO FINAL\ProyectoBackEnd (1)\ProyectoBackEnd\target\classes started by leofr in C:\Users\leofr\OneDrive\Escritorio\ESPECIALIZACION EN JAVA(CIBERTEC) Y OTRAS\JAVA BACK END\PROYECTO FINAL\ProyectoBackEnd (1)\ProyectoBackEnd)
2026-02-12 13:18:14.846 [restartedMain] DEBUG c.e.P.ProyectoBackEndApplication - Running with Spring Boot v3.5.10, Spring v6.2.15
2026-02-12 13:18:14.846 [restartedMain] INFO  c.e.P.ProyectoBackEndApplication - No active profile set, falling back to 1 default profile: "default"
2026-02-12 13:18:14.969 [restartedMain] INFO  o.s.b.d.e.DevToolsPropertyDefaultsPostProcessor - Devtools property defaults active! Set 'spring.devtools.add-properties' to 'false' to disable
2026-02-12 13:18:14.969 [restartedMain] INFO  o.s.b.d.e.DevToolsPropertyDefaultsPostProcessor - For additional web related logging consider setting the 'logging.level.web' property to 'DEBUG'
2026-02-12 13:18:17.731 [restartedMain] INFO  o.s.d.r.c.RepositoryConfigurationDelegate - Bootstrapping Spring Data JPA repositories in DEFAULT mode.
2026-02-12 13:18:18.128 [restartedMain] INFO  o.s.d.r.c.RepositoryConfigurationDelegate - Finished Spring Data repository scanning in 341 ms. Found 3 JPA repository interfaces.
2026-02-12 13:18:20.038 [restartedMain] INFO  o.s.b.w.e.tomcat.TomcatWebServer - Tomcat initialized with port 8080 (http)
2026-02-12 13:18:20.064 [restartedMain] INFO  o.a.coyote.http11.Http11NioProtocol - Initializing ProtocolHandler ["http-nio-8080"]
2026-02-12 13:18:20.069 [restartedMain] INFO  o.a.catalina.core.StandardService - Starting service [Tomcat]
2026-02-12 13:18:20.070 [restartedMain] INFO  o.a.catalina.core.StandardEngine - Starting Servlet engine: [Apache Tomcat/10.1.50]
2026-02-12 13:18:20.228 [restartedMain] INFO  o.a.c.c.C.[Tomcat].[localhost].[/] - Initializing Spring embedded WebApplicationContext
2026-02-12 13:18:20.231 [restartedMain] INFO  o.s.b.w.s.c.ServletWebServerApplicationContext - Root WebApplicationContext: initialization completed in 5260 ms
2026-02-12 13:18:20.653 [restartedMain] INFO  o.h.jpa.internal.util.LogHelper - HHH000204: Processing PersistenceUnitInfo [name: default]
2026-02-12 13:18:20.778 [restartedMain] INFO  org.hibernate.Version - HHH000412: Hibernate ORM core version 6.6.41.Final
2026-02-12 13:18:20.830 [restartedMain] INFO  o.h.c.i.RegionFactoryInitiator - HHH000026: Second-level cache disabled
2026-02-12 13:18:21.364 [restartedMain] INFO  o.s.o.j.p.SpringPersistenceUnitInfo - No LoadTimeWeaver setup: ignoring JPA class transformer
2026-02-12 13:18:21.429 [restartedMain] INFO  com.zaxxer.hikari.HikariDataSource - HikariPool-1 - Starting...
2026-02-12 13:18:21.722 [restartedMain] INFO  com.zaxxer.hikari.pool.HikariPool - HikariPool-1 - Added connection com.mysql.cj.jdbc.ConnectionImpl@10c45f55
2026-02-12 13:18:21.724 [restartedMain] INFO  com.zaxxer.hikari.HikariDataSource - HikariPool-1 - Start completed.
2026-02-12 13:18:21.812 [restartedMain] WARN  org.hibernate.orm.deprecation - HHH90000025: MySQLDialect does not need to be specified explicitly using 'hibernate.dialect' (remove the property setting and it will be selected by default)
2026-02-12 13:18:21.849 [restartedMain] INFO  o.hibernate.orm.connections.pooling - HHH10001005: Database info:
	Database JDBC URL [Connecting through datasource 'HikariDataSource (HikariPool-1)']
	Database driver: undefined/unknown
	Database version: 8.0.32
	Autocommit mode: undefined/unknown
	Isolation level: undefined/unknown
	Minimum pool size: undefined/unknown
	Maximum pool size: undefined/unknown
2026-02-12 13:18:23.440 [restartedMain] INFO  o.h.e.t.j.p.i.JtaPlatformInitiator - HHH000489: No JTA platform available (set 'hibernate.transaction.jta.platform' to enable JTA platform integration)
2026-02-12 13:18:23.604 [restartedMain] INFO  o.s.o.j.LocalContainerEntityManagerFactoryBean - Initialized JPA EntityManagerFactory for persistence unit 'default'
2026-02-12 13:18:24.459 [restartedMain] INFO  o.s.d.j.r.query.QueryEnhancerFactory - Hibernate is in classpath; If applicable, HQL parser will be used.
2026-02-12 13:18:25.602 [restartedMain] WARN  o.s.b.a.o.j.JpaBaseConfiguration$JpaWebConfiguration - spring.jpa.open-in-view is enabled by default. Therefore, database queries may be performed during view rendering. Explicitly configure spring.jpa.open-in-view to disable this warning
2026-02-12 13:18:26.179 [restartedMain] DEBUG o.s.w.s.m.m.a.RequestMappingHandlerMapping - 15 mappings in 'requestMappingHandlerMapping'
2026-02-12 13:18:26.468 [restartedMain] DEBUG o.s.w.s.h.SimpleUrlHandlerMapping - Patterns [/webjars/**, /**] in 'resourceHandlerMapping'
2026-02-12 13:18:26.541 [restartedMain] DEBUG o.s.w.s.m.m.a.RequestMappingHandlerAdapter - ControllerAdvice beans: 0 @ModelAttribute, 0 @InitBinder, 1 RequestBodyAdvice, 1 ResponseBodyAdvice
2026-02-12 13:18:26.651 [restartedMain] WARN  o.s.b.a.t.ThymeleafAutoConfiguration$DefaultTemplateResolverConfiguration - Cannot find template location: classpath:/templates/ (please add some templates, check your Thymeleaf configuration, or set spring.thymeleaf.check-template-location=false)
2026-02-12 13:18:26.707 [restartedMain] DEBUG o.s.w.s.m.m.a.ExceptionHandlerExceptionResolver - ControllerAdvice beans: 1 @ExceptionHandler, 1 ResponseBodyAdvice
2026-02-12 13:18:26.774 [restartedMain] DEBUG o.s.w.s.m.m.a.ExceptionHandlerExceptionResolver - ControllerAdvice beans: 1 @ExceptionHandler, 0 ResponseBodyAdvice
2026-02-12 13:18:27.188 [restartedMain] INFO  o.s.b.d.a.OptionalLiveReloadServer - LiveReload server is running on port 35729
2026-02-12 13:18:27.214 [restartedMain] INFO  o.a.coyote.http11.Http11NioProtocol - Starting ProtocolHandler ["http-nio-8080"]
2026-02-12 13:18:27.270 [restartedMain] INFO  o.s.b.w.e.tomcat.TomcatWebServer - Tomcat started on port 8080 (http) with context path '/'
2026-02-12 13:18:27.286 [restartedMain] INFO  c.e.P.ProyectoBackEndApplication - Started ProyectoBackEndApplication in 13.203 seconds (process running for 14.617)
2026-02-12 13:18:33.834 [http-nio-8080-exec-1] INFO  o.a.c.c.C.[Tomcat].[localhost].[/] - Initializing Spring DispatcherServlet 'dispatcherServlet'
2026-02-12 13:18:33.834 [http-nio-8080-exec-1] INFO  o.s.web.servlet.DispatcherServlet - Initializing Servlet 'dispatcherServlet'
2026-02-12 13:18:33.834 [http-nio-8080-exec-1] DEBUG o.s.web.servlet.DispatcherServlet - Detected StandardServletMultipartResolver
2026-02-12 13:18:33.836 [http-nio-8080-exec-1] DEBUG o.s.web.servlet.DispatcherServlet - Detected AcceptHeaderLocaleResolver
2026-02-12 13:18:33.836 [http-nio-8080-exec-1] DEBUG o.s.web.servlet.DispatcherServlet - Detected FixedThemeResolver
2026-02-12 13:18:33.838 [http-nio-8080-exec-1] DEBUG o.s.web.servlet.DispatcherServlet - Detected org.springframework.web.servlet.view.DefaultRequestToViewNameTranslator@59889a0
2026-02-12 13:18:33.841 [http-nio-8080-exec-1] DEBUG o.s.web.servlet.DispatcherServlet - Detected org.springframework.web.servlet.support.SessionFlashMapManager@3c79d4fc
2026-02-12 13:18:33.842 [http-nio-8080-exec-1] DEBUG o.s.web.servlet.DispatcherServlet - enableLoggingRequestDetails='false': request parameters and headers will be masked to prevent unsafe logging of potentially sensitive data
2026-02-12 13:18:33.842 [http-nio-8080-exec-1] INFO  o.s.web.servlet.DispatcherServlet - Completed initialization in 8 ms
2026-02-12 13:18:33.870 [http-nio-8080-exec-1] DEBUG o.s.web.servlet.DispatcherServlet - GET "/", parameters={}
2026-02-12 13:18:33.910 [http-nio-8080-exec-1] DEBUG o.s.w.s.h.SimpleUrlHandlerMapping - Mapped to ResourceHttpRequestHandler [classpath [META-INF/resources/], classpath [resources/], classpath [static/], classpath [public/], ServletContext [/]]
2026-02-12 13:18:33.947 [http-nio-8080-exec-1] DEBUG o.s.w.s.r.ResourceHttpRequestHandler - Resource not found
2026-02-12 13:18:33.967 [http-nio-8080-exec-1] DEBUG o.s.w.s.m.s.DefaultHandlerExceptionResolver - Resolved [org.springframework.web.servlet.resource.NoResourceFoundException: No static resource .]
2026-02-12 13:18:33.975 [http-nio-8080-exec-1] DEBUG o.s.web.servlet.DispatcherServlet - Completed 404 NOT_FOUND
2026-02-12 13:18:33.993 [http-nio-8080-exec-1] DEBUG o.s.web.servlet.DispatcherServlet - "ERROR" dispatch for GET "/error", parameters={}
2026-02-12 13:18:33.998 [http-nio-8080-exec-1] DEBUG o.s.w.s.m.m.a.RequestMappingHandlerMapping - Mapped to org.springframework.boot.autoconfigure.web.servlet.error.BasicErrorController#errorHtml(HttpServletRequest, HttpServletResponse)
2026-02-12 13:18:34.120 [http-nio-8080-exec-1] DEBUG o.s.w.s.v.ContentNegotiatingViewResolver - Selected 'text/html' given [text/html, text/html;q=0.8]
2026-02-12 13:18:34.142 [http-nio-8080-exec-1] DEBUG o.s.web.servlet.DispatcherServlet - Exiting from "ERROR" dispatch, status 404
2026-02-12 13:18:34.184 [http-nio-8080-exec-2] DEBUG o.s.web.servlet.DispatcherServlet - GET "/", parameters={}
2026-02-12 13:18:34.188 [http-nio-8080-exec-2] DEBUG o.s.w.s.h.SimpleUrlHandlerMapping - Mapped to ResourceHttpRequestHandler [classpath [META-INF/resources/], classpath [resources/], classpath [static/], classpath [public/], ServletContext [/]]
2026-02-12 13:18:34.190 [http-nio-8080-exec-2] DEBUG o.s.w.s.r.ResourceHttpRequestHandler - Resource not found
2026-02-12 13:18:34.195 [http-nio-8080-exec-2] DEBUG o.s.w.s.m.s.DefaultHandlerExceptionResolver - Resolved [org.springframework.web.servlet.resource.NoResourceFoundException: No static resource .]
2026-02-12 13:18:34.198 [http-nio-8080-exec-2] DEBUG o.s.web.servlet.DispatcherServlet - Completed 404 NOT_FOUND
2026-02-12 13:18:34.200 [http-nio-8080-exec-2] DEBUG o.s.web.servlet.DispatcherServlet - "ERROR" dispatch for GET "/error", parameters={}
2026-02-12 13:18:34.202 [http-nio-8080-exec-2] DEBUG o.s.w.s.m.m.a.RequestMappingHandlerMapping - Mapped to org.springframework.boot.autoconfigure.web.servlet.error.BasicErrorController#errorHtml(HttpServletRequest, HttpServletResponse)
2026-02-12 13:18:34.224 [http-nio-8080-exec-2] DEBUG o.s.w.s.v.ContentNegotiatingViewResolver - Selected 'text/html' given [text/html, text/html;q=0.8]
2026-02-12 13:18:34.226 [http-nio-8080-exec-2] DEBUG o.s.web.servlet.DispatcherServlet - Exiting from "ERROR" dispatch, status 404
2026-02-12 13:18:34.283 [http-nio-8080-exec-3] DEBUG o.s.web.servlet.DispatcherServlet - GET "/favicon.ico", parameters={}
2026-02-12 13:18:34.292 [http-nio-8080-exec-3] DEBUG o.s.w.s.h.SimpleUrlHandlerMapping - Mapped to ResourceHttpRequestHandler [classpath [META-INF/resources/], classpath [resources/], classpath [static/], classpath [public/], ServletContext [/]]
2026-02-12 13:18:34.302 [http-nio-8080-exec-3] DEBUG o.s.w.s.r.ResourceHttpRequestHandler - Resource not found
2026-02-12 13:18:34.304 [http-nio-8080-exec-3] DEBUG o.s.w.s.m.s.DefaultHandlerExceptionResolver - Resolved [org.springframework.web.servlet.resource.NoResourceFoundException: No static resource favicon.ico.]
2026-02-12 13:18:34.304 [http-nio-8080-exec-3] DEBUG o.s.web.servlet.DispatcherServlet - Completed 404 NOT_FOUND
2026-02-12 13:18:34.306 [http-nio-8080-exec-3] DEBUG o.s.web.servlet.DispatcherServlet - "ERROR" dispatch for GET "/error", parameters={}
2026-02-12 13:18:34.306 [http-nio-8080-exec-3] DEBUG o.s.w.s.m.m.a.RequestMappingHandlerMapping - Mapped to org.springframework.boot.autoconfigure.web.servlet.error.BasicErrorController#error(HttpServletRequest)
2026-02-12 13:18:34.345 [http-nio-8080-exec-3] DEBUG o.s.w.s.m.m.a.HttpEntityMethodProcessor - Using 'application/json;q=0.8', given [image/avif, image/webp, image/apng, image/svg+xml, image/*, */*;q=0.8] and supported [application/json, application/*+json]
2026-02-12 13:18:34.356 [http-nio-8080-exec-3] DEBUG o.s.w.s.m.m.a.HttpEntityMethodProcessor - Writing [{timestamp=Thu Feb 12 13:18:34 CET 2026, status=404, error=Not Found, trace=org.springframework.web. (truncated)...]
2026-02-12 13:18:34.498 [http-nio-8080-exec-3] DEBUG o.s.web.servlet.DispatcherServlet - Exiting from "ERROR" dispatch, status 404
2026-02-12 13:20:01.533 [http-nio-8080-exec-7] DEBUG o.s.web.servlet.DispatcherServlet - GET "/api/tareas", parameters={}
2026-02-12 13:20:01.533 [http-nio-8080-exec-7] DEBUG o.s.w.s.m.m.a.RequestMappingHandlerMapping - Mapped to com.example.ProyectoBackEnd.controller.TaskController#listarPaginado(int, int)
2026-02-12 13:20:02.301 [http-nio-8080-exec-7] WARN  o.a.c.util.SessionIdGeneratorBase - Creation of SecureRandom instance for session ID generation using [SHA1PRNG] took [181] milliseconds.
2026-02-12 13:20:02.510 [http-nio-8080-exec-7] WARN  o.h.e.jdbc.spi.SqlExceptionHelper - SQL Error: 1364, SQLState: HY000
2026-02-12 13:20:02.510 [http-nio-8080-exec-7] ERROR o.h.e.jdbc.spi.SqlExceptionHelper - Field 'usuario_id' doesn't have a default value
2026-02-12 13:20:02.543 [http-nio-8080-exec-7] ERROR c.e.P.aspect.LogginAspect - Error en listarPaginado: could not execute statement [Field 'usuario_id' doesn't have a default value] [insert into auditoria (fechahora,milisegundos,operacion,id_usuarios) values (?,?,?,?)]
2026-02-12 13:20:02.547 [http-nio-8080-exec-7] DEBUG o.s.web.servlet.DispatcherServlet - Failed to complete request: org.springframework.orm.jpa.JpaSystemException: could not execute statement [Field 'usuario_id' doesn't have a default value] [insert into auditoria (fechahora,milisegundos,operacion,id_usuarios) values (?,?,?,?)]
2026-02-12 13:20:02.547 [http-nio-8080-exec-7] ERROR o.a.c.c.C.[.[.[.[dispatcherServlet] - Servlet.service() for servlet [dispatcherServlet] in context with path [] threw exception [Request processing failed: org.springframework.orm.jpa.JpaSystemException: could not execute statement [Field 'usuario_id' doesn't have a default value] [insert into auditoria (fechahora,milisegundos,operacion,id_usuarios) values (?,?,?,?)]] with root cause
java.sql.SQLException: Field 'usuario_id' doesn't have a default value
	at com.mysql.cj.jdbc.exceptions.SQLError.createSQLException(SQLError.java:121)
	at com.mysql.cj.jdbc.exceptions.SQLExceptionsMapping.translateException(SQLExceptionsMapping.java:114)
	at com.mysql.cj.jdbc.ClientPreparedStatement.executeInternal(ClientPreparedStatement.java:988)
	at com.mysql.cj.jdbc.ClientPreparedStatement.executeUpdateInternal(ClientPreparedStatement.java:1166)
	at com.mysql.cj.jdbc.ClientPreparedStatement.executeUpdateInternal(ClientPreparedStatement.java:1101)
	at com.mysql.cj.jdbc.ClientPreparedStatement.executeLargeUpdate(ClientPreparedStatement.java:1448)
	at com.mysql.cj.jdbc.ClientPreparedStatement.executeUpdate(ClientPreparedStatement.java:1084)
	at com.zaxxer.hikari.pool.ProxyPreparedStatement.executeUpdate(ProxyPreparedStatement.java:61)
	at com.zaxxer.hikari.pool.HikariProxyPreparedStatement.executeUpdate(HikariProxyPreparedStatement.java)
	at org.hibernate.engine.jdbc.internal.ResultSetReturnImpl.executeUpdate(ResultSetReturnImpl.java:194)
	at org.hibernate.id.insert.GetGeneratedKeysDelegate.performMutation(GetGeneratedKeysDelegate.java:116)
	at org.hibernate.engine.jdbc.mutation.internal.MutationExecutorSingleNonBatched.performNonBatchedOperations(MutationExecutorSingleNonBatched.java:47)
	at org.hibernate.engine.jdbc.mutation.internal.AbstractMutationExecutor.execute(AbstractMutationExecutor.java:55)
	at org.hibernate.persister.entity.mutation.InsertCoordinatorStandard.doStaticInserts(InsertCoordinatorStandard.java:194)
	at org.hibernate.persister.entity.mutation.InsertCoordinatorStandard.coordinateInsert(InsertCoordinatorStandard.java:132)
	at org.hibernate.persister.entity.mutation.InsertCoordinatorStandard.insert(InsertCoordinatorStandard.java:95)
	at org.hibernate.action.internal.EntityIdentityInsertAction.execute(EntityIdentityInsertAction.java:85)
	at org.hibernate.engine.spi.ActionQueue.execute(ActionQueue.java:682)
	at org.hibernate.engine.spi.ActionQueue.addResolvedEntityInsertAction(ActionQueue.java:293)
	at org.hibernate.engine.spi.ActionQueue.addInsertAction(ActionQueue.java:274)
	at org.hibernate.engine.spi.ActionQueue.addAction(ActionQueue.java:324)
	at org.hibernate.event.internal.AbstractSaveEventListener.addInsertAction(AbstractSaveEventListener.java:394)
	at org.hibernate.event.internal.AbstractSaveEventListener.performSaveOrReplicate(AbstractSaveEventListener.java:308)
	at org.hibernate.event.internal.AbstractSaveEventListener.performSave(AbstractSaveEventListener.java:224)
	at org.hibernate.event.internal.AbstractSaveEventListener.saveWithGeneratedId(AbstractSaveEventListener.java:136)
	at org.hibernate.event.internal.DefaultPersistEventListener.entityIsTransient(DefaultPersistEventListener.java:177)
	at org.hibernate.event.internal.DefaultPersistEventListener.persist(DefaultPersistEventListener.java:95)
	at org.hibernate.event.internal.DefaultPersistEventListener.onPersist(DefaultPersistEventListener.java:79)
	at org.hibernate.event.internal.DefaultPersistEventListener.onPersist(DefaultPersistEventListener.java:55)
	at org.hibernate.event.service.internal.EventListenerGroupImpl.fireEventOnEachListener(EventListenerGroupImpl.java:127)
	at org.hibernate.internal.SessionImpl.firePersist(SessionImpl.java:761)
	at org.hibernate.internal.SessionImpl.persist(SessionImpl.java:745)
	at java.base/jdk.internal.reflect.NativeMethodAccessorImpl.invoke0(Native Method)
	at java.base/jdk.internal.reflect.NativeMethodAccessorImpl.invoke(NativeMethodAccessorImpl.java:77)
	at java.base/jdk.internal.reflect.DelegatingMethodAccessorImpl.invoke(DelegatingMethodAccessorImpl.java:43)
	at java.base/java.lang.reflect.Method.invoke(Method.java:568)
	at org.springframework.orm.jpa.ExtendedEntityManagerCreator$ExtendedEntityManagerInvocationHandler.invoke(ExtendedEntityManagerCreator.java:364)
	at jdk.proxy4/jdk.proxy4.$Proxy134.persist(Unknown Source)
	at java.base/jdk.internal.reflect.NativeMethodAccessorImpl.invoke0(Native Method)
	at java.base/jdk.internal.reflect.NativeMethodAccessorImpl.invoke(NativeMethodAccessorImpl.java:77)
	at java.base/jdk.internal.reflect.DelegatingMethodAccessorImpl.invoke(DelegatingMethodAccessorImpl.java:43)
	at java.base/java.lang.reflect.Method.invoke(Method.java:568)
	at org.springframework.orm.jpa.SharedEntityManagerCreator$SharedEntityManagerInvocationHandler.invoke(SharedEntityManagerCreator.java:320)
	at jdk.proxy4/jdk.proxy4.$Proxy134.persist(Unknown Source)
	at org.springframework.data.jpa.repository.support.SimpleJpaRepository.save(SimpleJpaRepository.java:654)
	at java.base/jdk.internal.reflect.NativeMethodAccessorImpl.invoke0(Native Method)
	at java.base/jdk.internal.reflect.NativeMethodAccessorImpl.invoke(NativeMethodAccessorImpl.java:77)
	at java.base/jdk.internal.reflect.DelegatingMethodAccessorImpl.invoke(DelegatingMethodAccessorImpl.java:43)
	at java.base/java.lang.reflect.Method.invoke(Method.java:568)
	at org.springframework.aop.support.AopUtils.invokeJoinpointUsingReflection(AopUtils.java:360)
	at org.springframework.data.repository.core.support.RepositoryMethodInvoker$RepositoryFragmentMethodInvoker.lambda$new$0(RepositoryMethodInvoker.java:277)
	at org.springframework.data.repository.core.support.RepositoryMethodInvoker.doInvoke(RepositoryMethodInvoker.java:170)
	at org.springframework.data.repository.core.support.RepositoryMethodInvoker.invoke(RepositoryMethodInvoker.java:158)
	at org.springframework.data.repository.core.support.RepositoryComposition$RepositoryFragments.invoke(RepositoryComposition.java:515)
	at org.springframework.data.repository.core.support.RepositoryComposition.invoke(RepositoryComposition.java:284)
	at org.springframework.data.repository.core.support.RepositoryFactorySupport$ImplementationMethodExecutionInterceptor.invoke(RepositoryFactorySupport.java:720)
	at org.springframework.aop.framework.ReflectiveMethodInvocation.proceed(ReflectiveMethodInvocation.java:184)
	at org.springframework.data.repository.core.support.QueryExecutorMethodInterceptor.doInvoke(QueryExecutorMethodInterceptor.java:174)
	at org.springframework.data.repository.core.support.QueryExecutorMethodInterceptor.invoke(QueryExecutorMethodInterceptor.java:149)
	at org.springframework.aop.framework.ReflectiveMethodInvocation.proceed(ReflectiveMethodInvocation.java:184)
	at org.springframework.data.projection.DefaultMethodInvokingMethodInterceptor.invoke(DefaultMethodInvokingMethodInterceptor.java:69)
	at org.springframework.aop.framework.ReflectiveMethodInvocation.proceed(ReflectiveMethodInvocation.java:184)
	at org.springframework.transaction.interceptor.TransactionAspectSupport.invokeWithinTransaction(TransactionAspectSupport.java:380)
	at org.springframework.transaction.interceptor.TransactionInterceptor.invoke(TransactionInterceptor.java:119)
	at org.springframework.aop.framework.ReflectiveMethodInvocation.proceed(ReflectiveMethodInvocation.java:184)
	at org.springframework.dao.support.PersistenceExceptionTranslationInterceptor.invoke(PersistenceExceptionTranslationInterceptor.java:138)
	at org.springframework.aop.framework.ReflectiveMethodInvocation.proceed(ReflectiveMethodInvocation.java:184)
	at org.springframework.data.jpa.repository.support.CrudMethodMetadataPostProcessor$CrudMethodMetadataPopulatingMethodInterceptor.invoke(CrudMethodMetadataPostProcessor.java:165)
	at org.springframework.aop.framework.ReflectiveMethodInvocation.proceed(ReflectiveMethodInvocation.java:184)
	at org.springframework.aop.framework.JdkDynamicAopProxy.invoke(JdkDynamicAopProxy.java:223)
	at jdk.proxy4/jdk.proxy4.$Proxy138.save(Unknown Source)
	at com.example.ProyectoBackEnd.aspect.LogginAspect.registrarAuditoria(LogginAspect.java:67)
	at com.example.ProyectoBackEnd.aspect.LogginAspect.medirTiempoYRegistrar(LogginAspect.java:42)
	at java.base/jdk.internal.reflect.NativeMethodAccessorImpl.invoke0(Native Method)
	at java.base/jdk.internal.reflect.NativeMethodAccessorImpl.invoke(NativeMethodAccessorImpl.java:77)
	at java.base/jdk.internal.reflect.DelegatingMethodAccessorImpl.invoke(DelegatingMethodAccessorImpl.java:43)
	at java.base/java.lang.reflect.Method.invoke(Method.java:568)
	at org.springframework.aop.aspectj.AbstractAspectJAdvice.invokeAdviceMethodWithGivenArgs(AbstractAspectJAdvice.java:649)
	at org.springframework.aop.aspectj.AbstractAspectJAdvice.invokeAdviceMethod(AbstractAspectJAdvice.java:631)
	at org.springframework.aop.aspectj.AspectJAroundAdvice.invoke(AspectJAroundAdvice.java:71)
	at org.springframework.aop.framework.ReflectiveMethodInvocation.proceed(ReflectiveMethodInvocation.java:184)
	at org.springframework.aop.interceptor.ExposeInvocationInterceptor.invoke(ExposeInvocationInterceptor.java:97)
	at org.springframework.aop.framework.ReflectiveMethodInvocation.proceed(ReflectiveMethodInvocation.java:184)
	at org.springframework.aop.framework.CglibAopProxy$DynamicAdvisedInterceptor.intercept(CglibAopProxy.java:728)
	at com.example.ProyectoBackEnd.service.impl.TaskServiceImpl$$SpringCGLIB$$0.listarPaginado(<generated>)
	at com.example.ProyectoBackEnd.controller.TaskController.listarPaginado(TaskController.java:93)
	at java.base/jdk.internal.reflect.NativeMethodAccessorImpl.invoke0(Native Method)
	at java.base/jdk.internal.reflect.NativeMethodAccessorImpl.invoke(NativeMethodAccessorImpl.java:77)
	at java.base/jdk.internal.reflect.DelegatingMethodAccessorImpl.invoke(DelegatingMethodAccessorImpl.java:43)
	at java.base/java.lang.reflect.Method.invoke(Method.java:568)
	at org.springframework.web.method.support.InvocableHandlerMethod.doInvoke(InvocableHandlerMethod.java:258)
	at org.springframework.web.method.support.InvocableHandlerMethod.invokeForRequest(InvocableHandlerMethod.java:191)
	at org.springframework.web.servlet.mvc.method.annotation.ServletInvocableHandlerMethod.invokeAndHandle(ServletInvocableHandlerMethod.java:118)
	at org.springframework.web.servlet.mvc.method.annotation.RequestMappingHandlerAdapter.invokeHandlerMethod(RequestMappingHandlerAdapter.java:991)
	at org.springframework.web.servlet.mvc.method.annotation.RequestMappingHandlerAdapter.handleInternal(RequestMappingHandlerAdapter.java:896)
	at org.springframework.web.servlet.mvc.method.AbstractHandlerMethodAdapter.handle(AbstractHandlerMethodAdapter.java:87)
	at org.springframework.web.servlet.DispatcherServlet.doDispatch(DispatcherServlet.java:1089)
	at org.springframework.web.servlet.DispatcherServlet.doService(DispatcherServlet.java:979)
	at org.springframework.web.servlet.FrameworkServlet.processRequest(FrameworkServlet.java:1014)
	at org.springframework.web.servlet.FrameworkServlet.doGet(FrameworkServlet.java:903)
	at jakarta.servlet.http.HttpServlet.service(HttpServlet.java:564)
	at org.springframework.web.servlet.FrameworkServlet.service(FrameworkServlet.java:885)
	at jakarta.servlet.http.HttpServlet.service(HttpServlet.java:658)
	at org.apache.catalina.core.ApplicationFilterChain.internalDoFilter(ApplicationFilterChain.java:193)
	at org.apache.catalina.core.ApplicationFilterChain.doFilter(ApplicationFilterChain.java:138)
	at org.apache.tomcat.websocket.server.WsFilter.doFilter(WsFilter.java:51)
	at org.apache.catalina.core.ApplicationFilterChain.internalDoFilter(ApplicationFilterChain.java:162)
	at org.apache.catalina.core.ApplicationFilterChain.doFilter(ApplicationFilterChain.java:138)
	at org.springframework.web.filter.RequestContextFilter.doFilterInternal(RequestContextFilter.java:100)
	at org.springframework.web.filter.OncePerRequestFilter.doFilter(OncePerRequestFilter.java:116)
	at org.apache.catalina.core.ApplicationFilterChain.internalDoFilter(ApplicationFilterChain.java:162)
	at org.apache.catalina.core.ApplicationFilterChain.doFilter(ApplicationFilterChain.java:138)
	at org.springframework.web.filter.FormContentFilter.doFilterInternal(FormContentFilter.java:93)
	at org.springframework.web.filter.OncePerRequestFilter.doFilter(OncePerRequestFilter.java:116)
	at org.apache.catalina.core.ApplicationFilterChain.internalDoFilter(ApplicationFilterChain.java:162)
	at org.apache.catalina.core.ApplicationFilterChain.doFilter(ApplicationFilterChain.java:138)
	at org.springframework.web.filter.CharacterEncodingFilter.doFilterInternal(CharacterEncodingFilter.java:201)
	at org.springframework.web.filter.OncePerRequestFilter.doFilter(OncePerRequestFilter.java:116)
	at org.apache.catalina.core.ApplicationFilterChain.internalDoFilter(ApplicationFilterChain.java:162)
	at org.apache.catalina.core.ApplicationFilterChain.doFilter(ApplicationFilterChain.java:138)
	at org.apache.catalina.core.StandardWrapperValve.invoke(StandardWrapperValve.java:165)
	at org.apache.catalina.core.StandardContextValve.invoke(StandardContextValve.java:88)
	at org.apache.catalina.authenticator.AuthenticatorBase.invoke(AuthenticatorBase.java:482)
	at org.apache.catalina.core.StandardHostValve.invoke(StandardHostValve.java:113)
	at org.apache.catalina.valves.ErrorReportValve.invoke(ErrorReportValve.java:83)
	at org.apache.catalina.core.StandardEngineValve.invoke(StandardEngineValve.java:72)
	at org.apache.catalina.connector.CoyoteAdapter.service(CoyoteAdapter.java:342)
	at org.apache.coyote.http11.Http11Processor.service(Http11Processor.java:399)
	at org.apache.coyote.AbstractProcessorLight.process(AbstractProcessorLight.java:63)
	at org.apache.coyote.AbstractProtocol$ConnectionHandler.process(AbstractProtocol.java:903)
	at org.apache.tomcat.util.net.NioEndpoint$SocketProcessor.doRun(NioEndpoint.java:1774)
	at org.apache.tomcat.util.net.SocketProcessorBase.run(SocketProcessorBase.java:52)
	at org.apache.tomcat.util.threads.ThreadPoolExecutor.runWorker(ThreadPoolExecutor.java:973)
	at org.apache.tomcat.util.threads.ThreadPoolExecutor$Worker.run(ThreadPoolExecutor.java:491)
	at org.apache.tomcat.util.threads.TaskThread$WrappingRunnable.run(TaskThread.java:63)
	at java.base/java.lang.Thread.run(Thread.java:842)
2026-02-12 13:20:02.558 [http-nio-8080-exec-7] DEBUG o.s.web.servlet.DispatcherServlet - "ERROR" dispatch for GET "/error", parameters={}
2026-02-12 13:20:02.559 [http-nio-8080-exec-7] DEBUG o.s.w.s.m.m.a.RequestMappingHandlerMapping - Mapped to org.springframework.boot.autoconfigure.web.servlet.error.BasicErrorController#error(HttpServletRequest)
2026-02-12 13:20:02.567 [http-nio-8080-exec-7] DEBUG o.s.w.s.m.m.a.HttpEntityMethodProcessor - Using 'application/json', given [*/*] and supported [application/json, application/*+json]
2026-02-12 13:20:02.568 [http-nio-8080-exec-7] DEBUG o.s.w.s.m.m.a.HttpEntityMethodProcessor - Writing [{timestamp=Thu Feb 12 13:20:02 CET 2026, status=500, error=Internal Server Error, trace=org.springfr (truncated)...]
2026-02-12 13:20:02.574 [http-nio-8080-exec-7] DEBUG o.s.web.servlet.DispatcherServlet - Exiting from "ERROR" dispatch, status 500
2026-02-12 13:20:17.563 [http-nio-8080-exec-9] DEBUG o.s.web.servlet.DispatcherServlet - GET "/api/tareas-rest", parameters={}
2026-02-12 13:20:17.880 [http-nio-8080-exec-9] DEBUG o.s.w.s.m.m.a.RequestResponseBodyMethodProcessor - Using 'application/hal+json', given [*/*] and supported [application/hal+json]
2026-02-12 13:20:17.959 [http-nio-8080-exec-9] DEBUG o.s.w.s.m.m.a.RequestResponseBodyMethodProcessor - Writing [PagedModel { content: [EntityModel { content: TaskEntity(idTarea=1, titulo=Configurar el entorno de  (truncated)...]
2026-02-12 13:20:18.221 [http-nio-8080-exec-9] DEBUG o.s.web.servlet.DispatcherServlet - Completed 200 OK
2026-02-12 13:20:36.336 [http-nio-8080-exec-10] DEBUG o.s.web.servlet.DispatcherServlet - GET "/api/usuarios-rest", parameters={}
2026-02-12 13:20:36.410 [http-nio-8080-exec-10] DEBUG o.s.w.s.m.m.a.RequestResponseBodyMethodProcessor - Using 'application/hal+json', given [*/*] and supported [application/hal+json]
2026-02-12 13:20:36.410 [http-nio-8080-exec-10] DEBUG o.s.w.s.m.m.a.RequestResponseBodyMethodProcessor - Writing [PagedModel { content: [EntityModel { content: UsuarioEntity(idUsuario=1, usuario=admin, contraseña=1 (truncated)...]
2026-02-12 13:20:36.461 [http-nio-8080-exec-10] DEBUG o.s.web.servlet.DispatcherServlet - Completed 200 OK
2026-02-12 13:21:41.880 [http-nio-8080-exec-3] DEBUG o.s.web.servlet.DispatcherServlet - GET "/api/auth-rest/loginAccion", parameters={}
2026-02-12 13:21:41.880 [http-nio-8080-exec-3] DEBUG o.s.w.s.h.SimpleUrlHandlerMapping - Mapped to ResourceHttpRequestHandler [classpath [META-INF/resources/], classpath [resources/], classpath [static/], classpath [public/], ServletContext [/]]
2026-02-12 13:21:41.891 [http-nio-8080-exec-3] DEBUG o.s.w.s.r.ResourceHttpRequestHandler - Resource not found
2026-02-12 13:21:41.892 [http-nio-8080-exec-3] DEBUG o.s.w.s.m.s.DefaultHandlerExceptionResolver - Resolved [org.springframework.web.servlet.resource.NoResourceFoundException: No static resource api/auth-rest/loginAccion.]
2026-02-12 13:21:41.893 [http-nio-8080-exec-3] DEBUG o.s.web.servlet.DispatcherServlet - Completed 404 NOT_FOUND
2026-02-12 13:21:41.894 [http-nio-8080-exec-3] DEBUG o.s.web.servlet.DispatcherServlet - "ERROR" dispatch for GET "/error", parameters={}
2026-02-12 13:21:41.895 [http-nio-8080-exec-3] DEBUG o.s.w.s.m.m.a.RequestMappingHandlerMapping - Mapped to org.springframework.boot.autoconfigure.web.servlet.error.BasicErrorController#error(HttpServletRequest)
2026-02-12 13:21:41.898 [http-nio-8080-exec-3] DEBUG o.s.w.s.m.m.a.HttpEntityMethodProcessor - Using 'application/json', given [*/*] and supported [application/json, application/*+json]
2026-02-12 13:21:41.899 [http-nio-8080-exec-3] DEBUG o.s.w.s.m.m.a.HttpEntityMethodProcessor - Writing [{timestamp=Thu Feb 12 13:21:41 CET 2026, status=404, error=Not Found, trace=org.springframework.web. (truncated)...]
2026-02-12 13:21:41.902 [http-nio-8080-exec-3] DEBUG o.s.web.servlet.DispatcherServlet - Exiting from "ERROR" dispatch, status 404
2026-02-12 13:22:20.059 [http-nio-8080-exec-5] DEBUG o.s.web.servlet.DispatcherServlet - GET "/api/auth-rest/loginAccion", parameters={}
2026-02-12 13:22:20.059 [http-nio-8080-exec-5] DEBUG o.s.w.s.h.SimpleUrlHandlerMapping - Mapped to ResourceHttpRequestHandler [classpath [META-INF/resources/], classpath [resources/], classpath [static/], classpath [public/], ServletContext [/]]
2026-02-12 13:22:20.067 [http-nio-8080-exec-5] DEBUG o.s.w.s.r.ResourceHttpRequestHandler - Resource not found
2026-02-12 13:22:20.067 [http-nio-8080-exec-5] DEBUG o.s.w.s.m.s.DefaultHandlerExceptionResolver - Resolved [org.springframework.web.servlet.resource.NoResourceFoundException: No static resource api/auth-rest/loginAccion.]
2026-02-12 13:22:20.075 [http-nio-8080-exec-5] DEBUG o.s.web.servlet.DispatcherServlet - Completed 404 NOT_FOUND
2026-02-12 13:22:20.075 [http-nio-8080-exec-5] DEBUG o.s.web.servlet.DispatcherServlet - "ERROR" dispatch for GET "/error", parameters={}
2026-02-12 13:22:20.075 [http-nio-8080-exec-5] DEBUG o.s.w.s.m.m.a.RequestMappingHandlerMapping - Mapped to org.springframework.boot.autoconfigure.web.servlet.error.BasicErrorController#error(HttpServletRequest)
2026-02-12 13:22:20.075 [http-nio-8080-exec-5] DEBUG o.s.w.s.m.m.a.HttpEntityMethodProcessor - Using 'application/json', given [*/*] and supported [application/json, application/*+json]
2026-02-12 13:22:20.075 [http-nio-8080-exec-5] DEBUG o.s.w.s.m.m.a.HttpEntityMethodProcessor - Writing [{timestamp=Thu Feb 12 13:22:20 CET 2026, status=404, error=Not Found, trace=org.springframework.web. (truncated)...]
2026-02-12 13:22:20.084 [http-nio-8080-exec-5] DEBUG o.s.web.servlet.DispatcherServlet - Exiting from "ERROR" dispatch, status 404
2026-02-12 13:26:27.986 [restartedMain] INFO  c.e.P.ProyectoBackEndApplication - Starting ProyectoBackEndApplication using Java 17.0.17 with PID 13324 (C:\Users\leofr\OneDrive\Escritorio\ESPECIALIZACION EN JAVA(CIBERTEC) Y OTRAS\JAVA BACK END\PROYECTO FINAL\ProyectoBackEnd (1)\ProyectoBackEnd\target\classes started by leofr in C:\Users\leofr\OneDrive\Escritorio\ESPECIALIZACION EN JAVA(CIBERTEC) Y OTRAS\JAVA BACK END\PROYECTO FINAL\ProyectoBackEnd (1)\ProyectoBackEnd)
2026-02-12 13:26:27.990 [restartedMain] DEBUG c.e.P.ProyectoBackEndApplication - Running with Spring Boot v3.5.10, Spring v6.2.15
2026-02-12 13:26:27.992 [restartedMain] INFO  c.e.P.ProyectoBackEndApplication - No active profile set, falling back to 1 default profile: "default"
2026-02-12 13:26:28.118 [restartedMain] INFO  o.s.b.d.e.DevToolsPropertyDefaultsPostProcessor - Devtools property defaults active! Set 'spring.devtools.add-properties' to 'false' to disable
2026-02-12 13:26:28.118 [restartedMain] INFO  o.s.b.d.e.DevToolsPropertyDefaultsPostProcessor - For additional web related logging consider setting the 'logging.level.web' property to 'DEBUG'
2026-02-12 13:26:29.662 [restartedMain] INFO  o.s.d.r.c.RepositoryConfigurationDelegate - Bootstrapping Spring Data JPA repositories in DEFAULT mode.
2026-02-12 13:26:30.016 [restartedMain] INFO  o.s.d.r.c.RepositoryConfigurationDelegate - Finished Spring Data repository scanning in 314 ms. Found 3 JPA repository interfaces.
2026-02-12 13:26:33.585 [restartedMain] INFO  o.s.b.w.e.tomcat.TomcatWebServer - Tomcat initialized with port 8080 (http)
2026-02-12 13:26:33.642 [restartedMain] INFO  o.a.coyote.http11.Http11NioProtocol - Initializing ProtocolHandler ["http-nio-8080"]
2026-02-12 13:26:33.652 [restartedMain] INFO  o.a.catalina.core.StandardService - Starting service [Tomcat]
2026-02-12 13:26:33.652 [restartedMain] INFO  o.a.catalina.core.StandardEngine - Starting Servlet engine: [Apache Tomcat/10.1.50]
2026-02-12 13:26:33.906 [restartedMain] INFO  o.a.c.c.C.[Tomcat].[localhost].[/] - Initializing Spring embedded WebApplicationContext
2026-02-12 13:26:33.920 [restartedMain] INFO  o.s.b.w.s.c.ServletWebServerApplicationContext - Root WebApplicationContext: initialization completed in 5787 ms
2026-02-12 13:26:34.886 [restartedMain] INFO  o.h.jpa.internal.util.LogHelper - HHH000204: Processing PersistenceUnitInfo [name: default]
2026-02-12 13:26:35.168 [restartedMain] INFO  org.hibernate.Version - HHH000412: Hibernate ORM core version 6.6.41.Final
2026-02-12 13:26:35.329 [restartedMain] INFO  o.h.c.i.RegionFactoryInitiator - HHH000026: Second-level cache disabled
2026-02-12 13:26:36.070 [restartedMain] INFO  o.s.o.j.p.SpringPersistenceUnitInfo - No LoadTimeWeaver setup: ignoring JPA class transformer
2026-02-12 13:26:36.154 [restartedMain] INFO  com.zaxxer.hikari.HikariDataSource - HikariPool-1 - Starting...
2026-02-12 13:26:36.450 [restartedMain] INFO  com.zaxxer.hikari.pool.HikariPool - HikariPool-1 - Added connection com.mysql.cj.jdbc.ConnectionImpl@69f36af4
2026-02-12 13:26:36.453 [restartedMain] INFO  com.zaxxer.hikari.HikariDataSource - HikariPool-1 - Start completed.
2026-02-12 13:26:36.560 [restartedMain] WARN  org.hibernate.orm.deprecation - HHH90000025: MySQLDialect does not need to be specified explicitly using 'hibernate.dialect' (remove the property setting and it will be selected by default)
2026-02-12 13:26:36.611 [restartedMain] INFO  o.hibernate.orm.connections.pooling - HHH10001005: Database info:
	Database JDBC URL [Connecting through datasource 'HikariDataSource (HikariPool-1)']
	Database driver: undefined/unknown
	Database version: 8.0.32
	Autocommit mode: undefined/unknown
	Isolation level: undefined/unknown
	Minimum pool size: undefined/unknown
	Maximum pool size: undefined/unknown
2026-02-12 13:26:38.106 [restartedMain] INFO  o.h.e.t.j.p.i.JtaPlatformInitiator - HHH000489: No JTA platform available (set 'hibernate.transaction.jta.platform' to enable JTA platform integration)
2026-02-12 13:26:38.276 [restartedMain] INFO  o.s.o.j.LocalContainerEntityManagerFactoryBean - Initialized JPA EntityManagerFactory for persistence unit 'default'
2026-02-12 13:26:38.985 [restartedMain] INFO  o.s.d.j.r.query.QueryEnhancerFactory - Hibernate is in classpath; If applicable, HQL parser will be used.
2026-02-12 13:26:40.079 [restartedMain] WARN  o.s.b.a.o.j.JpaBaseConfiguration$JpaWebConfiguration - spring.jpa.open-in-view is enabled by default. Therefore, database queries may be performed during view rendering. Explicitly configure spring.jpa.open-in-view to disable this warning
2026-02-12 13:26:40.596 [restartedMain] DEBUG o.s.w.s.m.m.a.RequestMappingHandlerMapping - 15 mappings in 'requestMappingHandlerMapping'
2026-02-12 13:26:40.831 [restartedMain] DEBUG o.s.w.s.h.SimpleUrlHandlerMapping - Patterns [/webjars/**, /**] in 'resourceHandlerMapping'
2026-02-12 13:26:40.900 [restartedMain] DEBUG o.s.w.s.m.m.a.RequestMappingHandlerAdapter - ControllerAdvice beans: 0 @ModelAttribute, 0 @InitBinder, 1 RequestBodyAdvice, 1 ResponseBodyAdvice
2026-02-12 13:26:40.981 [restartedMain] WARN  o.s.b.a.t.ThymeleafAutoConfiguration$DefaultTemplateResolverConfiguration - Cannot find template location: classpath:/templates/ (please add some templates, check your Thymeleaf configuration, or set spring.thymeleaf.check-template-location=false)
2026-02-12 13:26:41.045 [restartedMain] DEBUG o.s.w.s.m.m.a.ExceptionHandlerExceptionResolver - ControllerAdvice beans: 1 @ExceptionHandler, 1 ResponseBodyAdvice
2026-02-12 13:26:41.214 [restartedMain] DEBUG o.s.w.s.m.m.a.ExceptionHandlerExceptionResolver - ControllerAdvice beans: 1 @ExceptionHandler, 0 ResponseBodyAdvice
2026-02-12 13:26:42.090 [restartedMain] INFO  o.s.b.d.a.OptionalLiveReloadServer - LiveReload server is running on port 35729
2026-02-12 13:26:42.150 [restartedMain] INFO  o.a.coyote.http11.Http11NioProtocol - Starting ProtocolHandler ["http-nio-8080"]
2026-02-12 13:26:42.228 [restartedMain] INFO  o.s.b.w.e.tomcat.TomcatWebServer - Tomcat started on port 8080 (http) with context path '/'
2026-02-12 13:26:42.270 [restartedMain] INFO  c.e.P.ProyectoBackEndApplication - Started ProyectoBackEndApplication in 14.95 seconds (process running for 15.985)
2026-02-12 13:27:28.043 [http-nio-8080-exec-4] INFO  o.a.c.c.C.[Tomcat].[localhost].[/] - Initializing Spring DispatcherServlet 'dispatcherServlet'
2026-02-12 13:27:28.043 [http-nio-8080-exec-4] INFO  o.s.web.servlet.DispatcherServlet - Initializing Servlet 'dispatcherServlet'
2026-02-12 13:27:28.043 [http-nio-8080-exec-4] DEBUG o.s.web.servlet.DispatcherServlet - Detected StandardServletMultipartResolver
2026-02-12 13:27:28.043 [http-nio-8080-exec-4] DEBUG o.s.web.servlet.DispatcherServlet - Detected AcceptHeaderLocaleResolver
2026-02-12 13:27:28.043 [http-nio-8080-exec-4] DEBUG o.s.web.servlet.DispatcherServlet - Detected FixedThemeResolver
2026-02-12 13:27:28.049 [http-nio-8080-exec-4] DEBUG o.s.web.servlet.DispatcherServlet - Detected org.springframework.web.servlet.view.DefaultRequestToViewNameTranslator@731b02cc
2026-02-12 13:27:28.049 [http-nio-8080-exec-4] DEBUG o.s.web.servlet.DispatcherServlet - Detected org.springframework.web.servlet.support.SessionFlashMapManager@3596afdc
2026-02-12 13:27:28.049 [http-nio-8080-exec-4] DEBUG o.s.web.servlet.DispatcherServlet - enableLoggingRequestDetails='false': request parameters and headers will be masked to prevent unsafe logging of potentially sensitive data
2026-02-12 13:27:28.049 [http-nio-8080-exec-4] INFO  o.s.web.servlet.DispatcherServlet - Completed initialization in 6 ms
2026-02-12 13:27:28.083 [http-nio-8080-exec-4] DEBUG o.s.web.servlet.DispatcherServlet - GET "/api/auth-rest/loginAccion", parameters={}
2026-02-12 13:27:28.130 [http-nio-8080-exec-4] DEBUG o.s.w.s.m.m.a.RequestMappingHandlerMapping - Mapped to com.example.ProyectoBackEnd.controller.LoginController#obtenerUno(int)
2026-02-12 13:27:28.231 [http-nio-8080-exec-4] DEBUG o.s.web.method.HandlerMethod - Could not resolve parameter [0] in public org.springframework.hateoas.EntityModel<com.example.ProyectoBackEnd.dao.entity.UsuarioEntity> com.example.ProyectoBackEnd.controller.LoginController.obtenerUno(int): Method parameter 'id': Failed to convert value of type 'java.lang.String' to required type 'int'; For input string: "loginAccion"
2026-02-12 13:27:28.231 [http-nio-8080-exec-4] WARN  o.s.w.s.m.s.DefaultHandlerExceptionResolver - Resolved [org.springframework.web.method.annotation.MethodArgumentTypeMismatchException: Method parameter 'id': Failed to convert value of type 'java.lang.String' to required type 'int'; For input string: "loginAccion"]
2026-02-12 13:27:28.238 [http-nio-8080-exec-4] DEBUG o.s.web.servlet.DispatcherServlet - Completed 400 BAD_REQUEST
2026-02-12 13:27:28.256 [http-nio-8080-exec-4] DEBUG o.s.web.servlet.DispatcherServlet - "ERROR" dispatch for GET "/error", parameters={}
2026-02-12 13:27:28.263 [http-nio-8080-exec-4] DEBUG o.s.w.s.m.m.a.RequestMappingHandlerMapping - Mapped to org.springframework.boot.autoconfigure.web.servlet.error.BasicErrorController#error(HttpServletRequest)
2026-02-12 13:27:28.328 [http-nio-8080-exec-4] DEBUG o.s.w.s.m.m.a.HttpEntityMethodProcessor - Using 'application/json', given [*/*] and supported [application/json, application/*+json]
2026-02-12 13:27:28.338 [http-nio-8080-exec-4] DEBUG o.s.w.s.m.m.a.HttpEntityMethodProcessor - Writing [{timestamp=Thu Feb 12 13:27:28 CET 2026, status=400, error=Bad Request, trace=org.springframework.we (truncated)...]
2026-02-12 13:27:28.477 [http-nio-8080-exec-4] DEBUG o.s.web.servlet.DispatcherServlet - Exiting from "ERROR" dispatch, status 400
2026-02-12 13:29:02.597 [http-nio-8080-exec-1] DEBUG o.s.web.servlet.DispatcherServlet - POST "/api/auth-rest/loginAccion", parameters={}
2026-02-12 13:29:02.602 [http-nio-8080-exec-1] DEBUG o.s.w.s.m.m.a.RequestMappingHandlerMapping - Mapped to com.example.ProyectoBackEnd.controller.LoginController#loginAccion(UsuarioEntity, HttpSession)
2026-02-12 13:29:02.827 [http-nio-8080-exec-1] DEBUG o.s.w.s.m.m.a.RequestResponseBodyMethodProcessor - Read "application/json;charset=UTF-8" to [UsuarioEntity(idUsuario=null, usuario=admin, contraseña=1234, fechaCreacion=null, estado=null, fecha (truncated)...]
2026-02-12 13:29:03.077 [http-nio-8080-exec-1] WARN  o.a.c.util.SessionIdGeneratorBase - Creation of SecureRandom instance for session ID generation using [SHA1PRNG] took [214] milliseconds.
2026-02-12 13:29:03.093 [http-nio-8080-exec-1] INFO  c.e.P.controller.LoginController - AUDITORIA: Intento de login para usuario: admin
2026-02-12 13:29:03.828 [http-nio-8080-exec-1] WARN  o.h.e.jdbc.spi.SqlExceptionHelper - SQL Error: 1364, SQLState: HY000
2026-02-12 13:29:03.834 [http-nio-8080-exec-1] ERROR o.h.e.jdbc.spi.SqlExceptionHelper - Field 'usuario_id' doesn't have a default value
2026-02-12 13:29:03.876 [http-nio-8080-exec-1] ERROR c.e.P.aspect.LogginAspect - Error en buscarPorNombre: could not execute statement [Field 'usuario_id' doesn't have a default value] [insert into auditoria (fechahora,milisegundos,operacion,id_usuarios) values (?,?,?,?)]
2026-02-12 13:29:03.876 [http-nio-8080-exec-1] DEBUG o.s.web.servlet.DispatcherServlet - Failed to complete request: org.springframework.orm.jpa.JpaSystemException: could not execute statement [Field 'usuario_id' doesn't have a default value] [insert into auditoria (fechahora,milisegundos,operacion,id_usuarios) values (?,?,?,?)]
2026-02-12 13:29:03.876 [http-nio-8080-exec-1] ERROR o.a.c.c.C.[.[.[.[dispatcherServlet] - Servlet.service() for servlet [dispatcherServlet] in context with path [] threw exception [Request processing failed: org.springframework.orm.jpa.JpaSystemException: could not execute statement [Field 'usuario_id' doesn't have a default value] [insert into auditoria (fechahora,milisegundos,operacion,id_usuarios) values (?,?,?,?)]] with root cause
java.sql.SQLException: Field 'usuario_id' doesn't have a default value
	at com.mysql.cj.jdbc.exceptions.SQLError.createSQLException(SQLError.java:121)
	at com.mysql.cj.jdbc.exceptions.SQLExceptionsMapping.translateException(SQLExceptionsMapping.java:114)
	at com.mysql.cj.jdbc.ClientPreparedStatement.executeInternal(ClientPreparedStatement.java:988)
	at com.mysql.cj.jdbc.ClientPreparedStatement.executeUpdateInternal(ClientPreparedStatement.java:1166)
	at com.mysql.cj.jdbc.ClientPreparedStatement.executeUpdateInternal(ClientPreparedStatement.java:1101)
	at com.mysql.cj.jdbc.ClientPreparedStatement.executeLargeUpdate(ClientPreparedStatement.java:1448)
	at com.mysql.cj.jdbc.ClientPreparedStatement.executeUpdate(ClientPreparedStatement.java:1084)
	at com.zaxxer.hikari.pool.ProxyPreparedStatement.executeUpdate(ProxyPreparedStatement.java:61)
	at com.zaxxer.hikari.pool.HikariProxyPreparedStatement.executeUpdate(HikariProxyPreparedStatement.java)
	at org.hibernate.engine.jdbc.internal.ResultSetReturnImpl.executeUpdate(ResultSetReturnImpl.java:194)
	at org.hibernate.id.insert.GetGeneratedKeysDelegate.performMutation(GetGeneratedKeysDelegate.java:116)
	at org.hibernate.engine.jdbc.mutation.internal.MutationExecutorSingleNonBatched.performNonBatchedOperations(MutationExecutorSingleNonBatched.java:47)
	at org.hibernate.engine.jdbc.mutation.internal.AbstractMutationExecutor.execute(AbstractMutationExecutor.java:55)
	at org.hibernate.persister.entity.mutation.InsertCoordinatorStandard.doStaticInserts(InsertCoordinatorStandard.java:194)
	at org.hibernate.persister.entity.mutation.InsertCoordinatorStandard.coordinateInsert(InsertCoordinatorStandard.java:132)
	at org.hibernate.persister.entity.mutation.InsertCoordinatorStandard.insert(InsertCoordinatorStandard.java:95)
	at org.hibernate.action.internal.EntityIdentityInsertAction.execute(EntityIdentityInsertAction.java:85)
	at org.hibernate.engine.spi.ActionQueue.execute(ActionQueue.java:682)
	at org.hibernate.engine.spi.ActionQueue.addResolvedEntityInsertAction(ActionQueue.java:293)
	at org.hibernate.engine.spi.ActionQueue.addInsertAction(ActionQueue.java:274)
	at org.hibernate.engine.spi.ActionQueue.addAction(ActionQueue.java:324)
	at org.hibernate.event.internal.AbstractSaveEventListener.addInsertAction(AbstractSaveEventListener.java:394)
	at org.hibernate.event.internal.AbstractSaveEventListener.performSaveOrReplicate(AbstractSaveEventListener.java:308)
	at org.hibernate.event.internal.AbstractSaveEventListener.performSave(AbstractSaveEventListener.java:224)
	at org.hibernate.event.internal.AbstractSaveEventListener.saveWithGeneratedId(AbstractSaveEventListener.java:136)
	at org.hibernate.event.internal.DefaultPersistEventListener.entityIsTransient(DefaultPersistEventListener.java:177)
	at org.hibernate.event.internal.DefaultPersistEventListener.persist(DefaultPersistEventListener.java:95)
	at org.hibernate.event.internal.DefaultPersistEventListener.onPersist(DefaultPersistEventListener.java:79)
	at org.hibernate.event.internal.DefaultPersistEventListener.onPersist(DefaultPersistEventListener.java:55)
	at org.hibernate.event.service.internal.EventListenerGroupImpl.fireEventOnEachListener(EventListenerGroupImpl.java:127)
	at org.hibernate.internal.SessionImpl.firePersist(SessionImpl.java:761)
	at org.hibernate.internal.SessionImpl.persist(SessionImpl.java:745)
	at java.base/jdk.internal.reflect.NativeMethodAccessorImpl.invoke0(Native Method)
	at java.base/jdk.internal.reflect.NativeMethodAccessorImpl.invoke(NativeMethodAccessorImpl.java:77)
	at java.base/jdk.internal.reflect.DelegatingMethodAccessorImpl.invoke(DelegatingMethodAccessorImpl.java:43)
	at java.base/java.lang.reflect.Method.invoke(Method.java:568)
	at org.springframework.orm.jpa.ExtendedEntityManagerCreator$ExtendedEntityManagerInvocationHandler.invoke(ExtendedEntityManagerCreator.java:364)
	at jdk.proxy4/jdk.proxy4.$Proxy134.persist(Unknown Source)
	at java.base/jdk.internal.reflect.NativeMethodAccessorImpl.invoke0(Native Method)
	at java.base/jdk.internal.reflect.NativeMethodAccessorImpl.invoke(NativeMethodAccessorImpl.java:77)
	at java.base/jdk.internal.reflect.DelegatingMethodAccessorImpl.invoke(DelegatingMethodAccessorImpl.java:43)
	at java.base/java.lang.reflect.Method.invoke(Method.java:568)
	at org.springframework.orm.jpa.SharedEntityManagerCreator$SharedEntityManagerInvocationHandler.invoke(SharedEntityManagerCreator.java:320)
	at jdk.proxy4/jdk.proxy4.$Proxy134.persist(Unknown Source)
	at org.springframework.data.jpa.repository.support.SimpleJpaRepository.save(SimpleJpaRepository.java:654)
	at java.base/jdk.internal.reflect.NativeMethodAccessorImpl.invoke0(Native Method)
	at java.base/jdk.internal.reflect.NativeMethodAccessorImpl.invoke(NativeMethodAccessorImpl.java:77)
	at java.base/jdk.internal.reflect.DelegatingMethodAccessorImpl.invoke(DelegatingMethodAccessorImpl.java:43)
	at java.base/java.lang.reflect.Method.invoke(Method.java:568)
	at org.springframework.aop.support.AopUtils.invokeJoinpointUsingReflection(AopUtils.java:360)
	at org.springframework.data.repository.core.support.RepositoryMethodInvoker$RepositoryFragmentMethodInvoker.lambda$new$0(RepositoryMethodInvoker.java:277)
	at org.springframework.data.repository.core.support.RepositoryMethodInvoker.doInvoke(RepositoryMethodInvoker.java:170)
	at org.springframework.data.repository.core.support.RepositoryMethodInvoker.invoke(RepositoryMethodInvoker.java:158)
	at org.springframework.data.repository.core.support.RepositoryComposition$RepositoryFragments.invoke(RepositoryComposition.java:515)
	at org.springframework.data.repository.core.support.RepositoryComposition.invoke(RepositoryComposition.java:284)
	at org.springframework.data.repository.core.support.RepositoryFactorySupport$ImplementationMethodExecutionInterceptor.invoke(RepositoryFactorySupport.java:720)
	at org.springframework.aop.framework.ReflectiveMethodInvocation.proceed(ReflectiveMethodInvocation.java:184)
	at org.springframework.data.repository.core.support.QueryExecutorMethodInterceptor.doInvoke(QueryExecutorMethodInterceptor.java:174)
	at org.springframework.data.repository.core.support.QueryExecutorMethodInterceptor.invoke(QueryExecutorMethodInterceptor.java:149)
	at org.springframework.aop.framework.ReflectiveMethodInvocation.proceed(ReflectiveMethodInvocation.java:184)
	at org.springframework.data.projection.DefaultMethodInvokingMethodInterceptor.invoke(DefaultMethodInvokingMethodInterceptor.java:69)
	at org.springframework.aop.framework.ReflectiveMethodInvocation.proceed(ReflectiveMethodInvocation.java:184)
	at org.springframework.transaction.interceptor.TransactionAspectSupport.invokeWithinTransaction(TransactionAspectSupport.java:380)
	at org.springframework.transaction.interceptor.TransactionInterceptor.invoke(TransactionInterceptor.java:119)
	at org.springframework.aop.framework.ReflectiveMethodInvocation.proceed(ReflectiveMethodInvocation.java:184)
	at org.springframework.dao.support.PersistenceExceptionTranslationInterceptor.invoke(PersistenceExceptionTranslationInterceptor.java:138)
	at org.springframework.aop.framework.ReflectiveMethodInvocation.proceed(ReflectiveMethodInvocation.java:184)
	at org.springframework.data.jpa.repository.support.CrudMethodMetadataPostProcessor$CrudMethodMetadataPopulatingMethodInterceptor.invoke(CrudMethodMetadataPostProcessor.java:165)
	at org.springframework.aop.framework.ReflectiveMethodInvocation.proceed(ReflectiveMethodInvocation.java:184)
	at org.springframework.aop.framework.JdkDynamicAopProxy.invoke(JdkDynamicAopProxy.java:223)
	at jdk.proxy4/jdk.proxy4.$Proxy138.save(Unknown Source)
	at com.example.ProyectoBackEnd.aspect.LogginAspect.registrarAuditoria(LogginAspect.java:67)
	at com.example.ProyectoBackEnd.aspect.LogginAspect.medirTiempoYRegistrar(LogginAspect.java:42)
	at java.base/jdk.internal.reflect.NativeMethodAccessorImpl.invoke0(Native Method)
	at java.base/jdk.internal.reflect.NativeMethodAccessorImpl.invoke(NativeMethodAccessorImpl.java:77)
	at java.base/jdk.internal.reflect.DelegatingMethodAccessorImpl.invoke(DelegatingMethodAccessorImpl.java:43)
	at java.base/java.lang.reflect.Method.invoke(Method.java:568)
	at org.springframework.aop.aspectj.AbstractAspectJAdvice.invokeAdviceMethodWithGivenArgs(AbstractAspectJAdvice.java:649)
	at org.springframework.aop.aspectj.AbstractAspectJAdvice.invokeAdviceMethod(AbstractAspectJAdvice.java:631)
	at org.springframework.aop.aspectj.AspectJAroundAdvice.invoke(AspectJAroundAdvice.java:71)
	at org.springframework.aop.framework.ReflectiveMethodInvocation.proceed(ReflectiveMethodInvocation.java:184)
	at org.springframework.aop.interceptor.ExposeInvocationInterceptor.invoke(ExposeInvocationInterceptor.java:97)
	at org.springframework.aop.framework.ReflectiveMethodInvocation.proceed(ReflectiveMethodInvocation.java:184)
	at org.springframework.aop.framework.CglibAopProxy$DynamicAdvisedInterceptor.intercept(CglibAopProxy.java:728)
	at com.example.ProyectoBackEnd.service.impl.UsuarioServiceImpl$$SpringCGLIB$$0.buscarPorNombre(<generated>)
	at com.example.ProyectoBackEnd.controller.LoginController.loginAccion(LoginController.java:25)
	at java.base/jdk.internal.reflect.NativeMethodAccessorImpl.invoke0(Native Method)
	at java.base/jdk.internal.reflect.NativeMethodAccessorImpl.invoke(NativeMethodAccessorImpl.java:77)
	at java.base/jdk.internal.reflect.DelegatingMethodAccessorImpl.invoke(DelegatingMethodAccessorImpl.java:43)
	at java.base/java.lang.reflect.Method.invoke(Method.java:568)
	at org.springframework.web.method.support.InvocableHandlerMethod.doInvoke(InvocableHandlerMethod.java:258)
	at org.springframework.web.method.support.InvocableHandlerMethod.invokeForRequest(InvocableHandlerMethod.java:191)
	at org.springframework.web.servlet.mvc.method.annotation.ServletInvocableHandlerMethod.invokeAndHandle(ServletInvocableHandlerMethod.java:118)
	at org.springframework.web.servlet.mvc.method.annotation.RequestMappingHandlerAdapter.invokeHandlerMethod(RequestMappingHandlerAdapter.java:991)
	at org.springframework.web.servlet.mvc.method.annotation.RequestMappingHandlerAdapter.handleInternal(RequestMappingHandlerAdapter.java:896)
	at org.springframework.web.servlet.mvc.method.AbstractHandlerMethodAdapter.handle(AbstractHandlerMethodAdapter.java:87)
	at org.springframework.web.servlet.DispatcherServlet.doDispatch(DispatcherServlet.java:1089)
	at org.springframework.web.servlet.DispatcherServlet.doService(DispatcherServlet.java:979)
	at org.springframework.web.servlet.FrameworkServlet.processRequest(FrameworkServlet.java:1014)
	at org.springframework.web.servlet.FrameworkServlet.doPost(FrameworkServlet.java:914)
	at jakarta.servlet.http.HttpServlet.service(HttpServlet.java:590)
	at org.springframework.web.servlet.FrameworkServlet.service(FrameworkServlet.java:885)
	at jakarta.servlet.http.HttpServlet.service(HttpServlet.java:658)
	at org.apache.catalina.core.ApplicationFilterChain.internalDoFilter(ApplicationFilterChain.java:193)
	at org.apache.catalina.core.ApplicationFilterChain.doFilter(ApplicationFilterChain.java:138)
	at org.apache.tomcat.websocket.server.WsFilter.doFilter(WsFilter.java:51)
	at org.apache.catalina.core.ApplicationFilterChain.internalDoFilter(ApplicationFilterChain.java:162)
	at org.apache.catalina.core.ApplicationFilterChain.doFilter(ApplicationFilterChain.java:138)
	at org.springframework.web.filter.RequestContextFilter.doFilterInternal(RequestContextFilter.java:100)
	at org.springframework.web.filter.OncePerRequestFilter.doFilter(OncePerRequestFilter.java:116)
	at org.apache.catalina.core.ApplicationFilterChain.internalDoFilter(ApplicationFilterChain.java:162)
	at org.apache.catalina.core.ApplicationFilterChain.doFilter(ApplicationFilterChain.java:138)
	at org.springframework.web.filter.FormContentFilter.doFilterInternal(FormContentFilter.java:93)
	at org.springframework.web.filter.OncePerRequestFilter.doFilter(OncePerRequestFilter.java:116)
	at org.apache.catalina.core.ApplicationFilterChain.internalDoFilter(ApplicationFilterChain.java:162)
	at org.apache.catalina.core.ApplicationFilterChain.doFilter(ApplicationFilterChain.java:138)
	at org.springframework.web.filter.CharacterEncodingFilter.doFilterInternal(CharacterEncodingFilter.java:201)
	at org.springframework.web.filter.OncePerRequestFilter.doFilter(OncePerRequestFilter.java:116)
	at org.apache.catalina.core.ApplicationFilterChain.internalDoFilter(ApplicationFilterChain.java:162)
	at org.apache.catalina.core.ApplicationFilterChain.doFilter(ApplicationFilterChain.java:138)
	at org.apache.catalina.core.StandardWrapperValve.invoke(StandardWrapperValve.java:165)
	at org.apache.catalina.core.StandardContextValve.invoke(StandardContextValve.java:88)
	at org.apache.catalina.authenticator.AuthenticatorBase.invoke(AuthenticatorBase.java:482)
	at org.apache.catalina.core.StandardHostValve.invoke(StandardHostValve.java:113)
	at org.apache.catalina.valves.ErrorReportValve.invoke(ErrorReportValve.java:83)
	at org.apache.catalina.core.StandardEngineValve.invoke(StandardEngineValve.java:72)
	at org.apache.catalina.connector.CoyoteAdapter.service(CoyoteAdapter.java:342)
	at org.apache.coyote.http11.Http11Processor.service(Http11Processor.java:399)
	at org.apache.coyote.AbstractProcessorLight.process(AbstractProcessorLight.java:63)
	at org.apache.coyote.AbstractProtocol$ConnectionHandler.process(AbstractProtocol.java:903)
	at org.apache.tomcat.util.net.NioEndpoint$SocketProcessor.doRun(NioEndpoint.java:1774)
	at org.apache.tomcat.util.net.SocketProcessorBase.run(SocketProcessorBase.java:52)
	at org.apache.tomcat.util.threads.ThreadPoolExecutor.runWorker(ThreadPoolExecutor.java:973)
	at org.apache.tomcat.util.threads.ThreadPoolExecutor$Worker.run(ThreadPoolExecutor.java:491)
	at org.apache.tomcat.util.threads.TaskThread$WrappingRunnable.run(TaskThread.java:63)
	at java.base/java.lang.Thread.run(Thread.java:842)
2026-02-12 13:29:03.899 [http-nio-8080-exec-1] DEBUG o.s.web.servlet.DispatcherServlet - "ERROR" dispatch for POST "/error", parameters={}
2026-02-12 13:29:03.900 [http-nio-8080-exec-1] DEBUG o.s.w.s.m.m.a.RequestMappingHandlerMapping - Mapped to org.springframework.boot.autoconfigure.web.servlet.error.BasicErrorController#error(HttpServletRequest)
2026-02-12 13:29:03.906 [http-nio-8080-exec-1] DEBUG o.s.w.s.m.m.a.HttpEntityMethodProcessor - Using 'application/json', given [*/*] and supported [application/json, application/*+json]
2026-02-12 13:29:03.906 [http-nio-8080-exec-1] DEBUG o.s.w.s.m.m.a.HttpEntityMethodProcessor - Writing [{timestamp=Thu Feb 12 13:29:03 CET 2026, status=500, error=Internal Server Error, trace=org.springfr (truncated)...]
2026-02-12 13:29:03.911 [http-nio-8080-exec-1] DEBUG o.s.web.servlet.DispatcherServlet - Exiting from "ERROR" dispatch, status 500
2026-02-12 13:32:16.588 [http-nio-8080-exec-7] DEBUG o.s.web.servlet.DispatcherServlet - POST "/api/auth-rest/loginAccion", parameters={}
2026-02-12 13:32:16.588 [http-nio-8080-exec-7] DEBUG o.s.w.s.m.m.a.RequestMappingHandlerMapping - Mapped to com.example.ProyectoBackEnd.controller.LoginController#loginAccion(UsuarioEntity, HttpSession)
2026-02-12 13:32:16.597 [http-nio-8080-exec-7] DEBUG o.s.w.s.m.m.a.RequestResponseBodyMethodProcessor - Read "application/json;charset=UTF-8" to [UsuarioEntity(idUsuario=null, usuario=admin, contraseña=1234, fechaCreacion=null, estado=null, fecha (truncated)...]
2026-02-12 13:32:16.599 [http-nio-8080-exec-7] INFO  c.e.P.controller.LoginController - AUDITORIA: Intento de login para usuario: admin
2026-02-12 13:32:16.695 [http-nio-8080-exec-7] INFO  c.e.P.aspect.LogginAspect - Operación buscarPorNombre completada en 7 ms
2026-02-12 13:32:16.713 [http-nio-8080-exec-7] INFO  c.e.P.aspect.LogginAspect - Operación validarLogin completada en 0 ms
2026-02-12 13:32:16.713 [http-nio-8080-exec-7] INFO  c.e.P.controller.LoginController - Login exitoso. Derivando a principal.
2026-02-12 13:32:17.278 [http-nio-8080-exec-7] DEBUG o.s.w.s.m.m.a.RequestResponseBodyMethodProcessor - Using 'application/hal+json', given [*/*] and supported [application/hal+json, application/vnd.hal+json, application/json, application/schema+json, application/json-patch+json, application/merge-patch+json, application/x-spring-data-verbose+json, application/x-spring-data-compact+json, application/prs.hal-forms+json, application/*+json]
2026-02-12 13:32:17.278 [http-nio-8080-exec-7] DEBUG o.s.w.s.m.m.a.RequestResponseBodyMethodProcessor - Writing [EntityModel { content: UsuarioEntity(idUsuario=1, usuario=admin, contraseña=1234, fechaCreacion=2026 (truncated)...]
2026-02-12 13:32:17.354 [http-nio-8080-exec-7] DEBUG o.s.web.servlet.DispatcherServlet - Completed 200 OK
2026-02-12 13:32:25.922 [http-nio-8080-exec-2] DEBUG o.s.web.servlet.DispatcherServlet - GET "/api/tareas?pagina=0&tama%C3%B1o=5", parameters={masked}
2026-02-12 13:32:25.922 [http-nio-8080-exec-2] DEBUG o.s.w.s.m.m.a.RequestMappingHandlerMapping - Mapped to com.example.ProyectoBackEnd.controller.TaskController#listarPaginado(int, int)
2026-02-12 13:32:26.059 [http-nio-8080-exec-2] INFO  c.e.P.aspect.LogginAspect - Operación listarPaginado completada en 117 ms
2026-02-12 13:32:26.129 [http-nio-8080-exec-2] DEBUG o.s.w.s.m.m.a.RequestResponseBodyMethodProcessor - Using 'application/hal+json', given [*/*] and supported [application/hal+json, application/vnd.hal+json, application/json, application/schema+json, application/json-patch+json, application/merge-patch+json, application/x-spring-data-verbose+json, application/x-spring-data-compact+json, application/prs.hal-forms+json, application/*+json]
2026-02-12 13:32:26.132 [http-nio-8080-exec-2] DEBUG o.s.w.s.m.m.a.RequestResponseBodyMethodProcessor - Writing [CollectionModel { content: [EntityModel { content: TaskEntity(idTarea=30, titulo=Validacion de WEB Y (truncated)...]
2026-02-12 13:32:26.180 [http-nio-8080-exec-2] DEBUG o.s.web.servlet.DispatcherServlet - Completed 200 OK
2026-02-12 13:33:22.559 [http-nio-8080-exec-3] DEBUG o.s.web.servlet.DispatcherServlet - GET "/api/auth-rest/loginAccion", parameters={}
2026-02-12 13:33:22.559 [http-nio-8080-exec-3] DEBUG o.s.w.s.m.m.a.RequestMappingHandlerMapping - Mapped to com.example.ProyectoBackEnd.controller.LoginController#obtenerUno(int)
2026-02-12 13:33:22.559 [http-nio-8080-exec-3] DEBUG o.s.web.method.HandlerMethod - Could not resolve parameter [0] in public org.springframework.hateoas.EntityModel<com.example.ProyectoBackEnd.dao.entity.UsuarioEntity> com.example.ProyectoBackEnd.controller.LoginController.obtenerUno(int): Method parameter 'id': Failed to convert value of type 'java.lang.String' to required type 'int'; For input string: "loginAccion"
2026-02-12 13:33:22.559 [http-nio-8080-exec-3] WARN  o.s.w.s.m.s.DefaultHandlerExceptionResolver - Resolved [org.springframework.web.method.annotation.MethodArgumentTypeMismatchException: Method parameter 'id': Failed to convert value of type 'java.lang.String' to required type 'int'; For input string: "loginAccion"]
2026-02-12 13:33:22.567 [http-nio-8080-exec-3] DEBUG o.s.web.servlet.DispatcherServlet - Completed 400 BAD_REQUEST
2026-02-12 13:33:22.567 [http-nio-8080-exec-3] DEBUG o.s.web.servlet.DispatcherServlet - "ERROR" dispatch for GET "/error", parameters={}
2026-02-12 13:33:22.567 [http-nio-8080-exec-3] DEBUG o.s.w.s.m.m.a.RequestMappingHandlerMapping - Mapped to org.springframework.boot.autoconfigure.web.servlet.error.BasicErrorController#errorHtml(HttpServletRequest, HttpServletResponse)
2026-02-12 13:33:22.616 [http-nio-8080-exec-3] DEBUG o.s.w.s.v.ContentNegotiatingViewResolver - Selected 'text/html' given [text/html, text/html;q=0.8]
2026-02-12 13:33:22.629 [http-nio-8080-exec-3] DEBUG o.s.web.servlet.DispatcherServlet - Exiting from "ERROR" dispatch, status 400
2026-02-12 13:33:28.304 [http-nio-8080-exec-9] DEBUG o.s.web.servlet.DispatcherServlet - GET "/api/usuarios-rest", parameters={}
2026-02-12 13:33:28.508 [http-nio-8080-exec-9] DEBUG o.s.w.s.m.m.a.RequestResponseBodyMethodProcessor - Using 'application/hal+json;q=0.8', given [text/html, application/xhtml+xml, image/avif, image/webp, image/apng, application/xml;q=0.9, */*;q=0.8, application/signed-exchange;v=b3;q=0.7] and supported [application/hal+json]
2026-02-12 13:33:28.518 [http-nio-8080-exec-9] DEBUG o.s.w.s.m.m.a.RequestResponseBodyMethodProcessor - Writing [PagedModel { content: [EntityModel { content: UsuarioEntity(idUsuario=1, usuario=admin, contraseña=1 (truncated)...]
2026-02-12 13:33:28.589 [http-nio-8080-exec-9] DEBUG o.s.web.servlet.DispatcherServlet - Completed 200 OK
2026-02-12 14:30:34.907 [restartedMain] INFO  c.e.P.ProyectoBackEndApplication - Starting ProyectoBackEndApplication using Java 17.0.17 with PID 34584 (C:\Users\leofr\OneDrive\Escritorio\ESPECIALIZACION EN JAVA(CIBERTEC) Y OTRAS\JAVA BACK END\PROYECTO FINAL\ProyectoBackEnd (1)\ProyectoBackEnd\target\classes started by leofr in C:\Users\leofr\OneDrive\Escritorio\ESPECIALIZACION EN JAVA(CIBERTEC) Y OTRAS\JAVA BACK END\PROYECTO FINAL\ProyectoBackEnd (1)\ProyectoBackEnd)
2026-02-12 14:30:34.909 [restartedMain] DEBUG c.e.P.ProyectoBackEndApplication - Running with Spring Boot v3.5.10, Spring v6.2.15
2026-02-12 14:30:34.910 [restartedMain] INFO  c.e.P.ProyectoBackEndApplication - No active profile set, falling back to 1 default profile: "default"
2026-02-12 14:30:34.967 [restartedMain] INFO  o.s.b.d.e.DevToolsPropertyDefaultsPostProcessor - Devtools property defaults active! Set 'spring.devtools.add-properties' to 'false' to disable
2026-02-12 14:30:34.967 [restartedMain] INFO  o.s.b.d.e.DevToolsPropertyDefaultsPostProcessor - For additional web related logging consider setting the 'logging.level.web' property to 'DEBUG'
2026-02-12 14:30:35.703 [restartedMain] INFO  o.s.d.r.c.RepositoryConfigurationDelegate - Bootstrapping Spring Data JPA repositories in DEFAULT mode.
2026-02-12 14:30:35.768 [restartedMain] INFO  o.s.d.r.c.RepositoryConfigurationDelegate - Finished Spring Data repository scanning in 53 ms. Found 3 JPA repository interfaces.
2026-02-12 14:30:36.677 [restartedMain] INFO  o.s.b.w.e.tomcat.TomcatWebServer - Tomcat initialized with port 8080 (http)
2026-02-12 14:30:36.695 [restartedMain] INFO  o.a.coyote.http11.Http11NioProtocol - Initializing ProtocolHandler ["http-nio-8080"]
2026-02-12 14:30:36.698 [restartedMain] INFO  o.a.catalina.core.StandardService - Starting service [Tomcat]
2026-02-12 14:30:36.699 [restartedMain] INFO  o.a.catalina.core.StandardEngine - Starting Servlet engine: [Apache Tomcat/10.1.50]
2026-02-12 14:30:36.762 [restartedMain] INFO  o.a.c.c.C.[Tomcat].[localhost].[/] - Initializing Spring embedded WebApplicationContext
2026-02-12 14:30:36.763 [restartedMain] INFO  o.s.b.w.s.c.ServletWebServerApplicationContext - Root WebApplicationContext: initialization completed in 1795 ms
2026-02-12 14:30:37.042 [restartedMain] INFO  o.h.jpa.internal.util.LogHelper - HHH000204: Processing PersistenceUnitInfo [name: default]
2026-02-12 14:30:37.154 [restartedMain] INFO  org.hibernate.Version - HHH000412: Hibernate ORM core version 6.6.41.Final
2026-02-12 14:30:37.205 [restartedMain] INFO  o.h.c.i.RegionFactoryInitiator - HHH000026: Second-level cache disabled
2026-02-12 14:30:37.608 [restartedMain] INFO  o.s.o.j.p.SpringPersistenceUnitInfo - No LoadTimeWeaver setup: ignoring JPA class transformer
2026-02-12 14:30:37.654 [restartedMain] INFO  com.zaxxer.hikari.HikariDataSource - HikariPool-1 - Starting...
2026-02-12 14:30:37.857 [restartedMain] INFO  com.zaxxer.hikari.pool.HikariPool - HikariPool-1 - Added connection com.mysql.cj.jdbc.ConnectionImpl@6242bace
2026-02-12 14:30:37.859 [restartedMain] INFO  com.zaxxer.hikari.HikariDataSource - HikariPool-1 - Start completed.
2026-02-12 14:30:37.936 [restartedMain] WARN  org.hibernate.orm.deprecation - HHH90000025: MySQLDialect does not need to be specified explicitly using 'hibernate.dialect' (remove the property setting and it will be selected by default)
2026-02-12 14:30:37.979 [restartedMain] INFO  o.hibernate.orm.connections.pooling - HHH10001005: Database info:
	Database JDBC URL [Connecting through datasource 'HikariDataSource (HikariPool-1)']
	Database driver: undefined/unknown
	Database version: 8.0.32
	Autocommit mode: undefined/unknown
	Isolation level: undefined/unknown
	Minimum pool size: undefined/unknown
	Maximum pool size: undefined/unknown
2026-02-12 14:30:38.987 [restartedMain] INFO  o.h.e.t.j.p.i.JtaPlatformInitiator - HHH000489: No JTA platform available (set 'hibernate.transaction.jta.platform' to enable JTA platform integration)
2026-02-12 14:30:39.151 [restartedMain] INFO  o.s.o.j.LocalContainerEntityManagerFactoryBean - Initialized JPA EntityManagerFactory for persistence unit 'default'
2026-02-12 14:30:39.655 [restartedMain] INFO  o.s.d.j.r.query.QueryEnhancerFactory - Hibernate is in classpath; If applicable, HQL parser will be used.
2026-02-12 14:30:40.558 [restartedMain] WARN  o.s.b.a.o.j.JpaBaseConfiguration$JpaWebConfiguration - spring.jpa.open-in-view is enabled by default. Therefore, database queries may be performed during view rendering. Explicitly configure spring.jpa.open-in-view to disable this warning
2026-02-12 14:30:40.988 [restartedMain] DEBUG o.s.w.s.m.m.a.RequestMappingHandlerMapping - 15 mappings in 'requestMappingHandlerMapping'
2026-02-12 14:30:41.211 [restartedMain] DEBUG o.s.w.s.h.SimpleUrlHandlerMapping - Patterns [/webjars/**, /**] in 'resourceHandlerMapping'
2026-02-12 14:30:41.251 [restartedMain] DEBUG o.s.w.s.m.m.a.RequestMappingHandlerAdapter - ControllerAdvice beans: 0 @ModelAttribute, 0 @InitBinder, 1 RequestBodyAdvice, 1 ResponseBodyAdvice
2026-02-12 14:30:41.321 [restartedMain] WARN  o.s.b.a.t.ThymeleafAutoConfiguration$DefaultTemplateResolverConfiguration - Cannot find template location: classpath:/templates/ (please add some templates, check your Thymeleaf configuration, or set spring.thymeleaf.check-template-location=false)
2026-02-12 14:30:41.359 [restartedMain] DEBUG o.s.w.s.m.m.a.ExceptionHandlerExceptionResolver - ControllerAdvice beans: 1 @ExceptionHandler, 1 ResponseBodyAdvice
2026-02-12 14:30:41.406 [restartedMain] DEBUG o.s.w.s.m.m.a.ExceptionHandlerExceptionResolver - ControllerAdvice beans: 1 @ExceptionHandler, 0 ResponseBodyAdvice
2026-02-12 14:30:41.656 [restartedMain] INFO  o.s.b.d.a.OptionalLiveReloadServer - LiveReload server is running on port 35729
2026-02-12 14:30:41.672 [restartedMain] INFO  o.a.coyote.http11.Http11NioProtocol - Starting ProtocolHandler ["http-nio-8080"]
2026-02-12 14:30:41.707 [restartedMain] INFO  o.s.b.w.e.tomcat.TomcatWebServer - Tomcat started on port 8080 (http) with context path '/'
2026-02-12 14:30:41.716 [restartedMain] INFO  c.e.P.ProyectoBackEndApplication - Started ProyectoBackEndApplication in 7.21 seconds (process running for 7.796)
2026-02-12 14:37:30.258 [http-nio-8080-exec-1] INFO  o.a.c.c.C.[Tomcat].[localhost].[/] - Initializing Spring DispatcherServlet 'dispatcherServlet'
2026-02-12 14:37:30.259 [http-nio-8080-exec-1] INFO  o.s.web.servlet.DispatcherServlet - Initializing Servlet 'dispatcherServlet'
2026-02-12 14:37:30.259 [http-nio-8080-exec-1] DEBUG o.s.web.servlet.DispatcherServlet - Detected StandardServletMultipartResolver
2026-02-12 14:37:30.259 [http-nio-8080-exec-1] DEBUG o.s.web.servlet.DispatcherServlet - Detected AcceptHeaderLocaleResolver
2026-02-12 14:37:30.260 [http-nio-8080-exec-1] DEBUG o.s.web.servlet.DispatcherServlet - Detected FixedThemeResolver
2026-02-12 14:37:30.262 [http-nio-8080-exec-1] DEBUG o.s.web.servlet.DispatcherServlet - Detected org.springframework.web.servlet.view.DefaultRequestToViewNameTranslator@57457644
2026-02-12 14:37:30.263 [http-nio-8080-exec-1] DEBUG o.s.web.servlet.DispatcherServlet - Detected org.springframework.web.servlet.support.SessionFlashMapManager@d40748f
2026-02-12 14:37:30.263 [http-nio-8080-exec-1] DEBUG o.s.web.servlet.DispatcherServlet - enableLoggingRequestDetails='false': request parameters and headers will be masked to prevent unsafe logging of potentially sensitive data
2026-02-12 14:37:30.263 [http-nio-8080-exec-1] INFO  o.s.web.servlet.DispatcherServlet - Completed initialization in 4 ms
2026-02-12 14:37:30.274 [http-nio-8080-exec-1] DEBUG o.s.web.servlet.DispatcherServlet - OPTIONS "/api/auth-rest/loginAccion", parameters={}
2026-02-12 14:37:30.291 [http-nio-8080-exec-1] DEBUG o.s.w.s.m.m.a.RequestMappingHandlerMapping - Mapped to com.example.ProyectoBackEnd.controller.LoginController#loginAccion(UsuarioEntity, HttpSession)
2026-02-12 14:37:30.319 [http-nio-8080-exec-1] DEBUG o.s.web.servlet.DispatcherServlet - Completed 200 OK
2026-02-12 14:37:30.328 [http-nio-8080-exec-2] DEBUG o.s.web.servlet.DispatcherServlet - POST "/api/auth-rest/loginAccion", parameters={}
2026-02-12 14:37:30.328 [http-nio-8080-exec-2] DEBUG o.s.w.s.m.m.a.RequestMappingHandlerMapping - Mapped to com.example.ProyectoBackEnd.controller.LoginController#loginAccion(UsuarioEntity, HttpSession)
2026-02-12 14:37:30.423 [http-nio-8080-exec-2] DEBUG o.s.w.s.m.m.a.RequestResponseBodyMethodProcessor - Read "application/json;charset=UTF-8" to [UsuarioEntity(idUsuario=null, usuario=admin, contraseña=1234, fechaCreacion=null, estado=null, fecha (truncated)...]
2026-02-12 14:37:30.512 [http-nio-8080-exec-2] INFO  c.e.P.controller.LoginController - AUDITORIA: Intento de login para usuario: admin
2026-02-12 14:37:30.766 [http-nio-8080-exec-2] INFO  c.e.P.aspect.LogginAspect - Operación buscarPorNombre completada en 176 ms
2026-02-12 14:37:30.773 [http-nio-8080-exec-2] INFO  c.e.P.aspect.LogginAspect - Operación validarLogin completada en 2 ms
2026-02-12 14:37:30.773 [http-nio-8080-exec-2] INFO  c.e.P.controller.LoginController - Login exitoso. Derivando a principal.
2026-02-12 14:37:30.928 [http-nio-8080-exec-2] DEBUG o.s.w.s.m.m.a.RequestResponseBodyMethodProcessor - Using 'application/json', given [application/json, text/plain, */*] and supported [application/hal+json, application/vnd.hal+json, application/json, application/schema+json, application/json-patch+json, application/merge-patch+json, application/x-spring-data-verbose+json, application/x-spring-data-compact+json, application/prs.hal-forms+json, application/*+json]
2026-02-12 14:37:30.929 [http-nio-8080-exec-2] DEBUG o.s.w.s.m.m.a.RequestResponseBodyMethodProcessor - Writing [EntityModel { content: UsuarioEntity(idUsuario=1, usuario=admin, contraseña=1234, fechaCreacion=2026 (truncated)...]
2026-02-12 14:37:30.956 [http-nio-8080-exec-2] DEBUG o.s.web.servlet.DispatcherServlet - Completed 200 OK
2026-02-12 14:37:31.001 [http-nio-8080-exec-3] DEBUG o.s.web.servlet.DispatcherServlet - GET "/api/tareas?pagina=0&tama%C3%B1o=5", parameters={masked}
2026-02-12 14:37:31.002 [http-nio-8080-exec-3] DEBUG o.s.w.s.m.m.a.RequestMappingHandlerMapping - Mapped to com.example.ProyectoBackEnd.controller.TaskController#listarPaginado(int, int)
2026-02-12 14:37:31.073 [http-nio-8080-exec-3] INFO  c.e.P.aspect.LogginAspect - Operación listarPaginado completada en 60 ms
2026-02-12 14:37:31.098 [http-nio-8080-exec-3] DEBUG o.s.w.s.m.m.a.RequestResponseBodyMethodProcessor - Using 'application/json', given [application/json, text/plain, */*] and supported [application/hal+json, application/vnd.hal+json, application/json, application/schema+json, application/json-patch+json, application/merge-patch+json, application/x-spring-data-verbose+json, application/x-spring-data-compact+json, application/prs.hal-forms+json, application/*+json]
2026-02-12 14:37:31.098 [http-nio-8080-exec-3] DEBUG o.s.w.s.m.m.a.RequestResponseBodyMethodProcessor - Writing [CollectionModel { content: [EntityModel { content: TaskEntity(idTarea=30, titulo=Validacion de WEB Y (truncated)...]
2026-02-12 14:37:31.116 [http-nio-8080-exec-3] DEBUG o.s.web.servlet.DispatcherServlet - Completed 200 OK
2026-02-12 14:37:31.118 [http-nio-8080-exec-4] DEBUG o.s.web.servlet.DispatcherServlet - GET "/api/tareas?pagina=0&tama%C3%B1o=5", parameters={masked}
2026-02-12 14:37:31.119 [http-nio-8080-exec-4] DEBUG o.s.w.s.m.m.a.RequestMappingHandlerMapping - Mapped to com.example.ProyectoBackEnd.controller.TaskController#listarPaginado(int, int)
2026-02-12 14:37:31.141 [http-nio-8080-exec-4] INFO  c.e.P.aspect.LogginAspect - Operación listarPaginado completada en 14 ms
2026-02-12 14:37:31.151 [http-nio-8080-exec-4] DEBUG o.s.w.s.m.m.a.RequestResponseBodyMethodProcessor - Using 'application/json', given [application/json, text/plain, */*] and supported [application/hal+json, application/vnd.hal+json, application/json, application/schema+json, application/json-patch+json, application/merge-patch+json, application/x-spring-data-verbose+json, application/x-spring-data-compact+json, application/prs.hal-forms+json, application/*+json]
2026-02-12 14:37:31.152 [http-nio-8080-exec-4] DEBUG o.s.w.s.m.m.a.RequestResponseBodyMethodProcessor - Writing [CollectionModel { content: [EntityModel { content: TaskEntity(idTarea=30, titulo=Validacion de WEB Y (truncated)...]
2026-02-12 14:37:31.156 [http-nio-8080-exec-4] DEBUG o.s.web.servlet.DispatcherServlet - Completed 200 OK
2026-02-12 15:00:57.241 [http-nio-8080-exec-7] DEBUG o.s.web.servlet.DispatcherServlet - POST "/api/auth-rest/loginAccion", parameters={}
2026-02-12 15:00:57.243 [http-nio-8080-exec-7] DEBUG o.s.w.s.m.m.a.RequestMappingHandlerMapping - Mapped to com.example.ProyectoBackEnd.controller.LoginController#loginAccion(UsuarioEntity, HttpSession)
2026-02-12 15:00:57.243 [http-nio-8080-exec-7] DEBUG o.s.w.s.m.m.a.RequestResponseBodyMethodProcessor - Read "application/json;charset=UTF-8" to [UsuarioEntity(idUsuario=null, usuario=yaddif, contraseña=12345, fechaCreacion=null, estado=null, fec (truncated)...]
2026-02-12 15:00:57.243 [http-nio-8080-exec-7] INFO  c.e.P.controller.LoginController - AUDITORIA: Intento de login para usuario: yaddif
2026-02-12 15:00:57.285 [http-nio-8080-exec-7] INFO  c.e.P.aspect.LogginAspect - Operación buscarPorNombre completada en 29 ms
2026-02-12 15:00:57.293 [http-nio-8080-exec-7] INFO  c.e.P.aspect.LogginAspect - Operación validarLogin completada en 3 ms
2026-02-12 15:00:57.293 [http-nio-8080-exec-7] INFO  c.e.P.controller.LoginController - Login exitoso. Derivando a principal.
2026-02-12 15:00:57.324 [http-nio-8080-exec-7] DEBUG o.s.w.s.m.m.a.RequestResponseBodyMethodProcessor - Using 'application/json', given [application/json, text/plain, */*] and supported [application/hal+json, application/vnd.hal+json, application/json, application/schema+json, application/json-patch+json, application/merge-patch+json, application/x-spring-data-verbose+json, application/x-spring-data-compact+json, application/prs.hal-forms+json, application/*+json]
2026-02-12 15:00:57.326 [http-nio-8080-exec-7] DEBUG o.s.w.s.m.m.a.RequestResponseBodyMethodProcessor - Writing [EntityModel { content: UsuarioEntity(idUsuario=2, usuario=yaddif, contraseña=12345, fechaCreacion=20 (truncated)...]
2026-02-12 15:00:57.331 [http-nio-8080-exec-7] DEBUG o.s.web.servlet.DispatcherServlet - Completed 200 OK
2026-02-12 15:01:19.747 [http-nio-8080-exec-8] DEBUG o.s.web.servlet.DispatcherServlet - POST "/api/auth-rest/loginAccion", parameters={}
2026-02-12 15:01:19.748 [http-nio-8080-exec-8] DEBUG o.s.w.s.m.m.a.RequestMappingHandlerMapping - Mapped to com.example.ProyectoBackEnd.controller.LoginController#loginAccion(UsuarioEntity, HttpSession)
2026-02-12 15:01:19.749 [http-nio-8080-exec-8] DEBUG o.s.w.s.m.m.a.RequestResponseBodyMethodProcessor - Read "application/json;charset=UTF-8" to [UsuarioEntity(idUsuario=null, usuario=admin, contraseña=1234, fechaCreacion=null, estado=null, fecha (truncated)...]
2026-02-12 15:01:19.750 [http-nio-8080-exec-8] INFO  c.e.P.controller.LoginController - AUDITORIA: Intento de login para usuario: admin
2026-02-12 15:01:19.757 [http-nio-8080-exec-8] INFO  c.e.P.aspect.LogginAspect - Operación buscarPorNombre completada en 4 ms
2026-02-12 15:01:19.757 [http-nio-8080-exec-8] INFO  c.e.P.aspect.LogginAspect - Operación validarLogin completada en 0 ms
2026-02-12 15:01:19.757 [http-nio-8080-exec-8] INFO  c.e.P.controller.LoginController - Login exitoso. Derivando a principal.
2026-02-12 15:01:19.774 [http-nio-8080-exec-8] DEBUG o.s.w.s.m.m.a.RequestResponseBodyMethodProcessor - Using 'application/json', given [application/json, text/plain, */*] and supported [application/hal+json, application/vnd.hal+json, application/json, application/schema+json, application/json-patch+json, application/merge-patch+json, application/x-spring-data-verbose+json, application/x-spring-data-compact+json, application/prs.hal-forms+json, application/*+json]
2026-02-12 15:01:19.774 [http-nio-8080-exec-8] DEBUG o.s.w.s.m.m.a.RequestResponseBodyMethodProcessor - Writing [EntityModel { content: UsuarioEntity(idUsuario=1, usuario=admin, contraseña=1234, fechaCreacion=2026 (truncated)...]
2026-02-12 15:01:19.774 [http-nio-8080-exec-8] DEBUG o.s.web.servlet.DispatcherServlet - Completed 200 OK
2026-02-12 15:12:05.682 [http-nio-8080-exec-10] DEBUG o.s.web.servlet.DispatcherServlet - GET "/api/tareas?pagina=0&tama%C3%B1o=5", parameters={masked}
2026-02-12 15:12:05.682 [http-nio-8080-exec-10] DEBUG o.s.w.s.m.m.a.RequestMappingHandlerMapping - Mapped to com.example.ProyectoBackEnd.controller.TaskController#listarPaginado(int, int)
2026-02-12 15:12:05.715 [http-nio-8080-exec-10] INFO  c.e.P.aspect.LogginAspect - Operación listarPaginado completada en 24 ms
2026-02-12 15:12:05.724 [http-nio-8080-exec-10] DEBUG o.s.w.s.m.m.a.RequestResponseBodyMethodProcessor - Using 'application/json', given [application/json, text/plain, */*] and supported [application/hal+json, application/vnd.hal+json, application/json, application/schema+json, application/json-patch+json, application/merge-patch+json, application/x-spring-data-verbose+json, application/x-spring-data-compact+json, application/prs.hal-forms+json, application/*+json]
2026-02-12 15:12:05.725 [http-nio-8080-exec-10] DEBUG o.s.w.s.m.m.a.RequestResponseBodyMethodProcessor - Writing [CollectionModel { content: [EntityModel { content: TaskEntity(idTarea=30, titulo=Validacion de WEB Y (truncated)...]
2026-02-12 15:12:05.734 [http-nio-8080-exec-10] DEBUG o.s.web.servlet.DispatcherServlet - Completed 200 OK
2026-02-12 15:12:05.734 [http-nio-8080-exec-1] DEBUG o.s.web.servlet.DispatcherServlet - GET "/api/tareas?pagina=0&tama%C3%B1o=5", parameters={masked}
2026-02-12 15:12:05.734 [http-nio-8080-exec-1] DEBUG o.s.w.s.m.m.a.RequestMappingHandlerMapping - Mapped to com.example.ProyectoBackEnd.controller.TaskController#listarPaginado(int, int)
2026-02-12 15:12:05.760 [http-nio-8080-exec-1] INFO  c.e.P.aspect.LogginAspect - Operación listarPaginado completada en 21 ms
2026-02-12 15:12:05.768 [http-nio-8080-exec-1] DEBUG o.s.w.s.m.m.a.RequestResponseBodyMethodProcessor - Using 'application/json', given [application/json, text/plain, */*] and supported [application/hal+json, application/vnd.hal+json, application/json, application/schema+json, application/json-patch+json, application/merge-patch+json, application/x-spring-data-verbose+json, application/x-spring-data-compact+json, application/prs.hal-forms+json, application/*+json]
2026-02-12 15:12:05.768 [http-nio-8080-exec-1] DEBUG o.s.w.s.m.m.a.RequestResponseBodyMethodProcessor - Writing [CollectionModel { content: [EntityModel { content: TaskEntity(idTarea=30, titulo=Validacion de WEB Y (truncated)...]
2026-02-12 15:12:05.774 [http-nio-8080-exec-1] DEBUG o.s.web.servlet.DispatcherServlet - Completed 200 OK
2026-02-12 15:13:51.068 [http-nio-8080-exec-3] DEBUG o.s.web.servlet.DispatcherServlet - GET "/api/tareas?pagina=0&tama%C3%B1o=5", parameters={masked}
2026-02-12 15:13:51.068 [http-nio-8080-exec-3] DEBUG o.s.w.s.m.m.a.RequestMappingHandlerMapping - Mapped to com.example.ProyectoBackEnd.controller.TaskController#listarPaginado(int, int)
2026-02-12 15:13:51.101 [http-nio-8080-exec-3] INFO  c.e.P.aspect.LogginAspect - Operación listarPaginado completada en 17 ms
2026-02-12 15:13:51.110 [http-nio-8080-exec-3] DEBUG o.s.w.s.m.m.a.RequestResponseBodyMethodProcessor - Using 'application/json', given [application/json, text/plain, */*] and supported [application/hal+json, application/vnd.hal+json, application/json, application/schema+json, application/json-patch+json, application/merge-patch+json, application/x-spring-data-verbose+json, application/x-spring-data-compact+json, application/prs.hal-forms+json, application/*+json]
2026-02-12 15:13:51.110 [http-nio-8080-exec-3] DEBUG o.s.w.s.m.m.a.RequestResponseBodyMethodProcessor - Writing [CollectionModel { content: [EntityModel { content: TaskEntity(idTarea=30, titulo=Validacion de WEB Y (truncated)...]
2026-02-12 15:13:51.115 [http-nio-8080-exec-3] DEBUG o.s.web.servlet.DispatcherServlet - Completed 200 OK
2026-02-12 15:13:51.117 [http-nio-8080-exec-4] DEBUG o.s.web.servlet.DispatcherServlet - GET "/api/tareas?pagina=0&tama%C3%B1o=5", parameters={masked}
2026-02-12 15:13:51.118 [http-nio-8080-exec-4] DEBUG o.s.w.s.m.m.a.RequestMappingHandlerMapping - Mapped to com.example.ProyectoBackEnd.controller.TaskController#listarPaginado(int, int)
2026-02-12 15:13:51.136 [http-nio-8080-exec-4] INFO  c.e.P.aspect.LogginAspect - Operación listarPaginado completada en 12 ms
2026-02-12 15:13:51.144 [http-nio-8080-exec-4] DEBUG o.s.w.s.m.m.a.RequestResponseBodyMethodProcessor - Using 'application/json', given [application/json, text/plain, */*] and supported [application/hal+json, application/vnd.hal+json, application/json, application/schema+json, application/json-patch+json, application/merge-patch+json, application/x-spring-data-verbose+json, application/x-spring-data-compact+json, application/prs.hal-forms+json, application/*+json]
2026-02-12 15:13:51.144 [http-nio-8080-exec-4] DEBUG o.s.w.s.m.m.a.RequestResponseBodyMethodProcessor - Writing [CollectionModel { content: [EntityModel { content: TaskEntity(idTarea=30, titulo=Validacion de WEB Y (truncated)...]
2026-02-12 15:13:51.149 [http-nio-8080-exec-4] DEBUG o.s.web.servlet.DispatcherServlet - Completed 200 OK
2026-02-12 15:13:58.069 [http-nio-8080-exec-5] DEBUG o.s.web.servlet.DispatcherServlet - GET "/api/tareas?pagina=0&tama%C3%B1o=5", parameters={masked}
2026-02-12 15:13:58.069 [http-nio-8080-exec-5] DEBUG o.s.w.s.m.m.a.RequestMappingHandlerMapping - Mapped to com.example.ProyectoBackEnd.controller.TaskController#listarPaginado(int, int)
2026-02-12 15:13:58.084 [http-nio-8080-exec-5] INFO  c.e.P.aspect.LogginAspect - Operación listarPaginado completada en 12 ms
2026-02-12 15:13:58.094 [http-nio-8080-exec-5] DEBUG o.s.w.s.m.m.a.RequestResponseBodyMethodProcessor - Using 'application/json', given [application/json, text/plain, */*] and supported [application/hal+json, application/vnd.hal+json, application/json, application/schema+json, application/json-patch+json, application/merge-patch+json, application/x-spring-data-verbose+json, application/x-spring-data-compact+json, application/prs.hal-forms+json, application/*+json]
2026-02-12 15:13:58.094 [http-nio-8080-exec-5] DEBUG o.s.w.s.m.m.a.RequestResponseBodyMethodProcessor - Writing [CollectionModel { content: [EntityModel { content: TaskEntity(idTarea=30, titulo=Validacion de WEB Y (truncated)...]
2026-02-12 15:13:58.101 [http-nio-8080-exec-5] DEBUG o.s.web.servlet.DispatcherServlet - Completed 200 OK
2026-02-12 15:14:09.875 [http-nio-8080-exec-6] DEBUG o.s.web.servlet.DispatcherServlet - GET "/api/tareas?pagina=0&tama%C3%B1o=5", parameters={masked}
2026-02-12 15:14:09.875 [http-nio-8080-exec-6] DEBUG o.s.w.s.m.m.a.RequestMappingHandlerMapping - Mapped to com.example.ProyectoBackEnd.controller.TaskController#listarPaginado(int, int)
2026-02-12 15:14:09.899 [http-nio-8080-exec-6] INFO  c.e.P.aspect.LogginAspect - Operación listarPaginado completada en 8 ms
2026-02-12 15:14:09.906 [http-nio-8080-exec-6] DEBUG o.s.w.s.m.m.a.RequestResponseBodyMethodProcessor - Using 'application/json', given [application/json, text/plain, */*] and supported [application/hal+json, application/vnd.hal+json, application/json, application/schema+json, application/json-patch+json, application/merge-patch+json, application/x-spring-data-verbose+json, application/x-spring-data-compact+json, application/prs.hal-forms+json, application/*+json]
2026-02-12 15:14:09.907 [http-nio-8080-exec-6] DEBUG o.s.w.s.m.m.a.RequestResponseBodyMethodProcessor - Writing [CollectionModel { content: [EntityModel { content: TaskEntity(idTarea=30, titulo=Validacion de WEB Y (truncated)...]
2026-02-12 15:14:09.910 [http-nio-8080-exec-6] DEBUG o.s.web.servlet.DispatcherServlet - Completed 200 OK
2026-02-12 15:14:09.912 [http-nio-8080-exec-7] DEBUG o.s.web.servlet.DispatcherServlet - GET "/api/tareas?pagina=0&tama%C3%B1o=5", parameters={masked}
2026-02-12 15:14:09.912 [http-nio-8080-exec-7] DEBUG o.s.w.s.m.m.a.RequestMappingHandlerMapping - Mapped to com.example.ProyectoBackEnd.controller.TaskController#listarPaginado(int, int)
2026-02-12 15:14:09.929 [http-nio-8080-exec-7] INFO  c.e.P.aspect.LogginAspect - Operación listarPaginado completada en 11 ms
2026-02-12 15:14:09.935 [http-nio-8080-exec-7] DEBUG o.s.w.s.m.m.a.RequestResponseBodyMethodProcessor - Using 'application/json', given [application/json, text/plain, */*] and supported [application/hal+json, application/vnd.hal+json, application/json, application/schema+json, application/json-patch+json, application/merge-patch+json, application/x-spring-data-verbose+json, application/x-spring-data-compact+json, application/prs.hal-forms+json, application/*+json]
2026-02-12 15:14:09.936 [http-nio-8080-exec-7] DEBUG o.s.w.s.m.m.a.RequestResponseBodyMethodProcessor - Writing [CollectionModel { content: [EntityModel { content: TaskEntity(idTarea=30, titulo=Validacion de WEB Y (truncated)...]
2026-02-12 15:14:09.938 [http-nio-8080-exec-7] DEBUG o.s.web.servlet.DispatcherServlet - Completed 200 OK
2026-02-12 15:14:13.931 [http-nio-8080-exec-8] DEBUG o.s.web.servlet.DispatcherServlet - OPTIONS "/api/tasks/guardar", parameters={}
2026-02-12 15:14:13.948 [http-nio-8080-exec-8] DEBUG o.s.w.s.h.SimpleUrlHandlerMapping - Mapped to ResourceHttpRequestHandler [classpath [META-INF/resources/], classpath [resources/], classpath [static/], classpath [public/], ServletContext [/]]
2026-02-12 15:14:13.949 [http-nio-8080-exec-8] DEBUG o.s.web.servlet.DispatcherServlet - Completed 403 FORBIDDEN
2026-02-12 15:15:57.072 [http-nio-8080-exec-1] DEBUG o.s.web.servlet.DispatcherServlet - GET "/api/tasks/listar", parameters={}
2026-02-12 15:15:57.077 [http-nio-8080-exec-1] DEBUG o.s.w.s.h.SimpleUrlHandlerMapping - Mapped to ResourceHttpRequestHandler [classpath [META-INF/resources/], classpath [resources/], classpath [static/], classpath [public/], ServletContext [/]]
2026-02-12 15:15:57.077 [http-nio-8080-exec-1] DEBUG o.s.w.s.r.ResourceHttpRequestHandler - Resource not found
2026-02-12 15:15:57.087 [http-nio-8080-exec-1] DEBUG o.s.w.s.m.s.DefaultHandlerExceptionResolver - Resolved [org.springframework.web.servlet.resource.NoResourceFoundException: No static resource api/tasks/listar.]
2026-02-12 15:15:57.088 [http-nio-8080-exec-1] DEBUG o.s.web.servlet.DispatcherServlet - Completed 404 NOT_FOUND
2026-02-12 15:15:57.096 [http-nio-8080-exec-1] DEBUG o.s.web.servlet.DispatcherServlet - "ERROR" dispatch for GET "/error", parameters={}
2026-02-12 15:15:57.098 [http-nio-8080-exec-1] DEBUG o.s.w.s.m.m.a.RequestMappingHandlerMapping - Mapped to org.springframework.boot.autoconfigure.web.servlet.error.BasicErrorController#error(HttpServletRequest)
2026-02-12 15:15:57.106 [http-nio-8080-exec-1] DEBUG o.s.w.s.m.m.a.HttpEntityMethodProcessor - Using 'application/json', given [application/json, text/plain, */*] and supported [application/json, application/*+json]
2026-02-12 15:15:57.107 [http-nio-8080-exec-1] DEBUG o.s.w.s.m.m.a.HttpEntityMethodProcessor - Writing [{timestamp=Thu Feb 12 15:15:57 CET 2026, status=404, error=Not Found, trace=org.springframework.web. (truncated)...]
2026-02-12 15:15:57.115 [http-nio-8080-exec-1] DEBUG o.s.web.servlet.DispatcherServlet - Exiting from "ERROR" dispatch, status 404
2026-02-12 15:16:11.080 [http-nio-8080-exec-2] DEBUG o.s.web.servlet.DispatcherServlet - GET "/api/tasks/listar", parameters={}
2026-02-12 15:16:11.082 [http-nio-8080-exec-2] DEBUG o.s.w.s.h.SimpleUrlHandlerMapping - Mapped to ResourceHttpRequestHandler [classpath [META-INF/resources/], classpath [resources/], classpath [static/], classpath [public/], ServletContext [/]]
2026-02-12 15:16:11.089 [http-nio-8080-exec-2] DEBUG o.s.w.s.r.ResourceHttpRequestHandler - Resource not found
2026-02-12 15:16:11.090 [http-nio-8080-exec-2] DEBUG o.s.w.s.m.s.DefaultHandlerExceptionResolver - Resolved [org.springframework.web.servlet.resource.NoResourceFoundException: No static resource api/tasks/listar.]
2026-02-12 15:16:11.090 [http-nio-8080-exec-2] DEBUG o.s.web.servlet.DispatcherServlet - Completed 404 NOT_FOUND
2026-02-12 15:16:11.091 [http-nio-8080-exec-2] DEBUG o.s.web.servlet.DispatcherServlet - "ERROR" dispatch for GET "/error", parameters={}
2026-02-12 15:16:11.091 [http-nio-8080-exec-2] DEBUG o.s.w.s.m.m.a.RequestMappingHandlerMapping - Mapped to org.springframework.boot.autoconfigure.web.servlet.error.BasicErrorController#error(HttpServletRequest)
2026-02-12 15:16:11.092 [http-nio-8080-exec-2] DEBUG o.s.w.s.m.m.a.HttpEntityMethodProcessor - Using 'application/json', given [application/json, text/plain, */*] and supported [application/json, application/*+json]
2026-02-12 15:16:11.092 [http-nio-8080-exec-2] DEBUG o.s.w.s.m.m.a.HttpEntityMethodProcessor - Writing [{timestamp=Thu Feb 12 15:16:11 CET 2026, status=404, error=Not Found, trace=org.springframework.web. (truncated)...]
2026-02-12 15:16:11.093 [http-nio-8080-exec-2] DEBUG o.s.web.servlet.DispatcherServlet - Exiting from "ERROR" dispatch, status 404
2026-02-12 15:18:05.076 [http-nio-8080-exec-4] DEBUG o.s.web.servlet.DispatcherServlet - GET "/api/api/tareas/usuario/null", parameters={}
2026-02-12 15:18:05.078 [http-nio-8080-exec-4] DEBUG o.s.w.s.h.SimpleUrlHandlerMapping - Mapped to ResourceHttpRequestHandler [classpath [META-INF/resources/], classpath [resources/], classpath [static/], classpath [public/], ServletContext [/]]
2026-02-12 15:18:05.080 [http-nio-8080-exec-4] DEBUG o.s.w.s.r.ResourceHttpRequestHandler - Resource not found
2026-02-12 15:18:05.081 [http-nio-8080-exec-4] DEBUG o.s.w.s.m.s.DefaultHandlerExceptionResolver - Resolved [org.springframework.web.servlet.resource.NoResourceFoundException: No static resource api/api/tareas/usuario/null.]
2026-02-12 15:18:05.081 [http-nio-8080-exec-4] DEBUG o.s.web.servlet.DispatcherServlet - Completed 404 NOT_FOUND
2026-02-12 15:18:05.081 [http-nio-8080-exec-4] DEBUG o.s.web.servlet.DispatcherServlet - "ERROR" dispatch for GET "/error", parameters={}
2026-02-12 15:18:05.082 [http-nio-8080-exec-4] DEBUG o.s.w.s.m.m.a.RequestMappingHandlerMapping - Mapped to org.springframework.boot.autoconfigure.web.servlet.error.BasicErrorController#error(HttpServletRequest)
2026-02-12 15:18:05.083 [http-nio-8080-exec-4] DEBUG o.s.w.s.m.m.a.HttpEntityMethodProcessor - Using 'application/json', given [application/json, text/plain, */*] and supported [application/json, application/*+json]
2026-02-12 15:18:05.083 [http-nio-8080-exec-4] DEBUG o.s.w.s.m.m.a.HttpEntityMethodProcessor - Writing [{timestamp=Thu Feb 12 15:18:05 CET 2026, status=404, error=Not Found, trace=org.springframework.web. (truncated)...]
2026-02-12 15:18:05.084 [http-nio-8080-exec-4] DEBUG o.s.web.servlet.DispatcherServlet - Exiting from "ERROR" dispatch, status 404
2026-02-12 15:18:26.084 [http-nio-8080-exec-5] DEBUG o.s.web.servlet.DispatcherServlet - GET "/api/api/tareas/usuario/null", parameters={}
2026-02-12 15:18:26.087 [http-nio-8080-exec-5] DEBUG o.s.w.s.h.SimpleUrlHandlerMapping - Mapped to ResourceHttpRequestHandler [classpath [META-INF/resources/], classpath [resources/], classpath [static/], classpath [public/], ServletContext [/]]
2026-02-12 15:18:26.087 [http-nio-8080-exec-5] DEBUG o.s.w.s.r.ResourceHttpRequestHandler - Resource not found
2026-02-12 15:18:26.087 [http-nio-8080-exec-5] DEBUG o.s.w.s.m.s.DefaultHandlerExceptionResolver - Resolved [org.springframework.web.servlet.resource.NoResourceFoundException: No static resource api/api/tareas/usuario/null.]
2026-02-12 15:18:26.087 [http-nio-8080-exec-5] DEBUG o.s.web.servlet.DispatcherServlet - Completed 404 NOT_FOUND
2026-02-12 15:18:26.087 [http-nio-8080-exec-5] DEBUG o.s.web.servlet.DispatcherServlet - "ERROR" dispatch for GET "/error", parameters={}
2026-02-12 15:18:26.087 [http-nio-8080-exec-5] DEBUG o.s.w.s.m.m.a.RequestMappingHandlerMapping - Mapped to org.springframework.boot.autoconfigure.web.servlet.error.BasicErrorController#error(HttpServletRequest)
2026-02-12 15:18:26.087 [http-nio-8080-exec-5] DEBUG o.s.w.s.m.m.a.HttpEntityMethodProcessor - Using 'application/json', given [application/json, text/plain, */*] and supported [application/json, application/*+json]
2026-02-12 15:18:26.087 [http-nio-8080-exec-5] DEBUG o.s.w.s.m.m.a.HttpEntityMethodProcessor - Writing [{timestamp=Thu Feb 12 15:18:26 CET 2026, status=404, error=Not Found, trace=org.springframework.web. (truncated)...]
2026-02-12 15:18:26.087 [http-nio-8080-exec-5] DEBUG o.s.web.servlet.DispatcherServlet - Exiting from "ERROR" dispatch, status 404
2026-02-12 15:18:41.073 [http-nio-8080-exec-6] DEBUG o.s.web.servlet.DispatcherServlet - GET "/api/api/tareas/usuario/null", parameters={}
2026-02-12 15:18:41.075 [http-nio-8080-exec-6] DEBUG o.s.w.s.h.SimpleUrlHandlerMapping - Mapped to ResourceHttpRequestHandler [classpath [META-INF/resources/], classpath [resources/], classpath [static/], classpath [public/], ServletContext [/]]
2026-02-12 15:18:41.077 [http-nio-8080-exec-6] DEBUG o.s.w.s.r.ResourceHttpRequestHandler - Resource not found
2026-02-12 15:18:41.078 [http-nio-8080-exec-6] DEBUG o.s.w.s.m.s.DefaultHandlerExceptionResolver - Resolved [org.springframework.web.servlet.resource.NoResourceFoundException: No static resource api/api/tareas/usuario/null.]
2026-02-12 15:18:41.078 [http-nio-8080-exec-6] DEBUG o.s.web.servlet.DispatcherServlet - Completed 404 NOT_FOUND
2026-02-12 15:18:41.078 [http-nio-8080-exec-6] DEBUG o.s.web.servlet.DispatcherServlet - "ERROR" dispatch for GET "/error", parameters={}
2026-02-12 15:18:41.079 [http-nio-8080-exec-6] DEBUG o.s.w.s.m.m.a.RequestMappingHandlerMapping - Mapped to org.springframework.boot.autoconfigure.web.servlet.error.BasicErrorController#error(HttpServletRequest)
2026-02-12 15:18:41.080 [http-nio-8080-exec-6] DEBUG o.s.w.s.m.m.a.HttpEntityMethodProcessor - Using 'application/json', given [application/json, text/plain, */*] and supported [application/json, application/*+json]
2026-02-12 15:18:41.080 [http-nio-8080-exec-6] DEBUG o.s.w.s.m.m.a.HttpEntityMethodProcessor - Writing [{timestamp=Thu Feb 12 15:18:41 CET 2026, status=404, error=Not Found, trace=org.springframework.web. (truncated)...]
2026-02-12 15:18:41.081 [http-nio-8080-exec-6] DEBUG o.s.web.servlet.DispatcherServlet - Exiting from "ERROR" dispatch, status 404
2026-02-12 15:23:00.067 [http-nio-8080-exec-8] DEBUG o.s.web.servlet.DispatcherServlet - GET "/api/api/tareas/usuario/null", parameters={}
2026-02-12 15:23:00.069 [http-nio-8080-exec-8] DEBUG o.s.w.s.h.SimpleUrlHandlerMapping - Mapped to ResourceHttpRequestHandler [classpath [META-INF/resources/], classpath [resources/], classpath [static/], classpath [public/], ServletContext [/]]
2026-02-12 15:23:00.071 [http-nio-8080-exec-8] DEBUG o.s.w.s.r.ResourceHttpRequestHandler - Resource not found
2026-02-12 15:23:00.072 [http-nio-8080-exec-8] DEBUG o.s.w.s.m.s.DefaultHandlerExceptionResolver - Resolved [org.springframework.web.servlet.resource.NoResourceFoundException: No static resource api/api/tareas/usuario/null.]
2026-02-12 15:23:00.072 [http-nio-8080-exec-8] DEBUG o.s.web.servlet.DispatcherServlet - Completed 404 NOT_FOUND
2026-02-12 15:23:00.072 [http-nio-8080-exec-8] DEBUG o.s.web.servlet.DispatcherServlet - "ERROR" dispatch for GET "/error", parameters={}
2026-02-12 15:23:00.072 [http-nio-8080-exec-8] DEBUG o.s.w.s.m.m.a.RequestMappingHandlerMapping - Mapped to org.springframework.boot.autoconfigure.web.servlet.error.BasicErrorController#error(HttpServletRequest)
2026-02-12 15:23:00.074 [http-nio-8080-exec-8] DEBUG o.s.w.s.m.m.a.HttpEntityMethodProcessor - Using 'application/json', given [application/json, text/plain, */*] and supported [application/json, application/*+json]
2026-02-12 15:23:00.075 [http-nio-8080-exec-8] DEBUG o.s.w.s.m.m.a.HttpEntityMethodProcessor - Writing [{timestamp=Thu Feb 12 15:23:00 CET 2026, status=404, error=Not Found, trace=org.springframework.web. (truncated)...]
2026-02-12 15:23:00.076 [http-nio-8080-exec-8] DEBUG o.s.web.servlet.DispatcherServlet - Exiting from "ERROR" dispatch, status 404
2026-02-12 15:23:05.674 [http-nio-8080-exec-9] DEBUG o.s.web.servlet.DispatcherServlet - GET "/api/api/tareas/usuario/null", parameters={}
2026-02-12 15:23:05.676 [http-nio-8080-exec-9] DEBUG o.s.w.s.h.SimpleUrlHandlerMapping - Mapped to ResourceHttpRequestHandler [classpath [META-INF/resources/], classpath [resources/], classpath [static/], classpath [public/], ServletContext [/]]
2026-02-12 15:23:05.678 [http-nio-8080-exec-9] DEBUG o.s.w.s.r.ResourceHttpRequestHandler - Resource not found
2026-02-12 15:23:05.679 [http-nio-8080-exec-9] DEBUG o.s.w.s.m.s.DefaultHandlerExceptionResolver - Resolved [org.springframework.web.servlet.resource.NoResourceFoundException: No static resource api/api/tareas/usuario/null.]
2026-02-12 15:23:05.679 [http-nio-8080-exec-9] DEBUG o.s.web.servlet.DispatcherServlet - Completed 404 NOT_FOUND
2026-02-12 15:23:05.679 [http-nio-8080-exec-9] DEBUG o.s.web.servlet.DispatcherServlet - "ERROR" dispatch for GET "/error", parameters={}
2026-02-12 15:23:05.679 [http-nio-8080-exec-9] DEBUG o.s.w.s.m.m.a.RequestMappingHandlerMapping - Mapped to org.springframework.boot.autoconfigure.web.servlet.error.BasicErrorController#error(HttpServletRequest)
2026-02-12 15:23:05.679 [http-nio-8080-exec-9] DEBUG o.s.w.s.m.m.a.HttpEntityMethodProcessor - Using 'application/json', given [application/json, text/plain, */*] and supported [application/json, application/*+json]
2026-02-12 15:23:05.679 [http-nio-8080-exec-9] DEBUG o.s.w.s.m.m.a.HttpEntityMethodProcessor - Writing [{timestamp=Thu Feb 12 15:23:05 CET 2026, status=404, error=Not Found, trace=org.springframework.web. (truncated)...]
2026-02-12 15:23:05.683 [http-nio-8080-exec-9] DEBUG o.s.web.servlet.DispatcherServlet - Exiting from "ERROR" dispatch, status 404
2026-02-12 15:23:08.498 [http-nio-8080-exec-10] DEBUG o.s.web.servlet.DispatcherServlet - GET "/api/api/tareas/usuario/null", parameters={}
2026-02-12 15:23:08.498 [http-nio-8080-exec-10] DEBUG o.s.w.s.h.SimpleUrlHandlerMapping - Mapped to ResourceHttpRequestHandler [classpath [META-INF/resources/], classpath [resources/], classpath [static/], classpath [public/], ServletContext [/]]
2026-02-12 15:23:08.498 [http-nio-8080-exec-10] DEBUG o.s.w.s.r.ResourceHttpRequestHandler - Resource not found
2026-02-12 15:23:08.498 [http-nio-8080-exec-10] DEBUG o.s.w.s.m.s.DefaultHandlerExceptionResolver - Resolved [org.springframework.web.servlet.resource.NoResourceFoundException: No static resource api/api/tareas/usuario/null.]
2026-02-12 15:23:08.498 [http-nio-8080-exec-10] DEBUG o.s.web.servlet.DispatcherServlet - Completed 404 NOT_FOUND
2026-02-12 15:23:08.498 [http-nio-8080-exec-10] DEBUG o.s.web.servlet.DispatcherServlet - "ERROR" dispatch for GET "/error", parameters={}
2026-02-12 15:23:08.498 [http-nio-8080-exec-10] DEBUG o.s.w.s.m.m.a.RequestMappingHandlerMapping - Mapped to org.springframework.boot.autoconfigure.web.servlet.error.BasicErrorController#error(HttpServletRequest)
2026-02-12 15:23:08.504 [http-nio-8080-exec-10] DEBUG o.s.w.s.m.m.a.HttpEntityMethodProcessor - Using 'application/json', given [application/json, text/plain, */*] and supported [application/json, application/*+json]
2026-02-12 15:23:08.504 [http-nio-8080-exec-10] DEBUG o.s.w.s.m.m.a.HttpEntityMethodProcessor - Writing [{timestamp=Thu Feb 12 15:23:08 CET 2026, status=404, error=Not Found, trace=org.springframework.web. (truncated)...]
2026-02-12 15:23:08.505 [http-nio-8080-exec-10] DEBUG o.s.web.servlet.DispatcherServlet - Exiting from "ERROR" dispatch, status 404
2026-02-12 15:23:08.506 [http-nio-8080-exec-1] DEBUG o.s.web.servlet.DispatcherServlet - GET "/api/api/tareas/usuario/null", parameters={}
2026-02-12 15:23:08.509 [http-nio-8080-exec-1] DEBUG o.s.w.s.h.SimpleUrlHandlerMapping - Mapped to ResourceHttpRequestHandler [classpath [META-INF/resources/], classpath [resources/], classpath [static/], classpath [public/], ServletContext [/]]
2026-02-12 15:23:08.510 [http-nio-8080-exec-1] DEBUG o.s.w.s.r.ResourceHttpRequestHandler - Resource not found
2026-02-12 15:23:08.511 [http-nio-8080-exec-1] DEBUG o.s.w.s.m.s.DefaultHandlerExceptionResolver - Resolved [org.springframework.web.servlet.resource.NoResourceFoundException: No static resource api/api/tareas/usuario/null.]
2026-02-12 15:23:08.511 [http-nio-8080-exec-1] DEBUG o.s.web.servlet.DispatcherServlet - Completed 404 NOT_FOUND
2026-02-12 15:23:08.512 [http-nio-8080-exec-1] DEBUG o.s.web.servlet.DispatcherServlet - "ERROR" dispatch for GET "/error", parameters={}
2026-02-12 15:23:08.512 [http-nio-8080-exec-1] DEBUG o.s.w.s.m.m.a.RequestMappingHandlerMapping - Mapped to org.springframework.boot.autoconfigure.web.servlet.error.BasicErrorController#error(HttpServletRequest)
2026-02-12 15:23:08.513 [http-nio-8080-exec-1] DEBUG o.s.w.s.m.m.a.HttpEntityMethodProcessor - Using 'application/json', given [application/json, text/plain, */*] and supported [application/json, application/*+json]
2026-02-12 15:23:08.514 [http-nio-8080-exec-1] DEBUG o.s.w.s.m.m.a.HttpEntityMethodProcessor - Writing [{timestamp=Thu Feb 12 15:23:08 CET 2026, status=404, error=Not Found, trace=org.springframework.web. (truncated)...]
2026-02-12 15:23:08.515 [http-nio-8080-exec-1] DEBUG o.s.web.servlet.DispatcherServlet - Exiting from "ERROR" dispatch, status 404
2026-02-12 15:23:14.875 [http-nio-8080-exec-2] DEBUG o.s.web.servlet.DispatcherServlet - OPTIONS "/api/auth-rest/loginAccion", parameters={}
2026-02-12 15:23:14.876 [http-nio-8080-exec-2] DEBUG o.s.w.s.m.m.a.RequestMappingHandlerMapping - Mapped to com.example.ProyectoBackEnd.controller.LoginController#loginAccion(UsuarioEntity, HttpSession)
2026-02-12 15:23:14.876 [http-nio-8080-exec-2] DEBUG o.s.web.servlet.DispatcherServlet - Completed 200 OK
2026-02-12 15:23:14.879 [http-nio-8080-exec-3] DEBUG o.s.web.servlet.DispatcherServlet - POST "/api/auth-rest/loginAccion", parameters={}
2026-02-12 15:23:14.879 [http-nio-8080-exec-3] DEBUG o.s.w.s.m.m.a.RequestMappingHandlerMapping - Mapped to com.example.ProyectoBackEnd.controller.LoginController#loginAccion(UsuarioEntity, HttpSession)
2026-02-12 15:23:14.881 [http-nio-8080-exec-3] DEBUG o.s.w.s.m.m.a.RequestResponseBodyMethodProcessor - Read "application/json;charset=UTF-8" to [UsuarioEntity(idUsuario=null, usuario=admin, contraseña=1234, fechaCreacion=null, estado=null, fecha (truncated)...]
2026-02-12 15:23:14.881 [http-nio-8080-exec-3] INFO  c.e.P.controller.LoginController - AUDITORIA: Intento de login para usuario: admin
2026-02-12 15:23:14.894 [http-nio-8080-exec-3] INFO  c.e.P.aspect.LogginAspect - Operación buscarPorNombre completada en 6 ms
2026-02-12 15:23:14.900 [http-nio-8080-exec-3] INFO  c.e.P.aspect.LogginAspect - Operación validarLogin completada en 1 ms
2026-02-12 15:23:14.900 [http-nio-8080-exec-3] INFO  c.e.P.controller.LoginController - Login exitoso. Derivando a principal.
2026-02-12 15:23:14.904 [http-nio-8080-exec-3] DEBUG o.s.w.s.m.m.a.RequestResponseBodyMethodProcessor - Using 'application/json', given [application/json, text/plain, */*] and supported [application/hal+json, application/vnd.hal+json, application/json, application/schema+json, application/json-patch+json, application/merge-patch+json, application/x-spring-data-verbose+json, application/x-spring-data-compact+json, application/prs.hal-forms+json, application/*+json]
2026-02-12 15:23:14.904 [http-nio-8080-exec-3] DEBUG o.s.w.s.m.m.a.RequestResponseBodyMethodProcessor - Writing [EntityModel { content: UsuarioEntity(idUsuario=1, usuario=admin, contraseña=1234, fechaCreacion=2026 (truncated)...]
2026-02-12 15:23:14.904 [http-nio-8080-exec-3] DEBUG o.s.web.servlet.DispatcherServlet - Completed 200 OK
2026-02-12 15:23:18.629 [http-nio-8080-exec-4] DEBUG o.s.web.servlet.DispatcherServlet - GET "/api/api/tareas/usuario/undefined", parameters={}
2026-02-12 15:23:18.629 [http-nio-8080-exec-4] DEBUG o.s.w.s.h.SimpleUrlHandlerMapping - Mapped to ResourceHttpRequestHandler [classpath [META-INF/resources/], classpath [resources/], classpath [static/], classpath [public/], ServletContext [/]]
2026-02-12 15:23:18.633 [http-nio-8080-exec-4] DEBUG o.s.w.s.r.ResourceHttpRequestHandler - Resource not found
2026-02-12 15:23:18.633 [http-nio-8080-exec-4] DEBUG o.s.w.s.m.s.DefaultHandlerExceptionResolver - Resolved [org.springframework.web.servlet.resource.NoResourceFoundException: No static resource api/api/tareas/usuario/undefined.]
2026-02-12 15:23:18.634 [http-nio-8080-exec-4] DEBUG o.s.web.servlet.DispatcherServlet - Completed 404 NOT_FOUND
2026-02-12 15:23:18.634 [http-nio-8080-exec-4] DEBUG o.s.web.servlet.DispatcherServlet - "ERROR" dispatch for GET "/error", parameters={}
2026-02-12 15:23:18.634 [http-nio-8080-exec-4] DEBUG o.s.w.s.m.m.a.RequestMappingHandlerMapping - Mapped to org.springframework.boot.autoconfigure.web.servlet.error.BasicErrorController#error(HttpServletRequest)
2026-02-12 15:23:18.635 [http-nio-8080-exec-4] DEBUG o.s.w.s.m.m.a.HttpEntityMethodProcessor - Using 'application/json', given [application/json, text/plain, */*] and supported [application/json, application/*+json]
2026-02-12 15:23:18.636 [http-nio-8080-exec-4] DEBUG o.s.w.s.m.m.a.HttpEntityMethodProcessor - Writing [{timestamp=Thu Feb 12 15:23:18 CET 2026, status=404, error=Not Found, trace=org.springframework.web. (truncated)...]
2026-02-12 15:23:18.637 [http-nio-8080-exec-4] DEBUG o.s.web.servlet.DispatcherServlet - Exiting from "ERROR" dispatch, status 404
2026-02-12 15:23:18.638 [http-nio-8080-exec-5] DEBUG o.s.web.servlet.DispatcherServlet - GET "/api/api/tareas/usuario/undefined", parameters={}
2026-02-12 15:23:18.638 [http-nio-8080-exec-5] DEBUG o.s.w.s.h.SimpleUrlHandlerMapping - Mapped to ResourceHttpRequestHandler [classpath [META-INF/resources/], classpath [resources/], classpath [static/], classpath [public/], ServletContext [/]]
2026-02-12 15:23:18.638 [http-nio-8080-exec-5] DEBUG o.s.w.s.r.ResourceHttpRequestHandler - Resource not found
2026-02-12 15:23:18.638 [http-nio-8080-exec-5] DEBUG o.s.w.s.m.s.DefaultHandlerExceptionResolver - Resolved [org.springframework.web.servlet.resource.NoResourceFoundException: No static resource api/api/tareas/usuario/undefined.]
2026-02-12 15:23:18.638 [http-nio-8080-exec-5] DEBUG o.s.web.servlet.DispatcherServlet - Completed 404 NOT_FOUND
2026-02-12 15:23:18.638 [http-nio-8080-exec-5] DEBUG o.s.web.servlet.DispatcherServlet - "ERROR" dispatch for GET "/error", parameters={}
2026-02-12 15:23:18.638 [http-nio-8080-exec-5] DEBUG o.s.w.s.m.m.a.RequestMappingHandlerMapping - Mapped to org.springframework.boot.autoconfigure.web.servlet.error.BasicErrorController#error(HttpServletRequest)
2026-02-12 15:23:18.638 [http-nio-8080-exec-5] DEBUG o.s.w.s.m.m.a.HttpEntityMethodProcessor - Using 'application/json', given [application/json, text/plain, */*] and supported [application/json, application/*+json]
2026-02-12 15:23:18.638 [http-nio-8080-exec-5] DEBUG o.s.w.s.m.m.a.HttpEntityMethodProcessor - Writing [{timestamp=Thu Feb 12 15:23:18 CET 2026, status=404, error=Not Found, trace=org.springframework.web. (truncated)...]
2026-02-12 15:23:18.638 [http-nio-8080-exec-5] DEBUG o.s.web.servlet.DispatcherServlet - Exiting from "ERROR" dispatch, status 404
2026-02-12 15:23:22.816 [http-nio-8080-exec-6] DEBUG o.s.web.servlet.DispatcherServlet - OPTIONS "/api/api/tareas", parameters={}
2026-02-12 15:23:22.817 [http-nio-8080-exec-6] DEBUG o.s.w.s.h.SimpleUrlHandlerMapping - Mapped to ResourceHttpRequestHandler [classpath [META-INF/resources/], classpath [resources/], classpath [static/], classpath [public/], ServletContext [/]]
2026-02-12 15:23:22.817 [http-nio-8080-exec-6] DEBUG o.s.web.servlet.DispatcherServlet - Completed 403 FORBIDDEN
2026-02-12 15:24:34.061 [http-nio-8080-exec-9] DEBUG o.s.web.servlet.DispatcherServlet - GET "/api/api/tareas/usuario/undefined", parameters={}
2026-02-12 15:24:34.061 [http-nio-8080-exec-9] DEBUG o.s.w.s.h.SimpleUrlHandlerMapping - Mapped to ResourceHttpRequestHandler [classpath [META-INF/resources/], classpath [resources/], classpath [static/], classpath [public/], ServletContext [/]]
2026-02-12 15:24:34.077 [http-nio-8080-exec-9] DEBUG o.s.w.s.r.ResourceHttpRequestHandler - Resource not found
2026-02-12 15:24:34.078 [http-nio-8080-exec-9] DEBUG o.s.w.s.m.s.DefaultHandlerExceptionResolver - Resolved [org.springframework.web.servlet.resource.NoResourceFoundException: No static resource api/api/tareas/usuario/undefined.]
2026-02-12 15:24:34.078 [http-nio-8080-exec-9] DEBUG o.s.web.servlet.DispatcherServlet - Completed 404 NOT_FOUND
2026-02-12 15:24:34.078 [http-nio-8080-exec-9] DEBUG o.s.web.servlet.DispatcherServlet - "ERROR" dispatch for GET "/error", parameters={}
2026-02-12 15:24:34.079 [http-nio-8080-exec-9] DEBUG o.s.w.s.m.m.a.RequestMappingHandlerMapping - Mapped to org.springframework.boot.autoconfigure.web.servlet.error.BasicErrorController#error(HttpServletRequest)
2026-02-12 15:24:34.080 [http-nio-8080-exec-9] DEBUG o.s.w.s.m.m.a.HttpEntityMethodProcessor - Using 'application/json', given [application/json, text/plain, */*] and supported [application/json, application/*+json]
2026-02-12 15:24:34.080 [http-nio-8080-exec-9] DEBUG o.s.w.s.m.m.a.HttpEntityMethodProcessor - Writing [{timestamp=Thu Feb 12 15:24:34 CET 2026, status=404, error=Not Found, trace=org.springframework.web. (truncated)...]
2026-02-12 15:24:34.081 [http-nio-8080-exec-9] DEBUG o.s.web.servlet.DispatcherServlet - Exiting from "ERROR" dispatch, status 404
2026-02-12 15:24:39.481 [http-nio-8080-exec-10] DEBUG o.s.web.servlet.DispatcherServlet - OPTIONS "/api/api/tareas", parameters={}
2026-02-12 15:24:39.482 [http-nio-8080-exec-10] DEBUG o.s.w.s.h.SimpleUrlHandlerMapping - Mapped to ResourceHttpRequestHandler [classpath [META-INF/resources/], classpath [resources/], classpath [static/], classpath [public/], ServletContext [/]]
2026-02-12 15:24:39.483 [http-nio-8080-exec-10] DEBUG o.s.web.servlet.DispatcherServlet - Completed 403 FORBIDDEN
2026-02-12 15:26:33.076 [http-nio-8080-exec-2] DEBUG o.s.web.servlet.DispatcherServlet - GET "/api/tareas/usuario/undefined", parameters={}
2026-02-12 15:26:33.077 [http-nio-8080-exec-2] DEBUG o.s.w.s.m.m.a.RequestMappingHandlerMapping - Mapped to com.example.ProyectoBackEnd.controller.TaskController#listarPorUsuario(int)
2026-02-12 15:26:33.095 [http-nio-8080-exec-2] DEBUG o.s.web.method.HandlerMethod - Could not resolve parameter [0] in public org.springframework.hateoas.CollectionModel<org.springframework.hateoas.EntityModel<com.example.ProyectoBackEnd.dao.entity.TaskEntity>> com.example.ProyectoBackEnd.controller.TaskController.listarPorUsuario(int): Method parameter 'id': Failed to convert value of type 'java.lang.String' to required type 'int'; For input string: "undefined"
2026-02-12 15:26:33.097 [http-nio-8080-exec-2] WARN  o.s.w.s.m.s.DefaultHandlerExceptionResolver - Resolved [org.springframework.web.method.annotation.MethodArgumentTypeMismatchException: Method parameter 'id': Failed to convert value of type 'java.lang.String' to required type 'int'; For input string: "undefined"]
2026-02-12 15:26:33.099 [http-nio-8080-exec-2] DEBUG o.s.web.servlet.DispatcherServlet - Completed 400 BAD_REQUEST
2026-02-12 15:26:33.100 [http-nio-8080-exec-2] DEBUG o.s.web.servlet.DispatcherServlet - "ERROR" dispatch for GET "/error", parameters={}
2026-02-12 15:26:33.100 [http-nio-8080-exec-2] DEBUG o.s.w.s.m.m.a.RequestMappingHandlerMapping - Mapped to org.springframework.boot.autoconfigure.web.servlet.error.BasicErrorController#error(HttpServletRequest)
2026-02-12 15:26:33.101 [http-nio-8080-exec-2] DEBUG o.s.w.s.m.m.a.HttpEntityMethodProcessor - Using 'application/json', given [application/json, text/plain, */*] and supported [application/json, application/*+json]
2026-02-12 15:26:33.101 [http-nio-8080-exec-2] DEBUG o.s.w.s.m.m.a.HttpEntityMethodProcessor - Writing [{timestamp=Thu Feb 12 15:26:33 CET 2026, status=400, error=Bad Request, trace=org.springframework.we (truncated)...]
2026-02-12 15:26:33.102 [http-nio-8080-exec-2] DEBUG o.s.web.servlet.DispatcherServlet - Exiting from "ERROR" dispatch, status 400
2026-02-12 15:26:42.062 [http-nio-8080-exec-3] DEBUG o.s.web.servlet.DispatcherServlet - GET "/api/tareas/usuario/undefined", parameters={}
2026-02-12 15:26:42.062 [http-nio-8080-exec-3] DEBUG o.s.w.s.m.m.a.RequestMappingHandlerMapping - Mapped to com.example.ProyectoBackEnd.controller.TaskController#listarPorUsuario(int)
2026-02-12 15:26:42.062 [http-nio-8080-exec-3] DEBUG o.s.web.method.HandlerMethod - Could not resolve parameter [0] in public org.springframework.hateoas.CollectionModel<org.springframework.hateoas.EntityModel<com.example.ProyectoBackEnd.dao.entity.TaskEntity>> com.example.ProyectoBackEnd.controller.TaskController.listarPorUsuario(int): Method parameter 'id': Failed to convert value of type 'java.lang.String' to required type 'int'; For input string: "undefined"
2026-02-12 15:26:42.062 [http-nio-8080-exec-3] WARN  o.s.w.s.m.s.DefaultHandlerExceptionResolver - Resolved [org.springframework.web.method.annotation.MethodArgumentTypeMismatchException: Method parameter 'id': Failed to convert value of type 'java.lang.String' to required type 'int'; For input string: "undefined"]
2026-02-12 15:26:42.062 [http-nio-8080-exec-3] DEBUG o.s.web.servlet.DispatcherServlet - Completed 400 BAD_REQUEST
2026-02-12 15:26:42.062 [http-nio-8080-exec-3] DEBUG o.s.web.servlet.DispatcherServlet - "ERROR" dispatch for GET "/error", parameters={}
2026-02-12 15:26:42.062 [http-nio-8080-exec-3] DEBUG o.s.w.s.m.m.a.RequestMappingHandlerMapping - Mapped to org.springframework.boot.autoconfigure.web.servlet.error.BasicErrorController#error(HttpServletRequest)
2026-02-12 15:26:42.078 [http-nio-8080-exec-3] DEBUG o.s.w.s.m.m.a.HttpEntityMethodProcessor - Using 'application/json', given [application/json, text/plain, */*] and supported [application/json, application/*+json]
2026-02-12 15:26:42.078 [http-nio-8080-exec-3] DEBUG o.s.w.s.m.m.a.HttpEntityMethodProcessor - Writing [{timestamp=Thu Feb 12 15:26:42 CET 2026, status=400, error=Bad Request, trace=org.springframework.we (truncated)...]
2026-02-12 15:26:42.079 [http-nio-8080-exec-3] DEBUG o.s.web.servlet.DispatcherServlet - Exiting from "ERROR" dispatch, status 400
2026-02-12 15:26:46.584 [http-nio-8080-exec-4] DEBUG o.s.web.servlet.DispatcherServlet - OPTIONS "/api/tareas", parameters={}
2026-02-12 15:26:46.584 [http-nio-8080-exec-4] DEBUG o.s.w.s.m.m.a.RequestMappingHandlerMapping - Mapped to com.example.ProyectoBackEnd.controller.TaskController#insertar(TaskEntity)
2026-02-12 15:26:46.585 [http-nio-8080-exec-4] DEBUG o.s.web.servlet.DispatcherServlet - Completed 200 OK
2026-02-12 15:26:46.586 [http-nio-8080-exec-5] DEBUG o.s.web.servlet.DispatcherServlet - POST "/api/tareas", parameters={}
2026-02-12 15:26:46.586 [http-nio-8080-exec-5] DEBUG o.s.w.s.m.m.a.RequestMappingHandlerMapping - Mapped to com.example.ProyectoBackEnd.controller.TaskController#insertar(TaskEntity)
2026-02-12 15:26:46.594 [http-nio-8080-exec-5] DEBUG o.s.w.s.m.m.a.RequestResponseBodyMethodProcessor - Read "application/json;charset=UTF-8" to [TaskEntity(idTarea=null, titulo=TEST, estado=Pendiente, fechaCreacion=null, usuario=null)]
2026-02-12 15:26:46.595 [http-nio-8080-exec-5] INFO  c.e.P.controller.TaskController - API: Insertando nueva tarea
2026-02-12 15:26:46.641 [http-nio-8080-exec-5] WARN  o.h.e.jdbc.spi.SqlExceptionHelper - SQL Error: 1048, SQLState: 23000
2026-02-12 15:26:46.642 [http-nio-8080-exec-5] ERROR o.h.e.jdbc.spi.SqlExceptionHelper - Column 'usuario_id' cannot be null
2026-02-12 15:26:46.659 [http-nio-8080-exec-5] ERROR c.e.P.aspect.LogginAspect - Error en guardarTarea: could not execute statement [Column 'usuario_id' cannot be null] [insert into tareas (estado,tit_tarea,usuario_id) values (?,?,?)]; SQL [insert into tareas (estado,tit_tarea,usuario_id) values (?,?,?)]; constraint [null]
2026-02-12 15:26:46.661 [http-nio-8080-exec-5] DEBUG o.s.web.servlet.DispatcherServlet - Failed to complete request: org.springframework.dao.DataIntegrityViolationException: could not execute statement [Column 'usuario_id' cannot be null] [insert into tareas (estado,tit_tarea,usuario_id) values (?,?,?)]; SQL [insert into tareas (estado,tit_tarea,usuario_id) values (?,?,?)]; constraint [null]
2026-02-12 15:26:46.663 [http-nio-8080-exec-5] ERROR o.a.c.c.C.[.[.[.[dispatcherServlet] - Servlet.service() for servlet [dispatcherServlet] in context with path [] threw exception [Request processing failed: org.springframework.dao.DataIntegrityViolationException: could not execute statement [Column 'usuario_id' cannot be null] [insert into tareas (estado,tit_tarea,usuario_id) values (?,?,?)]; SQL [insert into tareas (estado,tit_tarea,usuario_id) values (?,?,?)]; constraint [null]] with root cause
java.sql.SQLIntegrityConstraintViolationException: Column 'usuario_id' cannot be null
	at com.mysql.cj.jdbc.exceptions.SQLError.createSQLException(SQLError.java:109)
	at com.mysql.cj.jdbc.exceptions.SQLExceptionsMapping.translateException(SQLExceptionsMapping.java:114)
	at com.mysql.cj.jdbc.ClientPreparedStatement.executeInternal(ClientPreparedStatement.java:988)
	at com.mysql.cj.jdbc.ClientPreparedStatement.executeUpdateInternal(ClientPreparedStatement.java:1166)
	at com.mysql.cj.jdbc.ClientPreparedStatement.executeUpdateInternal(ClientPreparedStatement.java:1101)
	at com.mysql.cj.jdbc.ClientPreparedStatement.executeLargeUpdate(ClientPreparedStatement.java:1448)
	at com.mysql.cj.jdbc.ClientPreparedStatement.executeUpdate(ClientPreparedStatement.java:1084)
	at com.zaxxer.hikari.pool.ProxyPreparedStatement.executeUpdate(ProxyPreparedStatement.java:61)
	at com.zaxxer.hikari.pool.HikariProxyPreparedStatement.executeUpdate(HikariProxyPreparedStatement.java)
	at org.hibernate.engine.jdbc.internal.ResultSetReturnImpl.executeUpdate(ResultSetReturnImpl.java:194)
	at org.hibernate.id.insert.GetGeneratedKeysDelegate.performMutation(GetGeneratedKeysDelegate.java:116)
	at org.hibernate.engine.jdbc.mutation.internal.MutationExecutorSingleNonBatched.performNonBatchedOperations(MutationExecutorSingleNonBatched.java:47)
	at org.hibernate.engine.jdbc.mutation.internal.AbstractMutationExecutor.execute(AbstractMutationExecutor.java:55)
	at org.hibernate.persister.entity.mutation.InsertCoordinatorStandard.doStaticInserts(InsertCoordinatorStandard.java:194)
	at org.hibernate.persister.entity.mutation.InsertCoordinatorStandard.coordinateInsert(InsertCoordinatorStandard.java:132)
	at org.hibernate.persister.entity.mutation.InsertCoordinatorStandard.insert(InsertCoordinatorStandard.java:95)
	at org.hibernate.action.internal.EntityIdentityInsertAction.execute(EntityIdentityInsertAction.java:85)
	at org.hibernate.engine.spi.ActionQueue.execute(ActionQueue.java:682)
	at org.hibernate.engine.spi.ActionQueue.addResolvedEntityInsertAction(ActionQueue.java:293)
	at org.hibernate.engine.spi.ActionQueue.addInsertAction(ActionQueue.java:274)
	at org.hibernate.engine.spi.ActionQueue.addAction(ActionQueue.java:324)
	at org.hibernate.event.internal.AbstractSaveEventListener.addInsertAction(AbstractSaveEventListener.java:394)
	at org.hibernate.event.internal.AbstractSaveEventListener.performSaveOrReplicate(AbstractSaveEventListener.java:308)
	at org.hibernate.event.internal.AbstractSaveEventListener.performSave(AbstractSaveEventListener.java:224)
	at org.hibernate.event.internal.AbstractSaveEventListener.saveWithGeneratedId(AbstractSaveEventListener.java:136)
	at org.hibernate.event.internal.DefaultPersistEventListener.entityIsTransient(DefaultPersistEventListener.java:177)
	at org.hibernate.event.internal.DefaultPersistEventListener.persist(DefaultPersistEventListener.java:95)
	at org.hibernate.event.internal.DefaultPersistEventListener.onPersist(DefaultPersistEventListener.java:79)
	at org.hibernate.event.internal.DefaultPersistEventListener.onPersist(DefaultPersistEventListener.java:55)
	at org.hibernate.event.service.internal.EventListenerGroupImpl.fireEventOnEachListener(EventListenerGroupImpl.java:127)
	at org.hibernate.internal.SessionImpl.firePersist(SessionImpl.java:761)
	at org.hibernate.internal.SessionImpl.persist(SessionImpl.java:745)
	at jdk.internal.reflect.GeneratedMethodAccessor36.invoke(Unknown Source)
	at java.base/jdk.internal.reflect.DelegatingMethodAccessorImpl.invoke(DelegatingMethodAccessorImpl.java:43)
	at java.base/java.lang.reflect.Method.invoke(Method.java:568)
	at org.springframework.orm.jpa.ExtendedEntityManagerCreator$ExtendedEntityManagerInvocationHandler.invoke(ExtendedEntityManagerCreator.java:364)
	at jdk.proxy4/jdk.proxy4.$Proxy135.persist(Unknown Source)
	at jdk.internal.reflect.GeneratedMethodAccessor36.invoke(Unknown Source)
	at java.base/jdk.internal.reflect.DelegatingMethodAccessorImpl.invoke(DelegatingMethodAccessorImpl.java:43)
	at java.base/java.lang.reflect.Method.invoke(Method.java:568)
	at org.springframework.orm.jpa.SharedEntityManagerCreator$SharedEntityManagerInvocationHandler.invoke(SharedEntityManagerCreator.java:320)
	at jdk.proxy4/jdk.proxy4.$Proxy135.persist(Unknown Source)
	at org.springframework.data.jpa.repository.support.SimpleJpaRepository.save(SimpleJpaRepository.java:654)
	at jdk.internal.reflect.GeneratedMethodAccessor54.invoke(Unknown Source)
	at java.base/jdk.internal.reflect.DelegatingMethodAccessorImpl.invoke(DelegatingMethodAccessorImpl.java:43)
	at java.base/java.lang.reflect.Method.invoke(Method.java:568)
	at org.springframework.aop.support.AopUtils.invokeJoinpointUsingReflection(AopUtils.java:360)
	at org.springframework.data.repository.core.support.RepositoryMethodInvoker$RepositoryFragmentMethodInvoker.lambda$new$0(RepositoryMethodInvoker.java:277)
	at org.springframework.data.repository.core.support.RepositoryMethodInvoker.doInvoke(RepositoryMethodInvoker.java:170)
	at org.springframework.data.repository.core.support.RepositoryMethodInvoker.invoke(RepositoryMethodInvoker.java:158)
	at org.springframework.data.repository.core.support.RepositoryComposition$RepositoryFragments.invoke(RepositoryComposition.java:515)
	at org.springframework.data.repository.core.support.RepositoryComposition.invoke(RepositoryComposition.java:284)
	at org.springframework.data.repository.core.support.RepositoryFactorySupport$ImplementationMethodExecutionInterceptor.invoke(RepositoryFactorySupport.java:720)
	at org.springframework.aop.framework.ReflectiveMethodInvocation.proceed(ReflectiveMethodInvocation.java:184)
	at org.springframework.data.repository.core.support.QueryExecutorMethodInterceptor.doInvoke(QueryExecutorMethodInterceptor.java:174)
	at org.springframework.data.repository.core.support.QueryExecutorMethodInterceptor.invoke(QueryExecutorMethodInterceptor.java:149)
	at org.springframework.aop.framework.ReflectiveMethodInvocation.proceed(ReflectiveMethodInvocation.java:184)
	at org.springframework.data.projection.DefaultMethodInvokingMethodInterceptor.invoke(DefaultMethodInvokingMethodInterceptor.java:69)
	at org.springframework.aop.framework.ReflectiveMethodInvocation.proceed(ReflectiveMethodInvocation.java:184)
	at org.springframework.transaction.interceptor.TransactionAspectSupport.invokeWithinTransaction(TransactionAspectSupport.java:380)
	at org.springframework.transaction.interceptor.TransactionInterceptor.invoke(TransactionInterceptor.java:119)
	at org.springframework.aop.framework.ReflectiveMethodInvocation.proceed(ReflectiveMethodInvocation.java:184)
	at org.springframework.dao.support.PersistenceExceptionTranslationInterceptor.invoke(PersistenceExceptionTranslationInterceptor.java:138)
	at org.springframework.aop.framework.ReflectiveMethodInvocation.proceed(ReflectiveMethodInvocation.java:184)
	at org.springframework.data.jpa.repository.support.CrudMethodMetadataPostProcessor$CrudMethodMetadataPopulatingMethodInterceptor.invoke(CrudMethodMetadataPostProcessor.java:165)
	at org.springframework.aop.framework.ReflectiveMethodInvocation.proceed(ReflectiveMethodInvocation.java:184)
	at org.springframework.aop.framework.JdkDynamicAopProxy.invoke(JdkDynamicAopProxy.java:223)
	at jdk.proxy4/jdk.proxy4.$Proxy151.save(Unknown Source)
	at com.example.ProyectoBackEnd.service.impl.TaskServiceImpl.guardarTarea(TaskServiceImpl.java:22)
	at java.base/jdk.internal.reflect.NativeMethodAccessorImpl.invoke0(Native Method)
	at java.base/jdk.internal.reflect.NativeMethodAccessorImpl.invoke(NativeMethodAccessorImpl.java:77)
	at java.base/jdk.internal.reflect.DelegatingMethodAccessorImpl.invoke(DelegatingMethodAccessorImpl.java:43)
	at java.base/java.lang.reflect.Method.invoke(Method.java:568)
	at org.springframework.aop.support.AopUtils.invokeJoinpointUsingReflection(AopUtils.java:360)
	at org.springframework.aop.framework.ReflectiveMethodInvocation.invokeJoinpoint(ReflectiveMethodInvocation.java:196)
	at org.springframework.aop.framework.ReflectiveMethodInvocation.proceed(ReflectiveMethodInvocation.java:163)
	at org.springframework.aop.aspectj.MethodInvocationProceedingJoinPoint.proceed(MethodInvocationProceedingJoinPoint.java:89)
	at com.example.ProyectoBackEnd.aspect.LogginAspect.medirTiempoYRegistrar(LogginAspect.java:37)
	at jdk.internal.reflect.GeneratedMethodAccessor52.invoke(Unknown Source)
	at java.base/jdk.internal.reflect.DelegatingMethodAccessorImpl.invoke(DelegatingMethodAccessorImpl.java:43)
	at java.base/java.lang.reflect.Method.invoke(Method.java:568)
	at org.springframework.aop.aspectj.AbstractAspectJAdvice.invokeAdviceMethodWithGivenArgs(AbstractAspectJAdvice.java:649)
	at org.springframework.aop.aspectj.AbstractAspectJAdvice.invokeAdviceMethod(AbstractAspectJAdvice.java:631)
	at org.springframework.aop.aspectj.AspectJAroundAdvice.invoke(AspectJAroundAdvice.java:71)
	at org.springframework.aop.framework.ReflectiveMethodInvocation.proceed(ReflectiveMethodInvocation.java:184)
	at org.springframework.aop.interceptor.ExposeInvocationInterceptor.invoke(ExposeInvocationInterceptor.java:97)
	at org.springframework.aop.framework.ReflectiveMethodInvocation.proceed(ReflectiveMethodInvocation.java:184)
	at org.springframework.aop.framework.CglibAopProxy$DynamicAdvisedInterceptor.intercept(CglibAopProxy.java:728)
	at com.example.ProyectoBackEnd.service.impl.TaskServiceImpl$$SpringCGLIB$$0.guardarTarea(<generated>)
	at com.example.ProyectoBackEnd.controller.TaskController.insertar(TaskController.java:58)
	at java.base/jdk.internal.reflect.NativeMethodAccessorImpl.invoke0(Native Method)
	at java.base/jdk.internal.reflect.NativeMethodAccessorImpl.invoke(NativeMethodAccessorImpl.java:77)
	at java.base/jdk.internal.reflect.DelegatingMethodAccessorImpl.invoke(DelegatingMethodAccessorImpl.java:43)
	at java.base/java.lang.reflect.Method.invoke(Method.java:568)
	at org.springframework.web.method.support.InvocableHandlerMethod.doInvoke(InvocableHandlerMethod.java:258)
	at org.springframework.web.method.support.InvocableHandlerMethod.invokeForRequest(InvocableHandlerMethod.java:191)
	at org.springframework.web.servlet.mvc.method.annotation.ServletInvocableHandlerMethod.invokeAndHandle(ServletInvocableHandlerMethod.java:118)
	at org.springframework.web.servlet.mvc.method.annotation.RequestMappingHandlerAdapter.invokeHandlerMethod(RequestMappingHandlerAdapter.java:991)
	at org.springframework.web.servlet.mvc.method.annotation.RequestMappingHandlerAdapter.handleInternal(RequestMappingHandlerAdapter.java:896)
	at org.springframework.web.servlet.mvc.method.AbstractHandlerMethodAdapter.handle(AbstractHandlerMethodAdapter.java:87)
	at org.springframework.web.servlet.DispatcherServlet.doDispatch(DispatcherServlet.java:1089)
	at org.springframework.web.servlet.DispatcherServlet.doService(DispatcherServlet.java:979)
	at org.springframework.web.servlet.FrameworkServlet.processRequest(FrameworkServlet.java:1014)
	at org.springframework.web.servlet.FrameworkServlet.doPost(FrameworkServlet.java:914)
	at jakarta.servlet.http.HttpServlet.service(HttpServlet.java:590)
	at org.springframework.web.servlet.FrameworkServlet.service(FrameworkServlet.java:885)
	at jakarta.servlet.http.HttpServlet.service(HttpServlet.java:658)
	at org.apache.catalina.core.ApplicationFilterChain.internalDoFilter(ApplicationFilterChain.java:193)
	at org.apache.catalina.core.ApplicationFilterChain.doFilter(ApplicationFilterChain.java:138)
	at org.apache.tomcat.websocket.server.WsFilter.doFilter(WsFilter.java:51)
	at org.apache.catalina.core.ApplicationFilterChain.internalDoFilter(ApplicationFilterChain.java:162)
	at org.apache.catalina.core.ApplicationFilterChain.doFilter(ApplicationFilterChain.java:138)
	at org.springframework.web.filter.RequestContextFilter.doFilterInternal(RequestContextFilter.java:100)
	at org.springframework.web.filter.OncePerRequestFilter.doFilter(OncePerRequestFilter.java:116)
	at org.apache.catalina.core.ApplicationFilterChain.internalDoFilter(ApplicationFilterChain.java:162)
	at org.apache.catalina.core.ApplicationFilterChain.doFilter(ApplicationFilterChain.java:138)
	at org.springframework.web.filter.FormContentFilter.doFilterInternal(FormContentFilter.java:93)
	at org.springframework.web.filter.OncePerRequestFilter.doFilter(OncePerRequestFilter.java:116)
	at org.apache.catalina.core.ApplicationFilterChain.internalDoFilter(ApplicationFilterChain.java:162)
	at org.apache.catalina.core.ApplicationFilterChain.doFilter(ApplicationFilterChain.java:138)
	at org.springframework.web.filter.CharacterEncodingFilter.doFilterInternal(CharacterEncodingFilter.java:201)
	at org.springframework.web.filter.OncePerRequestFilter.doFilter(OncePerRequestFilter.java:116)
	at org.apache.catalina.core.ApplicationFilterChain.internalDoFilter(ApplicationFilterChain.java:162)
	at org.apache.catalina.core.ApplicationFilterChain.doFilter(ApplicationFilterChain.java:138)
	at org.apache.catalina.core.StandardWrapperValve.invoke(StandardWrapperValve.java:165)
	at org.apache.catalina.core.StandardContextValve.invoke(StandardContextValve.java:88)
	at org.apache.catalina.authenticator.AuthenticatorBase.invoke(AuthenticatorBase.java:482)
	at org.apache.catalina.core.StandardHostValve.invoke(StandardHostValve.java:113)
	at org.apache.catalina.valves.ErrorReportValve.invoke(ErrorReportValve.java:83)
	at org.apache.catalina.core.StandardEngineValve.invoke(StandardEngineValve.java:72)
	at org.apache.catalina.connector.CoyoteAdapter.service(CoyoteAdapter.java:342)
	at org.apache.coyote.http11.Http11Processor.service(Http11Processor.java:399)
	at org.apache.coyote.AbstractProcessorLight.process(AbstractProcessorLight.java:63)
	at org.apache.coyote.AbstractProtocol$ConnectionHandler.process(AbstractProtocol.java:903)
	at org.apache.tomcat.util.net.NioEndpoint$SocketProcessor.doRun(NioEndpoint.java:1774)
	at org.apache.tomcat.util.net.SocketProcessorBase.run(SocketProcessorBase.java:52)
	at org.apache.tomcat.util.threads.ThreadPoolExecutor.runWorker(ThreadPoolExecutor.java:973)
	at org.apache.tomcat.util.threads.ThreadPoolExecutor$Worker.run(ThreadPoolExecutor.java:491)
	at org.apache.tomcat.util.threads.TaskThread$WrappingRunnable.run(TaskThread.java:63)
	at java.base/java.lang.Thread.run(Thread.java:842)
2026-02-12 15:26:46.664 [http-nio-8080-exec-5] DEBUG o.s.web.servlet.DispatcherServlet - "ERROR" dispatch for POST "/error", parameters={}
2026-02-12 15:26:46.664 [http-nio-8080-exec-5] DEBUG o.s.w.s.m.m.a.RequestMappingHandlerMapping - Mapped to org.springframework.boot.autoconfigure.web.servlet.error.BasicErrorController#error(HttpServletRequest)
2026-02-12 15:26:46.674 [http-nio-8080-exec-5] DEBUG o.s.w.s.m.m.a.HttpEntityMethodProcessor - Using 'application/json', given [application/json, text/plain, */*] and supported [application/json, application/*+json]
2026-02-12 15:26:46.674 [http-nio-8080-exec-5] DEBUG o.s.w.s.m.m.a.HttpEntityMethodProcessor - Writing [{timestamp=Thu Feb 12 15:26:46 CET 2026, status=500, error=Internal Server Error, trace=org.springfr (truncated)...]
2026-02-12 15:26:46.674 [http-nio-8080-exec-5] DEBUG o.s.web.servlet.DispatcherServlet - Exiting from "ERROR" dispatch, status 500
2026-02-12 15:29:14.115 [http-nio-8080-exec-6] DEBUG o.s.web.servlet.DispatcherServlet - POST "/api/auth-rest/loginAccion", parameters={}
2026-02-12 15:29:14.116 [http-nio-8080-exec-6] DEBUG o.s.w.s.m.m.a.RequestMappingHandlerMapping - Mapped to com.example.ProyectoBackEnd.controller.LoginController#loginAccion(UsuarioEntity, HttpSession)
2026-02-12 15:29:14.117 [http-nio-8080-exec-6] DEBUG o.s.w.s.m.m.a.RequestResponseBodyMethodProcessor - Read "application/json;charset=UTF-8" to [UsuarioEntity(idUsuario=null, usuario=admin, contraseña=1234, fechaCreacion=null, estado=null, fecha (truncated)...]
2026-02-12 15:29:14.117 [http-nio-8080-exec-6] INFO  c.e.P.controller.LoginController - AUDITORIA: Intento de login para usuario: admin
2026-02-12 15:29:14.129 [http-nio-8080-exec-6] INFO  c.e.P.aspect.LogginAspect - Operación buscarPorNombre completada en 5 ms
2026-02-12 15:29:14.135 [http-nio-8080-exec-6] INFO  c.e.P.aspect.LogginAspect - Operación validarLogin completada en 3 ms
2026-02-12 15:29:14.135 [http-nio-8080-exec-6] INFO  c.e.P.controller.LoginController - Login exitoso. Derivando a principal.
2026-02-12 15:29:14.145 [http-nio-8080-exec-6] DEBUG o.s.w.s.m.m.a.RequestResponseBodyMethodProcessor - Using 'application/json', given [application/json, text/plain, */*] and supported [application/hal+json, application/vnd.hal+json, application/json, application/schema+json, application/json-patch+json, application/merge-patch+json, application/x-spring-data-verbose+json, application/x-spring-data-compact+json, application/prs.hal-forms+json, application/*+json]
2026-02-12 15:29:14.145 [http-nio-8080-exec-6] DEBUG o.s.w.s.m.m.a.RequestResponseBodyMethodProcessor - Writing [EntityModel { content: UsuarioEntity(idUsuario=1, usuario=admin, contraseña=1234, fechaCreacion=2026 (truncated)...]
2026-02-12 15:29:14.145 [http-nio-8080-exec-6] DEBUG o.s.web.servlet.DispatcherServlet - Completed 200 OK
2026-02-12 15:29:16.983 [http-nio-8080-exec-7] DEBUG o.s.web.servlet.DispatcherServlet - GET "/api/tareas/usuario/undefined", parameters={}
2026-02-12 15:29:16.983 [http-nio-8080-exec-7] DEBUG o.s.w.s.m.m.a.RequestMappingHandlerMapping - Mapped to com.example.ProyectoBackEnd.controller.TaskController#listarPorUsuario(int)
2026-02-12 15:29:16.983 [http-nio-8080-exec-7] DEBUG o.s.web.method.HandlerMethod - Could not resolve parameter [0] in public org.springframework.hateoas.CollectionModel<org.springframework.hateoas.EntityModel<com.example.ProyectoBackEnd.dao.entity.TaskEntity>> com.example.ProyectoBackEnd.controller.TaskController.listarPorUsuario(int): Method parameter 'id': Failed to convert value of type 'java.lang.String' to required type 'int'; For input string: "undefined"
2026-02-12 15:29:16.983 [http-nio-8080-exec-7] WARN  o.s.w.s.m.s.DefaultHandlerExceptionResolver - Resolved [org.springframework.web.method.annotation.MethodArgumentTypeMismatchException: Method parameter 'id': Failed to convert value of type 'java.lang.String' to required type 'int'; For input string: "undefined"]
2026-02-12 15:29:16.983 [http-nio-8080-exec-7] DEBUG o.s.web.servlet.DispatcherServlet - Completed 400 BAD_REQUEST
2026-02-12 15:29:16.983 [http-nio-8080-exec-7] DEBUG o.s.web.servlet.DispatcherServlet - "ERROR" dispatch for GET "/error", parameters={}
2026-02-12 15:29:16.983 [http-nio-8080-exec-7] DEBUG o.s.w.s.m.m.a.RequestMappingHandlerMapping - Mapped to org.springframework.boot.autoconfigure.web.servlet.error.BasicErrorController#error(HttpServletRequest)
2026-02-12 15:29:16.983 [http-nio-8080-exec-7] DEBUG o.s.w.s.m.m.a.HttpEntityMethodProcessor - Using 'application/json', given [application/json, text/plain, */*] and supported [application/json, application/*+json]
2026-02-12 15:29:16.983 [http-nio-8080-exec-7] DEBUG o.s.w.s.m.m.a.HttpEntityMethodProcessor - Writing [{timestamp=Thu Feb 12 15:29:16 CET 2026, status=400, error=Bad Request, trace=org.springframework.we (truncated)...]
2026-02-12 15:29:16.994 [http-nio-8080-exec-7] DEBUG o.s.web.servlet.DispatcherServlet - Exiting from "ERROR" dispatch, status 400
2026-02-12 15:29:16.996 [http-nio-8080-exec-8] DEBUG o.s.web.servlet.DispatcherServlet - GET "/api/tareas/usuario/undefined", parameters={}
2026-02-12 15:29:16.996 [http-nio-8080-exec-8] DEBUG o.s.w.s.m.m.a.RequestMappingHandlerMapping - Mapped to com.example.ProyectoBackEnd.controller.TaskController#listarPorUsuario(int)
2026-02-12 15:29:16.997 [http-nio-8080-exec-8] DEBUG o.s.web.method.HandlerMethod - Could not resolve parameter [0] in public org.springframework.hateoas.CollectionModel<org.springframework.hateoas.EntityModel<com.example.ProyectoBackEnd.dao.entity.TaskEntity>> com.example.ProyectoBackEnd.controller.TaskController.listarPorUsuario(int): Method parameter 'id': Failed to convert value of type 'java.lang.String' to required type 'int'; For input string: "undefined"
2026-02-12 15:29:16.997 [http-nio-8080-exec-8] WARN  o.s.w.s.m.s.DefaultHandlerExceptionResolver - Resolved [org.springframework.web.method.annotation.MethodArgumentTypeMismatchException: Method parameter 'id': Failed to convert value of type 'java.lang.String' to required type 'int'; For input string: "undefined"]
2026-02-12 15:29:16.998 [http-nio-8080-exec-8] DEBUG o.s.web.servlet.DispatcherServlet - Completed 400 BAD_REQUEST
2026-02-12 15:29:16.998 [http-nio-8080-exec-8] DEBUG o.s.web.servlet.DispatcherServlet - "ERROR" dispatch for GET "/error", parameters={}
2026-02-12 15:29:16.999 [http-nio-8080-exec-8] DEBUG o.s.w.s.m.m.a.RequestMappingHandlerMapping - Mapped to org.springframework.boot.autoconfigure.web.servlet.error.BasicErrorController#error(HttpServletRequest)
2026-02-12 15:29:17.000 [http-nio-8080-exec-8] DEBUG o.s.w.s.m.m.a.HttpEntityMethodProcessor - Using 'application/json', given [application/json, text/plain, */*] and supported [application/json, application/*+json]
2026-02-12 15:29:17.000 [http-nio-8080-exec-8] DEBUG o.s.w.s.m.m.a.HttpEntityMethodProcessor - Writing [{timestamp=Thu Feb 12 15:29:16 CET 2026, status=400, error=Bad Request, trace=org.springframework.we (truncated)...]
2026-02-12 15:29:17.001 [http-nio-8080-exec-8] DEBUG o.s.web.servlet.DispatcherServlet - Exiting from "ERROR" dispatch, status 400
2026-02-12 15:29:20.239 [http-nio-8080-exec-9] DEBUG o.s.web.servlet.DispatcherServlet - POST "/api/tareas", parameters={}
2026-02-12 15:29:20.239 [http-nio-8080-exec-9] DEBUG o.s.w.s.m.m.a.RequestMappingHandlerMapping - Mapped to com.example.ProyectoBackEnd.controller.TaskController#insertar(TaskEntity)
2026-02-12 15:29:20.240 [http-nio-8080-exec-9] DEBUG o.s.w.s.m.m.a.RequestResponseBodyMethodProcessor - Read "application/json;charset=UTF-8" to [TaskEntity(idTarea=null, titulo=TEST2, estado=Pendiente, fechaCreacion=null, usuario=null)]
2026-02-12 15:29:20.240 [http-nio-8080-exec-9] INFO  c.e.P.controller.TaskController - API: Insertando nueva tarea
2026-02-12 15:29:20.243 [http-nio-8080-exec-9] WARN  o.h.e.jdbc.spi.SqlExceptionHelper - SQL Error: 1048, SQLState: 23000
2026-02-12 15:29:20.243 [http-nio-8080-exec-9] ERROR o.h.e.jdbc.spi.SqlExceptionHelper - Column 'usuario_id' cannot be null
2026-02-12 15:29:20.244 [http-nio-8080-exec-9] ERROR c.e.P.aspect.LogginAspect - Error en guardarTarea: could not execute statement [Column 'usuario_id' cannot be null] [insert into tareas (estado,tit_tarea,usuario_id) values (?,?,?)]; SQL [insert into tareas (estado,tit_tarea,usuario_id) values (?,?,?)]; constraint [null]
2026-02-12 15:29:20.245 [http-nio-8080-exec-9] DEBUG o.s.web.servlet.DispatcherServlet - Failed to complete request: org.springframework.dao.DataIntegrityViolationException: could not execute statement [Column 'usuario_id' cannot be null] [insert into tareas (estado,tit_tarea,usuario_id) values (?,?,?)]; SQL [insert into tareas (estado,tit_tarea,usuario_id) values (?,?,?)]; constraint [null]
2026-02-12 15:29:20.245 [http-nio-8080-exec-9] ERROR o.a.c.c.C.[.[.[.[dispatcherServlet] - Servlet.service() for servlet [dispatcherServlet] in context with path [] threw exception [Request processing failed: org.springframework.dao.DataIntegrityViolationException: could not execute statement [Column 'usuario_id' cannot be null] [insert into tareas (estado,tit_tarea,usuario_id) values (?,?,?)]; SQL [insert into tareas (estado,tit_tarea,usuario_id) values (?,?,?)]; constraint [null]] with root cause
java.sql.SQLIntegrityConstraintViolationException: Column 'usuario_id' cannot be null
	at com.mysql.cj.jdbc.exceptions.SQLError.createSQLException(SQLError.java:109)
	at com.mysql.cj.jdbc.exceptions.SQLExceptionsMapping.translateException(SQLExceptionsMapping.java:114)
	at com.mysql.cj.jdbc.ClientPreparedStatement.executeInternal(ClientPreparedStatement.java:988)
	at com.mysql.cj.jdbc.ClientPreparedStatement.executeUpdateInternal(ClientPreparedStatement.java:1166)
	at com.mysql.cj.jdbc.ClientPreparedStatement.executeUpdateInternal(ClientPreparedStatement.java:1101)
	at com.mysql.cj.jdbc.ClientPreparedStatement.executeLargeUpdate(ClientPreparedStatement.java:1448)
	at com.mysql.cj.jdbc.ClientPreparedStatement.executeUpdate(ClientPreparedStatement.java:1084)
	at com.zaxxer.hikari.pool.ProxyPreparedStatement.executeUpdate(ProxyPreparedStatement.java:61)
	at com.zaxxer.hikari.pool.HikariProxyPreparedStatement.executeUpdate(HikariProxyPreparedStatement.java)
	at org.hibernate.engine.jdbc.internal.ResultSetReturnImpl.executeUpdate(ResultSetReturnImpl.java:194)
	at org.hibernate.id.insert.GetGeneratedKeysDelegate.performMutation(GetGeneratedKeysDelegate.java:116)
	at org.hibernate.engine.jdbc.mutation.internal.MutationExecutorSingleNonBatched.performNonBatchedOperations(MutationExecutorSingleNonBatched.java:47)
	at org.hibernate.engine.jdbc.mutation.internal.AbstractMutationExecutor.execute(AbstractMutationExecutor.java:55)
	at org.hibernate.persister.entity.mutation.InsertCoordinatorStandard.doStaticInserts(InsertCoordinatorStandard.java:194)
	at org.hibernate.persister.entity.mutation.InsertCoordinatorStandard.coordinateInsert(InsertCoordinatorStandard.java:132)
	at org.hibernate.persister.entity.mutation.InsertCoordinatorStandard.insert(InsertCoordinatorStandard.java:95)
	at org.hibernate.action.internal.EntityIdentityInsertAction.execute(EntityIdentityInsertAction.java:85)
	at org.hibernate.engine.spi.ActionQueue.execute(ActionQueue.java:682)
	at org.hibernate.engine.spi.ActionQueue.addResolvedEntityInsertAction(ActionQueue.java:293)
	at org.hibernate.engine.spi.ActionQueue.addInsertAction(ActionQueue.java:274)
	at org.hibernate.engine.spi.ActionQueue.addAction(ActionQueue.java:324)
	at org.hibernate.event.internal.AbstractSaveEventListener.addInsertAction(AbstractSaveEventListener.java:394)
	at org.hibernate.event.internal.AbstractSaveEventListener.performSaveOrReplicate(AbstractSaveEventListener.java:308)
	at org.hibernate.event.internal.AbstractSaveEventListener.performSave(AbstractSaveEventListener.java:224)
	at org.hibernate.event.internal.AbstractSaveEventListener.saveWithGeneratedId(AbstractSaveEventListener.java:136)
	at org.hibernate.event.internal.DefaultPersistEventListener.entityIsTransient(DefaultPersistEventListener.java:177)
	at org.hibernate.event.internal.DefaultPersistEventListener.persist(DefaultPersistEventListener.java:95)
	at org.hibernate.event.internal.DefaultPersistEventListener.onPersist(DefaultPersistEventListener.java:79)
	at org.hibernate.event.internal.DefaultPersistEventListener.onPersist(DefaultPersistEventListener.java:55)
	at org.hibernate.event.service.internal.EventListenerGroupImpl.fireEventOnEachListener(EventListenerGroupImpl.java:127)
	at org.hibernate.internal.SessionImpl.firePersist(SessionImpl.java:761)
	at org.hibernate.internal.SessionImpl.persist(SessionImpl.java:745)
	at jdk.internal.reflect.GeneratedMethodAccessor36.invoke(Unknown Source)
	at java.base/jdk.internal.reflect.DelegatingMethodAccessorImpl.invoke(DelegatingMethodAccessorImpl.java:43)
	at java.base/java.lang.reflect.Method.invoke(Method.java:568)
	at org.springframework.orm.jpa.ExtendedEntityManagerCreator$ExtendedEntityManagerInvocationHandler.invoke(ExtendedEntityManagerCreator.java:364)
	at jdk.proxy4/jdk.proxy4.$Proxy135.persist(Unknown Source)
	at jdk.internal.reflect.GeneratedMethodAccessor36.invoke(Unknown Source)
	at java.base/jdk.internal.reflect.DelegatingMethodAccessorImpl.invoke(DelegatingMethodAccessorImpl.java:43)
	at java.base/java.lang.reflect.Method.invoke(Method.java:568)
	at org.springframework.orm.jpa.SharedEntityManagerCreator$SharedEntityManagerInvocationHandler.invoke(SharedEntityManagerCreator.java:320)
	at jdk.proxy4/jdk.proxy4.$Proxy135.persist(Unknown Source)
	at org.springframework.data.jpa.repository.support.SimpleJpaRepository.save(SimpleJpaRepository.java:654)
	at jdk.internal.reflect.GeneratedMethodAccessor54.invoke(Unknown Source)
	at java.base/jdk.internal.reflect.DelegatingMethodAccessorImpl.invoke(DelegatingMethodAccessorImpl.java:43)
	at java.base/java.lang.reflect.Method.invoke(Method.java:568)
	at org.springframework.aop.support.AopUtils.invokeJoinpointUsingReflection(AopUtils.java:360)
	at org.springframework.data.repository.core.support.RepositoryMethodInvoker$RepositoryFragmentMethodInvoker.lambda$new$0(RepositoryMethodInvoker.java:277)
	at org.springframework.data.repository.core.support.RepositoryMethodInvoker.doInvoke(RepositoryMethodInvoker.java:170)
	at org.springframework.data.repository.core.support.RepositoryMethodInvoker.invoke(RepositoryMethodInvoker.java:158)
	at org.springframework.data.repository.core.support.RepositoryComposition$RepositoryFragments.invoke(RepositoryComposition.java:515)
	at org.springframework.data.repository.core.support.RepositoryComposition.invoke(RepositoryComposition.java:284)
	at org.springframework.data.repository.core.support.RepositoryFactorySupport$ImplementationMethodExecutionInterceptor.invoke(RepositoryFactorySupport.java:720)
	at org.springframework.aop.framework.ReflectiveMethodInvocation.proceed(ReflectiveMethodInvocation.java:184)
	at org.springframework.data.repository.core.support.QueryExecutorMethodInterceptor.doInvoke(QueryExecutorMethodInterceptor.java:174)
	at org.springframework.data.repository.core.support.QueryExecutorMethodInterceptor.invoke(QueryExecutorMethodInterceptor.java:149)
	at org.springframework.aop.framework.ReflectiveMethodInvocation.proceed(ReflectiveMethodInvocation.java:184)
	at org.springframework.data.projection.DefaultMethodInvokingMethodInterceptor.invoke(DefaultMethodInvokingMethodInterceptor.java:69)
	at org.springframework.aop.framework.ReflectiveMethodInvocation.proceed(ReflectiveMethodInvocation.java:184)
	at org.springframework.transaction.interceptor.TransactionAspectSupport.invokeWithinTransaction(TransactionAspectSupport.java:380)
	at org.springframework.transaction.interceptor.TransactionInterceptor.invoke(TransactionInterceptor.java:119)
	at org.springframework.aop.framework.ReflectiveMethodInvocation.proceed(ReflectiveMethodInvocation.java:184)
	at org.springframework.dao.support.PersistenceExceptionTranslationInterceptor.invoke(PersistenceExceptionTranslationInterceptor.java:138)
	at org.springframework.aop.framework.ReflectiveMethodInvocation.proceed(ReflectiveMethodInvocation.java:184)
	at org.springframework.data.jpa.repository.support.CrudMethodMetadataPostProcessor$CrudMethodMetadataPopulatingMethodInterceptor.invoke(CrudMethodMetadataPostProcessor.java:165)
	at org.springframework.aop.framework.ReflectiveMethodInvocation.proceed(ReflectiveMethodInvocation.java:184)
	at org.springframework.aop.framework.JdkDynamicAopProxy.invoke(JdkDynamicAopProxy.java:223)
	at jdk.proxy4/jdk.proxy4.$Proxy151.save(Unknown Source)
	at com.example.ProyectoBackEnd.service.impl.TaskServiceImpl.guardarTarea(TaskServiceImpl.java:22)
	at java.base/jdk.internal.reflect.NativeMethodAccessorImpl.invoke0(Native Method)
	at java.base/jdk.internal.reflect.NativeMethodAccessorImpl.invoke(NativeMethodAccessorImpl.java:77)
	at java.base/jdk.internal.reflect.DelegatingMethodAccessorImpl.invoke(DelegatingMethodAccessorImpl.java:43)
	at java.base/java.lang.reflect.Method.invoke(Method.java:568)
	at org.springframework.aop.support.AopUtils.invokeJoinpointUsingReflection(AopUtils.java:360)
	at org.springframework.aop.framework.ReflectiveMethodInvocation.invokeJoinpoint(ReflectiveMethodInvocation.java:196)
	at org.springframework.aop.framework.ReflectiveMethodInvocation.proceed(ReflectiveMethodInvocation.java:163)
	at org.springframework.aop.aspectj.MethodInvocationProceedingJoinPoint.proceed(MethodInvocationProceedingJoinPoint.java:89)
	at com.example.ProyectoBackEnd.aspect.LogginAspect.medirTiempoYRegistrar(LogginAspect.java:37)
	at jdk.internal.reflect.GeneratedMethodAccessor52.invoke(Unknown Source)
	at java.base/jdk.internal.reflect.DelegatingMethodAccessorImpl.invoke(DelegatingMethodAccessorImpl.java:43)
	at java.base/java.lang.reflect.Method.invoke(Method.java:568)
	at org.springframework.aop.aspectj.AbstractAspectJAdvice.invokeAdviceMethodWithGivenArgs(AbstractAspectJAdvice.java:649)
	at org.springframework.aop.aspectj.AbstractAspectJAdvice.invokeAdviceMethod(AbstractAspectJAdvice.java:631)
	at org.springframework.aop.aspectj.AspectJAroundAdvice.invoke(AspectJAroundAdvice.java:71)
	at org.springframework.aop.framework.ReflectiveMethodInvocation.proceed(ReflectiveMethodInvocation.java:184)
	at org.springframework.aop.interceptor.ExposeInvocationInterceptor.invoke(ExposeInvocationInterceptor.java:97)
	at org.springframework.aop.framework.ReflectiveMethodInvocation.proceed(ReflectiveMethodInvocation.java:184)
	at org.springframework.aop.framework.CglibAopProxy$DynamicAdvisedInterceptor.intercept(CglibAopProxy.java:728)
	at com.example.ProyectoBackEnd.service.impl.TaskServiceImpl$$SpringCGLIB$$0.guardarTarea(<generated>)
	at com.example.ProyectoBackEnd.controller.TaskController.insertar(TaskController.java:58)
	at java.base/jdk.internal.reflect.NativeMethodAccessorImpl.invoke0(Native Method)
	at java.base/jdk.internal.reflect.NativeMethodAccessorImpl.invoke(NativeMethodAccessorImpl.java:77)
	at java.base/jdk.internal.reflect.DelegatingMethodAccessorImpl.invoke(DelegatingMethodAccessorImpl.java:43)
	at java.base/java.lang.reflect.Method.invoke(Method.java:568)
	at org.springframework.web.method.support.InvocableHandlerMethod.doInvoke(InvocableHandlerMethod.java:258)
	at org.springframework.web.method.support.InvocableHandlerMethod.invokeForRequest(InvocableHandlerMethod.java:191)
	at org.springframework.web.servlet.mvc.method.annotation.ServletInvocableHandlerMethod.invokeAndHandle(ServletInvocableHandlerMethod.java:118)
	at org.springframework.web.servlet.mvc.method.annotation.RequestMappingHandlerAdapter.invokeHandlerMethod(RequestMappingHandlerAdapter.java:991)
	at org.springframework.web.servlet.mvc.method.annotation.RequestMappingHandlerAdapter.handleInternal(RequestMappingHandlerAdapter.java:896)
	at org.springframework.web.servlet.mvc.method.AbstractHandlerMethodAdapter.handle(AbstractHandlerMethodAdapter.java:87)
	at org.springframework.web.servlet.DispatcherServlet.doDispatch(DispatcherServlet.java:1089)
	at org.springframework.web.servlet.DispatcherServlet.doService(DispatcherServlet.java:979)
	at org.springframework.web.servlet.FrameworkServlet.processRequest(FrameworkServlet.java:1014)
	at org.springframework.web.servlet.FrameworkServlet.doPost(FrameworkServlet.java:914)
	at jakarta.servlet.http.HttpServlet.service(HttpServlet.java:590)
	at org.springframework.web.servlet.FrameworkServlet.service(FrameworkServlet.java:885)
	at jakarta.servlet.http.HttpServlet.service(HttpServlet.java:658)
	at org.apache.catalina.core.ApplicationFilterChain.internalDoFilter(ApplicationFilterChain.java:193)
	at org.apache.catalina.core.ApplicationFilterChain.doFilter(ApplicationFilterChain.java:138)
	at org.apache.tomcat.websocket.server.WsFilter.doFilter(WsFilter.java:51)
	at org.apache.catalina.core.ApplicationFilterChain.internalDoFilter(ApplicationFilterChain.java:162)
	at org.apache.catalina.core.ApplicationFilterChain.doFilter(ApplicationFilterChain.java:138)
	at org.springframework.web.filter.RequestContextFilter.doFilterInternal(RequestContextFilter.java:100)
	at org.springframework.web.filter.OncePerRequestFilter.doFilter(OncePerRequestFilter.java:116)
	at org.apache.catalina.core.ApplicationFilterChain.internalDoFilter(ApplicationFilterChain.java:162)
	at org.apache.catalina.core.ApplicationFilterChain.doFilter(ApplicationFilterChain.java:138)
	at org.springframework.web.filter.FormContentFilter.doFilterInternal(FormContentFilter.java:93)
	at org.springframework.web.filter.OncePerRequestFilter.doFilter(OncePerRequestFilter.java:116)
	at org.apache.catalina.core.ApplicationFilterChain.internalDoFilter(ApplicationFilterChain.java:162)
	at org.apache.catalina.core.ApplicationFilterChain.doFilter(ApplicationFilterChain.java:138)
	at org.springframework.web.filter.CharacterEncodingFilter.doFilterInternal(CharacterEncodingFilter.java:201)
	at org.springframework.web.filter.OncePerRequestFilter.doFilter(OncePerRequestFilter.java:116)
	at org.apache.catalina.core.ApplicationFilterChain.internalDoFilter(ApplicationFilterChain.java:162)
	at org.apache.catalina.core.ApplicationFilterChain.doFilter(ApplicationFilterChain.java:138)
	at org.apache.catalina.core.StandardWrapperValve.invoke(StandardWrapperValve.java:165)
	at org.apache.catalina.core.StandardContextValve.invoke(StandardContextValve.java:88)
	at org.apache.catalina.authenticator.AuthenticatorBase.invoke(AuthenticatorBase.java:482)
	at org.apache.catalina.core.StandardHostValve.invoke(StandardHostValve.java:113)
	at org.apache.catalina.valves.ErrorReportValve.invoke(ErrorReportValve.java:83)
	at org.apache.catalina.core.StandardEngineValve.invoke(StandardEngineValve.java:72)
	at org.apache.catalina.connector.CoyoteAdapter.service(CoyoteAdapter.java:342)
	at org.apache.coyote.http11.Http11Processor.service(Http11Processor.java:399)
	at org.apache.coyote.AbstractProcessorLight.process(AbstractProcessorLight.java:63)
	at org.apache.coyote.AbstractProtocol$ConnectionHandler.process(AbstractProtocol.java:903)
	at org.apache.tomcat.util.net.NioEndpoint$SocketProcessor.doRun(NioEndpoint.java:1774)
	at org.apache.tomcat.util.net.SocketProcessorBase.run(SocketProcessorBase.java:52)
	at org.apache.tomcat.util.threads.ThreadPoolExecutor.runWorker(ThreadPoolExecutor.java:973)
	at org.apache.tomcat.util.threads.ThreadPoolExecutor$Worker.run(ThreadPoolExecutor.java:491)
	at org.apache.tomcat.util.threads.TaskThread$WrappingRunnable.run(TaskThread.java:63)
	at java.base/java.lang.Thread.run(Thread.java:842)
2026-02-12 15:29:20.246 [http-nio-8080-exec-9] DEBUG o.s.web.servlet.DispatcherServlet - "ERROR" dispatch for POST "/error", parameters={}
2026-02-12 15:29:20.247 [http-nio-8080-exec-9] DEBUG o.s.w.s.m.m.a.RequestMappingHandlerMapping - Mapped to org.springframework.boot.autoconfigure.web.servlet.error.BasicErrorController#error(HttpServletRequest)
2026-02-12 15:29:20.248 [http-nio-8080-exec-9] DEBUG o.s.w.s.m.m.a.HttpEntityMethodProcessor - Using 'application/json', given [application/json, text/plain, */*] and supported [application/json, application/*+json]
2026-02-12 15:29:20.248 [http-nio-8080-exec-9] DEBUG o.s.w.s.m.m.a.HttpEntityMethodProcessor - Writing [{timestamp=Thu Feb 12 15:29:20 CET 2026, status=500, error=Internal Server Error, trace=org.springfr (truncated)...]
2026-02-12 15:29:20.249 [http-nio-8080-exec-9] DEBUG o.s.web.servlet.DispatcherServlet - Exiting from "ERROR" dispatch, status 500
2026-02-12 15:31:13.902 [http-nio-8080-exec-10] DEBUG o.s.web.servlet.DispatcherServlet - POST "/api/auth-rest/loginAccion", parameters={}
2026-02-12 15:31:13.902 [http-nio-8080-exec-10] DEBUG o.s.w.s.m.m.a.RequestMappingHandlerMapping - Mapped to com.example.ProyectoBackEnd.controller.LoginController#loginAccion(UsuarioEntity, HttpSession)
2026-02-12 15:31:13.903 [http-nio-8080-exec-10] DEBUG o.s.w.s.m.m.a.RequestResponseBodyMethodProcessor - Read "application/json;charset=UTF-8" to [UsuarioEntity(idUsuario=null, usuario=admin, contraseña=1234, fechaCreacion=null, estado=null, fecha (truncated)...]
2026-02-12 15:31:13.904 [http-nio-8080-exec-10] INFO  c.e.P.controller.LoginController - AUDITORIA: Intento de login para usuario: admin
2026-02-12 15:31:13.914 [http-nio-8080-exec-10] INFO  c.e.P.aspect.LogginAspect - Operación buscarPorNombre completada en 3 ms
2026-02-12 15:31:13.914 [http-nio-8080-exec-10] INFO  c.e.P.aspect.LogginAspect - Operación validarLogin completada en 0 ms
2026-02-12 15:31:13.914 [http-nio-8080-exec-10] INFO  c.e.P.controller.LoginController - Login exitoso. Derivando a principal.
2026-02-12 15:31:13.932 [http-nio-8080-exec-10] DEBUG o.s.w.s.m.m.a.RequestResponseBodyMethodProcessor - Using 'application/json', given [application/json, text/plain, */*] and supported [application/hal+json, application/vnd.hal+json, application/json, application/schema+json, application/json-patch+json, application/merge-patch+json, application/x-spring-data-verbose+json, application/x-spring-data-compact+json, application/prs.hal-forms+json, application/*+json]
2026-02-12 15:31:13.932 [http-nio-8080-exec-10] DEBUG o.s.w.s.m.m.a.RequestResponseBodyMethodProcessor - Writing [EntityModel { content: UsuarioEntity(idUsuario=1, usuario=admin, contraseña=1234, fechaCreacion=2026 (truncated)...]
2026-02-12 15:31:13.932 [http-nio-8080-exec-10] DEBUG o.s.web.servlet.DispatcherServlet - Completed 200 OK
2026-02-12 15:31:17.112 [http-nio-8080-exec-1] DEBUG o.s.web.servlet.DispatcherServlet - GET "/api/tareas/usuario/undefined", parameters={}
2026-02-12 15:31:17.112 [http-nio-8080-exec-1] DEBUG o.s.w.s.m.m.a.RequestMappingHandlerMapping - Mapped to com.example.ProyectoBackEnd.controller.TaskController#listarPorUsuario(int)
2026-02-12 15:31:17.113 [http-nio-8080-exec-1] DEBUG o.s.web.method.HandlerMethod - Could not resolve parameter [0] in public org.springframework.hateoas.CollectionModel<org.springframework.hateoas.EntityModel<com.example.ProyectoBackEnd.dao.entity.TaskEntity>> com.example.ProyectoBackEnd.controller.TaskController.listarPorUsuario(int): Method parameter 'id': Failed to convert value of type 'java.lang.String' to required type 'int'; For input string: "undefined"
2026-02-12 15:31:17.113 [http-nio-8080-exec-1] WARN  o.s.w.s.m.s.DefaultHandlerExceptionResolver - Resolved [org.springframework.web.method.annotation.MethodArgumentTypeMismatchException: Method parameter 'id': Failed to convert value of type 'java.lang.String' to required type 'int'; For input string: "undefined"]
2026-02-12 15:31:17.113 [http-nio-8080-exec-1] DEBUG o.s.web.servlet.DispatcherServlet - Completed 400 BAD_REQUEST
2026-02-12 15:31:17.113 [http-nio-8080-exec-1] DEBUG o.s.web.servlet.DispatcherServlet - "ERROR" dispatch for GET "/error", parameters={}
2026-02-12 15:31:17.114 [http-nio-8080-exec-1] DEBUG o.s.w.s.m.m.a.RequestMappingHandlerMapping - Mapped to org.springframework.boot.autoconfigure.web.servlet.error.BasicErrorController#error(HttpServletRequest)
2026-02-12 15:31:17.115 [http-nio-8080-exec-1] DEBUG o.s.w.s.m.m.a.HttpEntityMethodProcessor - Using 'application/json', given [application/json, text/plain, */*] and supported [application/json, application/*+json]
2026-02-12 15:31:17.115 [http-nio-8080-exec-1] DEBUG o.s.w.s.m.m.a.HttpEntityMethodProcessor - Writing [{timestamp=Thu Feb 12 15:31:17 CET 2026, status=400, error=Bad Request, trace=org.springframework.we (truncated)...]
2026-02-12 15:31:17.116 [http-nio-8080-exec-1] DEBUG o.s.web.servlet.DispatcherServlet - Exiting from "ERROR" dispatch, status 400
2026-02-12 15:31:17.118 [http-nio-8080-exec-2] DEBUG o.s.web.servlet.DispatcherServlet - GET "/api/tareas/usuario/undefined", parameters={}
2026-02-12 15:31:17.119 [http-nio-8080-exec-2] DEBUG o.s.w.s.m.m.a.RequestMappingHandlerMapping - Mapped to com.example.ProyectoBackEnd.controller.TaskController#listarPorUsuario(int)
2026-02-12 15:31:17.120 [http-nio-8080-exec-2] DEBUG o.s.web.method.HandlerMethod - Could not resolve parameter [0] in public org.springframework.hateoas.CollectionModel<org.springframework.hateoas.EntityModel<com.example.ProyectoBackEnd.dao.entity.TaskEntity>> com.example.ProyectoBackEnd.controller.TaskController.listarPorUsuario(int): Method parameter 'id': Failed to convert value of type 'java.lang.String' to required type 'int'; For input string: "undefined"
2026-02-12 15:31:17.120 [http-nio-8080-exec-2] WARN  o.s.w.s.m.s.DefaultHandlerExceptionResolver - Resolved [org.springframework.web.method.annotation.MethodArgumentTypeMismatchException: Method parameter 'id': Failed to convert value of type 'java.lang.String' to required type 'int'; For input string: "undefined"]
2026-02-12 15:31:17.121 [http-nio-8080-exec-2] DEBUG o.s.web.servlet.DispatcherServlet - Completed 400 BAD_REQUEST
2026-02-12 15:31:17.121 [http-nio-8080-exec-2] DEBUG o.s.web.servlet.DispatcherServlet - "ERROR" dispatch for GET "/error", parameters={}
2026-02-12 15:31:17.122 [http-nio-8080-exec-2] DEBUG o.s.w.s.m.m.a.RequestMappingHandlerMapping - Mapped to org.springframework.boot.autoconfigure.web.servlet.error.BasicErrorController#error(HttpServletRequest)
2026-02-12 15:31:17.123 [http-nio-8080-exec-2] DEBUG o.s.w.s.m.m.a.HttpEntityMethodProcessor - Using 'application/json', given [application/json, text/plain, */*] and supported [application/json, application/*+json]
2026-02-12 15:31:17.124 [http-nio-8080-exec-2] DEBUG o.s.w.s.m.m.a.HttpEntityMethodProcessor - Writing [{timestamp=Thu Feb 12 15:31:17 CET 2026, status=400, error=Bad Request, trace=org.springframework.we (truncated)...]
2026-02-12 15:31:17.124 [http-nio-8080-exec-2] DEBUG o.s.web.servlet.DispatcherServlet - Exiting from "ERROR" dispatch, status 400
2026-02-12 15:31:20.080 [http-nio-8080-exec-3] DEBUG o.s.web.servlet.DispatcherServlet - POST "/api/tareas", parameters={}
2026-02-12 15:31:20.080 [http-nio-8080-exec-3] DEBUG o.s.w.s.m.m.a.RequestMappingHandlerMapping - Mapped to com.example.ProyectoBackEnd.controller.TaskController#insertar(TaskEntity)
2026-02-12 15:31:20.082 [http-nio-8080-exec-3] DEBUG o.s.w.s.m.m.a.RequestResponseBodyMethodProcessor - Read "application/json;charset=UTF-8" to [TaskEntity(idTarea=null, titulo=TESSS, estado=Pendiente, fechaCreacion=null, usuario=null)]
2026-02-12 15:31:20.082 [http-nio-8080-exec-3] INFO  c.e.P.controller.TaskController - API: Insertando nueva tarea
2026-02-12 15:31:20.082 [http-nio-8080-exec-3] WARN  o.h.e.jdbc.spi.SqlExceptionHelper - SQL Error: 1048, SQLState: 23000
2026-02-12 15:31:20.082 [http-nio-8080-exec-3] ERROR o.h.e.jdbc.spi.SqlExceptionHelper - Column 'usuario_id' cannot be null
2026-02-12 15:31:20.082 [http-nio-8080-exec-3] ERROR c.e.P.aspect.LogginAspect - Error en guardarTarea: could not execute statement [Column 'usuario_id' cannot be null] [insert into tareas (estado,tit_tarea,usuario_id) values (?,?,?)]; SQL [insert into tareas (estado,tit_tarea,usuario_id) values (?,?,?)]; constraint [null]
2026-02-12 15:31:20.082 [http-nio-8080-exec-3] DEBUG o.s.web.servlet.DispatcherServlet - Failed to complete request: org.springframework.dao.DataIntegrityViolationException: could not execute statement [Column 'usuario_id' cannot be null] [insert into tareas (estado,tit_tarea,usuario_id) values (?,?,?)]; SQL [insert into tareas (estado,tit_tarea,usuario_id) values (?,?,?)]; constraint [null]
2026-02-12 15:31:20.082 [http-nio-8080-exec-3] ERROR o.a.c.c.C.[.[.[.[dispatcherServlet] - Servlet.service() for servlet [dispatcherServlet] in context with path [] threw exception [Request processing failed: org.springframework.dao.DataIntegrityViolationException: could not execute statement [Column 'usuario_id' cannot be null] [insert into tareas (estado,tit_tarea,usuario_id) values (?,?,?)]; SQL [insert into tareas (estado,tit_tarea,usuario_id) values (?,?,?)]; constraint [null]] with root cause
java.sql.SQLIntegrityConstraintViolationException: Column 'usuario_id' cannot be null
	at com.mysql.cj.jdbc.exceptions.SQLError.createSQLException(SQLError.java:109)
	at com.mysql.cj.jdbc.exceptions.SQLExceptionsMapping.translateException(SQLExceptionsMapping.java:114)
	at com.mysql.cj.jdbc.ClientPreparedStatement.executeInternal(ClientPreparedStatement.java:988)
	at com.mysql.cj.jdbc.ClientPreparedStatement.executeUpdateInternal(ClientPreparedStatement.java:1166)
	at com.mysql.cj.jdbc.ClientPreparedStatement.executeUpdateInternal(ClientPreparedStatement.java:1101)
	at com.mysql.cj.jdbc.ClientPreparedStatement.executeLargeUpdate(ClientPreparedStatement.java:1448)
	at com.mysql.cj.jdbc.ClientPreparedStatement.executeUpdate(ClientPreparedStatement.java:1084)
	at com.zaxxer.hikari.pool.ProxyPreparedStatement.executeUpdate(ProxyPreparedStatement.java:61)
	at com.zaxxer.hikari.pool.HikariProxyPreparedStatement.executeUpdate(HikariProxyPreparedStatement.java)
	at org.hibernate.engine.jdbc.internal.ResultSetReturnImpl.executeUpdate(ResultSetReturnImpl.java:194)
	at org.hibernate.id.insert.GetGeneratedKeysDelegate.performMutation(GetGeneratedKeysDelegate.java:116)
	at org.hibernate.engine.jdbc.mutation.internal.MutationExecutorSingleNonBatched.performNonBatchedOperations(MutationExecutorSingleNonBatched.java:47)
	at org.hibernate.engine.jdbc.mutation.internal.AbstractMutationExecutor.execute(AbstractMutationExecutor.java:55)
	at org.hibernate.persister.entity.mutation.InsertCoordinatorStandard.doStaticInserts(InsertCoordinatorStandard.java:194)
	at org.hibernate.persister.entity.mutation.InsertCoordinatorStandard.coordinateInsert(InsertCoordinatorStandard.java:132)
	at org.hibernate.persister.entity.mutation.InsertCoordinatorStandard.insert(InsertCoordinatorStandard.java:95)
	at org.hibernate.action.internal.EntityIdentityInsertAction.execute(EntityIdentityInsertAction.java:85)
	at org.hibernate.engine.spi.ActionQueue.execute(ActionQueue.java:682)
	at org.hibernate.engine.spi.ActionQueue.addResolvedEntityInsertAction(ActionQueue.java:293)
	at org.hibernate.engine.spi.ActionQueue.addInsertAction(ActionQueue.java:274)
	at org.hibernate.engine.spi.ActionQueue.addAction(ActionQueue.java:324)
	at org.hibernate.event.internal.AbstractSaveEventListener.addInsertAction(AbstractSaveEventListener.java:394)
	at org.hibernate.event.internal.AbstractSaveEventListener.performSaveOrReplicate(AbstractSaveEventListener.java:308)
	at org.hibernate.event.internal.AbstractSaveEventListener.performSave(AbstractSaveEventListener.java:224)
	at org.hibernate.event.internal.AbstractSaveEventListener.saveWithGeneratedId(AbstractSaveEventListener.java:136)
	at org.hibernate.event.internal.DefaultPersistEventListener.entityIsTransient(DefaultPersistEventListener.java:177)
	at org.hibernate.event.internal.DefaultPersistEventListener.persist(DefaultPersistEventListener.java:95)
	at org.hibernate.event.internal.DefaultPersistEventListener.onPersist(DefaultPersistEventListener.java:79)
	at org.hibernate.event.internal.DefaultPersistEventListener.onPersist(DefaultPersistEventListener.java:55)
	at org.hibernate.event.service.internal.EventListenerGroupImpl.fireEventOnEachListener(EventListenerGroupImpl.java:127)
	at org.hibernate.internal.SessionImpl.firePersist(SessionImpl.java:761)
	at org.hibernate.internal.SessionImpl.persist(SessionImpl.java:745)
	at jdk.internal.reflect.GeneratedMethodAccessor36.invoke(Unknown Source)
	at java.base/jdk.internal.reflect.DelegatingMethodAccessorImpl.invoke(DelegatingMethodAccessorImpl.java:43)
	at java.base/java.lang.reflect.Method.invoke(Method.java:568)
	at org.springframework.orm.jpa.ExtendedEntityManagerCreator$ExtendedEntityManagerInvocationHandler.invoke(ExtendedEntityManagerCreator.java:364)
	at jdk.proxy4/jdk.proxy4.$Proxy135.persist(Unknown Source)
	at jdk.internal.reflect.GeneratedMethodAccessor36.invoke(Unknown Source)
	at java.base/jdk.internal.reflect.DelegatingMethodAccessorImpl.invoke(DelegatingMethodAccessorImpl.java:43)
	at java.base/java.lang.reflect.Method.invoke(Method.java:568)
	at org.springframework.orm.jpa.SharedEntityManagerCreator$SharedEntityManagerInvocationHandler.invoke(SharedEntityManagerCreator.java:320)
	at jdk.proxy4/jdk.proxy4.$Proxy135.persist(Unknown Source)
	at org.springframework.data.jpa.repository.support.SimpleJpaRepository.save(SimpleJpaRepository.java:654)
	at jdk.internal.reflect.GeneratedMethodAccessor54.invoke(Unknown Source)
	at java.base/jdk.internal.reflect.DelegatingMethodAccessorImpl.invoke(DelegatingMethodAccessorImpl.java:43)
	at java.base/java.lang.reflect.Method.invoke(Method.java:568)
	at org.springframework.aop.support.AopUtils.invokeJoinpointUsingReflection(AopUtils.java:360)
	at org.springframework.data.repository.core.support.RepositoryMethodInvoker$RepositoryFragmentMethodInvoker.lambda$new$0(RepositoryMethodInvoker.java:277)
	at org.springframework.data.repository.core.support.RepositoryMethodInvoker.doInvoke(RepositoryMethodInvoker.java:170)
	at org.springframework.data.repository.core.support.RepositoryMethodInvoker.invoke(RepositoryMethodInvoker.java:158)
	at org.springframework.data.repository.core.support.RepositoryComposition$RepositoryFragments.invoke(RepositoryComposition.java:515)
	at org.springframework.data.repository.core.support.RepositoryComposition.invoke(RepositoryComposition.java:284)
	at org.springframework.data.repository.core.support.RepositoryFactorySupport$ImplementationMethodExecutionInterceptor.invoke(RepositoryFactorySupport.java:720)
	at org.springframework.aop.framework.ReflectiveMethodInvocation.proceed(ReflectiveMethodInvocation.java:184)
	at org.springframework.data.repository.core.support.QueryExecutorMethodInterceptor.doInvoke(QueryExecutorMethodInterceptor.java:174)
	at org.springframework.data.repository.core.support.QueryExecutorMethodInterceptor.invoke(QueryExecutorMethodInterceptor.java:149)
	at org.springframework.aop.framework.ReflectiveMethodInvocation.proceed(ReflectiveMethodInvocation.java:184)
	at org.springframework.data.projection.DefaultMethodInvokingMethodInterceptor.invoke(DefaultMethodInvokingMethodInterceptor.java:69)
	at org.springframework.aop.framework.ReflectiveMethodInvocation.proceed(ReflectiveMethodInvocation.java:184)
	at org.springframework.transaction.interceptor.TransactionAspectSupport.invokeWithinTransaction(TransactionAspectSupport.java:380)
	at org.springframework.transaction.interceptor.TransactionInterceptor.invoke(TransactionInterceptor.java:119)
	at org.springframework.aop.framework.ReflectiveMethodInvocation.proceed(ReflectiveMethodInvocation.java:184)
	at org.springframework.dao.support.PersistenceExceptionTranslationInterceptor.invoke(PersistenceExceptionTranslationInterceptor.java:138)
	at org.springframework.aop.framework.ReflectiveMethodInvocation.proceed(ReflectiveMethodInvocation.java:184)
	at org.springframework.data.jpa.repository.support.CrudMethodMetadataPostProcessor$CrudMethodMetadataPopulatingMethodInterceptor.invoke(CrudMethodMetadataPostProcessor.java:165)
	at org.springframework.aop.framework.ReflectiveMethodInvocation.proceed(ReflectiveMethodInvocation.java:184)
	at org.springframework.aop.framework.JdkDynamicAopProxy.invoke(JdkDynamicAopProxy.java:223)
	at jdk.proxy4/jdk.proxy4.$Proxy151.save(Unknown Source)
	at com.example.ProyectoBackEnd.service.impl.TaskServiceImpl.guardarTarea(TaskServiceImpl.java:22)
	at java.base/jdk.internal.reflect.NativeMethodAccessorImpl.invoke0(Native Method)
	at java.base/jdk.internal.reflect.NativeMethodAccessorImpl.invoke(NativeMethodAccessorImpl.java:77)
	at java.base/jdk.internal.reflect.DelegatingMethodAccessorImpl.invoke(DelegatingMethodAccessorImpl.java:43)
	at java.base/java.lang.reflect.Method.invoke(Method.java:568)
	at org.springframework.aop.support.AopUtils.invokeJoinpointUsingReflection(AopUtils.java:360)
	at org.springframework.aop.framework.ReflectiveMethodInvocation.invokeJoinpoint(ReflectiveMethodInvocation.java:196)
	at org.springframework.aop.framework.ReflectiveMethodInvocation.proceed(ReflectiveMethodInvocation.java:163)
	at org.springframework.aop.aspectj.MethodInvocationProceedingJoinPoint.proceed(MethodInvocationProceedingJoinPoint.java:89)
	at com.example.ProyectoBackEnd.aspect.LogginAspect.medirTiempoYRegistrar(LogginAspect.java:37)
	at jdk.internal.reflect.GeneratedMethodAccessor52.invoke(Unknown Source)
	at java.base/jdk.internal.reflect.DelegatingMethodAccessorImpl.invoke(DelegatingMethodAccessorImpl.java:43)
	at java.base/java.lang.reflect.Method.invoke(Method.java:568)
	at org.springframework.aop.aspectj.AbstractAspectJAdvice.invokeAdviceMethodWithGivenArgs(AbstractAspectJAdvice.java:649)
	at org.springframework.aop.aspectj.AbstractAspectJAdvice.invokeAdviceMethod(AbstractAspectJAdvice.java:631)
	at org.springframework.aop.aspectj.AspectJAroundAdvice.invoke(AspectJAroundAdvice.java:71)
	at org.springframework.aop.framework.ReflectiveMethodInvocation.proceed(ReflectiveMethodInvocation.java:184)
	at org.springframework.aop.interceptor.ExposeInvocationInterceptor.invoke(ExposeInvocationInterceptor.java:97)
	at org.springframework.aop.framework.ReflectiveMethodInvocation.proceed(ReflectiveMethodInvocation.java:184)
	at org.springframework.aop.framework.CglibAopProxy$DynamicAdvisedInterceptor.intercept(CglibAopProxy.java:728)
	at com.example.ProyectoBackEnd.service.impl.TaskServiceImpl$$SpringCGLIB$$0.guardarTarea(<generated>)
	at com.example.ProyectoBackEnd.controller.TaskController.insertar(TaskController.java:58)
	at java.base/jdk.internal.reflect.NativeMethodAccessorImpl.invoke0(Native Method)
	at java.base/jdk.internal.reflect.NativeMethodAccessorImpl.invoke(NativeMethodAccessorImpl.java:77)
	at java.base/jdk.internal.reflect.DelegatingMethodAccessorImpl.invoke(DelegatingMethodAccessorImpl.java:43)
	at java.base/java.lang.reflect.Method.invoke(Method.java:568)
	at org.springframework.web.method.support.InvocableHandlerMethod.doInvoke(InvocableHandlerMethod.java:258)
	at org.springframework.web.method.support.InvocableHandlerMethod.invokeForRequest(InvocableHandlerMethod.java:191)
	at org.springframework.web.servlet.mvc.method.annotation.ServletInvocableHandlerMethod.invokeAndHandle(ServletInvocableHandlerMethod.java:118)
	at org.springframework.web.servlet.mvc.method.annotation.RequestMappingHandlerAdapter.invokeHandlerMethod(RequestMappingHandlerAdapter.java:991)
	at org.springframework.web.servlet.mvc.method.annotation.RequestMappingHandlerAdapter.handleInternal(RequestMappingHandlerAdapter.java:896)
	at org.springframework.web.servlet.mvc.method.AbstractHandlerMethodAdapter.handle(AbstractHandlerMethodAdapter.java:87)
	at org.springframework.web.servlet.DispatcherServlet.doDispatch(DispatcherServlet.java:1089)
	at org.springframework.web.servlet.DispatcherServlet.doService(DispatcherServlet.java:979)
	at org.springframework.web.servlet.FrameworkServlet.processRequest(FrameworkServlet.java:1014)
	at org.springframework.web.servlet.FrameworkServlet.doPost(FrameworkServlet.java:914)
	at jakarta.servlet.http.HttpServlet.service(HttpServlet.java:590)
	at org.springframework.web.servlet.FrameworkServlet.service(FrameworkServlet.java:885)
	at jakarta.servlet.http.HttpServlet.service(HttpServlet.java:658)
	at org.apache.catalina.core.ApplicationFilterChain.internalDoFilter(ApplicationFilterChain.java:193)
	at org.apache.catalina.core.ApplicationFilterChain.doFilter(ApplicationFilterChain.java:138)
	at org.apache.tomcat.websocket.server.WsFilter.doFilter(WsFilter.java:51)
	at org.apache.catalina.core.ApplicationFilterChain.internalDoFilter(ApplicationFilterChain.java:162)
	at org.apache.catalina.core.ApplicationFilterChain.doFilter(ApplicationFilterChain.java:138)
	at org.springframework.web.filter.RequestContextFilter.doFilterInternal(RequestContextFilter.java:100)
	at org.springframework.web.filter.OncePerRequestFilter.doFilter(OncePerRequestFilter.java:116)
	at org.apache.catalina.core.ApplicationFilterChain.internalDoFilter(ApplicationFilterChain.java:162)
	at org.apache.catalina.core.ApplicationFilterChain.doFilter(ApplicationFilterChain.java:138)
	at org.springframework.web.filter.FormContentFilter.doFilterInternal(FormContentFilter.java:93)
	at org.springframework.web.filter.OncePerRequestFilter.doFilter(OncePerRequestFilter.java:116)
	at org.apache.catalina.core.ApplicationFilterChain.internalDoFilter(ApplicationFilterChain.java:162)
	at org.apache.catalina.core.ApplicationFilterChain.doFilter(ApplicationFilterChain.java:138)
	at org.springframework.web.filter.CharacterEncodingFilter.doFilterInternal(CharacterEncodingFilter.java:201)
	at org.springframework.web.filter.OncePerRequestFilter.doFilter(OncePerRequestFilter.java:116)
	at org.apache.catalina.core.ApplicationFilterChain.internalDoFilter(ApplicationFilterChain.java:162)
	at org.apache.catalina.core.ApplicationFilterChain.doFilter(ApplicationFilterChain.java:138)
	at org.apache.catalina.core.StandardWrapperValve.invoke(StandardWrapperValve.java:165)
	at org.apache.catalina.core.StandardContextValve.invoke(StandardContextValve.java:88)
	at org.apache.catalina.authenticator.AuthenticatorBase.invoke(AuthenticatorBase.java:482)
	at org.apache.catalina.core.StandardHostValve.invoke(StandardHostValve.java:113)
	at org.apache.catalina.valves.ErrorReportValve.invoke(ErrorReportValve.java:83)
	at org.apache.catalina.core.StandardEngineValve.invoke(StandardEngineValve.java:72)
	at org.apache.catalina.connector.CoyoteAdapter.service(CoyoteAdapter.java:342)
	at org.apache.coyote.http11.Http11Processor.service(Http11Processor.java:399)
	at org.apache.coyote.AbstractProcessorLight.process(AbstractProcessorLight.java:63)
	at org.apache.coyote.AbstractProtocol$ConnectionHandler.process(AbstractProtocol.java:903)
	at org.apache.tomcat.util.net.NioEndpoint$SocketProcessor.doRun(NioEndpoint.java:1774)
	at org.apache.tomcat.util.net.SocketProcessorBase.run(SocketProcessorBase.java:52)
	at org.apache.tomcat.util.threads.ThreadPoolExecutor.runWorker(ThreadPoolExecutor.java:973)
	at org.apache.tomcat.util.threads.ThreadPoolExecutor$Worker.run(ThreadPoolExecutor.java:491)
	at org.apache.tomcat.util.threads.TaskThread$WrappingRunnable.run(TaskThread.java:63)
	at java.base/java.lang.Thread.run(Thread.java:842)
2026-02-12 15:31:20.082 [http-nio-8080-exec-3] DEBUG o.s.web.servlet.DispatcherServlet - "ERROR" dispatch for POST "/error", parameters={}
2026-02-12 15:31:20.082 [http-nio-8080-exec-3] DEBUG o.s.w.s.m.m.a.RequestMappingHandlerMapping - Mapped to org.springframework.boot.autoconfigure.web.servlet.error.BasicErrorController#error(HttpServletRequest)
2026-02-12 15:31:20.082 [http-nio-8080-exec-3] DEBUG o.s.w.s.m.m.a.HttpEntityMethodProcessor - Using 'application/json', given [application/json, text/plain, */*] and supported [application/json, application/*+json]
2026-02-12 15:31:20.082 [http-nio-8080-exec-3] DEBUG o.s.w.s.m.m.a.HttpEntityMethodProcessor - Writing [{timestamp=Thu Feb 12 15:31:20 CET 2026, status=500, error=Internal Server Error, trace=org.springfr (truncated)...]
2026-02-12 15:31:20.082 [http-nio-8080-exec-3] DEBUG o.s.web.servlet.DispatcherServlet - Exiting from "ERROR" dispatch, status 500
2026-02-12 15:34:33.577 [http-nio-8080-exec-4] DEBUG o.s.web.servlet.DispatcherServlet - POST "/api/auth-rest/loginAccion", parameters={}
2026-02-12 15:34:33.578 [http-nio-8080-exec-4] DEBUG o.s.w.s.m.m.a.RequestMappingHandlerMapping - Mapped to com.example.ProyectoBackEnd.controller.LoginController#loginAccion(UsuarioEntity, HttpSession)
2026-02-12 15:34:33.579 [http-nio-8080-exec-4] DEBUG o.s.w.s.m.m.a.RequestResponseBodyMethodProcessor - Read "application/json;charset=UTF-8" to [UsuarioEntity(idUsuario=null, usuario=admin, contraseña=1234, fechaCreacion=null, estado=null, fecha (truncated)...]
2026-02-12 15:34:33.579 [http-nio-8080-exec-4] INFO  c.e.P.controller.LoginController - AUDITORIA: Intento de login para usuario: admin
2026-02-12 15:34:33.588 [http-nio-8080-exec-4] INFO  c.e.P.aspect.LogginAspect - Operación buscarPorNombre completada en 3 ms
2026-02-12 15:34:33.593 [http-nio-8080-exec-4] INFO  c.e.P.aspect.LogginAspect - Operación validarLogin completada en 3 ms
2026-02-12 15:34:33.593 [http-nio-8080-exec-4] INFO  c.e.P.controller.LoginController - Login exitoso. Derivando a principal.
2026-02-12 15:34:33.608 [http-nio-8080-exec-4] DEBUG o.s.w.s.m.m.a.RequestResponseBodyMethodProcessor - Using 'application/json', given [application/json, text/plain, */*] and supported [application/hal+json, application/vnd.hal+json, application/json, application/schema+json, application/json-patch+json, application/merge-patch+json, application/x-spring-data-verbose+json, application/x-spring-data-compact+json, application/prs.hal-forms+json, application/*+json]
2026-02-12 15:34:33.609 [http-nio-8080-exec-4] DEBUG o.s.w.s.m.m.a.RequestResponseBodyMethodProcessor - Writing [EntityModel { content: UsuarioEntity(idUsuario=1, usuario=admin, contraseña=1234, fechaCreacion=2026 (truncated)...]
2026-02-12 15:34:33.610 [http-nio-8080-exec-4] DEBUG o.s.web.servlet.DispatcherServlet - Completed 200 OK
2026-02-12 15:34:35.849 [http-nio-8080-exec-5] DEBUG o.s.web.servlet.DispatcherServlet - GET "/api/tareas/usuario/undefined", parameters={}
2026-02-12 15:34:35.849 [http-nio-8080-exec-5] DEBUG o.s.w.s.m.m.a.RequestMappingHandlerMapping - Mapped to com.example.ProyectoBackEnd.controller.TaskController#listarPorUsuario(int)
2026-02-12 15:34:35.850 [http-nio-8080-exec-5] DEBUG o.s.web.method.HandlerMethod - Could not resolve parameter [0] in public org.springframework.hateoas.CollectionModel<org.springframework.hateoas.EntityModel<com.example.ProyectoBackEnd.dao.entity.TaskEntity>> com.example.ProyectoBackEnd.controller.TaskController.listarPorUsuario(int): Method parameter 'id': Failed to convert value of type 'java.lang.String' to required type 'int'; For input string: "undefined"
2026-02-12 15:34:35.850 [http-nio-8080-exec-5] WARN  o.s.w.s.m.s.DefaultHandlerExceptionResolver - Resolved [org.springframework.web.method.annotation.MethodArgumentTypeMismatchException: Method parameter 'id': Failed to convert value of type 'java.lang.String' to required type 'int'; For input string: "undefined"]
2026-02-12 15:34:35.851 [http-nio-8080-exec-5] DEBUG o.s.web.servlet.DispatcherServlet - Completed 400 BAD_REQUEST
2026-02-12 15:34:35.851 [http-nio-8080-exec-5] DEBUG o.s.web.servlet.DispatcherServlet - "ERROR" dispatch for GET "/error", parameters={}
2026-02-12 15:34:35.851 [http-nio-8080-exec-5] DEBUG o.s.w.s.m.m.a.RequestMappingHandlerMapping - Mapped to org.springframework.boot.autoconfigure.web.servlet.error.BasicErrorController#error(HttpServletRequest)
2026-02-12 15:34:35.852 [http-nio-8080-exec-5] DEBUG o.s.w.s.m.m.a.HttpEntityMethodProcessor - Using 'application/json', given [application/json, text/plain, */*] and supported [application/json, application/*+json]
2026-02-12 15:34:35.853 [http-nio-8080-exec-5] DEBUG o.s.w.s.m.m.a.HttpEntityMethodProcessor - Writing [{timestamp=Thu Feb 12 15:34:35 CET 2026, status=400, error=Bad Request, trace=org.springframework.we (truncated)...]
2026-02-12 15:34:35.854 [http-nio-8080-exec-5] DEBUG o.s.web.servlet.DispatcherServlet - Exiting from "ERROR" dispatch, status 400
2026-02-12 15:34:35.856 [http-nio-8080-exec-6] DEBUG o.s.web.servlet.DispatcherServlet - GET "/api/tareas/usuario/undefined", parameters={}
2026-02-12 15:34:35.856 [http-nio-8080-exec-6] DEBUG o.s.w.s.m.m.a.RequestMappingHandlerMapping - Mapped to com.example.ProyectoBackEnd.controller.TaskController#listarPorUsuario(int)
2026-02-12 15:34:35.857 [http-nio-8080-exec-6] DEBUG o.s.web.method.HandlerMethod - Could not resolve parameter [0] in public org.springframework.hateoas.CollectionModel<org.springframework.hateoas.EntityModel<com.example.ProyectoBackEnd.dao.entity.TaskEntity>> com.example.ProyectoBackEnd.controller.TaskController.listarPorUsuario(int): Method parameter 'id': Failed to convert value of type 'java.lang.String' to required type 'int'; For input string: "undefined"
2026-02-12 15:34:35.858 [http-nio-8080-exec-6] WARN  o.s.w.s.m.s.DefaultHandlerExceptionResolver - Resolved [org.springframework.web.method.annotation.MethodArgumentTypeMismatchException: Method parameter 'id': Failed to convert value of type 'java.lang.String' to required type 'int'; For input string: "undefined"]
2026-02-12 15:34:35.858 [http-nio-8080-exec-6] DEBUG o.s.web.servlet.DispatcherServlet - Completed 400 BAD_REQUEST
2026-02-12 15:34:35.858 [http-nio-8080-exec-6] DEBUG o.s.web.servlet.DispatcherServlet - "ERROR" dispatch for GET "/error", parameters={}
2026-02-12 15:34:35.858 [http-nio-8080-exec-6] DEBUG o.s.w.s.m.m.a.RequestMappingHandlerMapping - Mapped to org.springframework.boot.autoconfigure.web.servlet.error.BasicErrorController#error(HttpServletRequest)
2026-02-12 15:34:35.860 [http-nio-8080-exec-6] DEBUG o.s.w.s.m.m.a.HttpEntityMethodProcessor - Using 'application/json', given [application/json, text/plain, */*] and supported [application/json, application/*+json]
2026-02-12 15:34:35.860 [http-nio-8080-exec-6] DEBUG o.s.w.s.m.m.a.HttpEntityMethodProcessor - Writing [{timestamp=Thu Feb 12 15:34:35 CET 2026, status=400, error=Bad Request, trace=org.springframework.we (truncated)...]
2026-02-12 15:34:35.861 [http-nio-8080-exec-6] DEBUG o.s.web.servlet.DispatcherServlet - Exiting from "ERROR" dispatch, status 400
2026-02-12 15:34:37.758 [http-nio-8080-exec-7] DEBUG o.s.web.servlet.DispatcherServlet - POST "/api/tareas", parameters={}
2026-02-12 15:34:37.758 [http-nio-8080-exec-7] DEBUG o.s.w.s.m.m.a.RequestMappingHandlerMapping - Mapped to com.example.ProyectoBackEnd.controller.TaskController#insertar(TaskEntity)
2026-02-12 15:34:37.762 [http-nio-8080-exec-7] DEBUG o.s.w.s.m.m.a.RequestResponseBodyMethodProcessor - Read "application/json;charset=UTF-8" to [TaskEntity(idTarea=null, titulo=a, estado=Pendiente, fechaCreacion=null, usuario=null)]
2026-02-12 15:34:37.762 [http-nio-8080-exec-7] INFO  c.e.P.controller.TaskController - API: Insertando nueva tarea
2026-02-12 15:34:37.762 [http-nio-8080-exec-7] WARN  o.h.e.jdbc.spi.SqlExceptionHelper - SQL Error: 1048, SQLState: 23000
2026-02-12 15:34:37.762 [http-nio-8080-exec-7] ERROR o.h.e.jdbc.spi.SqlExceptionHelper - Column 'usuario_id' cannot be null
2026-02-12 15:34:37.762 [http-nio-8080-exec-7] ERROR c.e.P.aspect.LogginAspect - Error en guardarTarea: could not execute statement [Column 'usuario_id' cannot be null] [insert into tareas (estado,tit_tarea,usuario_id) values (?,?,?)]; SQL [insert into tareas (estado,tit_tarea,usuario_id) values (?,?,?)]; constraint [null]
2026-02-12 15:34:37.762 [http-nio-8080-exec-7] DEBUG o.s.web.servlet.DispatcherServlet - Failed to complete request: org.springframework.dao.DataIntegrityViolationException: could not execute statement [Column 'usuario_id' cannot be null] [insert into tareas (estado,tit_tarea,usuario_id) values (?,?,?)]; SQL [insert into tareas (estado,tit_tarea,usuario_id) values (?,?,?)]; constraint [null]
2026-02-12 15:34:37.762 [http-nio-8080-exec-7] ERROR o.a.c.c.C.[.[.[.[dispatcherServlet] - Servlet.service() for servlet [dispatcherServlet] in context with path [] threw exception [Request processing failed: org.springframework.dao.DataIntegrityViolationException: could not execute statement [Column 'usuario_id' cannot be null] [insert into tareas (estado,tit_tarea,usuario_id) values (?,?,?)]; SQL [insert into tareas (estado,tit_tarea,usuario_id) values (?,?,?)]; constraint [null]] with root cause
java.sql.SQLIntegrityConstraintViolationException: Column 'usuario_id' cannot be null
	at com.mysql.cj.jdbc.exceptions.SQLError.createSQLException(SQLError.java:109)
	at com.mysql.cj.jdbc.exceptions.SQLExceptionsMapping.translateException(SQLExceptionsMapping.java:114)
	at com.mysql.cj.jdbc.ClientPreparedStatement.executeInternal(ClientPreparedStatement.java:988)
	at com.mysql.cj.jdbc.ClientPreparedStatement.executeUpdateInternal(ClientPreparedStatement.java:1166)
	at com.mysql.cj.jdbc.ClientPreparedStatement.executeUpdateInternal(ClientPreparedStatement.java:1101)
	at com.mysql.cj.jdbc.ClientPreparedStatement.executeLargeUpdate(ClientPreparedStatement.java:1448)
	at com.mysql.cj.jdbc.ClientPreparedStatement.executeUpdate(ClientPreparedStatement.java:1084)
	at com.zaxxer.hikari.pool.ProxyPreparedStatement.executeUpdate(ProxyPreparedStatement.java:61)
	at com.zaxxer.hikari.pool.HikariProxyPreparedStatement.executeUpdate(HikariProxyPreparedStatement.java)
	at org.hibernate.engine.jdbc.internal.ResultSetReturnImpl.executeUpdate(ResultSetReturnImpl.java:194)
	at org.hibernate.id.insert.GetGeneratedKeysDelegate.performMutation(GetGeneratedKeysDelegate.java:116)
	at org.hibernate.engine.jdbc.mutation.internal.MutationExecutorSingleNonBatched.performNonBatchedOperations(MutationExecutorSingleNonBatched.java:47)
	at org.hibernate.engine.jdbc.mutation.internal.AbstractMutationExecutor.execute(AbstractMutationExecutor.java:55)
	at org.hibernate.persister.entity.mutation.InsertCoordinatorStandard.doStaticInserts(InsertCoordinatorStandard.java:194)
	at org.hibernate.persister.entity.mutation.InsertCoordinatorStandard.coordinateInsert(InsertCoordinatorStandard.java:132)
	at org.hibernate.persister.entity.mutation.InsertCoordinatorStandard.insert(InsertCoordinatorStandard.java:95)
	at org.hibernate.action.internal.EntityIdentityInsertAction.execute(EntityIdentityInsertAction.java:85)
	at org.hibernate.engine.spi.ActionQueue.execute(ActionQueue.java:682)
	at org.hibernate.engine.spi.ActionQueue.addResolvedEntityInsertAction(ActionQueue.java:293)
	at org.hibernate.engine.spi.ActionQueue.addInsertAction(ActionQueue.java:274)
	at org.hibernate.engine.spi.ActionQueue.addAction(ActionQueue.java:324)
	at org.hibernate.event.internal.AbstractSaveEventListener.addInsertAction(AbstractSaveEventListener.java:394)
	at org.hibernate.event.internal.AbstractSaveEventListener.performSaveOrReplicate(AbstractSaveEventListener.java:308)
	at org.hibernate.event.internal.AbstractSaveEventListener.performSave(AbstractSaveEventListener.java:224)
	at org.hibernate.event.internal.AbstractSaveEventListener.saveWithGeneratedId(AbstractSaveEventListener.java:136)
	at org.hibernate.event.internal.DefaultPersistEventListener.entityIsTransient(DefaultPersistEventListener.java:177)
	at org.hibernate.event.internal.DefaultPersistEventListener.persist(DefaultPersistEventListener.java:95)
	at org.hibernate.event.internal.DefaultPersistEventListener.onPersist(DefaultPersistEventListener.java:79)
	at org.hibernate.event.internal.DefaultPersistEventListener.onPersist(DefaultPersistEventListener.java:55)
	at org.hibernate.event.service.internal.EventListenerGroupImpl.fireEventOnEachListener(EventListenerGroupImpl.java:127)
	at org.hibernate.internal.SessionImpl.firePersist(SessionImpl.java:761)
	at org.hibernate.internal.SessionImpl.persist(SessionImpl.java:745)
	at jdk.internal.reflect.GeneratedMethodAccessor36.invoke(Unknown Source)
	at java.base/jdk.internal.reflect.DelegatingMethodAccessorImpl.invoke(DelegatingMethodAccessorImpl.java:43)
	at java.base/java.lang.reflect.Method.invoke(Method.java:568)
	at org.springframework.orm.jpa.ExtendedEntityManagerCreator$ExtendedEntityManagerInvocationHandler.invoke(ExtendedEntityManagerCreator.java:364)
	at jdk.proxy4/jdk.proxy4.$Proxy135.persist(Unknown Source)
	at jdk.internal.reflect.GeneratedMethodAccessor36.invoke(Unknown Source)
	at java.base/jdk.internal.reflect.DelegatingMethodAccessorImpl.invoke(DelegatingMethodAccessorImpl.java:43)
	at java.base/java.lang.reflect.Method.invoke(Method.java:568)
	at org.springframework.orm.jpa.SharedEntityManagerCreator$SharedEntityManagerInvocationHandler.invoke(SharedEntityManagerCreator.java:320)
	at jdk.proxy4/jdk.proxy4.$Proxy135.persist(Unknown Source)
	at org.springframework.data.jpa.repository.support.SimpleJpaRepository.save(SimpleJpaRepository.java:654)
	at jdk.internal.reflect.GeneratedMethodAccessor54.invoke(Unknown Source)
	at java.base/jdk.internal.reflect.DelegatingMethodAccessorImpl.invoke(DelegatingMethodAccessorImpl.java:43)
	at java.base/java.lang.reflect.Method.invoke(Method.java:568)
	at org.springframework.aop.support.AopUtils.invokeJoinpointUsingReflection(AopUtils.java:360)
	at org.springframework.data.repository.core.support.RepositoryMethodInvoker$RepositoryFragmentMethodInvoker.lambda$new$0(RepositoryMethodInvoker.java:277)
	at org.springframework.data.repository.core.support.RepositoryMethodInvoker.doInvoke(RepositoryMethodInvoker.java:170)
	at org.springframework.data.repository.core.support.RepositoryMethodInvoker.invoke(RepositoryMethodInvoker.java:158)
	at org.springframework.data.repository.core.support.RepositoryComposition$RepositoryFragments.invoke(RepositoryComposition.java:515)
	at org.springframework.data.repository.core.support.RepositoryComposition.invoke(RepositoryComposition.java:284)
	at org.springframework.data.repository.core.support.RepositoryFactorySupport$ImplementationMethodExecutionInterceptor.invoke(RepositoryFactorySupport.java:720)
	at org.springframework.aop.framework.ReflectiveMethodInvocation.proceed(ReflectiveMethodInvocation.java:184)
	at org.springframework.data.repository.core.support.QueryExecutorMethodInterceptor.doInvoke(QueryExecutorMethodInterceptor.java:174)
	at org.springframework.data.repository.core.support.QueryExecutorMethodInterceptor.invoke(QueryExecutorMethodInterceptor.java:149)
	at org.springframework.aop.framework.ReflectiveMethodInvocation.proceed(ReflectiveMethodInvocation.java:184)
	at org.springframework.data.projection.DefaultMethodInvokingMethodInterceptor.invoke(DefaultMethodInvokingMethodInterceptor.java:69)
	at org.springframework.aop.framework.ReflectiveMethodInvocation.proceed(ReflectiveMethodInvocation.java:184)
	at org.springframework.transaction.interceptor.TransactionAspectSupport.invokeWithinTransaction(TransactionAspectSupport.java:380)
	at org.springframework.transaction.interceptor.TransactionInterceptor.invoke(TransactionInterceptor.java:119)
	at org.springframework.aop.framework.ReflectiveMethodInvocation.proceed(ReflectiveMethodInvocation.java:184)
	at org.springframework.dao.support.PersistenceExceptionTranslationInterceptor.invoke(PersistenceExceptionTranslationInterceptor.java:138)
	at org.springframework.aop.framework.ReflectiveMethodInvocation.proceed(ReflectiveMethodInvocation.java:184)
	at org.springframework.data.jpa.repository.support.CrudMethodMetadataPostProcessor$CrudMethodMetadataPopulatingMethodInterceptor.invoke(CrudMethodMetadataPostProcessor.java:165)
	at org.springframework.aop.framework.ReflectiveMethodInvocation.proceed(ReflectiveMethodInvocation.java:184)
	at org.springframework.aop.framework.JdkDynamicAopProxy.invoke(JdkDynamicAopProxy.java:223)
	at jdk.proxy4/jdk.proxy4.$Proxy151.save(Unknown Source)
	at com.example.ProyectoBackEnd.service.impl.TaskServiceImpl.guardarTarea(TaskServiceImpl.java:22)
	at java.base/jdk.internal.reflect.NativeMethodAccessorImpl.invoke0(Native Method)
	at java.base/jdk.internal.reflect.NativeMethodAccessorImpl.invoke(NativeMethodAccessorImpl.java:77)
	at java.base/jdk.internal.reflect.DelegatingMethodAccessorImpl.invoke(DelegatingMethodAccessorImpl.java:43)
	at java.base/java.lang.reflect.Method.invoke(Method.java:568)
	at org.springframework.aop.support.AopUtils.invokeJoinpointUsingReflection(AopUtils.java:360)
	at org.springframework.aop.framework.ReflectiveMethodInvocation.invokeJoinpoint(ReflectiveMethodInvocation.java:196)
	at org.springframework.aop.framework.ReflectiveMethodInvocation.proceed(ReflectiveMethodInvocation.java:163)
	at org.springframework.aop.aspectj.MethodInvocationProceedingJoinPoint.proceed(MethodInvocationProceedingJoinPoint.java:89)
	at com.example.ProyectoBackEnd.aspect.LogginAspect.medirTiempoYRegistrar(LogginAspect.java:37)
	at jdk.internal.reflect.GeneratedMethodAccessor52.invoke(Unknown Source)
	at java.base/jdk.internal.reflect.DelegatingMethodAccessorImpl.invoke(DelegatingMethodAccessorImpl.java:43)
	at java.base/java.lang.reflect.Method.invoke(Method.java:568)
	at org.springframework.aop.aspectj.AbstractAspectJAdvice.invokeAdviceMethodWithGivenArgs(AbstractAspectJAdvice.java:649)
	at org.springframework.aop.aspectj.AbstractAspectJAdvice.invokeAdviceMethod(AbstractAspectJAdvice.java:631)
	at org.springframework.aop.aspectj.AspectJAroundAdvice.invoke(AspectJAroundAdvice.java:71)
	at org.springframework.aop.framework.ReflectiveMethodInvocation.proceed(ReflectiveMethodInvocation.java:184)
	at org.springframework.aop.interceptor.ExposeInvocationInterceptor.invoke(ExposeInvocationInterceptor.java:97)
	at org.springframework.aop.framework.ReflectiveMethodInvocation.proceed(ReflectiveMethodInvocation.java:184)
	at org.springframework.aop.framework.CglibAopProxy$DynamicAdvisedInterceptor.intercept(CglibAopProxy.java:728)
	at com.example.ProyectoBackEnd.service.impl.TaskServiceImpl$$SpringCGLIB$$0.guardarTarea(<generated>)
	at com.example.ProyectoBackEnd.controller.TaskController.insertar(TaskController.java:58)
	at java.base/jdk.internal.reflect.NativeMethodAccessorImpl.invoke0(Native Method)
	at java.base/jdk.internal.reflect.NativeMethodAccessorImpl.invoke(NativeMethodAccessorImpl.java:77)
	at java.base/jdk.internal.reflect.DelegatingMethodAccessorImpl.invoke(DelegatingMethodAccessorImpl.java:43)
	at java.base/java.lang.reflect.Method.invoke(Method.java:568)
	at org.springframework.web.method.support.InvocableHandlerMethod.doInvoke(InvocableHandlerMethod.java:258)
	at org.springframework.web.method.support.InvocableHandlerMethod.invokeForRequest(InvocableHandlerMethod.java:191)
	at org.springframework.web.servlet.mvc.method.annotation.ServletInvocableHandlerMethod.invokeAndHandle(ServletInvocableHandlerMethod.java:118)
	at org.springframework.web.servlet.mvc.method.annotation.RequestMappingHandlerAdapter.invokeHandlerMethod(RequestMappingHandlerAdapter.java:991)
	at org.springframework.web.servlet.mvc.method.annotation.RequestMappingHandlerAdapter.handleInternal(RequestMappingHandlerAdapter.java:896)
	at org.springframework.web.servlet.mvc.method.AbstractHandlerMethodAdapter.handle(AbstractHandlerMethodAdapter.java:87)
	at org.springframework.web.servlet.DispatcherServlet.doDispatch(DispatcherServlet.java:1089)
	at org.springframework.web.servlet.DispatcherServlet.doService(DispatcherServlet.java:979)
	at org.springframework.web.servlet.FrameworkServlet.processRequest(FrameworkServlet.java:1014)
	at org.springframework.web.servlet.FrameworkServlet.doPost(FrameworkServlet.java:914)
	at jakarta.servlet.http.HttpServlet.service(HttpServlet.java:590)
	at org.springframework.web.servlet.FrameworkServlet.service(FrameworkServlet.java:885)
	at jakarta.servlet.http.HttpServlet.service(HttpServlet.java:658)
	at org.apache.catalina.core.ApplicationFilterChain.internalDoFilter(ApplicationFilterChain.java:193)
	at org.apache.catalina.core.ApplicationFilterChain.doFilter(ApplicationFilterChain.java:138)
	at org.apache.tomcat.websocket.server.WsFilter.doFilter(WsFilter.java:51)
	at org.apache.catalina.core.ApplicationFilterChain.internalDoFilter(ApplicationFilterChain.java:162)
	at org.apache.catalina.core.ApplicationFilterChain.doFilter(ApplicationFilterChain.java:138)
	at org.springframework.web.filter.RequestContextFilter.doFilterInternal(RequestContextFilter.java:100)
	at org.springframework.web.filter.OncePerRequestFilter.doFilter(OncePerRequestFilter.java:116)
	at org.apache.catalina.core.ApplicationFilterChain.internalDoFilter(ApplicationFilterChain.java:162)
	at org.apache.catalina.core.ApplicationFilterChain.doFilter(ApplicationFilterChain.java:138)
	at org.springframework.web.filter.FormContentFilter.doFilterInternal(FormContentFilter.java:93)
	at org.springframework.web.filter.OncePerRequestFilter.doFilter(OncePerRequestFilter.java:116)
	at org.apache.catalina.core.ApplicationFilterChain.internalDoFilter(ApplicationFilterChain.java:162)
	at org.apache.catalina.core.ApplicationFilterChain.doFilter(ApplicationFilterChain.java:138)
	at org.springframework.web.filter.CharacterEncodingFilter.doFilterInternal(CharacterEncodingFilter.java:201)
	at org.springframework.web.filter.OncePerRequestFilter.doFilter(OncePerRequestFilter.java:116)
	at org.apache.catalina.core.ApplicationFilterChain.internalDoFilter(ApplicationFilterChain.java:162)
	at org.apache.catalina.core.ApplicationFilterChain.doFilter(ApplicationFilterChain.java:138)
	at org.apache.catalina.core.StandardWrapperValve.invoke(StandardWrapperValve.java:165)
	at org.apache.catalina.core.StandardContextValve.invoke(StandardContextValve.java:88)
	at org.apache.catalina.authenticator.AuthenticatorBase.invoke(AuthenticatorBase.java:482)
	at org.apache.catalina.core.StandardHostValve.invoke(StandardHostValve.java:113)
	at org.apache.catalina.valves.ErrorReportValve.invoke(ErrorReportValve.java:83)
	at org.apache.catalina.core.StandardEngineValve.invoke(StandardEngineValve.java:72)
	at org.apache.catalina.connector.CoyoteAdapter.service(CoyoteAdapter.java:342)
	at org.apache.coyote.http11.Http11Processor.service(Http11Processor.java:399)
	at org.apache.coyote.AbstractProcessorLight.process(AbstractProcessorLight.java:63)
	at org.apache.coyote.AbstractProtocol$ConnectionHandler.process(AbstractProtocol.java:903)
	at org.apache.tomcat.util.net.NioEndpoint$SocketProcessor.doRun(NioEndpoint.java:1774)
	at org.apache.tomcat.util.net.SocketProcessorBase.run(SocketProcessorBase.java:52)
	at org.apache.tomcat.util.threads.ThreadPoolExecutor.runWorker(ThreadPoolExecutor.java:973)
	at org.apache.tomcat.util.threads.ThreadPoolExecutor$Worker.run(ThreadPoolExecutor.java:491)
	at org.apache.tomcat.util.threads.TaskThread$WrappingRunnable.run(TaskThread.java:63)
	at java.base/java.lang.Thread.run(Thread.java:842)
2026-02-12 15:34:37.762 [http-nio-8080-exec-7] DEBUG o.s.web.servlet.DispatcherServlet - "ERROR" dispatch for POST "/error", parameters={}
2026-02-12 15:34:37.762 [http-nio-8080-exec-7] DEBUG o.s.w.s.m.m.a.RequestMappingHandlerMapping - Mapped to org.springframework.boot.autoconfigure.web.servlet.error.BasicErrorController#error(HttpServletRequest)
2026-02-12 15:34:37.769 [http-nio-8080-exec-7] DEBUG o.s.w.s.m.m.a.HttpEntityMethodProcessor - Using 'application/json', given [application/json, text/plain, */*] and supported [application/json, application/*+json]
2026-02-12 15:34:37.769 [http-nio-8080-exec-7] DEBUG o.s.w.s.m.m.a.HttpEntityMethodProcessor - Writing [{timestamp=Thu Feb 12 15:34:37 CET 2026, status=500, error=Internal Server Error, trace=org.springfr (truncated)...]
2026-02-12 15:34:37.769 [http-nio-8080-exec-7] DEBUG o.s.web.servlet.DispatcherServlet - Exiting from "ERROR" dispatch, status 500
2026-02-12 15:36:27.013 [http-nio-8080-exec-8] DEBUG o.s.web.servlet.DispatcherServlet - POST "/api/auth-rest/loginAccion", parameters={}
2026-02-12 15:36:27.013 [http-nio-8080-exec-8] DEBUG o.s.w.s.m.m.a.RequestMappingHandlerMapping - Mapped to com.example.ProyectoBackEnd.controller.LoginController#loginAccion(UsuarioEntity, HttpSession)
2026-02-12 15:36:27.015 [http-nio-8080-exec-8] DEBUG o.s.w.s.m.m.a.RequestResponseBodyMethodProcessor - Read "application/json;charset=UTF-8" to [UsuarioEntity(idUsuario=null, usuario=admin, contraseña=1234, fechaCreacion=null, estado=null, fecha (truncated)...]
2026-02-12 15:36:27.015 [http-nio-8080-exec-8] INFO  c.e.P.controller.LoginController - AUDITORIA: Intento de login para usuario: admin
2026-02-12 15:36:27.025 [http-nio-8080-exec-8] INFO  c.e.P.aspect.LogginAspect - Operación buscarPorNombre completada en 3 ms
2026-02-12 15:36:27.034 [http-nio-8080-exec-8] INFO  c.e.P.aspect.LogginAspect - Operación validarLogin completada en 5 ms
2026-02-12 15:36:27.034 [http-nio-8080-exec-8] INFO  c.e.P.controller.LoginController - Login exitoso. Derivando a principal.
2026-02-12 15:36:27.050 [http-nio-8080-exec-8] DEBUG o.s.w.s.m.m.a.RequestResponseBodyMethodProcessor - Using 'application/json', given [application/json, text/plain, */*] and supported [application/hal+json, application/vnd.hal+json, application/json, application/schema+json, application/json-patch+json, application/merge-patch+json, application/x-spring-data-verbose+json, application/x-spring-data-compact+json, application/prs.hal-forms+json, application/*+json]
2026-02-12 15:36:27.051 [http-nio-8080-exec-8] DEBUG o.s.w.s.m.m.a.RequestResponseBodyMethodProcessor - Writing [EntityModel { content: UsuarioEntity(idUsuario=1, usuario=admin, contraseña=1234, fechaCreacion=2026 (truncated)...]
2026-02-12 15:36:27.053 [http-nio-8080-exec-8] DEBUG o.s.web.servlet.DispatcherServlet - Completed 200 OK
2026-02-12 15:39:32.991 [http-nio-8080-exec-10] DEBUG o.s.web.servlet.DispatcherServlet - GET "/api/tareas/usuario/undefined", parameters={}
2026-02-12 15:39:32.991 [http-nio-8080-exec-10] DEBUG o.s.w.s.m.m.a.RequestMappingHandlerMapping - Mapped to com.example.ProyectoBackEnd.controller.TaskController#listarPorUsuario(int)
2026-02-12 15:39:32.993 [http-nio-8080-exec-10] DEBUG o.s.web.method.HandlerMethod - Could not resolve parameter [0] in public org.springframework.hateoas.CollectionModel<org.springframework.hateoas.EntityModel<com.example.ProyectoBackEnd.dao.entity.TaskEntity>> com.example.ProyectoBackEnd.controller.TaskController.listarPorUsuario(int): Method parameter 'id': Failed to convert value of type 'java.lang.String' to required type 'int'; For input string: "undefined"
2026-02-12 15:39:32.993 [http-nio-8080-exec-10] WARN  o.s.w.s.m.s.DefaultHandlerExceptionResolver - Resolved [org.springframework.web.method.annotation.MethodArgumentTypeMismatchException: Method parameter 'id': Failed to convert value of type 'java.lang.String' to required type 'int'; For input string: "undefined"]
2026-02-12 15:39:32.993 [http-nio-8080-exec-10] DEBUG o.s.web.servlet.DispatcherServlet - Completed 400 BAD_REQUEST
2026-02-12 15:39:32.994 [http-nio-8080-exec-10] DEBUG o.s.web.servlet.DispatcherServlet - "ERROR" dispatch for GET "/error", parameters={}
2026-02-12 15:39:32.994 [http-nio-8080-exec-10] DEBUG o.s.w.s.m.m.a.RequestMappingHandlerMapping - Mapped to org.springframework.boot.autoconfigure.web.servlet.error.BasicErrorController#error(HttpServletRequest)
2026-02-12 15:39:32.995 [http-nio-8080-exec-10] DEBUG o.s.w.s.m.m.a.HttpEntityMethodProcessor - Using 'application/json', given [application/json, text/plain, */*] and supported [application/json, application/*+json]
2026-02-12 15:39:32.996 [http-nio-8080-exec-10] DEBUG o.s.w.s.m.m.a.HttpEntityMethodProcessor - Writing [{timestamp=Thu Feb 12 15:39:32 CET 2026, status=400, error=Bad Request, trace=org.springframework.we (truncated)...]
2026-02-12 15:39:32.997 [http-nio-8080-exec-10] DEBUG o.s.web.servlet.DispatcherServlet - Exiting from "ERROR" dispatch, status 400
2026-02-12 15:39:33.000 [http-nio-8080-exec-1] DEBUG o.s.web.servlet.DispatcherServlet - GET "/api/tareas/usuario/undefined", parameters={}
2026-02-12 15:39:33.000 [http-nio-8080-exec-1] DEBUG o.s.w.s.m.m.a.RequestMappingHandlerMapping - Mapped to com.example.ProyectoBackEnd.controller.TaskController#listarPorUsuario(int)
2026-02-12 15:39:33.002 [http-nio-8080-exec-1] DEBUG o.s.web.method.HandlerMethod - Could not resolve parameter [0] in public org.springframework.hateoas.CollectionModel<org.springframework.hateoas.EntityModel<com.example.ProyectoBackEnd.dao.entity.TaskEntity>> com.example.ProyectoBackEnd.controller.TaskController.listarPorUsuario(int): Method parameter 'id': Failed to convert value of type 'java.lang.String' to required type 'int'; For input string: "undefined"
2026-02-12 15:39:33.002 [http-nio-8080-exec-1] WARN  o.s.w.s.m.s.DefaultHandlerExceptionResolver - Resolved [org.springframework.web.method.annotation.MethodArgumentTypeMismatchException: Method parameter 'id': Failed to convert value of type 'java.lang.String' to required type 'int'; For input string: "undefined"]
2026-02-12 15:39:33.003 [http-nio-8080-exec-1] DEBUG o.s.web.servlet.DispatcherServlet - Completed 400 BAD_REQUEST
2026-02-12 15:39:33.003 [http-nio-8080-exec-1] DEBUG o.s.web.servlet.DispatcherServlet - "ERROR" dispatch for GET "/error", parameters={}
2026-02-12 15:39:33.005 [http-nio-8080-exec-1] DEBUG o.s.w.s.m.m.a.RequestMappingHandlerMapping - Mapped to org.springframework.boot.autoconfigure.web.servlet.error.BasicErrorController#error(HttpServletRequest)
2026-02-12 15:39:33.006 [http-nio-8080-exec-1] DEBUG o.s.w.s.m.m.a.HttpEntityMethodProcessor - Using 'application/json', given [application/json, text/plain, */*] and supported [application/json, application/*+json]
2026-02-12 15:39:33.007 [http-nio-8080-exec-1] DEBUG o.s.w.s.m.m.a.HttpEntityMethodProcessor - Writing [{timestamp=Thu Feb 12 15:39:33 CET 2026, status=400, error=Bad Request, trace=org.springframework.we (truncated)...]
2026-02-12 15:39:33.008 [http-nio-8080-exec-1] DEBUG o.s.web.servlet.DispatcherServlet - Exiting from "ERROR" dispatch, status 400
2026-02-12 15:43:53.354 [http-nio-8080-exec-2] DEBUG o.s.web.servlet.DispatcherServlet - POST "/api/auth-rest/loginAccion", parameters={}
2026-02-12 15:43:53.354 [http-nio-8080-exec-2] DEBUG o.s.w.s.m.m.a.RequestMappingHandlerMapping - Mapped to com.example.ProyectoBackEnd.controller.LoginController#loginAccion(UsuarioEntity, HttpSession)
2026-02-12 15:43:53.355 [http-nio-8080-exec-2] DEBUG o.s.w.s.m.m.a.RequestResponseBodyMethodProcessor - Read "application/json;charset=UTF-8" to [UsuarioEntity(idUsuario=null, usuario=admin, contraseña=1234, fechaCreacion=null, estado=null, fecha (truncated)...]
2026-02-12 15:43:53.357 [http-nio-8080-exec-2] INFO  c.e.P.controller.LoginController - AUDITORIA: Intento de login para usuario: admin
2026-02-12 15:43:53.371 [http-nio-8080-exec-2] INFO  c.e.P.aspect.LogginAspect - Operación buscarPorNombre completada en 7 ms
2026-02-12 15:43:53.377 [http-nio-8080-exec-2] INFO  c.e.P.aspect.LogginAspect - Operación validarLogin completada en 2 ms
2026-02-12 15:43:53.377 [http-nio-8080-exec-2] INFO  c.e.P.controller.LoginController - Login exitoso. Derivando a principal.
2026-02-12 15:43:53.397 [http-nio-8080-exec-2] DEBUG o.s.w.s.m.m.a.RequestResponseBodyMethodProcessor - Using 'application/json', given [application/json, text/plain, */*] and supported [application/hal+json, application/vnd.hal+json, application/json, application/schema+json, application/json-patch+json, application/merge-patch+json, application/x-spring-data-verbose+json, application/x-spring-data-compact+json, application/prs.hal-forms+json, application/*+json]
2026-02-12 15:43:53.397 [http-nio-8080-exec-2] DEBUG o.s.w.s.m.m.a.RequestResponseBodyMethodProcessor - Writing [EntityModel { content: UsuarioEntity(idUsuario=1, usuario=admin, contraseña=1234, fechaCreacion=2026 (truncated)...]
2026-02-12 15:43:53.399 [http-nio-8080-exec-2] DEBUG o.s.web.servlet.DispatcherServlet - Completed 200 OK
2026-02-12 15:43:55.842 [http-nio-8080-exec-3] DEBUG o.s.web.servlet.DispatcherServlet - GET "/api/tareas/usuario/1", parameters={}
2026-02-12 15:43:55.842 [http-nio-8080-exec-3] DEBUG o.s.w.s.m.m.a.RequestMappingHandlerMapping - Mapped to com.example.ProyectoBackEnd.controller.TaskController#listarPorUsuario(int)
2026-02-12 15:43:55.845 [http-nio-8080-exec-3] INFO  c.e.P.controller.TaskController - API: Consultando tareas del usuario: 1
2026-02-12 15:43:55.874 [http-nio-8080-exec-3] INFO  c.e.P.aspect.LogginAspect - Operación listarTareasPorUsuario completada en 24 ms
2026-02-12 15:43:55.886 [http-nio-8080-exec-3] DEBUG o.s.w.s.m.m.a.RequestResponseBodyMethodProcessor - Using 'application/json', given [application/json, text/plain, */*] and supported [application/hal+json, application/vnd.hal+json, application/json, application/schema+json, application/json-patch+json, application/merge-patch+json, application/x-spring-data-verbose+json, application/x-spring-data-compact+json, application/prs.hal-forms+json, application/*+json]
2026-02-12 15:43:55.887 [http-nio-8080-exec-3] DEBUG o.s.w.s.m.m.a.RequestResponseBodyMethodProcessor - Writing [CollectionModel { content: [EntityModel { content: TaskEntity(idTarea=29, titulo=Muestra de usuarios (truncated)...]
2026-02-12 15:43:55.896 [http-nio-8080-exec-3] DEBUG o.s.web.servlet.DispatcherServlet - Completed 200 OK
2026-02-12 15:43:55.898 [http-nio-8080-exec-4] DEBUG o.s.web.servlet.DispatcherServlet - GET "/api/tareas/usuario/1", parameters={}
2026-02-12 15:43:55.898 [http-nio-8080-exec-4] DEBUG o.s.w.s.m.m.a.RequestMappingHandlerMapping - Mapped to com.example.ProyectoBackEnd.controller.TaskController#listarPorUsuario(int)
2026-02-12 15:43:55.899 [http-nio-8080-exec-4] INFO  c.e.P.controller.TaskController - API: Consultando tareas del usuario: 1
2026-02-12 15:43:55.910 [http-nio-8080-exec-4] INFO  c.e.P.aspect.LogginAspect - Operación listarTareasPorUsuario completada en 5 ms
2026-02-12 15:43:55.917 [http-nio-8080-exec-4] DEBUG o.s.w.s.m.m.a.RequestResponseBodyMethodProcessor - Using 'application/json', given [application/json, text/plain, */*] and supported [application/hal+json, application/vnd.hal+json, application/json, application/schema+json, application/json-patch+json, application/merge-patch+json, application/x-spring-data-verbose+json, application/x-spring-data-compact+json, application/prs.hal-forms+json, application/*+json]
2026-02-12 15:43:55.917 [http-nio-8080-exec-4] DEBUG o.s.w.s.m.m.a.RequestResponseBodyMethodProcessor - Writing [CollectionModel { content: [EntityModel { content: TaskEntity(idTarea=29, titulo=Muestra de usuarios (truncated)...]
2026-02-12 15:43:55.921 [http-nio-8080-exec-4] DEBUG o.s.web.servlet.DispatcherServlet - Completed 200 OK
2026-02-12 15:43:57.691 [http-nio-8080-exec-5] DEBUG o.s.web.servlet.DispatcherServlet - POST "/api/tareas", parameters={}
2026-02-12 15:43:57.693 [http-nio-8080-exec-5] DEBUG o.s.w.s.m.m.a.RequestMappingHandlerMapping - Mapped to com.example.ProyectoBackEnd.controller.TaskController#insertar(TaskEntity)
2026-02-12 15:43:57.694 [http-nio-8080-exec-5] DEBUG o.s.w.s.m.m.a.RequestResponseBodyMethodProcessor - Read "application/json;charset=UTF-8" to [TaskEntity(idTarea=null, titulo=a, estado=Pendiente, fechaCreacion=null, usuario=null)]
2026-02-12 15:43:57.694 [http-nio-8080-exec-5] INFO  c.e.P.controller.TaskController - API: Insertando nueva tarea
2026-02-12 15:43:57.697 [http-nio-8080-exec-5] WARN  o.h.e.jdbc.spi.SqlExceptionHelper - SQL Error: 1048, SQLState: 23000
2026-02-12 15:43:57.697 [http-nio-8080-exec-5] ERROR o.h.e.jdbc.spi.SqlExceptionHelper - Column 'usuario_id' cannot be null
2026-02-12 15:43:57.699 [http-nio-8080-exec-5] ERROR c.e.P.aspect.LogginAspect - Error en guardarTarea: could not execute statement [Column 'usuario_id' cannot be null] [insert into tareas (estado,tit_tarea,usuario_id) values (?,?,?)]; SQL [insert into tareas (estado,tit_tarea,usuario_id) values (?,?,?)]; constraint [null]
2026-02-12 15:43:57.699 [http-nio-8080-exec-5] DEBUG o.s.web.servlet.DispatcherServlet - Failed to complete request: org.springframework.dao.DataIntegrityViolationException: could not execute statement [Column 'usuario_id' cannot be null] [insert into tareas (estado,tit_tarea,usuario_id) values (?,?,?)]; SQL [insert into tareas (estado,tit_tarea,usuario_id) values (?,?,?)]; constraint [null]
2026-02-12 15:43:57.699 [http-nio-8080-exec-5] ERROR o.a.c.c.C.[.[.[.[dispatcherServlet] - Servlet.service() for servlet [dispatcherServlet] in context with path [] threw exception [Request processing failed: org.springframework.dao.DataIntegrityViolationException: could not execute statement [Column 'usuario_id' cannot be null] [insert into tareas (estado,tit_tarea,usuario_id) values (?,?,?)]; SQL [insert into tareas (estado,tit_tarea,usuario_id) values (?,?,?)]; constraint [null]] with root cause
java.sql.SQLIntegrityConstraintViolationException: Column 'usuario_id' cannot be null
	at com.mysql.cj.jdbc.exceptions.SQLError.createSQLException(SQLError.java:109)
	at com.mysql.cj.jdbc.exceptions.SQLExceptionsMapping.translateException(SQLExceptionsMapping.java:114)
	at com.mysql.cj.jdbc.ClientPreparedStatement.executeInternal(ClientPreparedStatement.java:988)
	at com.mysql.cj.jdbc.ClientPreparedStatement.executeUpdateInternal(ClientPreparedStatement.java:1166)
	at com.mysql.cj.jdbc.ClientPreparedStatement.executeUpdateInternal(ClientPreparedStatement.java:1101)
	at com.mysql.cj.jdbc.ClientPreparedStatement.executeLargeUpdate(ClientPreparedStatement.java:1448)
	at com.mysql.cj.jdbc.ClientPreparedStatement.executeUpdate(ClientPreparedStatement.java:1084)
	at com.zaxxer.hikari.pool.ProxyPreparedStatement.executeUpdate(ProxyPreparedStatement.java:61)
	at com.zaxxer.hikari.pool.HikariProxyPreparedStatement.executeUpdate(HikariProxyPreparedStatement.java)
	at org.hibernate.engine.jdbc.internal.ResultSetReturnImpl.executeUpdate(ResultSetReturnImpl.java:194)
	at org.hibernate.id.insert.GetGeneratedKeysDelegate.performMutation(GetGeneratedKeysDelegate.java:116)
	at org.hibernate.engine.jdbc.mutation.internal.MutationExecutorSingleNonBatched.performNonBatchedOperations(MutationExecutorSingleNonBatched.java:47)
	at org.hibernate.engine.jdbc.mutation.internal.AbstractMutationExecutor.execute(AbstractMutationExecutor.java:55)
	at org.hibernate.persister.entity.mutation.InsertCoordinatorStandard.doStaticInserts(InsertCoordinatorStandard.java:194)
	at org.hibernate.persister.entity.mutation.InsertCoordinatorStandard.coordinateInsert(InsertCoordinatorStandard.java:132)
	at org.hibernate.persister.entity.mutation.InsertCoordinatorStandard.insert(InsertCoordinatorStandard.java:95)
	at org.hibernate.action.internal.EntityIdentityInsertAction.execute(EntityIdentityInsertAction.java:85)
	at org.hibernate.engine.spi.ActionQueue.execute(ActionQueue.java:682)
	at org.hibernate.engine.spi.ActionQueue.addResolvedEntityInsertAction(ActionQueue.java:293)
	at org.hibernate.engine.spi.ActionQueue.addInsertAction(ActionQueue.java:274)
	at org.hibernate.engine.spi.ActionQueue.addAction(ActionQueue.java:324)
	at org.hibernate.event.internal.AbstractSaveEventListener.addInsertAction(AbstractSaveEventListener.java:394)
	at org.hibernate.event.internal.AbstractSaveEventListener.performSaveOrReplicate(AbstractSaveEventListener.java:308)
	at org.hibernate.event.internal.AbstractSaveEventListener.performSave(AbstractSaveEventListener.java:224)
	at org.hibernate.event.internal.AbstractSaveEventListener.saveWithGeneratedId(AbstractSaveEventListener.java:136)
	at org.hibernate.event.internal.DefaultPersistEventListener.entityIsTransient(DefaultPersistEventListener.java:177)
	at org.hibernate.event.internal.DefaultPersistEventListener.persist(DefaultPersistEventListener.java:95)
	at org.hibernate.event.internal.DefaultPersistEventListener.onPersist(DefaultPersistEventListener.java:79)
	at org.hibernate.event.internal.DefaultPersistEventListener.onPersist(DefaultPersistEventListener.java:55)
	at org.hibernate.event.service.internal.EventListenerGroupImpl.fireEventOnEachListener(EventListenerGroupImpl.java:127)
	at org.hibernate.internal.SessionImpl.firePersist(SessionImpl.java:761)
	at org.hibernate.internal.SessionImpl.persist(SessionImpl.java:745)
	at jdk.internal.reflect.GeneratedMethodAccessor36.invoke(Unknown Source)
	at java.base/jdk.internal.reflect.DelegatingMethodAccessorImpl.invoke(DelegatingMethodAccessorImpl.java:43)
	at java.base/java.lang.reflect.Method.invoke(Method.java:568)
	at org.springframework.orm.jpa.ExtendedEntityManagerCreator$ExtendedEntityManagerInvocationHandler.invoke(ExtendedEntityManagerCreator.java:364)
	at jdk.proxy4/jdk.proxy4.$Proxy135.persist(Unknown Source)
	at jdk.internal.reflect.GeneratedMethodAccessor36.invoke(Unknown Source)
	at java.base/jdk.internal.reflect.DelegatingMethodAccessorImpl.invoke(DelegatingMethodAccessorImpl.java:43)
	at java.base/java.lang.reflect.Method.invoke(Method.java:568)
	at org.springframework.orm.jpa.SharedEntityManagerCreator$SharedEntityManagerInvocationHandler.invoke(SharedEntityManagerCreator.java:320)
	at jdk.proxy4/jdk.proxy4.$Proxy135.persist(Unknown Source)
	at org.springframework.data.jpa.repository.support.SimpleJpaRepository.save(SimpleJpaRepository.java:654)
	at jdk.internal.reflect.GeneratedMethodAccessor54.invoke(Unknown Source)
	at java.base/jdk.internal.reflect.DelegatingMethodAccessorImpl.invoke(DelegatingMethodAccessorImpl.java:43)
	at java.base/java.lang.reflect.Method.invoke(Method.java:568)
	at org.springframework.aop.support.AopUtils.invokeJoinpointUsingReflection(AopUtils.java:360)
	at org.springframework.data.repository.core.support.RepositoryMethodInvoker$RepositoryFragmentMethodInvoker.lambda$new$0(RepositoryMethodInvoker.java:277)
	at org.springframework.data.repository.core.support.RepositoryMethodInvoker.doInvoke(RepositoryMethodInvoker.java:170)
	at org.springframework.data.repository.core.support.RepositoryMethodInvoker.invoke(RepositoryMethodInvoker.java:158)
	at org.springframework.data.repository.core.support.RepositoryComposition$RepositoryFragments.invoke(RepositoryComposition.java:515)
	at org.springframework.data.repository.core.support.RepositoryComposition.invoke(RepositoryComposition.java:284)
	at org.springframework.data.repository.core.support.RepositoryFactorySupport$ImplementationMethodExecutionInterceptor.invoke(RepositoryFactorySupport.java:720)
	at org.springframework.aop.framework.ReflectiveMethodInvocation.proceed(ReflectiveMethodInvocation.java:184)
	at org.springframework.data.repository.core.support.QueryExecutorMethodInterceptor.doInvoke(QueryExecutorMethodInterceptor.java:174)
	at org.springframework.data.repository.core.support.QueryExecutorMethodInterceptor.invoke(QueryExecutorMethodInterceptor.java:149)
	at org.springframework.aop.framework.ReflectiveMethodInvocation.proceed(ReflectiveMethodInvocation.java:184)
	at org.springframework.data.projection.DefaultMethodInvokingMethodInterceptor.invoke(DefaultMethodInvokingMethodInterceptor.java:69)
	at org.springframework.aop.framework.ReflectiveMethodInvocation.proceed(ReflectiveMethodInvocation.java:184)
	at org.springframework.transaction.interceptor.TransactionAspectSupport.invokeWithinTransaction(TransactionAspectSupport.java:380)
	at org.springframework.transaction.interceptor.TransactionInterceptor.invoke(TransactionInterceptor.java:119)
	at org.springframework.aop.framework.ReflectiveMethodInvocation.proceed(ReflectiveMethodInvocation.java:184)
	at org.springframework.dao.support.PersistenceExceptionTranslationInterceptor.invoke(PersistenceExceptionTranslationInterceptor.java:138)
	at org.springframework.aop.framework.ReflectiveMethodInvocation.proceed(ReflectiveMethodInvocation.java:184)
	at org.springframework.data.jpa.repository.support.CrudMethodMetadataPostProcessor$CrudMethodMetadataPopulatingMethodInterceptor.invoke(CrudMethodMetadataPostProcessor.java:165)
	at org.springframework.aop.framework.ReflectiveMethodInvocation.proceed(ReflectiveMethodInvocation.java:184)
	at org.springframework.aop.framework.JdkDynamicAopProxy.invoke(JdkDynamicAopProxy.java:223)
	at jdk.proxy4/jdk.proxy4.$Proxy151.save(Unknown Source)
	at com.example.ProyectoBackEnd.service.impl.TaskServiceImpl.guardarTarea(TaskServiceImpl.java:22)
	at java.base/jdk.internal.reflect.NativeMethodAccessorImpl.invoke0(Native Method)
	at java.base/jdk.internal.reflect.NativeMethodAccessorImpl.invoke(NativeMethodAccessorImpl.java:77)
	at java.base/jdk.internal.reflect.DelegatingMethodAccessorImpl.invoke(DelegatingMethodAccessorImpl.java:43)
	at java.base/java.lang.reflect.Method.invoke(Method.java:568)
	at org.springframework.aop.support.AopUtils.invokeJoinpointUsingReflection(AopUtils.java:360)
	at org.springframework.aop.framework.ReflectiveMethodInvocation.invokeJoinpoint(ReflectiveMethodInvocation.java:196)
	at org.springframework.aop.framework.ReflectiveMethodInvocation.proceed(ReflectiveMethodInvocation.java:163)
	at org.springframework.aop.aspectj.MethodInvocationProceedingJoinPoint.proceed(MethodInvocationProceedingJoinPoint.java:89)
	at com.example.ProyectoBackEnd.aspect.LogginAspect.medirTiempoYRegistrar(LogginAspect.java:37)
	at jdk.internal.reflect.GeneratedMethodAccessor52.invoke(Unknown Source)
	at java.base/jdk.internal.reflect.DelegatingMethodAccessorImpl.invoke(DelegatingMethodAccessorImpl.java:43)
	at java.base/java.lang.reflect.Method.invoke(Method.java:568)
	at org.springframework.aop.aspectj.AbstractAspectJAdvice.invokeAdviceMethodWithGivenArgs(AbstractAspectJAdvice.java:649)
	at org.springframework.aop.aspectj.AbstractAspectJAdvice.invokeAdviceMethod(AbstractAspectJAdvice.java:631)
	at org.springframework.aop.aspectj.AspectJAroundAdvice.invoke(AspectJAroundAdvice.java:71)
	at org.springframework.aop.framework.ReflectiveMethodInvocation.proceed(ReflectiveMethodInvocation.java:184)
	at org.springframework.aop.interceptor.ExposeInvocationInterceptor.invoke(ExposeInvocationInterceptor.java:97)
	at org.springframework.aop.framework.ReflectiveMethodInvocation.proceed(ReflectiveMethodInvocation.java:184)
	at org.springframework.aop.framework.CglibAopProxy$DynamicAdvisedInterceptor.intercept(CglibAopProxy.java:728)
	at com.example.ProyectoBackEnd.service.impl.TaskServiceImpl$$SpringCGLIB$$0.guardarTarea(<generated>)
	at com.example.ProyectoBackEnd.controller.TaskController.insertar(TaskController.java:58)
	at java.base/jdk.internal.reflect.NativeMethodAccessorImpl.invoke0(Native Method)
	at java.base/jdk.internal.reflect.NativeMethodAccessorImpl.invoke(NativeMethodAccessorImpl.java:77)
	at java.base/jdk.internal.reflect.DelegatingMethodAccessorImpl.invoke(DelegatingMethodAccessorImpl.java:43)
	at java.base/java.lang.reflect.Method.invoke(Method.java:568)
	at org.springframework.web.method.support.InvocableHandlerMethod.doInvoke(InvocableHandlerMethod.java:258)
	at org.springframework.web.method.support.InvocableHandlerMethod.invokeForRequest(InvocableHandlerMethod.java:191)
	at org.springframework.web.servlet.mvc.method.annotation.ServletInvocableHandlerMethod.invokeAndHandle(ServletInvocableHandlerMethod.java:118)
	at org.springframework.web.servlet.mvc.method.annotation.RequestMappingHandlerAdapter.invokeHandlerMethod(RequestMappingHandlerAdapter.java:991)
	at org.springframework.web.servlet.mvc.method.annotation.RequestMappingHandlerAdapter.handleInternal(RequestMappingHandlerAdapter.java:896)
	at org.springframework.web.servlet.mvc.method.AbstractHandlerMethodAdapter.handle(AbstractHandlerMethodAdapter.java:87)
	at org.springframework.web.servlet.DispatcherServlet.doDispatch(DispatcherServlet.java:1089)
	at org.springframework.web.servlet.DispatcherServlet.doService(DispatcherServlet.java:979)
	at org.springframework.web.servlet.FrameworkServlet.processRequest(FrameworkServlet.java:1014)
	at org.springframework.web.servlet.FrameworkServlet.doPost(FrameworkServlet.java:914)
	at jakarta.servlet.http.HttpServlet.service(HttpServlet.java:590)
	at org.springframework.web.servlet.FrameworkServlet.service(FrameworkServlet.java:885)
	at jakarta.servlet.http.HttpServlet.service(HttpServlet.java:658)
	at org.apache.catalina.core.ApplicationFilterChain.internalDoFilter(ApplicationFilterChain.java:193)
	at org.apache.catalina.core.ApplicationFilterChain.doFilter(ApplicationFilterChain.java:138)
	at org.apache.tomcat.websocket.server.WsFilter.doFilter(WsFilter.java:51)
	at org.apache.catalina.core.ApplicationFilterChain.internalDoFilter(ApplicationFilterChain.java:162)
	at org.apache.catalina.core.ApplicationFilterChain.doFilter(ApplicationFilterChain.java:138)
	at org.springframework.web.filter.RequestContextFilter.doFilterInternal(RequestContextFilter.java:100)
	at org.springframework.web.filter.OncePerRequestFilter.doFilter(OncePerRequestFilter.java:116)
	at org.apache.catalina.core.ApplicationFilterChain.internalDoFilter(ApplicationFilterChain.java:162)
	at org.apache.catalina.core.ApplicationFilterChain.doFilter(ApplicationFilterChain.java:138)
	at org.springframework.web.filter.FormContentFilter.doFilterInternal(FormContentFilter.java:93)
	at org.springframework.web.filter.OncePerRequestFilter.doFilter(OncePerRequestFilter.java:116)
	at org.apache.catalina.core.ApplicationFilterChain.internalDoFilter(ApplicationFilterChain.java:162)
	at org.apache.catalina.core.ApplicationFilterChain.doFilter(ApplicationFilterChain.java:138)
	at org.springframework.web.filter.CharacterEncodingFilter.doFilterInternal(CharacterEncodingFilter.java:201)
	at org.springframework.web.filter.OncePerRequestFilter.doFilter(OncePerRequestFilter.java:116)
	at org.apache.catalina.core.ApplicationFilterChain.internalDoFilter(ApplicationFilterChain.java:162)
	at org.apache.catalina.core.ApplicationFilterChain.doFilter(ApplicationFilterChain.java:138)
	at org.apache.catalina.core.StandardWrapperValve.invoke(StandardWrapperValve.java:165)
	at org.apache.catalina.core.StandardContextValve.invoke(StandardContextValve.java:88)
	at org.apache.catalina.authenticator.AuthenticatorBase.invoke(AuthenticatorBase.java:482)
	at org.apache.catalina.core.StandardHostValve.invoke(StandardHostValve.java:113)
	at org.apache.catalina.valves.ErrorReportValve.invoke(ErrorReportValve.java:83)
	at org.apache.catalina.core.StandardEngineValve.invoke(StandardEngineValve.java:72)
	at org.apache.catalina.connector.CoyoteAdapter.service(CoyoteAdapter.java:342)
	at org.apache.coyote.http11.Http11Processor.service(Http11Processor.java:399)
	at org.apache.coyote.AbstractProcessorLight.process(AbstractProcessorLight.java:63)
	at org.apache.coyote.AbstractProtocol$ConnectionHandler.process(AbstractProtocol.java:903)
	at org.apache.tomcat.util.net.NioEndpoint$SocketProcessor.doRun(NioEndpoint.java:1774)
	at org.apache.tomcat.util.net.SocketProcessorBase.run(SocketProcessorBase.java:52)
	at org.apache.tomcat.util.threads.ThreadPoolExecutor.runWorker(ThreadPoolExecutor.java:973)
	at org.apache.tomcat.util.threads.ThreadPoolExecutor$Worker.run(ThreadPoolExecutor.java:491)
	at org.apache.tomcat.util.threads.TaskThread$WrappingRunnable.run(TaskThread.java:63)
	at java.base/java.lang.Thread.run(Thread.java:842)
2026-02-12 15:43:57.701 [http-nio-8080-exec-5] DEBUG o.s.web.servlet.DispatcherServlet - "ERROR" dispatch for POST "/error", parameters={}
2026-02-12 15:43:57.702 [http-nio-8080-exec-5] DEBUG o.s.w.s.m.m.a.RequestMappingHandlerMapping - Mapped to org.springframework.boot.autoconfigure.web.servlet.error.BasicErrorController#error(HttpServletRequest)
2026-02-12 15:43:57.703 [http-nio-8080-exec-5] DEBUG o.s.w.s.m.m.a.HttpEntityMethodProcessor - Using 'application/json', given [application/json, text/plain, */*] and supported [application/json, application/*+json]
2026-02-12 15:43:57.704 [http-nio-8080-exec-5] DEBUG o.s.w.s.m.m.a.HttpEntityMethodProcessor - Writing [{timestamp=Thu Feb 12 15:43:57 CET 2026, status=500, error=Internal Server Error, trace=org.springfr (truncated)...]
2026-02-12 15:43:57.704 [http-nio-8080-exec-5] DEBUG o.s.web.servlet.DispatcherServlet - Exiting from "ERROR" dispatch, status 500
2026-02-12 15:45:35.075 [http-nio-8080-exec-7] DEBUG o.s.web.servlet.DispatcherServlet - GET "/api/tareas-rest/usuario/1", parameters={}
2026-02-12 15:45:35.111 [http-nio-8080-exec-7] DEBUG o.s.w.s.m.m.a.ExceptionHandlerExceptionResolver - Using @ExceptionHandler org.springframework.data.rest.webmvc.RepositoryRestExceptionHandler#handleNotFound(ResourceNotFoundException)
2026-02-12 15:45:35.114 [http-nio-8080-exec-7] DEBUG o.s.w.s.m.m.a.HttpEntityMethodProcessor - Using 'application/json', given [application/json, text/plain, */*] and supported [*/*]
2026-02-12 15:45:35.115 [http-nio-8080-exec-7] WARN  o.s.w.s.m.m.a.ExceptionHandlerExceptionResolver - Resolved [org.springframework.data.rest.webmvc.ResourceNotFoundException: EntityRepresentationModel not found]
2026-02-12 15:45:35.115 [http-nio-8080-exec-7] DEBUG o.s.web.servlet.DispatcherServlet - Completed 404 NOT_FOUND
2026-02-12 15:45:57.068 [http-nio-8080-exec-8] DEBUG o.s.web.servlet.DispatcherServlet - GET "/api/tareas-rest/usuario/1", parameters={}
2026-02-12 15:45:57.071 [http-nio-8080-exec-8] DEBUG o.s.w.s.m.m.a.ExceptionHandlerExceptionResolver - Using @ExceptionHandler org.springframework.data.rest.webmvc.RepositoryRestExceptionHandler#handleNotFound(ResourceNotFoundException)
2026-02-12 15:45:57.071 [http-nio-8080-exec-8] DEBUG o.s.w.s.m.m.a.HttpEntityMethodProcessor - Using 'application/json', given [application/json, text/plain, */*] and supported [*/*]
2026-02-12 15:45:57.071 [http-nio-8080-exec-8] WARN  o.s.w.s.m.m.a.ExceptionHandlerExceptionResolver - Resolved [org.springframework.data.rest.webmvc.ResourceNotFoundException: EntityRepresentationModel not found]
2026-02-12 15:45:57.072 [http-nio-8080-exec-8] DEBUG o.s.web.servlet.DispatcherServlet - Completed 404 NOT_FOUND
2026-02-12 15:46:00.071 [http-nio-8080-exec-9] DEBUG o.s.web.servlet.DispatcherServlet - GET "/api/tareas-rest/usuario/1", parameters={}
2026-02-12 15:46:00.074 [http-nio-8080-exec-9] DEBUG o.s.w.s.m.m.a.ExceptionHandlerExceptionResolver - Using @ExceptionHandler org.springframework.data.rest.webmvc.RepositoryRestExceptionHandler#handleNotFound(ResourceNotFoundException)
2026-02-12 15:46:00.074 [http-nio-8080-exec-9] DEBUG o.s.w.s.m.m.a.HttpEntityMethodProcessor - Using 'application/json', given [application/json, text/plain, */*] and supported [*/*]
2026-02-12 15:46:00.074 [http-nio-8080-exec-9] WARN  o.s.w.s.m.m.a.ExceptionHandlerExceptionResolver - Resolved [org.springframework.data.rest.webmvc.ResourceNotFoundException: EntityRepresentationModel not found]
2026-02-12 15:46:00.074 [http-nio-8080-exec-9] DEBUG o.s.web.servlet.DispatcherServlet - Completed 404 NOT_FOUND
2026-02-12 15:47:02.390 [http-nio-8080-exec-1] DEBUG o.s.web.servlet.DispatcherServlet - POST "/api/auth-rest/loginAccion", parameters={}
2026-02-12 15:47:02.391 [http-nio-8080-exec-1] DEBUG o.s.w.s.m.m.a.RequestMappingHandlerMapping - Mapped to com.example.ProyectoBackEnd.controller.LoginController#loginAccion(UsuarioEntity, HttpSession)
2026-02-12 15:47:02.392 [http-nio-8080-exec-1] DEBUG o.s.w.s.m.m.a.RequestResponseBodyMethodProcessor - Read "application/json;charset=UTF-8" to [UsuarioEntity(idUsuario=null, usuario=admin, contraseña=1234, fechaCreacion=null, estado=null, fecha (truncated)...]
2026-02-12 15:47:02.392 [http-nio-8080-exec-1] INFO  c.e.P.controller.LoginController - AUDITORIA: Intento de login para usuario: admin
2026-02-12 15:47:02.403 [http-nio-8080-exec-1] INFO  c.e.P.aspect.LogginAspect - Operación buscarPorNombre completada en 6 ms
2026-02-12 15:47:02.410 [http-nio-8080-exec-1] INFO  c.e.P.aspect.LogginAspect - Operación validarLogin completada en 2 ms
2026-02-12 15:47:02.410 [http-nio-8080-exec-1] INFO  c.e.P.controller.LoginController - Login exitoso. Derivando a principal.
2026-02-12 15:47:02.419 [http-nio-8080-exec-1] DEBUG o.s.w.s.m.m.a.RequestResponseBodyMethodProcessor - Using 'application/json', given [application/json, text/plain, */*] and supported [application/hal+json, application/vnd.hal+json, application/json, application/schema+json, application/json-patch+json, application/merge-patch+json, application/x-spring-data-verbose+json, application/x-spring-data-compact+json, application/prs.hal-forms+json, application/*+json]
2026-02-12 15:47:02.419 [http-nio-8080-exec-1] DEBUG o.s.w.s.m.m.a.RequestResponseBodyMethodProcessor - Writing [EntityModel { content: UsuarioEntity(idUsuario=1, usuario=admin, contraseña=1234, fechaCreacion=2026 (truncated)...]
2026-02-12 15:47:02.421 [http-nio-8080-exec-1] DEBUG o.s.web.servlet.DispatcherServlet - Completed 200 OK
2026-02-12 15:47:04.260 [http-nio-8080-exec-2] DEBUG o.s.web.servlet.DispatcherServlet - GET "/api/tareas-rest/usuario/1", parameters={}
2026-02-12 15:47:04.263 [http-nio-8080-exec-2] DEBUG o.s.w.s.m.m.a.ExceptionHandlerExceptionResolver - Using @ExceptionHandler org.springframework.data.rest.webmvc.RepositoryRestExceptionHandler#handleNotFound(ResourceNotFoundException)
2026-02-12 15:47:04.263 [http-nio-8080-exec-2] DEBUG o.s.w.s.m.m.a.HttpEntityMethodProcessor - Using 'application/json', given [application/json, text/plain, */*] and supported [*/*]
2026-02-12 15:47:04.264 [http-nio-8080-exec-2] WARN  o.s.w.s.m.m.a.ExceptionHandlerExceptionResolver - Resolved [org.springframework.data.rest.webmvc.ResourceNotFoundException: EntityRepresentationModel not found]
2026-02-12 15:47:04.264 [http-nio-8080-exec-2] DEBUG o.s.web.servlet.DispatcherServlet - Completed 404 NOT_FOUND
2026-02-12 15:47:04.266 [http-nio-8080-exec-3] DEBUG o.s.web.servlet.DispatcherServlet - GET "/api/tareas-rest/usuario/1", parameters={}
2026-02-12 15:47:04.269 [http-nio-8080-exec-3] DEBUG o.s.w.s.m.m.a.ExceptionHandlerExceptionResolver - Using @ExceptionHandler org.springframework.data.rest.webmvc.RepositoryRestExceptionHandler#handleNotFound(ResourceNotFoundException)
2026-02-12 15:47:04.269 [http-nio-8080-exec-3] DEBUG o.s.w.s.m.m.a.HttpEntityMethodProcessor - Using 'application/json', given [application/json, text/plain, */*] and supported [*/*]
2026-02-12 15:47:04.269 [http-nio-8080-exec-3] WARN  o.s.w.s.m.m.a.ExceptionHandlerExceptionResolver - Resolved [org.springframework.data.rest.webmvc.ResourceNotFoundException: EntityRepresentationModel not found]
2026-02-12 15:47:04.269 [http-nio-8080-exec-3] DEBUG o.s.web.servlet.DispatcherServlet - Completed 404 NOT_FOUND
2026-02-12 15:47:17.971 [http-nio-8080-exec-4] DEBUG o.s.web.servlet.DispatcherServlet - OPTIONS "/api/tareas-rest", parameters={}
2026-02-12 15:47:17.975 [http-nio-8080-exec-4] DEBUG o.s.web.servlet.DispatcherServlet - Completed 403 FORBIDDEN
2026-02-12 15:48:54.436 [restartedMain] INFO  c.e.P.ProyectoBackEndApplication - Starting ProyectoBackEndApplication using Java 17.0.17 with PID 41956 (C:\Users\leofr\OneDrive\Escritorio\ESPECIALIZACION EN JAVA(CIBERTEC) Y OTRAS\JAVA BACK END\PROYECTO FINAL\ProyectoBackEnd (1)\ProyectoBackEnd\target\classes started by leofr in C:\Users\leofr\OneDrive\Escritorio\ESPECIALIZACION EN JAVA(CIBERTEC) Y OTRAS\JAVA BACK END\PROYECTO FINAL\ProyectoBackEnd (1)\ProyectoBackEnd)
2026-02-12 15:48:54.439 [restartedMain] DEBUG c.e.P.ProyectoBackEndApplication - Running with Spring Boot v3.5.10, Spring v6.2.15
2026-02-12 15:48:54.440 [restartedMain] INFO  c.e.P.ProyectoBackEndApplication - No active profile set, falling back to 1 default profile: "default"
2026-02-12 15:48:54.497 [restartedMain] INFO  o.s.b.d.e.DevToolsPropertyDefaultsPostProcessor - Devtools property defaults active! Set 'spring.devtools.add-properties' to 'false' to disable
2026-02-12 15:48:54.497 [restartedMain] INFO  o.s.b.d.e.DevToolsPropertyDefaultsPostProcessor - For additional web related logging consider setting the 'logging.level.web' property to 'DEBUG'
2026-02-12 15:48:55.236 [restartedMain] INFO  o.s.d.r.c.RepositoryConfigurationDelegate - Bootstrapping Spring Data JPA repositories in DEFAULT mode.
2026-02-12 15:48:55.323 [restartedMain] INFO  o.s.d.r.c.RepositoryConfigurationDelegate - Finished Spring Data repository scanning in 80 ms. Found 3 JPA repository interfaces.
2026-02-12 15:48:56.190 [restartedMain] INFO  o.s.b.w.e.tomcat.TomcatWebServer - Tomcat initialized with port 8080 (http)
2026-02-12 15:48:56.219 [restartedMain] INFO  o.a.coyote.http11.Http11NioProtocol - Initializing ProtocolHandler ["http-nio-8080"]
2026-02-12 15:48:56.222 [restartedMain] INFO  o.a.catalina.core.StandardService - Starting service [Tomcat]
2026-02-12 15:48:56.223 [restartedMain] INFO  o.a.catalina.core.StandardEngine - Starting Servlet engine: [Apache Tomcat/10.1.50]
2026-02-12 15:48:56.278 [restartedMain] INFO  o.a.c.c.C.[Tomcat].[localhost].[/] - Initializing Spring embedded WebApplicationContext
2026-02-12 15:48:56.279 [restartedMain] INFO  o.s.b.w.s.c.ServletWebServerApplicationContext - Root WebApplicationContext: initialization completed in 1782 ms
2026-02-12 15:48:56.566 [restartedMain] INFO  o.h.jpa.internal.util.LogHelper - HHH000204: Processing PersistenceUnitInfo [name: default]
2026-02-12 15:48:56.675 [restartedMain] INFO  org.hibernate.Version - HHH000412: Hibernate ORM core version 6.6.41.Final
2026-02-12 15:48:56.740 [restartedMain] INFO  o.h.c.i.RegionFactoryInitiator - HHH000026: Second-level cache disabled
2026-02-12 15:48:57.157 [restartedMain] INFO  o.s.o.j.p.SpringPersistenceUnitInfo - No LoadTimeWeaver setup: ignoring JPA class transformer
2026-02-12 15:48:57.206 [restartedMain] INFO  com.zaxxer.hikari.HikariDataSource - HikariPool-1 - Starting...
2026-02-12 15:48:57.408 [restartedMain] INFO  com.zaxxer.hikari.pool.HikariPool - HikariPool-1 - Added connection com.mysql.cj.jdbc.ConnectionImpl@58e197aa
2026-02-12 15:48:57.411 [restartedMain] INFO  com.zaxxer.hikari.HikariDataSource - HikariPool-1 - Start completed.
2026-02-12 15:48:57.457 [restartedMain] WARN  org.hibernate.orm.deprecation - HHH90000025: MySQLDialect does not need to be specified explicitly using 'hibernate.dialect' (remove the property setting and it will be selected by default)
2026-02-12 15:48:57.500 [restartedMain] INFO  o.hibernate.orm.connections.pooling - HHH10001005: Database info:
	Database JDBC URL [Connecting through datasource 'HikariDataSource (HikariPool-1)']
	Database driver: undefined/unknown
	Database version: 8.0.32
	Autocommit mode: undefined/unknown
	Isolation level: undefined/unknown
	Minimum pool size: undefined/unknown
	Maximum pool size: undefined/unknown
2026-02-12 15:48:58.449 [restartedMain] INFO  o.h.e.t.j.p.i.JtaPlatformInitiator - HHH000489: No JTA platform available (set 'hibernate.transaction.jta.platform' to enable JTA platform integration)
2026-02-12 15:48:58.566 [restartedMain] INFO  o.s.o.j.LocalContainerEntityManagerFactoryBean - Initialized JPA EntityManagerFactory for persistence unit 'default'
2026-02-12 15:48:59.150 [restartedMain] INFO  o.s.d.j.r.query.QueryEnhancerFactory - Hibernate is in classpath; If applicable, HQL parser will be used.
2026-02-12 15:48:59.846 [restartedMain] WARN  o.s.b.a.o.j.JpaBaseConfiguration$JpaWebConfiguration - spring.jpa.open-in-view is enabled by default. Therefore, database queries may be performed during view rendering. Explicitly configure spring.jpa.open-in-view to disable this warning
2026-02-12 15:49:00.159 [restartedMain] DEBUG o.s.w.s.m.m.a.RequestMappingHandlerMapping - 15 mappings in 'requestMappingHandlerMapping'
2026-02-12 15:49:00.315 [restartedMain] DEBUG o.s.w.s.h.SimpleUrlHandlerMapping - Patterns [/webjars/**, /**] in 'resourceHandlerMapping'
2026-02-12 15:49:00.350 [restartedMain] DEBUG o.s.w.s.m.m.a.RequestMappingHandlerAdapter - ControllerAdvice beans: 0 @ModelAttribute, 0 @InitBinder, 1 RequestBodyAdvice, 1 ResponseBodyAdvice
2026-02-12 15:49:00.406 [restartedMain] WARN  o.s.b.a.t.ThymeleafAutoConfiguration$DefaultTemplateResolverConfiguration - Cannot find template location: classpath:/templates/ (please add some templates, check your Thymeleaf configuration, or set spring.thymeleaf.check-template-location=false)
2026-02-12 15:49:00.436 [restartedMain] DEBUG o.s.w.s.m.m.a.ExceptionHandlerExceptionResolver - ControllerAdvice beans: 1 @ExceptionHandler, 1 ResponseBodyAdvice
2026-02-12 15:49:00.488 [restartedMain] DEBUG o.s.w.s.m.m.a.ExceptionHandlerExceptionResolver - ControllerAdvice beans: 1 @ExceptionHandler, 0 ResponseBodyAdvice
2026-02-12 15:49:00.746 [restartedMain] INFO  o.s.b.d.a.OptionalLiveReloadServer - LiveReload server is running on port 35729
2026-02-12 15:49:00.760 [restartedMain] INFO  o.a.coyote.http11.Http11NioProtocol - Starting ProtocolHandler ["http-nio-8080"]
2026-02-12 15:49:00.789 [restartedMain] INFO  o.s.b.w.e.tomcat.TomcatWebServer - Tomcat started on port 8080 (http) with context path '/'
2026-02-12 15:49:00.799 [restartedMain] INFO  c.e.P.ProyectoBackEndApplication - Started ProyectoBackEndApplication in 6.761 seconds (process running for 7.338)
2026-02-12 15:49:10.934 [http-nio-8080-exec-1] INFO  o.a.c.c.C.[Tomcat].[localhost].[/] - Initializing Spring DispatcherServlet 'dispatcherServlet'
2026-02-12 15:49:10.934 [http-nio-8080-exec-1] INFO  o.s.web.servlet.DispatcherServlet - Initializing Servlet 'dispatcherServlet'
2026-02-12 15:49:10.934 [http-nio-8080-exec-1] DEBUG o.s.web.servlet.DispatcherServlet - Detected StandardServletMultipartResolver
2026-02-12 15:49:10.934 [http-nio-8080-exec-1] DEBUG o.s.web.servlet.DispatcherServlet - Detected AcceptHeaderLocaleResolver
2026-02-12 15:49:10.935 [http-nio-8080-exec-1] DEBUG o.s.web.servlet.DispatcherServlet - Detected FixedThemeResolver
2026-02-12 15:49:10.936 [http-nio-8080-exec-1] DEBUG o.s.web.servlet.DispatcherServlet - Detected org.springframework.web.servlet.view.DefaultRequestToViewNameTranslator@782e67e8
2026-02-12 15:49:10.936 [http-nio-8080-exec-1] DEBUG o.s.web.servlet.DispatcherServlet - Detected org.springframework.web.servlet.support.SessionFlashMapManager@7a8ae41a
2026-02-12 15:49:10.936 [http-nio-8080-exec-1] DEBUG o.s.web.servlet.DispatcherServlet - enableLoggingRequestDetails='false': request parameters and headers will be masked to prevent unsafe logging of potentially sensitive data
2026-02-12 15:49:10.936 [http-nio-8080-exec-1] INFO  o.s.web.servlet.DispatcherServlet - Completed initialization in 2 ms
2026-02-12 15:49:10.939 [http-nio-8080-exec-1] DEBUG o.s.web.servlet.DispatcherServlet - POST "/api/auth-rest/loginAccion", parameters={}
2026-02-12 15:49:10.956 [http-nio-8080-exec-1] DEBUG o.s.w.s.m.m.a.RequestMappingHandlerMapping - Mapped to com.example.ProyectoBackEnd.controller.LoginController#loginAccion(UsuarioEntity, HttpSession)
2026-02-12 15:49:11.088 [http-nio-8080-exec-1] DEBUG o.s.w.s.m.m.a.RequestResponseBodyMethodProcessor - Read "application/json;charset=UTF-8" to [UsuarioEntity(idUsuario=null, usuario=admin, contraseña=1234, fechaCreacion=null, estado=null, fecha (truncated)...]
2026-02-12 15:49:11.160 [http-nio-8080-exec-1] INFO  c.e.P.controller.LoginController - AUDITORIA: Intento de login para usuario: admin
2026-02-12 15:49:11.400 [http-nio-8080-exec-1] INFO  c.e.P.aspect.LogginAspect - Operación buscarPorNombre completada en 162 ms
2026-02-12 15:49:11.414 [http-nio-8080-exec-1] INFO  c.e.P.aspect.LogginAspect - Operación validarLogin completada en 3 ms
2026-02-12 15:49:11.415 [http-nio-8080-exec-1] INFO  c.e.P.controller.LoginController - Login exitoso. Derivando a principal.
2026-02-12 15:49:11.575 [http-nio-8080-exec-1] DEBUG o.s.w.s.m.m.a.RequestResponseBodyMethodProcessor - Using 'application/json', given [application/json, text/plain, */*] and supported [application/hal+json, application/vnd.hal+json, application/json, application/schema+json, application/json-patch+json, application/merge-patch+json, application/x-spring-data-verbose+json, application/x-spring-data-compact+json, application/prs.hal-forms+json, application/*+json]
2026-02-12 15:49:11.575 [http-nio-8080-exec-1] DEBUG o.s.w.s.m.m.a.RequestResponseBodyMethodProcessor - Writing [EntityModel { content: UsuarioEntity(idUsuario=1, usuario=admin, contraseña=1234, fechaCreacion=2026 (truncated)...]
2026-02-12 15:49:11.616 [http-nio-8080-exec-1] DEBUG o.s.web.servlet.DispatcherServlet - Completed 200 OK
2026-02-12 15:49:13.080 [http-nio-8080-exec-6] DEBUG o.s.web.servlet.DispatcherServlet - GET "/api/tareas-rest/usuario/1", parameters={}
2026-02-12 15:49:13.101 [http-nio-8080-exec-6] DEBUG o.s.w.s.m.m.a.ExceptionHandlerExceptionResolver - Using @ExceptionHandler org.springframework.data.rest.webmvc.RepositoryRestExceptionHandler#handleNotFound(ResourceNotFoundException)
2026-02-12 15:49:13.103 [http-nio-8080-exec-6] DEBUG o.s.w.s.m.m.a.HttpEntityMethodProcessor - Using 'application/json', given [application/json, text/plain, */*] and supported [*/*]
2026-02-12 15:49:13.104 [http-nio-8080-exec-6] WARN  o.s.w.s.m.m.a.ExceptionHandlerExceptionResolver - Resolved [org.springframework.data.rest.webmvc.ResourceNotFoundException: EntityRepresentationModel not found]
2026-02-12 15:49:13.104 [http-nio-8080-exec-6] DEBUG o.s.web.servlet.DispatcherServlet - Completed 404 NOT_FOUND
2026-02-12 15:49:13.107 [http-nio-8080-exec-9] DEBUG o.s.web.servlet.DispatcherServlet - GET "/api/tareas-rest/usuario/1", parameters={}
2026-02-12 15:49:13.110 [http-nio-8080-exec-9] DEBUG o.s.w.s.m.m.a.ExceptionHandlerExceptionResolver - Using @ExceptionHandler org.springframework.data.rest.webmvc.RepositoryRestExceptionHandler#handleNotFound(ResourceNotFoundException)
2026-02-12 15:49:13.110 [http-nio-8080-exec-9] DEBUG o.s.w.s.m.m.a.HttpEntityMethodProcessor - Using 'application/json', given [application/json, text/plain, */*] and supported [*/*]
2026-02-12 15:49:13.110 [http-nio-8080-exec-9] WARN  o.s.w.s.m.m.a.ExceptionHandlerExceptionResolver - Resolved [org.springframework.data.rest.webmvc.ResourceNotFoundException: EntityRepresentationModel not found]
2026-02-12 15:49:13.111 [http-nio-8080-exec-9] DEBUG o.s.web.servlet.DispatcherServlet - Completed 404 NOT_FOUND
2026-02-12 15:49:21.306 [http-nio-8080-exec-4] DEBUG o.s.web.servlet.DispatcherServlet - OPTIONS "/api/tareas-rest", parameters={}
2026-02-12 15:49:21.309 [http-nio-8080-exec-4] DEBUG o.s.web.servlet.DispatcherServlet - Completed 403 FORBIDDEN
2026-02-12 15:51:59.096 [restartedMain] INFO  c.e.P.ProyectoBackEndApplication - Starting ProyectoBackEndApplication using Java 17.0.17 with PID 25508 (C:\Users\leofr\OneDrive\Escritorio\ESPECIALIZACION EN JAVA(CIBERTEC) Y OTRAS\JAVA BACK END\PROYECTO FINAL\ProyectoBackEnd (1)\ProyectoBackEnd\target\classes started by leofr in C:\Users\leofr\OneDrive\Escritorio\ESPECIALIZACION EN JAVA(CIBERTEC) Y OTRAS\JAVA BACK END\PROYECTO FINAL\ProyectoBackEnd (1)\ProyectoBackEnd)
2026-02-12 15:51:59.102 [restartedMain] DEBUG c.e.P.ProyectoBackEndApplication - Running with Spring Boot v3.5.10, Spring v6.2.15
2026-02-12 15:51:59.104 [restartedMain] INFO  c.e.P.ProyectoBackEndApplication - No active profile set, falling back to 1 default profile: "default"
2026-02-12 15:51:59.237 [restartedMain] INFO  o.s.b.d.e.DevToolsPropertyDefaultsPostProcessor - Devtools property defaults active! Set 'spring.devtools.add-properties' to 'false' to disable
2026-02-12 15:51:59.237 [restartedMain] INFO  o.s.b.d.e.DevToolsPropertyDefaultsPostProcessor - For additional web related logging consider setting the 'logging.level.web' property to 'DEBUG'
2026-02-12 15:52:00.627 [restartedMain] INFO  o.s.d.r.c.RepositoryConfigurationDelegate - Bootstrapping Spring Data JPA repositories in DEFAULT mode.
2026-02-12 15:52:00.760 [restartedMain] INFO  o.s.d.r.c.RepositoryConfigurationDelegate - Finished Spring Data repository scanning in 114 ms. Found 3 JPA repository interfaces.
2026-02-12 15:52:02.122 [restartedMain] INFO  o.s.b.w.e.tomcat.TomcatWebServer - Tomcat initialized with port 8080 (http)
2026-02-12 15:52:02.139 [restartedMain] INFO  o.a.coyote.http11.Http11NioProtocol - Initializing ProtocolHandler ["http-nio-8080"]
2026-02-12 15:52:02.142 [restartedMain] INFO  o.a.catalina.core.StandardService - Starting service [Tomcat]
2026-02-12 15:52:02.143 [restartedMain] INFO  o.a.catalina.core.StandardEngine - Starting Servlet engine: [Apache Tomcat/10.1.50]
2026-02-12 15:52:02.227 [restartedMain] INFO  o.a.c.c.C.[Tomcat].[localhost].[/] - Initializing Spring embedded WebApplicationContext
2026-02-12 15:52:02.229 [restartedMain] INFO  o.s.b.w.s.c.ServletWebServerApplicationContext - Root WebApplicationContext: initialization completed in 2989 ms
2026-02-12 15:52:02.574 [restartedMain] INFO  o.h.jpa.internal.util.LogHelper - HHH000204: Processing PersistenceUnitInfo [name: default]
2026-02-12 15:52:02.686 [restartedMain] INFO  org.hibernate.Version - HHH000412: Hibernate ORM core version 6.6.41.Final
2026-02-12 15:52:02.760 [restartedMain] INFO  o.h.c.i.RegionFactoryInitiator - HHH000026: Second-level cache disabled
2026-02-12 15:52:03.265 [restartedMain] INFO  o.s.o.j.p.SpringPersistenceUnitInfo - No LoadTimeWeaver setup: ignoring JPA class transformer
2026-02-12 15:52:03.317 [restartedMain] INFO  com.zaxxer.hikari.HikariDataSource - HikariPool-1 - Starting...
2026-02-12 15:52:03.609 [restartedMain] INFO  com.zaxxer.hikari.pool.HikariPool - HikariPool-1 - Added connection com.mysql.cj.jdbc.ConnectionImpl@20c75808
2026-02-12 15:52:03.612 [restartedMain] INFO  com.zaxxer.hikari.HikariDataSource - HikariPool-1 - Start completed.
2026-02-12 15:52:03.680 [restartedMain] WARN  org.hibernate.orm.deprecation - HHH90000025: MySQLDialect does not need to be specified explicitly using 'hibernate.dialect' (remove the property setting and it will be selected by default)
2026-02-12 15:52:03.718 [restartedMain] INFO  o.hibernate.orm.connections.pooling - HHH10001005: Database info:
	Database JDBC URL [Connecting through datasource 'HikariDataSource (HikariPool-1)']
	Database driver: undefined/unknown
	Database version: 8.0.32
	Autocommit mode: undefined/unknown
	Isolation level: undefined/unknown
	Minimum pool size: undefined/unknown
	Maximum pool size: undefined/unknown
2026-02-12 15:52:04.978 [restartedMain] INFO  o.h.e.t.j.p.i.JtaPlatformInitiator - HHH000489: No JTA platform available (set 'hibernate.transaction.jta.platform' to enable JTA platform integration)
2026-02-12 15:52:05.139 [restartedMain] INFO  o.s.o.j.LocalContainerEntityManagerFactoryBean - Initialized JPA EntityManagerFactory for persistence unit 'default'
2026-02-12 15:52:05.880 [restartedMain] INFO  o.s.d.j.r.query.QueryEnhancerFactory - Hibernate is in classpath; If applicable, HQL parser will be used.
2026-02-12 15:52:06.913 [restartedMain] WARN  o.s.b.a.o.j.JpaBaseConfiguration$JpaWebConfiguration - spring.jpa.open-in-view is enabled by default. Therefore, database queries may be performed during view rendering. Explicitly configure spring.jpa.open-in-view to disable this warning
2026-02-12 15:52:07.396 [restartedMain] DEBUG o.s.w.s.m.m.a.RequestMappingHandlerMapping - 15 mappings in 'requestMappingHandlerMapping'
2026-02-12 15:52:07.656 [restartedMain] DEBUG o.s.w.s.h.SimpleUrlHandlerMapping - Patterns [/webjars/**, /**] in 'resourceHandlerMapping'
2026-02-12 15:52:07.741 [restartedMain] DEBUG o.s.w.s.m.m.a.RequestMappingHandlerAdapter - ControllerAdvice beans: 0 @ModelAttribute, 0 @InitBinder, 1 RequestBodyAdvice, 1 ResponseBodyAdvice
2026-02-12 15:52:07.833 [restartedMain] WARN  o.s.b.a.t.ThymeleafAutoConfiguration$DefaultTemplateResolverConfiguration - Cannot find template location: classpath:/templates/ (please add some templates, check your Thymeleaf configuration, or set spring.thymeleaf.check-template-location=false)
2026-02-12 15:52:07.885 [restartedMain] DEBUG o.s.w.s.m.m.a.ExceptionHandlerExceptionResolver - ControllerAdvice beans: 1 @ExceptionHandler, 1 ResponseBodyAdvice
2026-02-12 15:52:07.949 [restartedMain] DEBUG o.s.w.s.m.m.a.ExceptionHandlerExceptionResolver - ControllerAdvice beans: 1 @ExceptionHandler, 0 ResponseBodyAdvice
2026-02-12 15:52:08.359 [restartedMain] INFO  o.s.b.d.a.OptionalLiveReloadServer - LiveReload server is running on port 35729
2026-02-12 15:52:08.382 [restartedMain] INFO  o.a.coyote.http11.Http11NioProtocol - Starting ProtocolHandler ["http-nio-8080"]
2026-02-12 15:52:08.414 [restartedMain] INFO  o.s.b.w.e.tomcat.TomcatWebServer - Tomcat started on port 8080 (http) with context path '/'
2026-02-12 15:52:08.429 [restartedMain] INFO  c.e.P.ProyectoBackEndApplication - Started ProyectoBackEndApplication in 9.981 seconds (process running for 11.0)
2026-02-12 15:52:16.018 [http-nio-8080-exec-1] INFO  o.a.c.c.C.[Tomcat].[localhost].[/] - Initializing Spring DispatcherServlet 'dispatcherServlet'
2026-02-12 15:52:16.018 [http-nio-8080-exec-1] INFO  o.s.web.servlet.DispatcherServlet - Initializing Servlet 'dispatcherServlet'
2026-02-12 15:52:16.018 [http-nio-8080-exec-1] DEBUG o.s.web.servlet.DispatcherServlet - Detected StandardServletMultipartResolver
2026-02-12 15:52:16.018 [http-nio-8080-exec-1] DEBUG o.s.web.servlet.DispatcherServlet - Detected AcceptHeaderLocaleResolver
2026-02-12 15:52:16.018 [http-nio-8080-exec-1] DEBUG o.s.web.servlet.DispatcherServlet - Detected FixedThemeResolver
2026-02-12 15:52:16.028 [http-nio-8080-exec-1] DEBUG o.s.web.servlet.DispatcherServlet - Detected org.springframework.web.servlet.view.DefaultRequestToViewNameTranslator@20c089ea
2026-02-12 15:52:16.028 [http-nio-8080-exec-1] DEBUG o.s.web.servlet.DispatcherServlet - Detected org.springframework.web.servlet.support.SessionFlashMapManager@6f3a8afa
2026-02-12 15:52:16.028 [http-nio-8080-exec-1] DEBUG o.s.web.servlet.DispatcherServlet - enableLoggingRequestDetails='false': request parameters and headers will be masked to prevent unsafe logging of potentially sensitive data
2026-02-12 15:52:16.028 [http-nio-8080-exec-1] INFO  o.s.web.servlet.DispatcherServlet - Completed initialization in 10 ms
2026-02-12 15:52:16.063 [http-nio-8080-exec-1] DEBUG o.s.web.servlet.DispatcherServlet - OPTIONS "/api/tareas-rest", parameters={}
2026-02-12 15:52:16.202 [http-nio-8080-exec-1] DEBUG o.s.web.servlet.DispatcherServlet - Completed 200 OK
2026-02-12 15:52:16.217 [http-nio-8080-exec-1] DEBUG o.s.web.servlet.DispatcherServlet - POST "/api/tareas-rest", parameters={}
2026-02-12 15:52:16.867 [http-nio-8080-exec-1] WARN  o.h.e.jdbc.spi.SqlExceptionHelper - SQL Error: 1048, SQLState: 23000
2026-02-12 15:52:16.867 [http-nio-8080-exec-1] ERROR o.h.e.jdbc.spi.SqlExceptionHelper - Column 'usuario_id' cannot be null
2026-02-12 15:52:16.935 [http-nio-8080-exec-1] DEBUG o.s.w.s.m.m.a.ExceptionHandlerExceptionResolver - Using @ExceptionHandler org.springframework.data.rest.webmvc.RepositoryRestExceptionHandler#handleConflict(Exception)
2026-02-12 15:52:16.995 [http-nio-8080-exec-1] DEBUG o.s.w.s.m.m.a.HttpEntityMethodProcessor - Using 'application/json', given [application/json, text/plain, */*] and supported [application/json, application/*+json]
2026-02-12 15:52:16.999 [http-nio-8080-exec-1] DEBUG o.s.w.s.m.m.a.HttpEntityMethodProcessor - Writing [org.springframework.data.rest.webmvc.support.ExceptionMessage@57023e7c]
2026-02-12 15:52:17.040 [http-nio-8080-exec-1] WARN  o.s.w.s.m.m.a.ExceptionHandlerExceptionResolver - Resolved [org.springframework.dao.DataIntegrityViolationException: could not execute statement [Column 'usuario_id' cannot be null] [insert into tareas (estado,tit_tarea,usuario_id) values (?,?,?)]; SQL [insert into tareas (estado,tit_tarea,usuario_id) values (?,?,?)]; constraint [null]]
2026-02-12 15:52:17.040 [http-nio-8080-exec-1] DEBUG o.s.web.servlet.DispatcherServlet - Completed 409 CONFLICT
2026-02-12 15:52:22.662 [http-nio-8080-exec-2] DEBUG o.s.web.servlet.DispatcherServlet - POST "/api/auth-rest/loginAccion", parameters={}
2026-02-12 15:52:22.667 [http-nio-8080-exec-2] DEBUG o.s.w.s.m.m.a.RequestMappingHandlerMapping - Mapped to com.example.ProyectoBackEnd.controller.LoginController#loginAccion(UsuarioEntity, HttpSession)
2026-02-12 15:52:22.685 [http-nio-8080-exec-2] DEBUG o.s.w.s.m.m.a.RequestResponseBodyMethodProcessor - Read "application/json;charset=UTF-8" to [UsuarioEntity(idUsuario=null, usuario=admin, contraseña=1234, fechaCreacion=null, estado=null, fecha (truncated)...]
2026-02-12 15:52:22.909 [http-nio-8080-exec-2] WARN  o.a.c.util.SessionIdGeneratorBase - Creation of SecureRandom instance for session ID generation using [SHA1PRNG] took [186] milliseconds.
2026-02-12 15:52:22.916 [http-nio-8080-exec-2] INFO  c.e.P.controller.LoginController - AUDITORIA: Intento de login para usuario: admin
2026-02-12 15:52:23.375 [http-nio-8080-exec-2] INFO  c.e.P.aspect.LogginAspect - Operación buscarPorNombre completada en 365 ms
2026-02-12 15:52:23.399 [http-nio-8080-exec-2] INFO  c.e.P.aspect.LogginAspect - Operación validarLogin completada en 10 ms
2026-02-12 15:52:23.401 [http-nio-8080-exec-2] INFO  c.e.P.controller.LoginController - Login exitoso. Derivando a principal.
2026-02-12 15:52:23.872 [http-nio-8080-exec-2] DEBUG o.s.w.s.m.m.a.RequestResponseBodyMethodProcessor - Using 'application/json', given [application/json, text/plain, */*] and supported [application/hal+json, application/vnd.hal+json, application/json, application/schema+json, application/json-patch+json, application/merge-patch+json, application/x-spring-data-verbose+json, application/x-spring-data-compact+json, application/prs.hal-forms+json, application/*+json]
2026-02-12 15:52:23.876 [http-nio-8080-exec-2] DEBUG o.s.w.s.m.m.a.RequestResponseBodyMethodProcessor - Writing [EntityModel { content: UsuarioEntity(idUsuario=1, usuario=admin, contraseña=1234, fechaCreacion=2026 (truncated)...]
2026-02-12 15:52:23.953 [http-nio-8080-exec-2] DEBUG o.s.web.servlet.DispatcherServlet - Completed 200 OK
2026-02-12 15:52:25.929 [http-nio-8080-exec-3] DEBUG o.s.web.servlet.DispatcherServlet - GET "/api/tareas-rest/usuario/1", parameters={}
2026-02-12 15:52:25.945 [http-nio-8080-exec-3] DEBUG o.s.w.s.m.m.a.ExceptionHandlerExceptionResolver - Using @ExceptionHandler org.springframework.data.rest.webmvc.RepositoryRestExceptionHandler#handleNotFound(ResourceNotFoundException)
2026-02-12 15:52:25.948 [http-nio-8080-exec-3] DEBUG o.s.w.s.m.m.a.HttpEntityMethodProcessor - Using 'application/json', given [application/json, text/plain, */*] and supported [*/*]
2026-02-12 15:52:25.948 [http-nio-8080-exec-3] WARN  o.s.w.s.m.m.a.ExceptionHandlerExceptionResolver - Resolved [org.springframework.data.rest.webmvc.ResourceNotFoundException: EntityRepresentationModel not found]
2026-02-12 15:52:25.949 [http-nio-8080-exec-3] DEBUG o.s.web.servlet.DispatcherServlet - Completed 404 NOT_FOUND
2026-02-12 15:52:25.950 [http-nio-8080-exec-4] DEBUG o.s.web.servlet.DispatcherServlet - GET "/api/tareas-rest/usuario/1", parameters={}
2026-02-12 15:52:25.963 [http-nio-8080-exec-4] DEBUG o.s.w.s.m.m.a.ExceptionHandlerExceptionResolver - Using @ExceptionHandler org.springframework.data.rest.webmvc.RepositoryRestExceptionHandler#handleNotFound(ResourceNotFoundException)
2026-02-12 15:52:25.963 [http-nio-8080-exec-4] DEBUG o.s.w.s.m.m.a.HttpEntityMethodProcessor - Using 'application/json', given [application/json, text/plain, */*] and supported [*/*]
2026-02-12 15:52:25.963 [http-nio-8080-exec-4] WARN  o.s.w.s.m.m.a.ExceptionHandlerExceptionResolver - Resolved [org.springframework.data.rest.webmvc.ResourceNotFoundException: EntityRepresentationModel not found]
2026-02-12 15:52:25.963 [http-nio-8080-exec-4] DEBUG o.s.web.servlet.DispatcherServlet - Completed 404 NOT_FOUND
2026-02-12 15:52:28.000 [http-nio-8080-exec-5] DEBUG o.s.web.servlet.DispatcherServlet - POST "/api/tareas-rest", parameters={}
2026-02-12 15:52:28.015 [http-nio-8080-exec-5] WARN  o.h.e.jdbc.spi.SqlExceptionHelper - SQL Error: 1048, SQLState: 23000
2026-02-12 15:52:28.015 [http-nio-8080-exec-5] ERROR o.h.e.jdbc.spi.SqlExceptionHelper - Column 'usuario_id' cannot be null
2026-02-12 15:52:28.017 [http-nio-8080-exec-5] DEBUG o.s.w.s.m.m.a.ExceptionHandlerExceptionResolver - Using @ExceptionHandler org.springframework.data.rest.webmvc.RepositoryRestExceptionHandler#handleConflict(Exception)
2026-02-12 15:52:28.017 [http-nio-8080-exec-5] DEBUG o.s.w.s.m.m.a.HttpEntityMethodProcessor - Using 'application/json', given [application/json, text/plain, */*] and supported [application/json, application/*+json]
2026-02-12 15:52:28.017 [http-nio-8080-exec-5] DEBUG o.s.w.s.m.m.a.HttpEntityMethodProcessor - Writing [org.springframework.data.rest.webmvc.support.ExceptionMessage@6cc090f5]
2026-02-12 15:52:28.017 [http-nio-8080-exec-5] WARN  o.s.w.s.m.m.a.ExceptionHandlerExceptionResolver - Resolved [org.springframework.dao.DataIntegrityViolationException: could not execute statement [Column 'usuario_id' cannot be null] [insert into tareas (estado,tit_tarea,usuario_id) values (?,?,?)]; SQL [insert into tareas (estado,tit_tarea,usuario_id) values (?,?,?)]; constraint [null]]
2026-02-12 15:52:28.017 [http-nio-8080-exec-5] DEBUG o.s.web.servlet.DispatcherServlet - Completed 409 CONFLICT
2026-02-12 16:39:48.321 [HikariPool-1:housekeeper] WARN  com.zaxxer.hikari.pool.HikariPool - HikariPool-1 - Thread starvation or clock leap detected (housekeeper delta=45m14s572ms360µs800ns).
2026-02-12 16:41:46.118 [http-nio-8080-exec-7] DEBUG o.s.web.servlet.DispatcherServlet - GET "/api/tareas-rest/usuario/1", parameters={}
2026-02-12 16:41:46.192 [http-nio-8080-exec-7] DEBUG o.s.w.s.m.m.a.ExceptionHandlerExceptionResolver - Using @ExceptionHandler org.springframework.data.rest.webmvc.RepositoryRestExceptionHandler#handleNotFound(ResourceNotFoundException)
2026-02-12 16:41:46.198 [http-nio-8080-exec-7] DEBUG o.s.w.s.m.m.a.HttpEntityMethodProcessor - Using 'application/json', given [application/json, text/plain, */*] and supported [*/*]
2026-02-12 16:41:46.199 [http-nio-8080-exec-7] WARN  o.s.w.s.m.m.a.ExceptionHandlerExceptionResolver - Resolved [org.springframework.data.rest.webmvc.ResourceNotFoundException: EntityRepresentationModel not found]
2026-02-12 16:41:46.203 [http-nio-8080-exec-7] DEBUG o.s.web.servlet.DispatcherServlet - Completed 404 NOT_FOUND
2026-02-12 16:42:05.419 [http-nio-8080-exec-8] DEBUG o.s.web.servlet.DispatcherServlet - OPTIONS "/api/auth-rest/loginAccion", parameters={}
2026-02-12 16:42:05.421 [http-nio-8080-exec-8] DEBUG o.s.w.s.m.m.a.RequestMappingHandlerMapping - Mapped to com.example.ProyectoBackEnd.controller.LoginController#loginAccion(UsuarioEntity, HttpSession)
2026-02-12 16:42:05.427 [http-nio-8080-exec-8] DEBUG o.s.web.servlet.DispatcherServlet - Completed 200 OK
2026-02-12 16:42:05.427 [http-nio-8080-exec-10] DEBUG o.s.web.servlet.DispatcherServlet - POST "/api/auth-rest/loginAccion", parameters={}
2026-02-12 16:42:05.427 [http-nio-8080-exec-10] DEBUG o.s.w.s.m.m.a.RequestMappingHandlerMapping - Mapped to com.example.ProyectoBackEnd.controller.LoginController#loginAccion(UsuarioEntity, HttpSession)
2026-02-12 16:42:05.445 [http-nio-8080-exec-10] DEBUG o.s.w.s.m.m.a.RequestResponseBodyMethodProcessor - Read "application/json;charset=UTF-8" to [UsuarioEntity(idUsuario=null, usuario=admin, contraseña=1234, fechaCreacion=null, estado=null, fecha (truncated)...]
2026-02-12 16:42:05.449 [http-nio-8080-exec-10] INFO  c.e.P.controller.LoginController - AUDITORIA: Intento de login para usuario: admin
2026-02-12 16:42:05.551 [http-nio-8080-exec-10] INFO  c.e.P.aspect.LogginAspect - Operación buscarPorNombre completada en 60 ms
2026-02-12 16:42:05.576 [http-nio-8080-exec-10] INFO  c.e.P.aspect.LogginAspect - Operación validarLogin completada en 11 ms
2026-02-12 16:42:05.576 [http-nio-8080-exec-10] INFO  c.e.P.controller.LoginController - Login exitoso. Derivando a principal.
2026-02-12 16:42:05.656 [http-nio-8080-exec-10] DEBUG o.s.w.s.m.m.a.RequestResponseBodyMethodProcessor - Using 'application/json', given [application/json, text/plain, */*] and supported [application/hal+json, application/vnd.hal+json, application/json, application/schema+json, application/json-patch+json, application/merge-patch+json, application/x-spring-data-verbose+json, application/x-spring-data-compact+json, application/prs.hal-forms+json, application/*+json]
2026-02-12 16:42:05.656 [http-nio-8080-exec-10] DEBUG o.s.w.s.m.m.a.RequestResponseBodyMethodProcessor - Writing [EntityModel { content: UsuarioEntity(idUsuario=1, usuario=admin, contraseña=1234, fechaCreacion=2026 (truncated)...]
2026-02-12 16:42:05.663 [http-nio-8080-exec-10] DEBUG o.s.web.servlet.DispatcherServlet - Completed 200 OK
2026-02-12 16:42:07.492 [http-nio-8080-exec-9] DEBUG o.s.web.servlet.DispatcherServlet - GET "/api/tareas-rest/usuario/1", parameters={}
2026-02-12 16:42:07.501 [http-nio-8080-exec-9] DEBUG o.s.w.s.m.m.a.ExceptionHandlerExceptionResolver - Using @ExceptionHandler org.springframework.data.rest.webmvc.RepositoryRestExceptionHandler#handleNotFound(ResourceNotFoundException)
2026-02-12 16:42:07.501 [http-nio-8080-exec-9] DEBUG o.s.w.s.m.m.a.HttpEntityMethodProcessor - Using 'application/json', given [application/json, text/plain, */*] and supported [*/*]
2026-02-12 16:42:07.501 [http-nio-8080-exec-9] WARN  o.s.w.s.m.m.a.ExceptionHandlerExceptionResolver - Resolved [org.springframework.data.rest.webmvc.ResourceNotFoundException: EntityRepresentationModel not found]
2026-02-12 16:42:07.501 [http-nio-8080-exec-9] DEBUG o.s.web.servlet.DispatcherServlet - Completed 404 NOT_FOUND
2026-02-12 16:42:07.509 [http-nio-8080-exec-1] DEBUG o.s.web.servlet.DispatcherServlet - GET "/api/tareas-rest/usuario/1", parameters={}
2026-02-12 16:42:07.522 [http-nio-8080-exec-1] DEBUG o.s.w.s.m.m.a.ExceptionHandlerExceptionResolver - Using @ExceptionHandler org.springframework.data.rest.webmvc.RepositoryRestExceptionHandler#handleNotFound(ResourceNotFoundException)
2026-02-12 16:42:07.524 [http-nio-8080-exec-1] DEBUG o.s.w.s.m.m.a.HttpEntityMethodProcessor - Using 'application/json', given [application/json, text/plain, */*] and supported [*/*]
2026-02-12 16:42:07.524 [http-nio-8080-exec-1] WARN  o.s.w.s.m.m.a.ExceptionHandlerExceptionResolver - Resolved [org.springframework.data.rest.webmvc.ResourceNotFoundException: EntityRepresentationModel not found]
2026-02-12 16:42:07.525 [http-nio-8080-exec-1] DEBUG o.s.web.servlet.DispatcherServlet - Completed 404 NOT_FOUND
2026-02-12 16:42:11.816 [http-nio-8080-exec-2] DEBUG o.s.web.servlet.DispatcherServlet - OPTIONS "/api/tareas-rest", parameters={}
2026-02-12 16:42:11.820 [http-nio-8080-exec-2] DEBUG o.s.web.servlet.DispatcherServlet - Completed 200 OK
2026-02-12 16:42:11.820 [http-nio-8080-exec-3] DEBUG o.s.web.servlet.DispatcherServlet - POST "/api/tareas-rest", parameters={}
2026-02-12 16:42:11.943 [http-nio-8080-exec-3] DEBUG o.s.w.s.m.m.a.ExceptionHandlerExceptionResolver - Using @ExceptionHandler org.springframework.data.rest.webmvc.RepositoryRestExceptionHandler#handleConflict(Exception)
2026-02-12 16:42:11.943 [http-nio-8080-exec-3] DEBUG o.s.w.s.m.m.a.HttpEntityMethodProcessor - Using 'application/json', given [application/json, text/plain, */*] and supported [application/json, application/*+json]
2026-02-12 16:42:11.943 [http-nio-8080-exec-3] DEBUG o.s.w.s.m.m.a.HttpEntityMethodProcessor - Writing [org.springframework.data.rest.webmvc.support.ExceptionMessage@2bb28c5b]
2026-02-12 16:42:11.952 [http-nio-8080-exec-3] WARN  o.s.w.s.m.m.a.ExceptionHandlerExceptionResolver - Resolved [org.springframework.dao.DataIntegrityViolationException: not-null property references a null or transient value: com.example.ProyectoBackEnd.dao.entity.TaskEntity.titulo]
2026-02-12 16:42:11.952 [http-nio-8080-exec-3] DEBUG o.s.web.servlet.DispatcherServlet - Completed 409 CONFLICT
2026-02-12 16:43:47.749 [restartedMain] INFO  c.e.P.ProyectoBackEndApplication - Starting ProyectoBackEndApplication using Java 17.0.17 with PID 47364 (C:\Users\leofr\OneDrive\Escritorio\ESPECIALIZACION EN JAVA(CIBERTEC) Y OTRAS\JAVA BACK END\PROYECTO FINAL\ProyectoBackEnd (1)\ProyectoBackEnd\target\classes started by leofr in C:\Users\leofr\OneDrive\Escritorio\ESPECIALIZACION EN JAVA(CIBERTEC) Y OTRAS\JAVA BACK END\PROYECTO FINAL\ProyectoBackEnd (1)\ProyectoBackEnd)
2026-02-12 16:43:47.755 [restartedMain] DEBUG c.e.P.ProyectoBackEndApplication - Running with Spring Boot v3.5.10, Spring v6.2.15
2026-02-12 16:43:47.757 [restartedMain] INFO  c.e.P.ProyectoBackEndApplication - No active profile set, falling back to 1 default profile: "default"
2026-02-12 16:43:47.867 [restartedMain] INFO  o.s.b.d.e.DevToolsPropertyDefaultsPostProcessor - Devtools property defaults active! Set 'spring.devtools.add-properties' to 'false' to disable
2026-02-12 16:43:47.867 [restartedMain] INFO  o.s.b.d.e.DevToolsPropertyDefaultsPostProcessor - For additional web related logging consider setting the 'logging.level.web' property to 'DEBUG'
2026-02-12 16:43:49.196 [restartedMain] INFO  o.s.d.r.c.RepositoryConfigurationDelegate - Bootstrapping Spring Data JPA repositories in DEFAULT mode.
2026-02-12 16:43:49.364 [restartedMain] INFO  o.s.d.r.c.RepositoryConfigurationDelegate - Finished Spring Data repository scanning in 152 ms. Found 3 JPA repository interfaces.
2026-02-12 16:43:50.830 [restartedMain] INFO  o.s.b.w.e.tomcat.TomcatWebServer - Tomcat initialized with port 8080 (http)
2026-02-12 16:43:50.858 [restartedMain] INFO  o.a.coyote.http11.Http11NioProtocol - Initializing ProtocolHandler ["http-nio-8080"]
2026-02-12 16:43:50.881 [restartedMain] INFO  o.a.catalina.core.StandardService - Starting service [Tomcat]
2026-02-12 16:43:50.882 [restartedMain] INFO  o.a.catalina.core.StandardEngine - Starting Servlet engine: [Apache Tomcat/10.1.50]
2026-02-12 16:43:50.982 [restartedMain] INFO  o.a.c.c.C.[Tomcat].[localhost].[/] - Initializing Spring embedded WebApplicationContext
2026-02-12 16:43:50.985 [restartedMain] INFO  o.s.b.w.s.c.ServletWebServerApplicationContext - Root WebApplicationContext: initialization completed in 3113 ms
2026-02-12 16:43:51.396 [restartedMain] INFO  o.h.jpa.internal.util.LogHelper - HHH000204: Processing PersistenceUnitInfo [name: default]
2026-02-12 16:43:51.513 [restartedMain] INFO  org.hibernate.Version - HHH000412: Hibernate ORM core version 6.6.41.Final
2026-02-12 16:43:51.583 [restartedMain] INFO  o.h.c.i.RegionFactoryInitiator - HHH000026: Second-level cache disabled
2026-02-12 16:43:52.210 [restartedMain] INFO  o.s.o.j.p.SpringPersistenceUnitInfo - No LoadTimeWeaver setup: ignoring JPA class transformer
2026-02-12 16:43:52.266 [restartedMain] INFO  com.zaxxer.hikari.HikariDataSource - HikariPool-1 - Starting...
2026-02-12 16:43:52.528 [restartedMain] INFO  com.zaxxer.hikari.pool.HikariPool - HikariPool-1 - Added connection com.mysql.cj.jdbc.ConnectionImpl@3431a48f
2026-02-12 16:43:52.531 [restartedMain] INFO  com.zaxxer.hikari.HikariDataSource - HikariPool-1 - Start completed.
2026-02-12 16:43:52.637 [restartedMain] WARN  org.hibernate.orm.deprecation - HHH90000025: MySQLDialect does not need to be specified explicitly using 'hibernate.dialect' (remove the property setting and it will be selected by default)
2026-02-12 16:43:52.686 [restartedMain] INFO  o.hibernate.orm.connections.pooling - HHH10001005: Database info:
	Database JDBC URL [Connecting through datasource 'HikariDataSource (HikariPool-1)']
	Database driver: undefined/unknown
	Database version: 8.0.32
	Autocommit mode: undefined/unknown
	Isolation level: undefined/unknown
	Minimum pool size: undefined/unknown
	Maximum pool size: undefined/unknown
2026-02-12 16:43:54.143 [restartedMain] INFO  o.h.e.t.j.p.i.JtaPlatformInitiator - HHH000489: No JTA platform available (set 'hibernate.transaction.jta.platform' to enable JTA platform integration)
2026-02-12 16:43:54.324 [restartedMain] INFO  o.s.o.j.LocalContainerEntityManagerFactoryBean - Initialized JPA EntityManagerFactory for persistence unit 'default'
2026-02-12 16:43:55.073 [restartedMain] INFO  o.s.d.j.r.query.QueryEnhancerFactory - Hibernate is in classpath; If applicable, HQL parser will be used.
2026-02-12 16:43:56.246 [restartedMain] WARN  o.s.b.a.o.j.JpaBaseConfiguration$JpaWebConfiguration - spring.jpa.open-in-view is enabled by default. Therefore, database queries may be performed during view rendering. Explicitly configure spring.jpa.open-in-view to disable this warning
2026-02-12 16:43:56.781 [restartedMain] DEBUG o.s.w.s.m.m.a.RequestMappingHandlerMapping - 15 mappings in 'requestMappingHandlerMapping'
2026-02-12 16:43:57.010 [restartedMain] DEBUG o.s.w.s.h.SimpleUrlHandlerMapping - Patterns [/webjars/**, /**] in 'resourceHandlerMapping'
2026-02-12 16:43:57.075 [restartedMain] DEBUG o.s.w.s.m.m.a.RequestMappingHandlerAdapter - ControllerAdvice beans: 0 @ModelAttribute, 0 @InitBinder, 1 RequestBodyAdvice, 1 ResponseBodyAdvice
2026-02-12 16:43:57.150 [restartedMain] WARN  o.s.b.a.t.ThymeleafAutoConfiguration$DefaultTemplateResolverConfiguration - Cannot find template location: classpath:/templates/ (please add some templates, check your Thymeleaf configuration, or set spring.thymeleaf.check-template-location=false)
2026-02-12 16:43:57.206 [restartedMain] DEBUG o.s.w.s.m.m.a.ExceptionHandlerExceptionResolver - ControllerAdvice beans: 1 @ExceptionHandler, 1 ResponseBodyAdvice
2026-02-12 16:43:57.277 [restartedMain] DEBUG o.s.w.s.m.m.a.ExceptionHandlerExceptionResolver - ControllerAdvice beans: 1 @ExceptionHandler, 0 ResponseBodyAdvice
2026-02-12 16:43:57.687 [restartedMain] INFO  o.s.b.d.a.OptionalLiveReloadServer - LiveReload server is running on port 35729
2026-02-12 16:43:57.712 [restartedMain] INFO  o.a.coyote.http11.Http11NioProtocol - Starting ProtocolHandler ["http-nio-8080"]
2026-02-12 16:43:57.763 [restartedMain] INFO  o.s.b.w.e.tomcat.TomcatWebServer - Tomcat started on port 8080 (http) with context path '/'
2026-02-12 16:43:57.779 [restartedMain] INFO  c.e.P.ProyectoBackEndApplication - Started ProyectoBackEndApplication in 10.829 seconds (process running for 12.134)
2026-02-12 16:44:04.052 [http-nio-8080-exec-1] INFO  o.a.c.c.C.[Tomcat].[localhost].[/] - Initializing Spring DispatcherServlet 'dispatcherServlet'
2026-02-12 16:44:04.052 [http-nio-8080-exec-1] INFO  o.s.web.servlet.DispatcherServlet - Initializing Servlet 'dispatcherServlet'
2026-02-12 16:44:04.052 [http-nio-8080-exec-1] DEBUG o.s.web.servlet.DispatcherServlet - Detected StandardServletMultipartResolver
2026-02-12 16:44:04.052 [http-nio-8080-exec-1] DEBUG o.s.web.servlet.DispatcherServlet - Detected AcceptHeaderLocaleResolver
2026-02-12 16:44:04.052 [http-nio-8080-exec-1] DEBUG o.s.web.servlet.DispatcherServlet - Detected FixedThemeResolver
2026-02-12 16:44:04.060 [http-nio-8080-exec-1] DEBUG o.s.web.servlet.DispatcherServlet - Detected org.springframework.web.servlet.view.DefaultRequestToViewNameTranslator@3e7999f5
2026-02-12 16:44:04.062 [http-nio-8080-exec-1] DEBUG o.s.web.servlet.DispatcherServlet - Detected org.springframework.web.servlet.support.SessionFlashMapManager@59889a0
2026-02-12 16:44:04.062 [http-nio-8080-exec-1] DEBUG o.s.web.servlet.DispatcherServlet - enableLoggingRequestDetails='false': request parameters and headers will be masked to prevent unsafe logging of potentially sensitive data
2026-02-12 16:44:04.062 [http-nio-8080-exec-1] INFO  o.s.web.servlet.DispatcherServlet - Completed initialization in 10 ms
2026-02-12 16:44:04.100 [http-nio-8080-exec-1] DEBUG o.s.web.servlet.DispatcherServlet - GET "/api/tareas-rest/usuario/1", parameters={}
2026-02-12 16:44:04.383 [http-nio-8080-exec-1] DEBUG o.s.w.s.m.m.a.ExceptionHandlerExceptionResolver - Using @ExceptionHandler org.springframework.data.rest.webmvc.RepositoryRestExceptionHandler#handleNotFound(ResourceNotFoundException)
2026-02-12 16:44:04.413 [http-nio-8080-exec-1] DEBUG o.s.w.s.m.m.a.HttpEntityMethodProcessor - Using 'application/json', given [application/json, text/plain, */*] and supported [*/*]
2026-02-12 16:44:04.415 [http-nio-8080-exec-1] WARN  o.s.w.s.m.m.a.ExceptionHandlerExceptionResolver - Resolved [org.springframework.data.rest.webmvc.ResourceNotFoundException: EntityRepresentationModel not found]
2026-02-12 16:44:04.415 [http-nio-8080-exec-1] DEBUG o.s.web.servlet.DispatcherServlet - Completed 404 NOT_FOUND
2026-02-12 16:44:04.432 [http-nio-8080-exec-2] DEBUG o.s.web.servlet.DispatcherServlet - GET "/api/tareas-rest/usuario/1", parameters={}
2026-02-12 16:44:04.445 [http-nio-8080-exec-2] DEBUG o.s.w.s.m.m.a.ExceptionHandlerExceptionResolver - Using @ExceptionHandler org.springframework.data.rest.webmvc.RepositoryRestExceptionHandler#handleNotFound(ResourceNotFoundException)
2026-02-12 16:44:04.445 [http-nio-8080-exec-2] DEBUG o.s.w.s.m.m.a.HttpEntityMethodProcessor - Using 'application/json', given [application/json, text/plain, */*] and supported [*/*]
2026-02-12 16:44:04.446 [http-nio-8080-exec-2] WARN  o.s.w.s.m.m.a.ExceptionHandlerExceptionResolver - Resolved [org.springframework.data.rest.webmvc.ResourceNotFoundException: EntityRepresentationModel not found]
2026-02-12 16:44:04.446 [http-nio-8080-exec-2] DEBUG o.s.web.servlet.DispatcherServlet - Completed 404 NOT_FOUND
2026-02-12 16:44:10.592 [http-nio-8080-exec-6] DEBUG o.s.web.servlet.DispatcherServlet - POST "/api/auth-rest/loginAccion", parameters={}
2026-02-12 16:44:10.592 [http-nio-8080-exec-6] DEBUG o.s.w.s.m.m.a.RequestMappingHandlerMapping - Mapped to com.example.ProyectoBackEnd.controller.LoginController#loginAccion(UsuarioEntity, HttpSession)
2026-02-12 16:44:10.854 [http-nio-8080-exec-6] DEBUG o.s.w.s.m.m.a.RequestResponseBodyMethodProcessor - Read "application/json;charset=UTF-8" to [UsuarioEntity(idUsuario=null, usuario=admin, contraseña=1234, fechaCreacion=null, estado=null, fecha (truncated)...]
2026-02-12 16:44:11.044 [http-nio-8080-exec-6] WARN  o.a.c.util.SessionIdGeneratorBase - Creation of SecureRandom instance for session ID generation using [SHA1PRNG] took [174] milliseconds.
2026-02-12 16:44:11.057 [http-nio-8080-exec-6] INFO  c.e.P.controller.LoginController - AUDITORIA: Intento de login para usuario: admin
2026-02-12 16:44:12.044 [http-nio-8080-exec-6] INFO  c.e.P.aspect.LogginAspect - Operación buscarPorNombre completada en 749 ms
2026-02-12 16:44:12.067 [http-nio-8080-exec-6] INFO  c.e.P.aspect.LogginAspect - Operación validarLogin completada en 10 ms
2026-02-12 16:44:12.071 [http-nio-8080-exec-6] INFO  c.e.P.controller.LoginController - Login exitoso. Derivando a principal.
2026-02-12 16:44:12.165 [http-nio-8080-exec-4] DEBUG o.s.web.servlet.DispatcherServlet - POST "/api/auth-rest/loginAccion", parameters={}
2026-02-12 16:44:12.167 [http-nio-8080-exec-4] DEBUG o.s.w.s.m.m.a.RequestMappingHandlerMapping - Mapped to com.example.ProyectoBackEnd.controller.LoginController#loginAccion(UsuarioEntity, HttpSession)
2026-02-12 16:44:12.167 [http-nio-8080-exec-4] DEBUG o.s.w.s.m.m.a.RequestResponseBodyMethodProcessor - Read "application/json;charset=UTF-8" to [UsuarioEntity(idUsuario=null, usuario=admin, contraseña=1234, fechaCreacion=null, estado=null, fecha (truncated)...]
2026-02-12 16:44:12.167 [http-nio-8080-exec-4] INFO  c.e.P.controller.LoginController - AUDITORIA: Intento de login para usuario: admin
2026-02-12 16:44:12.198 [http-nio-8080-exec-4] INFO  c.e.P.aspect.LogginAspect - Operación buscarPorNombre completada en 14 ms
2026-02-12 16:44:12.222 [http-nio-8080-exec-4] INFO  c.e.P.aspect.LogginAspect - Operación validarLogin completada en 6 ms
2026-02-12 16:44:12.222 [http-nio-8080-exec-4] INFO  c.e.P.controller.LoginController - Login exitoso. Derivando a principal.
2026-02-12 16:44:12.539 [http-nio-8080-exec-6] DEBUG o.s.w.s.m.m.a.RequestResponseBodyMethodProcessor - Using 'application/json', given [application/json, text/plain, */*] and supported [application/hal+json, application/vnd.hal+json, application/json, application/schema+json, application/json-patch+json, application/merge-patch+json, application/x-spring-data-verbose+json, application/x-spring-data-compact+json, application/prs.hal-forms+json, application/*+json]
2026-02-12 16:44:12.539 [http-nio-8080-exec-4] DEBUG o.s.w.s.m.m.a.RequestResponseBodyMethodProcessor - Using 'application/json', given [application/json, text/plain, */*] and supported [application/hal+json, application/vnd.hal+json, application/json, application/schema+json, application/json-patch+json, application/merge-patch+json, application/x-spring-data-verbose+json, application/x-spring-data-compact+json, application/prs.hal-forms+json, application/*+json]
2026-02-12 16:44:12.545 [http-nio-8080-exec-4] DEBUG o.s.w.s.m.m.a.RequestResponseBodyMethodProcessor - Writing [EntityModel { content: UsuarioEntity(idUsuario=1, usuario=admin, contraseña=1234, fechaCreacion=2026 (truncated)...]
2026-02-12 16:44:12.545 [http-nio-8080-exec-6] DEBUG o.s.w.s.m.m.a.RequestResponseBodyMethodProcessor - Writing [EntityModel { content: UsuarioEntity(idUsuario=1, usuario=admin, contraseña=1234, fechaCreacion=2026 (truncated)...]
2026-02-12 16:44:12.651 [http-nio-8080-exec-4] DEBUG o.s.web.servlet.DispatcherServlet - Completed 200 OK
2026-02-12 16:44:12.651 [http-nio-8080-exec-6] DEBUG o.s.web.servlet.DispatcherServlet - Completed 200 OK
2026-02-12 16:44:14.644 [http-nio-8080-exec-5] DEBUG o.s.web.servlet.DispatcherServlet - GET "/api/tareas-rest/usuario/1", parameters={}
2026-02-12 16:44:14.655 [http-nio-8080-exec-5] DEBUG o.s.w.s.m.m.a.ExceptionHandlerExceptionResolver - Using @ExceptionHandler org.springframework.data.rest.webmvc.RepositoryRestExceptionHandler#handleNotFound(ResourceNotFoundException)
2026-02-12 16:44:14.655 [http-nio-8080-exec-5] DEBUG o.s.w.s.m.m.a.HttpEntityMethodProcessor - Using 'application/json', given [application/json, text/plain, */*] and supported [*/*]
2026-02-12 16:44:14.660 [http-nio-8080-exec-5] WARN  o.s.w.s.m.m.a.ExceptionHandlerExceptionResolver - Resolved [org.springframework.data.rest.webmvc.ResourceNotFoundException: EntityRepresentationModel not found]
2026-02-12 16:44:14.661 [http-nio-8080-exec-5] DEBUG o.s.web.servlet.DispatcherServlet - Completed 404 NOT_FOUND
2026-02-12 16:44:14.663 [http-nio-8080-exec-3] DEBUG o.s.web.servlet.DispatcherServlet - GET "/api/tareas-rest/usuario/1", parameters={}
2026-02-12 16:44:14.676 [http-nio-8080-exec-3] DEBUG o.s.w.s.m.m.a.ExceptionHandlerExceptionResolver - Using @ExceptionHandler org.springframework.data.rest.webmvc.RepositoryRestExceptionHandler#handleNotFound(ResourceNotFoundException)
2026-02-12 16:44:14.676 [http-nio-8080-exec-3] DEBUG o.s.w.s.m.m.a.HttpEntityMethodProcessor - Using 'application/json', given [application/json, text/plain, */*] and supported [*/*]
2026-02-12 16:44:14.676 [http-nio-8080-exec-3] WARN  o.s.w.s.m.m.a.ExceptionHandlerExceptionResolver - Resolved [org.springframework.data.rest.webmvc.ResourceNotFoundException: EntityRepresentationModel not found]
2026-02-12 16:44:14.676 [http-nio-8080-exec-3] DEBUG o.s.web.servlet.DispatcherServlet - Completed 404 NOT_FOUND
2026-02-12 16:44:16.309 [http-nio-8080-exec-7] DEBUG o.s.web.servlet.DispatcherServlet - POST "/api/tareas-rest", parameters={}
2026-02-12 16:44:16.438 [http-nio-8080-exec-7] DEBUG o.s.w.s.m.m.a.ExceptionHandlerExceptionResolver - Using @ExceptionHandler org.springframework.data.rest.webmvc.RepositoryRestExceptionHandler#handleConflict(Exception)
2026-02-12 16:44:16.438 [http-nio-8080-exec-7] DEBUG o.s.w.s.m.m.a.HttpEntityMethodProcessor - Using 'application/json', given [application/json, text/plain, */*] and supported [application/json, application/*+json]
2026-02-12 16:44:16.445 [http-nio-8080-exec-7] DEBUG o.s.w.s.m.m.a.HttpEntityMethodProcessor - Writing [org.springframework.data.rest.webmvc.support.ExceptionMessage@435c0a2f]
2026-02-12 16:44:16.450 [http-nio-8080-exec-7] WARN  o.s.w.s.m.m.a.ExceptionHandlerExceptionResolver - Resolved [org.springframework.dao.DataIntegrityViolationException: not-null property references a null or transient value: com.example.ProyectoBackEnd.dao.entity.TaskEntity.titulo]
2026-02-12 16:44:16.450 [http-nio-8080-exec-7] DEBUG o.s.web.servlet.DispatcherServlet - Completed 409 CONFLICT
2026-02-12 16:47:31.079 [http-nio-8080-exec-10] DEBUG o.s.web.servlet.DispatcherServlet - GET "/api/tareas-rest/search/porUsuario?id=1&size=100", parameters={masked}
2026-02-12 16:47:31.313 [http-nio-8080-exec-10] DEBUG o.s.w.s.m.m.a.HttpEntityMethodProcessor - Using 'application/json', given [application/json, text/plain, */*] and supported [application/hal+json, application/json]
2026-02-12 16:47:31.332 [http-nio-8080-exec-10] DEBUG o.s.w.s.m.m.a.HttpEntityMethodProcessor - Writing [PagedModel { content: [EntityModel { content: TaskEntity(idTarea=1, titulo=Configurar el entorno de  (truncated)...]
2026-02-12 16:47:31.429 [http-nio-8080-exec-10] DEBUG o.s.web.servlet.DispatcherServlet - Completed 200 OK
2026-02-12 16:48:55.191 [http-nio-8080-exec-2] DEBUG o.s.web.servlet.DispatcherServlet - GET "/api/tareas-rest/search/porUsuario?id=1&size=100", parameters={masked}
2026-02-12 16:48:55.255 [http-nio-8080-exec-2] DEBUG o.s.w.s.m.m.a.HttpEntityMethodProcessor - Using 'application/json', given [application/json, text/plain, */*] and supported [application/hal+json, application/json]
2026-02-12 16:48:55.257 [http-nio-8080-exec-2] DEBUG o.s.w.s.m.m.a.HttpEntityMethodProcessor - Writing [PagedModel { content: [EntityModel { content: TaskEntity(idTarea=1, titulo=Configurar el entorno de  (truncated)...]
2026-02-12 16:48:55.296 [http-nio-8080-exec-2] DEBUG o.s.web.servlet.DispatcherServlet - Completed 200 OK
2026-02-12 16:50:17.209 [http-nio-8080-exec-4] DEBUG o.s.web.servlet.DispatcherServlet - GET "/api/tareas-rest/search/porUsuario?id=1&size=100", parameters={masked}
2026-02-12 16:50:17.259 [http-nio-8080-exec-4] DEBUG o.s.w.s.m.m.a.HttpEntityMethodProcessor - Using 'application/json', given [application/json, text/plain, */*] and supported [application/hal+json, application/json]
2026-02-12 16:50:17.276 [http-nio-8080-exec-4] DEBUG o.s.w.s.m.m.a.HttpEntityMethodProcessor - Writing [PagedModel { content: [EntityModel { content: TaskEntity(idTarea=1, titulo=Configurar el entorno de  (truncated)...]
2026-02-12 16:50:17.300 [http-nio-8080-exec-4] DEBUG o.s.web.servlet.DispatcherServlet - Completed 200 OK
2026-02-12 16:50:30.943 [http-nio-8080-exec-5] DEBUG o.s.web.servlet.DispatcherServlet - POST "/api/tareas-rest", parameters={}
2026-02-12 16:50:30.970 [http-nio-8080-exec-5] DEBUG o.s.w.s.m.m.a.ExceptionHandlerExceptionResolver - Using @ExceptionHandler org.springframework.data.rest.webmvc.RepositoryRestExceptionHandler#handleConflict(Exception)
2026-02-12 16:50:30.971 [http-nio-8080-exec-5] DEBUG o.s.w.s.m.m.a.HttpEntityMethodProcessor - Using 'application/json', given [application/json, text/plain, */*] and supported [application/json, application/*+json]
2026-02-12 16:50:30.971 [http-nio-8080-exec-5] DEBUG o.s.w.s.m.m.a.HttpEntityMethodProcessor - Writing [org.springframework.data.rest.webmvc.support.ExceptionMessage@a30c78]
2026-02-12 16:50:30.973 [http-nio-8080-exec-5] WARN  o.s.w.s.m.m.a.ExceptionHandlerExceptionResolver - Resolved [org.springframework.dao.DataIntegrityViolationException: not-null property references a null or transient value: com.example.ProyectoBackEnd.dao.entity.TaskEntity.titulo]
2026-02-12 16:50:30.973 [http-nio-8080-exec-5] DEBUG o.s.web.servlet.DispatcherServlet - Completed 409 CONFLICT
2026-02-12 16:54:13.084 [http-nio-8080-exec-7] DEBUG o.s.web.servlet.DispatcherServlet - GET "/api/tareas-rest/search/porUsuario?id=1&size=100", parameters={masked}
2026-02-12 16:54:13.145 [http-nio-8080-exec-7] DEBUG o.s.w.s.m.m.a.HttpEntityMethodProcessor - Using 'application/json', given [application/json, text/plain, */*] and supported [application/hal+json, application/json]
2026-02-12 16:54:13.152 [http-nio-8080-exec-7] DEBUG o.s.w.s.m.m.a.HttpEntityMethodProcessor - Writing [PagedModel { content: [EntityModel { content: TaskEntity(idTarea=1, titulo=Configurar el entorno de  (truncated)...]
2026-02-12 16:54:13.185 [http-nio-8080-exec-7] DEBUG o.s.web.servlet.DispatcherServlet - Completed 200 OK
2026-02-12 16:54:24.521 [http-nio-8080-exec-9] DEBUG o.s.web.servlet.DispatcherServlet - GET "/api/tareas-rest/search/porUsuario?id=1&size=100", parameters={masked}
2026-02-12 16:54:24.577 [http-nio-8080-exec-9] DEBUG o.s.w.s.m.m.a.HttpEntityMethodProcessor - Using 'application/json', given [application/json, text/plain, */*] and supported [application/hal+json, application/json]
2026-02-12 16:54:24.577 [http-nio-8080-exec-9] DEBUG o.s.w.s.m.m.a.HttpEntityMethodProcessor - Writing [PagedModel { content: [EntityModel { content: TaskEntity(idTarea=1, titulo=Configurar el entorno de  (truncated)...]
2026-02-12 16:54:24.607 [http-nio-8080-exec-9] DEBUG o.s.web.servlet.DispatcherServlet - Completed 200 OK
2026-02-12 16:54:24.612 [http-nio-8080-exec-10] DEBUG o.s.web.servlet.DispatcherServlet - GET "/api/tareas-rest/search/porUsuario?id=1&size=100", parameters={masked}
2026-02-12 16:54:24.649 [http-nio-8080-exec-10] DEBUG o.s.w.s.m.m.a.HttpEntityMethodProcessor - Using 'application/json', given [application/json, text/plain, */*] and supported [application/hal+json, application/json]
2026-02-12 16:54:24.649 [http-nio-8080-exec-10] DEBUG o.s.w.s.m.m.a.HttpEntityMethodProcessor - Writing [PagedModel { content: [EntityModel { content: TaskEntity(idTarea=1, titulo=Configurar el entorno de  (truncated)...]
2026-02-12 16:54:24.677 [http-nio-8080-exec-10] DEBUG o.s.web.servlet.DispatcherServlet - Completed 200 OK
2026-02-12 16:54:27.073 [http-nio-8080-exec-1] DEBUG o.s.web.servlet.DispatcherServlet - POST "/api/tareas-rest", parameters={}
2026-02-12 16:54:27.158 [http-nio-8080-exec-1] DEBUG o.s.w.s.m.m.a.HttpEntityMethodProcessor - Using 'application/json', given [application/json, text/plain, */*] and supported [application/hal+json, application/json]
2026-02-12 16:54:27.158 [http-nio-8080-exec-1] DEBUG o.s.w.s.m.m.a.HttpEntityMethodProcessor - Writing [EntityModel { content: TaskEntity(idTarea=31, titulo=a, estado=Pendiente, fechaCreacion=null, usuari (truncated)...]
2026-02-12 16:54:27.163 [http-nio-8080-exec-1] DEBUG o.s.web.servlet.DispatcherServlet - Completed 201 CREATED
2026-02-12 16:54:27.178 [http-nio-8080-exec-2] DEBUG o.s.web.servlet.DispatcherServlet - GET "/api/tareas-rest/search/porUsuario?id=1&size=100", parameters={masked}
2026-02-12 16:54:27.228 [http-nio-8080-exec-2] DEBUG o.s.w.s.m.m.a.HttpEntityMethodProcessor - Using 'application/json', given [application/json, text/plain, */*] and supported [application/hal+json, application/json]
2026-02-12 16:54:27.234 [http-nio-8080-exec-2] DEBUG o.s.w.s.m.m.a.HttpEntityMethodProcessor - Writing [PagedModel { content: [EntityModel { content: TaskEntity(idTarea=1, titulo=Configurar el entorno de  (truncated)...]
2026-02-12 16:54:27.265 [http-nio-8080-exec-2] DEBUG o.s.web.servlet.DispatcherServlet - Completed 200 OK
2026-02-12 16:54:33.092 [http-nio-8080-exec-5] DEBUG o.s.web.servlet.DispatcherServlet - OPTIONS "/api/api/tareas/undefined", parameters={}
2026-02-12 16:54:33.100 [http-nio-8080-exec-5] DEBUG o.s.w.s.h.SimpleUrlHandlerMapping - Mapped to ResourceHttpRequestHandler [classpath [META-INF/resources/], classpath [resources/], classpath [static/], classpath [public/], ServletContext [/]]
2026-02-12 16:54:33.106 [http-nio-8080-exec-5] DEBUG o.s.web.servlet.DispatcherServlet - Completed 403 FORBIDDEN
2026-02-12 16:54:35.959 [http-nio-8080-exec-3] DEBUG o.s.web.servlet.DispatcherServlet - GET "/api/tareas-rest/search/porUsuario?id=1&size=100", parameters={masked}
2026-02-12 16:54:35.993 [http-nio-8080-exec-3] DEBUG o.s.w.s.m.m.a.HttpEntityMethodProcessor - Using 'application/json', given [application/json, text/plain, */*] and supported [application/hal+json, application/json]
2026-02-12 16:54:35.993 [http-nio-8080-exec-3] DEBUG o.s.w.s.m.m.a.HttpEntityMethodProcessor - Writing [PagedModel { content: [EntityModel { content: TaskEntity(idTarea=1, titulo=Configurar el entorno de  (truncated)...]
2026-02-12 16:54:36.022 [http-nio-8080-exec-3] DEBUG o.s.web.servlet.DispatcherServlet - Completed 200 OK
2026-02-12 16:54:36.027 [http-nio-8080-exec-7] DEBUG o.s.web.servlet.DispatcherServlet - GET "/api/tareas-rest/search/porUsuario?id=1&size=100", parameters={masked}
2026-02-12 16:54:36.064 [http-nio-8080-exec-7] DEBUG o.s.w.s.m.m.a.HttpEntityMethodProcessor - Using 'application/json', given [application/json, text/plain, */*] and supported [application/hal+json, application/json]
2026-02-12 16:54:36.067 [http-nio-8080-exec-7] DEBUG o.s.w.s.m.m.a.HttpEntityMethodProcessor - Writing [PagedModel { content: [EntityModel { content: TaskEntity(idTarea=1, titulo=Configurar el entorno de  (truncated)...]
2026-02-12 16:54:36.097 [http-nio-8080-exec-7] DEBUG o.s.web.servlet.DispatcherServlet - Completed 200 OK
2026-02-12 16:54:41.511 [http-nio-8080-exec-10] DEBUG o.s.web.servlet.DispatcherServlet - OPTIONS "/api/tareas-rest/undefined", parameters={}
2026-02-12 16:54:41.513 [http-nio-8080-exec-10] DEBUG o.s.web.servlet.DispatcherServlet - Completed 200 OK
2026-02-12 16:54:41.519 [http-nio-8080-exec-1] DEBUG o.s.web.servlet.DispatcherServlet - PUT "/api/tareas-rest/undefined", parameters={}
2026-02-12 16:54:41.542 [http-nio-8080-exec-1] DEBUG o.s.web.method.HandlerMethod - Could not resolve parameter [1] in public org.springframework.http.ResponseEntity<? extends org.springframework.hateoas.RepresentationModel<?>> org.springframework.data.rest.webmvc.RepositoryEntityController.putItemResource(org.springframework.data.rest.webmvc.RootResourceInformation,org.springframework.data.rest.webmvc.PersistentEntityResource,java.io.Serializable,org.springframework.data.rest.webmvc.PersistentEntityResourceAssembler,org.springframework.data.rest.webmvc.support.ETag,java.lang.String) throws org.springframework.web.HttpRequestMethodNotSupportedException: Failed to convert from type [java.lang.String] to type [java.lang.Integer] for value [undefined]
2026-02-12 16:54:41.542 [http-nio-8080-exec-1] DEBUG o.s.w.s.m.m.a.ExceptionHandlerExceptionResolver - Using @ExceptionHandler org.springframework.data.rest.webmvc.RepositoryRestExceptionHandler#handleMiscFailures(Exception)
2026-02-12 16:54:41.542 [http-nio-8080-exec-1] DEBUG o.s.w.s.m.m.a.HttpEntityMethodProcessor - Using 'application/json', given [application/json, text/plain, */*] and supported [application/json, application/*+json]
2026-02-12 16:54:41.542 [http-nio-8080-exec-1] DEBUG o.s.w.s.m.m.a.HttpEntityMethodProcessor - Writing [org.springframework.data.rest.webmvc.support.ExceptionMessage@48c9ad3b]
2026-02-12 16:54:41.549 [http-nio-8080-exec-1] WARN  o.s.w.s.m.m.a.ExceptionHandlerExceptionResolver - Resolved [org.springframework.core.convert.ConversionFailedException: Failed to convert from type [java.lang.String] to type [java.lang.Integer] for value [undefined]]
2026-02-12 16:54:41.549 [http-nio-8080-exec-1] DEBUG o.s.web.servlet.DispatcherServlet - Completed 500 INTERNAL_SERVER_ERROR
2026-02-12 16:56:47.416 [http-nio-8080-exec-2] DEBUG o.s.web.servlet.DispatcherServlet - GET "/api/tareas-rest/search/porUsuario?id=1&size=100", parameters={masked}
2026-02-12 16:56:47.474 [http-nio-8080-exec-2] DEBUG o.s.w.s.m.m.a.HttpEntityMethodProcessor - Using 'application/json', given [application/json, text/plain, */*] and supported [application/hal+json, application/json]
2026-02-12 16:56:47.474 [http-nio-8080-exec-2] DEBUG o.s.w.s.m.m.a.HttpEntityMethodProcessor - Writing [PagedModel { content: [EntityModel { content: TaskEntity(idTarea=1, titulo=Configurar el entorno de  (truncated)...]
2026-02-12 16:56:47.505 [http-nio-8080-exec-2] DEBUG o.s.web.servlet.DispatcherServlet - Completed 200 OK
2026-02-12 16:56:47.513 [http-nio-8080-exec-6] DEBUG o.s.web.servlet.DispatcherServlet - GET "/api/tareas-rest/search/porUsuario?id=1&size=100", parameters={masked}
2026-02-12 16:56:47.557 [http-nio-8080-exec-6] DEBUG o.s.w.s.m.m.a.HttpEntityMethodProcessor - Using 'application/json', given [application/json, text/plain, */*] and supported [application/hal+json, application/json]
2026-02-12 16:56:47.559 [http-nio-8080-exec-6] DEBUG o.s.w.s.m.m.a.HttpEntityMethodProcessor - Writing [PagedModel { content: [EntityModel { content: TaskEntity(idTarea=1, titulo=Configurar el entorno de  (truncated)...]
2026-02-12 16:56:47.586 [http-nio-8080-exec-6] DEBUG o.s.web.servlet.DispatcherServlet - Completed 200 OK
2026-02-12 16:56:56.112 [http-nio-8080-exec-5] DEBUG o.s.web.servlet.DispatcherServlet - GET "/api/tareas-rest", parameters={}
2026-02-12 16:56:56.223 [http-nio-8080-exec-5] DEBUG o.s.w.s.m.m.a.RequestResponseBodyMethodProcessor - Using 'application/hal+json', given [*/*] and supported [application/hal+json]
2026-02-12 16:56:56.223 [http-nio-8080-exec-5] DEBUG o.s.w.s.m.m.a.RequestResponseBodyMethodProcessor - Writing [PagedModel { content: [EntityModel { content: TaskEntity(idTarea=1, titulo=Configurar el entorno de  (truncated)...]
2026-02-12 16:56:56.261 [http-nio-8080-exec-5] DEBUG o.s.web.servlet.DispatcherServlet - Completed 200 OK
2026-02-12 16:58:15.104 [http-nio-8080-exec-8] DEBUG o.s.web.servlet.DispatcherServlet - GET "/api/tareas-rest/search/porUsuario?id=1&size=100", parameters={masked}
2026-02-12 16:58:15.153 [http-nio-8080-exec-8] DEBUG o.s.w.s.m.m.a.HttpEntityMethodProcessor - Using 'application/json', given [application/json, text/plain, */*] and supported [application/hal+json, application/json]
2026-02-12 16:58:15.155 [http-nio-8080-exec-8] DEBUG o.s.w.s.m.m.a.HttpEntityMethodProcessor - Writing [PagedModel { content: [EntityModel { content: TaskEntity(idTarea=1, titulo=Configurar el entorno de  (truncated)...]
2026-02-12 16:58:15.187 [http-nio-8080-exec-8] DEBUG o.s.web.servlet.DispatcherServlet - Completed 200 OK
2026-02-12 16:58:48.105 [http-nio-8080-exec-10] DEBUG o.s.web.servlet.DispatcherServlet - GET "/api/tareas-rest/search/porUsuario?id=1&size=100", parameters={masked}
2026-02-12 16:58:48.153 [http-nio-8080-exec-10] DEBUG o.s.w.s.m.m.a.HttpEntityMethodProcessor - Using 'application/json', given [application/json, text/plain, */*] and supported [application/hal+json, application/json]
2026-02-12 16:58:48.157 [http-nio-8080-exec-10] DEBUG o.s.w.s.m.m.a.HttpEntityMethodProcessor - Writing [PagedModel { content: [EntityModel { content: TaskEntity(idTarea=1, titulo=Configurar el entorno de  (truncated)...]
2026-02-12 16:58:48.183 [http-nio-8080-exec-10] DEBUG o.s.web.servlet.DispatcherServlet - Completed 200 OK
2026-02-12 16:59:20.102 [http-nio-8080-exec-1] DEBUG o.s.web.servlet.DispatcherServlet - GET "/api/tareas-rest/search/porUsuario?id=1&size=100", parameters={masked}
2026-02-12 16:59:20.158 [http-nio-8080-exec-1] DEBUG o.s.w.s.m.m.a.HttpEntityMethodProcessor - Using 'application/json', given [application/json, text/plain, */*] and supported [application/hal+json, application/json]
2026-02-12 16:59:20.158 [http-nio-8080-exec-1] DEBUG o.s.w.s.m.m.a.HttpEntityMethodProcessor - Writing [PagedModel { content: [EntityModel { content: TaskEntity(idTarea=1, titulo=Configurar el entorno de  (truncated)...]
2026-02-12 16:59:20.195 [http-nio-8080-exec-1] DEBUG o.s.web.servlet.DispatcherServlet - Completed 200 OK
2026-02-12 16:59:21.090 [http-nio-8080-exec-2] DEBUG o.s.web.servlet.DispatcherServlet - GET "/api/tareas-rest/search/porUsuario?id=1&size=100", parameters={masked}
2026-02-12 16:59:21.142 [http-nio-8080-exec-2] DEBUG o.s.w.s.m.m.a.HttpEntityMethodProcessor - Using 'application/json', given [application/json, text/plain, */*] and supported [application/hal+json, application/json]
2026-02-12 16:59:21.146 [http-nio-8080-exec-2] DEBUG o.s.w.s.m.m.a.HttpEntityMethodProcessor - Writing [PagedModel { content: [EntityModel { content: TaskEntity(idTarea=1, titulo=Configurar el entorno de  (truncated)...]
2026-02-12 16:59:21.178 [http-nio-8080-exec-2] DEBUG o.s.web.servlet.DispatcherServlet - Completed 200 OK
2026-02-12 16:59:33.074 [http-nio-8080-exec-6] DEBUG o.s.web.servlet.DispatcherServlet - GET "/api/tareas-rest/search/porUsuario?id=1&size=100", parameters={masked}
2026-02-12 16:59:33.130 [http-nio-8080-exec-6] DEBUG o.s.w.s.m.m.a.HttpEntityMethodProcessor - Using 'application/json', given [application/json, text/plain, */*] and supported [application/hal+json, application/json]
2026-02-12 16:59:33.130 [http-nio-8080-exec-6] DEBUG o.s.w.s.m.m.a.HttpEntityMethodProcessor - Writing [PagedModel { content: [EntityModel { content: TaskEntity(idTarea=1, titulo=Configurar el entorno de  (truncated)...]
2026-02-12 16:59:33.158 [http-nio-8080-exec-6] DEBUG o.s.web.servlet.DispatcherServlet - Completed 200 OK
2026-02-12 17:00:24.110 [http-nio-8080-exec-4] DEBUG o.s.web.servlet.DispatcherServlet - GET "/api/tareas-rest/search/porUsuario?id=1&size=100", parameters={masked}
2026-02-12 17:00:24.153 [http-nio-8080-exec-4] DEBUG o.s.w.s.m.m.a.HttpEntityMethodProcessor - Using 'application/json', given [application/json, text/plain, */*] and supported [application/hal+json, application/json]
2026-02-12 17:00:24.155 [http-nio-8080-exec-4] DEBUG o.s.w.s.m.m.a.HttpEntityMethodProcessor - Writing [PagedModel { content: [EntityModel { content: TaskEntity(idTarea=1, titulo=Configurar el entorno de  (truncated)...]
2026-02-12 17:00:24.178 [http-nio-8080-exec-4] DEBUG o.s.web.servlet.DispatcherServlet - Completed 200 OK
2026-02-12 17:00:58.498 [http-nio-8080-exec-5] DEBUG o.s.web.servlet.DispatcherServlet - GET "/api/tareas-rest/search/porUsuario?id=1&size=100", parameters={masked}
2026-02-12 17:00:58.545 [http-nio-8080-exec-5] DEBUG o.s.w.s.m.m.a.HttpEntityMethodProcessor - Using 'application/json', given [application/json, text/plain, */*] and supported [application/hal+json, application/json]
2026-02-12 17:00:58.549 [http-nio-8080-exec-5] DEBUG o.s.w.s.m.m.a.HttpEntityMethodProcessor - Writing [PagedModel { content: [EntityModel { content: TaskEntity(idTarea=1, titulo=Configurar el entorno de  (truncated)...]
2026-02-12 17:00:58.572 [http-nio-8080-exec-5] DEBUG o.s.web.servlet.DispatcherServlet - Completed 200 OK
2026-02-12 17:00:58.577 [http-nio-8080-exec-3] DEBUG o.s.web.servlet.DispatcherServlet - GET "/api/tareas-rest/search/porUsuario?id=1&size=100", parameters={masked}
2026-02-12 17:00:58.615 [http-nio-8080-exec-3] DEBUG o.s.w.s.m.m.a.HttpEntityMethodProcessor - Using 'application/json', given [application/json, text/plain, */*] and supported [application/hal+json, application/json]
2026-02-12 17:00:58.615 [http-nio-8080-exec-3] DEBUG o.s.w.s.m.m.a.HttpEntityMethodProcessor - Writing [PagedModel { content: [EntityModel { content: TaskEntity(idTarea=1, titulo=Configurar el entorno de  (truncated)...]
2026-02-12 17:00:58.640 [http-nio-8080-exec-3] DEBUG o.s.web.servlet.DispatcherServlet - Completed 200 OK
2026-02-12 17:01:06.194 [http-nio-8080-exec-7] DEBUG o.s.web.servlet.DispatcherServlet - OPTIONS "/api/tareas-rest/31", parameters={}
2026-02-12 17:01:06.196 [http-nio-8080-exec-7] DEBUG o.s.web.servlet.DispatcherServlet - Completed 200 OK
2026-02-12 17:01:06.203 [http-nio-8080-exec-9] DEBUG o.s.web.servlet.DispatcherServlet - PUT "/api/tareas-rest/31", parameters={}
2026-02-12 17:01:06.365 [http-nio-8080-exec-9] DEBUG o.s.web.method.HandlerMethod - Could not resolve parameter [1] in public org.springframework.http.ResponseEntity<? extends org.springframework.hateoas.RepresentationModel<?>> org.springframework.data.rest.webmvc.RepositoryEntityController.putItemResource(org.springframework.data.rest.webmvc.RootResourceInformation,org.springframework.data.rest.webmvc.PersistentEntityResource,java.io.Serializable,org.springframework.data.rest.webmvc.PersistentEntityResourceAssembler,org.springframework.data.rest.webmvc.support.ETag,java.lang.String) throws org.springframework.web.HttpRequestMethodNotSupportedException: Could not read an object of type class com.example.ProyectoBackEnd.dao.entity.TaskEntity from the request
2026-02-12 17:01:06.365 [http-nio-8080-exec-9] DEBUG o.s.w.s.m.m.a.ExceptionHandlerExceptionResolver - Using @ExceptionHandler org.springframework.data.rest.webmvc.RepositoryRestExceptionHandler#handleNotReadable(HttpMessageNotReadableException)
2026-02-12 17:01:06.365 [http-nio-8080-exec-9] DEBUG o.s.w.s.m.m.a.HttpEntityMethodProcessor - Using 'application/json', given [application/json, text/plain, */*] and supported [application/json, application/*+json]
2026-02-12 17:01:06.365 [http-nio-8080-exec-9] DEBUG o.s.w.s.m.m.a.HttpEntityMethodProcessor - Writing [org.springframework.data.rest.webmvc.support.ExceptionMessage@2e28e043]
2026-02-12 17:01:06.380 [http-nio-8080-exec-9] WARN  o.s.w.s.m.m.a.ExceptionHandlerExceptionResolver - Resolved [org.springframework.http.converter.HttpMessageNotReadableException: Could not read an object of type class com.example.ProyectoBackEnd.dao.entity.TaskEntity from the request]
2026-02-12 17:01:06.380 [http-nio-8080-exec-9] DEBUG o.s.web.servlet.DispatcherServlet - Completed 400 BAD_REQUEST
2026-02-12 17:01:11.219 [http-nio-8080-exec-8] DEBUG o.s.web.servlet.DispatcherServlet - DELETE "/api/tareas-rest/31", parameters={}
2026-02-12 17:01:11.362 [http-nio-8080-exec-8] DEBUG o.s.w.s.m.m.a.HttpEntityMethodProcessor - Using 'application/json', given [application/json, text/plain, */*] and supported [application/hal+json, application/json]
2026-02-12 17:01:11.362 [http-nio-8080-exec-8] DEBUG o.s.w.s.m.m.a.HttpEntityMethodProcessor - Writing [EntityModel { content: TaskEntity(idTarea=31, titulo=a, estado=Pendiente, fechaCreacion=2026-02-12T1 (truncated)...]
2026-02-12 17:01:11.365 [http-nio-8080-exec-8] DEBUG o.s.web.servlet.DispatcherServlet - Completed 200 OK
2026-02-12 17:01:11.379 [http-nio-8080-exec-10] DEBUG o.s.web.servlet.DispatcherServlet - GET "/api/tareas-rest/search/porUsuario?id=1&size=100", parameters={masked}
2026-02-12 17:01:11.414 [http-nio-8080-exec-10] DEBUG o.s.w.s.m.m.a.HttpEntityMethodProcessor - Using 'application/json', given [application/json, text/plain, */*] and supported [application/hal+json, application/json]
2026-02-12 17:01:11.418 [http-nio-8080-exec-10] DEBUG o.s.w.s.m.m.a.HttpEntityMethodProcessor - Writing [PagedModel { content: [EntityModel { content: TaskEntity(idTarea=1, titulo=Configurar el entorno de  (truncated)...]
2026-02-12 17:01:11.435 [http-nio-8080-exec-10] DEBUG o.s.web.servlet.DispatcherServlet - Completed 200 OK
2026-02-12 17:01:48.922 [http-nio-8080-exec-1] DEBUG o.s.web.servlet.DispatcherServlet - POST "/api/tareas-rest", parameters={}
2026-02-12 17:01:48.966 [http-nio-8080-exec-1] DEBUG o.s.w.s.m.m.a.HttpEntityMethodProcessor - Using 'application/json', given [application/json, text/plain, */*] and supported [application/hal+json, application/json]
2026-02-12 17:01:48.966 [http-nio-8080-exec-1] DEBUG o.s.w.s.m.m.a.HttpEntityMethodProcessor - Writing [EntityModel { content: TaskEntity(idTarea=32, titulo=Registrando desde React, estado=Abierto, fechaC (truncated)...]
2026-02-12 17:01:48.968 [http-nio-8080-exec-1] DEBUG o.s.web.servlet.DispatcherServlet - Completed 201 CREATED
2026-02-12 17:01:48.990 [http-nio-8080-exec-2] DEBUG o.s.web.servlet.DispatcherServlet - GET "/api/tareas-rest/search/porUsuario?id=1&size=100", parameters={masked}
2026-02-12 17:01:49.025 [http-nio-8080-exec-2] DEBUG o.s.w.s.m.m.a.HttpEntityMethodProcessor - Using 'application/json', given [application/json, text/plain, */*] and supported [application/hal+json, application/json]
2026-02-12 17:01:49.031 [http-nio-8080-exec-2] DEBUG o.s.w.s.m.m.a.HttpEntityMethodProcessor - Writing [PagedModel { content: [EntityModel { content: TaskEntity(idTarea=1, titulo=Configurar el entorno de  (truncated)...]
2026-02-12 17:01:49.051 [http-nio-8080-exec-2] DEBUG o.s.web.servlet.DispatcherServlet - Completed 200 OK
2026-02-12 17:01:58.218 [http-nio-8080-exec-6] DEBUG o.s.web.servlet.DispatcherServlet - OPTIONS "/api/tareas-rest/32", parameters={}
2026-02-12 17:01:58.226 [http-nio-8080-exec-6] DEBUG o.s.web.servlet.DispatcherServlet - Completed 200 OK
2026-02-12 17:01:58.229 [http-nio-8080-exec-4] DEBUG o.s.web.servlet.DispatcherServlet - PUT "/api/tareas-rest/32", parameters={}
2026-02-12 17:01:58.260 [http-nio-8080-exec-4] DEBUG o.s.web.method.HandlerMethod - Could not resolve parameter [1] in public org.springframework.http.ResponseEntity<? extends org.springframework.hateoas.RepresentationModel<?>> org.springframework.data.rest.webmvc.RepositoryEntityController.putItemResource(org.springframework.data.rest.webmvc.RootResourceInformation,org.springframework.data.rest.webmvc.PersistentEntityResource,java.io.Serializable,org.springframework.data.rest.webmvc.PersistentEntityResourceAssembler,org.springframework.data.rest.webmvc.support.ETag,java.lang.String) throws org.springframework.web.HttpRequestMethodNotSupportedException: Could not read an object of type class com.example.ProyectoBackEnd.dao.entity.TaskEntity from the request
2026-02-12 17:01:58.260 [http-nio-8080-exec-4] DEBUG o.s.w.s.m.m.a.ExceptionHandlerExceptionResolver - Using @ExceptionHandler org.springframework.data.rest.webmvc.RepositoryRestExceptionHandler#handleNotReadable(HttpMessageNotReadableException)
2026-02-12 17:01:58.260 [http-nio-8080-exec-4] DEBUG o.s.w.s.m.m.a.HttpEntityMethodProcessor - Using 'application/json', given [application/json, text/plain, */*] and supported [application/json, application/*+json]
2026-02-12 17:01:58.260 [http-nio-8080-exec-4] DEBUG o.s.w.s.m.m.a.HttpEntityMethodProcessor - Writing [org.springframework.data.rest.webmvc.support.ExceptionMessage@b803a2c]
2026-02-12 17:01:58.260 [http-nio-8080-exec-4] WARN  o.s.w.s.m.m.a.ExceptionHandlerExceptionResolver - Resolved [org.springframework.http.converter.HttpMessageNotReadableException: Could not read an object of type class com.example.ProyectoBackEnd.dao.entity.TaskEntity from the request]
2026-02-12 17:01:58.260 [http-nio-8080-exec-4] DEBUG o.s.web.servlet.DispatcherServlet - Completed 400 BAD_REQUEST
2026-02-12 17:04:17.088 [http-nio-8080-exec-5] DEBUG o.s.web.servlet.DispatcherServlet - GET "/api/tareas-rest/search/porUsuario?id=1&size=100", parameters={masked}
2026-02-12 17:04:17.136 [http-nio-8080-exec-5] DEBUG o.s.w.s.m.m.a.HttpEntityMethodProcessor - Using 'application/json', given [application/json, text/plain, */*] and supported [application/hal+json, application/json]
2026-02-12 17:04:17.140 [http-nio-8080-exec-5] DEBUG o.s.w.s.m.m.a.HttpEntityMethodProcessor - Writing [PagedModel { content: [EntityModel { content: TaskEntity(idTarea=1, titulo=Configurar el entorno de  (truncated)...]
2026-02-12 17:04:17.157 [http-nio-8080-exec-5] DEBUG o.s.web.servlet.DispatcherServlet - Completed 200 OK
2026-02-12 17:04:24.576 [http-nio-8080-exec-3] DEBUG o.s.web.servlet.DispatcherServlet - PUT "/api/tareas-rest/32", parameters={}
2026-02-12 17:04:24.605 [http-nio-8080-exec-3] DEBUG o.s.web.method.HandlerMethod - Could not resolve parameter [1] in public org.springframework.http.ResponseEntity<? extends org.springframework.hateoas.RepresentationModel<?>> org.springframework.data.rest.webmvc.RepositoryEntityController.putItemResource(org.springframework.data.rest.webmvc.RootResourceInformation,org.springframework.data.rest.webmvc.PersistentEntityResource,java.io.Serializable,org.springframework.data.rest.webmvc.PersistentEntityResourceAssembler,org.springframework.data.rest.webmvc.support.ETag,java.lang.String) throws org.springframework.web.HttpRequestMethodNotSupportedException: Could not read an object of type class com.example.ProyectoBackEnd.dao.entity.TaskEntity from the request
2026-02-12 17:04:24.605 [http-nio-8080-exec-3] DEBUG o.s.w.s.m.m.a.ExceptionHandlerExceptionResolver - Using @ExceptionHandler org.springframework.data.rest.webmvc.RepositoryRestExceptionHandler#handleNotReadable(HttpMessageNotReadableException)
2026-02-12 17:04:24.605 [http-nio-8080-exec-3] DEBUG o.s.w.s.m.m.a.HttpEntityMethodProcessor - Using 'application/json', given [application/json, text/plain, */*] and supported [application/json, application/*+json]
2026-02-12 17:04:24.605 [http-nio-8080-exec-3] DEBUG o.s.w.s.m.m.a.HttpEntityMethodProcessor - Writing [org.springframework.data.rest.webmvc.support.ExceptionMessage@bf160b6]
2026-02-12 17:04:24.612 [http-nio-8080-exec-3] WARN  o.s.w.s.m.m.a.ExceptionHandlerExceptionResolver - Resolved [org.springframework.http.converter.HttpMessageNotReadableException: Could not read an object of type class com.example.ProyectoBackEnd.dao.entity.TaskEntity from the request]
2026-02-12 17:04:24.614 [http-nio-8080-exec-3] DEBUG o.s.web.servlet.DispatcherServlet - Completed 400 BAD_REQUEST
2026-02-12 17:04:27.265 [http-nio-8080-exec-7] DEBUG o.s.web.servlet.DispatcherServlet - GET "/api/tareas-rest/search/porUsuario?id=1&size=100", parameters={masked}
2026-02-12 17:04:27.299 [http-nio-8080-exec-7] DEBUG o.s.w.s.m.m.a.HttpEntityMethodProcessor - Using 'application/json', given [application/json, text/plain, */*] and supported [application/hal+json, application/json]
2026-02-12 17:04:27.302 [http-nio-8080-exec-7] DEBUG o.s.w.s.m.m.a.HttpEntityMethodProcessor - Writing [PagedModel { content: [EntityModel { content: TaskEntity(idTarea=1, titulo=Configurar el entorno de  (truncated)...]
2026-02-12 17:04:27.320 [http-nio-8080-exec-7] DEBUG o.s.web.servlet.DispatcherServlet - Completed 200 OK
2026-02-12 17:04:27.325 [http-nio-8080-exec-9] DEBUG o.s.web.servlet.DispatcherServlet - GET "/api/tareas-rest/search/porUsuario?id=1&size=100", parameters={masked}
2026-02-12 17:04:27.358 [http-nio-8080-exec-9] DEBUG o.s.w.s.m.m.a.HttpEntityMethodProcessor - Using 'application/json', given [application/json, text/plain, */*] and supported [application/hal+json, application/json]
2026-02-12 17:04:27.361 [http-nio-8080-exec-9] DEBUG o.s.w.s.m.m.a.HttpEntityMethodProcessor - Writing [PagedModel { content: [EntityModel { content: TaskEntity(idTarea=1, titulo=Configurar el entorno de  (truncated)...]
2026-02-12 17:04:27.378 [http-nio-8080-exec-9] DEBUG o.s.web.servlet.DispatcherServlet - Completed 200 OK
2026-02-12 17:04:34.084 [http-nio-8080-exec-8] DEBUG o.s.web.servlet.DispatcherServlet - PUT "/api/tareas-rest/32", parameters={}
2026-02-12 17:04:34.103 [http-nio-8080-exec-8] DEBUG o.s.web.method.HandlerMethod - Could not resolve parameter [1] in public org.springframework.http.ResponseEntity<? extends org.springframework.hateoas.RepresentationModel<?>> org.springframework.data.rest.webmvc.RepositoryEntityController.putItemResource(org.springframework.data.rest.webmvc.RootResourceInformation,org.springframework.data.rest.webmvc.PersistentEntityResource,java.io.Serializable,org.springframework.data.rest.webmvc.PersistentEntityResourceAssembler,org.springframework.data.rest.webmvc.support.ETag,java.lang.String) throws org.springframework.web.HttpRequestMethodNotSupportedException: Could not read an object of type class com.example.ProyectoBackEnd.dao.entity.TaskEntity from the request
2026-02-12 17:04:34.111 [http-nio-8080-exec-8] DEBUG o.s.w.s.m.m.a.ExceptionHandlerExceptionResolver - Using @ExceptionHandler org.springframework.data.rest.webmvc.RepositoryRestExceptionHandler#handleNotReadable(HttpMessageNotReadableException)
2026-02-12 17:04:34.111 [http-nio-8080-exec-8] DEBUG o.s.w.s.m.m.a.HttpEntityMethodProcessor - Using 'application/json', given [application/json, text/plain, */*] and supported [application/json, application/*+json]
2026-02-12 17:04:34.111 [http-nio-8080-exec-8] DEBUG o.s.w.s.m.m.a.HttpEntityMethodProcessor - Writing [org.springframework.data.rest.webmvc.support.ExceptionMessage@704b252e]
2026-02-12 17:04:34.111 [http-nio-8080-exec-8] WARN  o.s.w.s.m.m.a.ExceptionHandlerExceptionResolver - Resolved [org.springframework.http.converter.HttpMessageNotReadableException: Could not read an object of type class com.example.ProyectoBackEnd.dao.entity.TaskEntity from the request]
2026-02-12 17:04:34.111 [http-nio-8080-exec-8] DEBUG o.s.web.servlet.DispatcherServlet - Completed 400 BAD_REQUEST
2026-02-12 17:06:47.162 [http-nio-8080-exec-1] DEBUG o.s.web.servlet.DispatcherServlet - GET "/api/tareas-rest/search/porUsuario?id=1&size=100", parameters={masked}
2026-02-12 17:06:47.197 [http-nio-8080-exec-1] DEBUG o.s.w.s.m.m.a.HttpEntityMethodProcessor - Using 'application/json', given [application/json, text/plain, */*] and supported [application/hal+json, application/json]
2026-02-12 17:06:47.201 [http-nio-8080-exec-1] DEBUG o.s.w.s.m.m.a.HttpEntityMethodProcessor - Writing [PagedModel { content: [EntityModel { content: TaskEntity(idTarea=1, titulo=Configurar el entorno de  (truncated)...]
2026-02-12 17:06:47.222 [http-nio-8080-exec-1] DEBUG o.s.web.servlet.DispatcherServlet - Completed 200 OK
2026-02-12 17:07:46.158 [http-nio-8080-exec-2] DEBUG o.s.web.servlet.DispatcherServlet - GET "/api/tareas-rest/search/porUsuario?id=1&size=100", parameters={masked}
2026-02-12 17:07:46.190 [http-nio-8080-exec-2] DEBUG o.s.w.s.m.m.a.HttpEntityMethodProcessor - Using 'application/json', given [application/json, text/plain, */*] and supported [application/hal+json, application/json]
2026-02-12 17:07:46.190 [http-nio-8080-exec-2] DEBUG o.s.w.s.m.m.a.HttpEntityMethodProcessor - Writing [PagedModel { content: [EntityModel { content: TaskEntity(idTarea=1, titulo=Configurar el entorno de  (truncated)...]
2026-02-12 17:07:46.216 [http-nio-8080-exec-2] DEBUG o.s.web.servlet.DispatcherServlet - Completed 200 OK
2026-02-12 17:07:51.973 [http-nio-8080-exec-6] DEBUG o.s.web.servlet.DispatcherServlet - GET "/api/tareas-rest/search/porUsuario?id=1&size=100", parameters={masked}
2026-02-12 17:07:52.005 [http-nio-8080-exec-6] DEBUG o.s.w.s.m.m.a.HttpEntityMethodProcessor - Using 'application/json', given [application/json, text/plain, */*] and supported [application/hal+json, application/json]
2026-02-12 17:07:52.010 [http-nio-8080-exec-6] DEBUG o.s.w.s.m.m.a.HttpEntityMethodProcessor - Writing [PagedModel { content: [EntityModel { content: TaskEntity(idTarea=1, titulo=Configurar el entorno de  (truncated)...]
2026-02-12 17:07:52.022 [http-nio-8080-exec-6] DEBUG o.s.web.servlet.DispatcherServlet - Completed 200 OK
2026-02-12 17:07:52.030 [http-nio-8080-exec-4] DEBUG o.s.web.servlet.DispatcherServlet - GET "/api/tareas-rest/search/porUsuario?id=1&size=100", parameters={masked}
2026-02-12 17:07:52.061 [http-nio-8080-exec-4] DEBUG o.s.w.s.m.m.a.HttpEntityMethodProcessor - Using 'application/json', given [application/json, text/plain, */*] and supported [application/hal+json, application/json]
2026-02-12 17:07:52.065 [http-nio-8080-exec-4] DEBUG o.s.w.s.m.m.a.HttpEntityMethodProcessor - Writing [PagedModel { content: [EntityModel { content: TaskEntity(idTarea=1, titulo=Configurar el entorno de  (truncated)...]
2026-02-12 17:07:52.084 [http-nio-8080-exec-4] DEBUG o.s.web.servlet.DispatcherServlet - Completed 200 OK
2026-02-12 17:07:58.532 [http-nio-8080-exec-5] DEBUG o.s.web.servlet.DispatcherServlet - POST "/api/auth-rest/loginAccion", parameters={}
2026-02-12 17:07:58.532 [http-nio-8080-exec-5] DEBUG o.s.w.s.m.m.a.RequestMappingHandlerMapping - Mapped to com.example.ProyectoBackEnd.controller.LoginController#loginAccion(UsuarioEntity, HttpSession)
2026-02-12 17:07:58.547 [http-nio-8080-exec-5] DEBUG o.s.w.s.m.m.a.RequestResponseBodyMethodProcessor - Read "application/json;charset=UTF-8" to [UsuarioEntity(idUsuario=null, usuario=yaddif, contraseña=12345, fechaCreacion=null, estado=null, fec (truncated)...]
2026-02-12 17:07:58.555 [http-nio-8080-exec-5] INFO  c.e.P.controller.LoginController - AUDITORIA: Intento de login para usuario: yaddif
2026-02-12 17:07:58.605 [http-nio-8080-exec-5] INFO  c.e.P.aspect.LogginAspect - Operación buscarPorNombre completada en 13 ms
2026-02-12 17:07:58.628 [http-nio-8080-exec-5] INFO  c.e.P.aspect.LogginAspect - Operación validarLogin completada en 8 ms
2026-02-12 17:07:58.628 [http-nio-8080-exec-5] INFO  c.e.P.controller.LoginController - Login exitoso. Derivando a principal.
2026-02-12 17:07:58.720 [http-nio-8080-exec-5] DEBUG o.s.w.s.m.m.a.RequestResponseBodyMethodProcessor - Using 'application/json', given [application/json, text/plain, */*] and supported [application/hal+json, application/vnd.hal+json, application/json, application/schema+json, application/json-patch+json, application/merge-patch+json, application/x-spring-data-verbose+json, application/x-spring-data-compact+json, application/prs.hal-forms+json, application/*+json]
2026-02-12 17:07:58.722 [http-nio-8080-exec-5] DEBUG o.s.w.s.m.m.a.RequestResponseBodyMethodProcessor - Writing [EntityModel { content: UsuarioEntity(idUsuario=2, usuario=yaddif, contraseña=12345, fechaCreacion=20 (truncated)...]
2026-02-12 17:07:58.724 [http-nio-8080-exec-5] DEBUG o.s.web.servlet.DispatcherServlet - Completed 200 OK
2026-02-12 17:07:59.696 [http-nio-8080-exec-3] DEBUG o.s.web.servlet.DispatcherServlet - GET "/api/tareas-rest/search/porUsuario?id=2&size=100", parameters={masked}
2026-02-12 17:07:59.721 [http-nio-8080-exec-3] DEBUG o.s.w.s.m.m.a.HttpEntityMethodProcessor - Using 'application/json', given [application/json, text/plain, */*] and supported [application/hal+json, application/json]
2026-02-12 17:07:59.721 [http-nio-8080-exec-3] DEBUG o.s.w.s.m.m.a.HttpEntityMethodProcessor - Writing [PagedModel { content: [EntityModel { content: TaskEntity(idTarea=7, titulo=Prueba, estado=Pendiente, (truncated)...]
2026-02-12 17:07:59.728 [http-nio-8080-exec-3] DEBUG o.s.web.servlet.DispatcherServlet - Completed 200 OK
2026-02-12 17:07:59.728 [http-nio-8080-exec-7] DEBUG o.s.web.servlet.DispatcherServlet - GET "/api/tareas-rest/search/porUsuario?id=2&size=100", parameters={masked}
2026-02-12 17:07:59.753 [http-nio-8080-exec-7] DEBUG o.s.w.s.m.m.a.HttpEntityMethodProcessor - Using 'application/json', given [application/json, text/plain, */*] and supported [application/hal+json, application/json]
2026-02-12 17:07:59.754 [http-nio-8080-exec-7] DEBUG o.s.w.s.m.m.a.HttpEntityMethodProcessor - Writing [PagedModel { content: [EntityModel { content: TaskEntity(idTarea=7, titulo=Prueba, estado=Pendiente, (truncated)...]
2026-02-12 17:07:59.754 [http-nio-8080-exec-7] DEBUG o.s.web.servlet.DispatcherServlet - Completed 200 OK
2026-02-12 17:08:07.321 [http-nio-8080-exec-9] DEBUG o.s.web.servlet.DispatcherServlet - POST "/api/tareas-rest", parameters={}
2026-02-12 17:08:07.355 [http-nio-8080-exec-9] DEBUG o.s.w.s.m.m.a.HttpEntityMethodProcessor - Using 'application/json', given [application/json, text/plain, */*] and supported [application/hal+json, application/json]
2026-02-12 17:08:07.355 [http-nio-8080-exec-9] DEBUG o.s.w.s.m.m.a.HttpEntityMethodProcessor - Writing [EntityModel { content: TaskEntity(idTarea=33, titulo=Prueba desde React2, estado=En Proceso, fechaCr (truncated)...]
2026-02-12 17:08:07.360 [http-nio-8080-exec-9] DEBUG o.s.web.servlet.DispatcherServlet - Completed 201 CREATED
2026-02-12 17:08:07.367 [http-nio-8080-exec-8] DEBUG o.s.web.servlet.DispatcherServlet - GET "/api/tareas-rest/search/porUsuario?id=2&size=100", parameters={masked}
2026-02-12 17:08:07.389 [http-nio-8080-exec-8] DEBUG o.s.w.s.m.m.a.HttpEntityMethodProcessor - Using 'application/json', given [application/json, text/plain, */*] and supported [application/hal+json, application/json]
2026-02-12 17:08:07.389 [http-nio-8080-exec-8] DEBUG o.s.w.s.m.m.a.HttpEntityMethodProcessor - Writing [PagedModel { content: [EntityModel { content: TaskEntity(idTarea=7, titulo=Prueba, estado=Pendiente, (truncated)...]
2026-02-12 17:08:07.396 [http-nio-8080-exec-8] DEBUG o.s.web.servlet.DispatcherServlet - Completed 200 OK
2026-02-12 17:08:22.735 [http-nio-8080-exec-10] DEBUG o.s.web.servlet.DispatcherServlet - OPTIONS "/api/tareas-rest/33", parameters={}
2026-02-12 17:08:22.735 [http-nio-8080-exec-10] DEBUG o.s.web.servlet.DispatcherServlet - Completed 200 OK
2026-02-12 17:08:22.743 [http-nio-8080-exec-1] DEBUG o.s.web.servlet.DispatcherServlet - PATCH "/api/tareas-rest/33", parameters={}
2026-02-12 17:08:22.831 [http-nio-8080-exec-1] DEBUG o.s.w.s.m.m.a.HttpEntityMethodProcessor - Using 'application/json', given [application/json, text/plain, */*] and supported [application/hal+json, application/json]
2026-02-12 17:08:22.831 [http-nio-8080-exec-1] DEBUG o.s.w.s.m.m.a.HttpEntityMethodProcessor - Writing [EntityModel { content: TaskEntity(idTarea=33, titulo=Prueba desde React (Edicion), estado=Escalado p (truncated)...]
2026-02-12 17:08:22.831 [http-nio-8080-exec-1] DEBUG o.s.web.servlet.DispatcherServlet - Completed 200 OK
2026-02-12 17:08:22.847 [http-nio-8080-exec-2] DEBUG o.s.web.servlet.DispatcherServlet - GET "/api/tareas-rest/search/porUsuario?id=2&size=100", parameters={masked}
2026-02-12 17:08:22.872 [http-nio-8080-exec-2] DEBUG o.s.w.s.m.m.a.HttpEntityMethodProcessor - Using 'application/json', given [application/json, text/plain, */*] and supported [application/hal+json, application/json]
2026-02-12 17:08:22.874 [http-nio-8080-exec-2] DEBUG o.s.w.s.m.m.a.HttpEntityMethodProcessor - Writing [PagedModel { content: [EntityModel { content: TaskEntity(idTarea=7, titulo=Prueba, estado=Pendiente, (truncated)...]
2026-02-12 17:08:22.881 [http-nio-8080-exec-2] DEBUG o.s.web.servlet.DispatcherServlet - Completed 200 OK
2026-02-12 17:08:39.881 [http-nio-8080-exec-6] DEBUG o.s.web.servlet.DispatcherServlet - DELETE "/api/tareas-rest/33", parameters={}
2026-02-12 17:08:39.898 [http-nio-8080-exec-6] DEBUG o.s.w.s.m.m.a.HttpEntityMethodProcessor - Using 'application/json', given [application/json, text/plain, */*] and supported [application/hal+json, application/json]
2026-02-12 17:08:39.906 [http-nio-8080-exec-6] DEBUG o.s.w.s.m.m.a.HttpEntityMethodProcessor - Writing [EntityModel { content: TaskEntity(idTarea=33, titulo=Prueba desde React (Edicion), estado=Escalado p (truncated)...]
2026-02-12 17:08:39.906 [http-nio-8080-exec-6] DEBUG o.s.web.servlet.DispatcherServlet - Completed 200 OK
2026-02-12 17:08:39.914 [http-nio-8080-exec-4] DEBUG o.s.web.servlet.DispatcherServlet - GET "/api/tareas-rest/search/porUsuario?id=2&size=100", parameters={masked}
2026-02-12 17:08:39.931 [http-nio-8080-exec-4] DEBUG o.s.w.s.m.m.a.HttpEntityMethodProcessor - Using 'application/json', given [application/json, text/plain, */*] and supported [application/hal+json, application/json]
2026-02-12 17:08:39.931 [http-nio-8080-exec-4] DEBUG o.s.w.s.m.m.a.HttpEntityMethodProcessor - Writing [PagedModel { content: [EntityModel { content: TaskEntity(idTarea=7, titulo=Prueba, estado=Pendiente, (truncated)...]
2026-02-12 17:08:39.939 [http-nio-8080-exec-4] DEBUG o.s.web.servlet.DispatcherServlet - Completed 200 OK
2026-02-12 17:09:04.821 [http-nio-8080-exec-3] DEBUG o.s.web.servlet.DispatcherServlet - POST "/api/auth-rest/loginAccion", parameters={}
2026-02-12 17:09:04.821 [http-nio-8080-exec-3] DEBUG o.s.w.s.m.m.a.RequestMappingHandlerMapping - Mapped to com.example.ProyectoBackEnd.controller.LoginController#loginAccion(UsuarioEntity, HttpSession)
2026-02-12 17:09:04.821 [http-nio-8080-exec-3] DEBUG o.s.w.s.m.m.a.RequestResponseBodyMethodProcessor - Read "application/json;charset=UTF-8" to [UsuarioEntity(idUsuario=null, usuario=admin, contraseña=1234, fechaCreacion=null, estado=null, fecha (truncated)...]
2026-02-12 17:09:04.821 [http-nio-8080-exec-3] INFO  c.e.P.controller.LoginController - AUDITORIA: Intento de login para usuario: admin
2026-02-12 17:09:04.844 [http-nio-8080-exec-3] INFO  c.e.P.aspect.LogginAspect - Operación buscarPorNombre completada en 8 ms
2026-02-12 17:09:04.864 [http-nio-8080-exec-3] INFO  c.e.P.aspect.LogginAspect - Operación validarLogin completada en 0 ms
2026-02-12 17:09:04.864 [http-nio-8080-exec-3] INFO  c.e.P.controller.LoginController - Login exitoso. Derivando a principal.
2026-02-12 17:09:04.910 [http-nio-8080-exec-3] DEBUG o.s.w.s.m.m.a.RequestResponseBodyMethodProcessor - Using 'application/json', given [application/json, text/plain, */*] and supported [application/hal+json, application/vnd.hal+json, application/json, application/schema+json, application/json-patch+json, application/merge-patch+json, application/x-spring-data-verbose+json, application/x-spring-data-compact+json, application/prs.hal-forms+json, application/*+json]
2026-02-12 17:09:04.910 [http-nio-8080-exec-3] DEBUG o.s.w.s.m.m.a.RequestResponseBodyMethodProcessor - Writing [EntityModel { content: UsuarioEntity(idUsuario=1, usuario=admin, contraseña=1234, fechaCreacion=2026 (truncated)...]
2026-02-12 17:09:04.910 [http-nio-8080-exec-3] DEBUG o.s.web.servlet.DispatcherServlet - Completed 200 OK
2026-02-12 17:09:06.663 [http-nio-8080-exec-7] DEBUG o.s.web.servlet.DispatcherServlet - GET "/api/tareas-rest/search/porUsuario?id=1&size=100", parameters={masked}
2026-02-12 17:09:06.689 [http-nio-8080-exec-7] DEBUG o.s.w.s.m.m.a.HttpEntityMethodProcessor - Using 'application/json', given [application/json, text/plain, */*] and supported [application/hal+json, application/json]
2026-02-12 17:09:06.689 [http-nio-8080-exec-7] DEBUG o.s.w.s.m.m.a.HttpEntityMethodProcessor - Writing [PagedModel { content: [EntityModel { content: TaskEntity(idTarea=1, titulo=Configurar el entorno de  (truncated)...]
2026-02-12 17:09:06.709 [http-nio-8080-exec-7] DEBUG o.s.web.servlet.DispatcherServlet - Completed 200 OK
2026-02-12 17:09:06.711 [http-nio-8080-exec-9] DEBUG o.s.web.servlet.DispatcherServlet - GET "/api/tareas-rest/search/porUsuario?id=1&size=100", parameters={masked}
2026-02-12 17:09:06.730 [http-nio-8080-exec-9] DEBUG o.s.w.s.m.m.a.HttpEntityMethodProcessor - Using 'application/json', given [application/json, text/plain, */*] and supported [application/hal+json, application/json]
2026-02-12 17:09:06.730 [http-nio-8080-exec-9] DEBUG o.s.w.s.m.m.a.HttpEntityMethodProcessor - Writing [PagedModel { content: [EntityModel { content: TaskEntity(idTarea=1, titulo=Configurar el entorno de  (truncated)...]
2026-02-12 17:09:06.742 [http-nio-8080-exec-9] DEBUG o.s.web.servlet.DispatcherServlet - Completed 200 OK
2026-02-12 17:09:16.822 [http-nio-8080-exec-8] DEBUG o.s.web.servlet.DispatcherServlet - PATCH "/api/tareas-rest/32", parameters={}
2026-02-12 17:09:16.860 [http-nio-8080-exec-8] DEBUG o.s.w.s.m.m.a.HttpEntityMethodProcessor - Using 'application/json', given [application/json, text/plain, */*] and supported [application/hal+json, application/json]
2026-02-12 17:09:16.862 [http-nio-8080-exec-8] DEBUG o.s.w.s.m.m.a.HttpEntityMethodProcessor - Writing [EntityModel { content: TaskEntity(idTarea=32, titulo=Registrando desde React, estado=Completada, fec (truncated)...]
2026-02-12 17:09:16.862 [http-nio-8080-exec-8] DEBUG o.s.web.servlet.DispatcherServlet - Completed 200 OK
2026-02-12 17:09:16.862 [http-nio-8080-exec-10] DEBUG o.s.web.servlet.DispatcherServlet - GET "/api/tareas-rest/search/porUsuario?id=1&size=100", parameters={masked}
2026-02-12 17:09:16.897 [http-nio-8080-exec-10] DEBUG o.s.w.s.m.m.a.HttpEntityMethodProcessor - Using 'application/json', given [application/json, text/plain, */*] and supported [application/hal+json, application/json]
2026-02-12 17:09:16.899 [http-nio-8080-exec-10] DEBUG o.s.w.s.m.m.a.HttpEntityMethodProcessor - Writing [PagedModel { content: [EntityModel { content: TaskEntity(idTarea=1, titulo=Configurar el entorno de  (truncated)...]
2026-02-12 17:09:16.913 [http-nio-8080-exec-10] DEBUG o.s.web.servlet.DispatcherServlet - Completed 200 OK
2026-02-12 17:09:36.751 [http-nio-8080-exec-2] DEBUG o.s.web.servlet.DispatcherServlet - GET "/api/tareas-rest", parameters={}
2026-02-12 17:09:36.797 [http-nio-8080-exec-2] DEBUG o.s.w.s.m.m.a.RequestResponseBodyMethodProcessor - Using 'application/hal+json', given [*/*] and supported [application/hal+json]
2026-02-12 17:09:36.797 [http-nio-8080-exec-2] DEBUG o.s.w.s.m.m.a.RequestResponseBodyMethodProcessor - Writing [PagedModel { content: [EntityModel { content: TaskEntity(idTarea=1, titulo=Configurar el entorno de  (truncated)...]
2026-02-12 17:09:36.812 [http-nio-8080-exec-2] DEBUG o.s.web.servlet.DispatcherServlet - Completed 200 OK
2026-02-12 17:12:03.767 [http-nio-8080-exec-3] DEBUG o.s.web.servlet.DispatcherServlet - POST "/api/auth-rest/loginAccion", parameters={}
2026-02-12 17:12:03.768 [http-nio-8080-exec-3] DEBUG o.s.w.s.m.m.a.RequestMappingHandlerMapping - Mapped to com.example.ProyectoBackEnd.controller.LoginController#loginAccion(UsuarioEntity, HttpSession)
2026-02-12 17:12:03.770 [http-nio-8080-exec-3] DEBUG o.s.w.s.m.m.a.RequestResponseBodyMethodProcessor - Read "application/json;charset=UTF-8" to [UsuarioEntity(idUsuario=null, usuario=admin, contraseña=1234, fechaCreacion=null, estado=null, fecha (truncated)...]
2026-02-12 17:12:03.770 [http-nio-8080-exec-3] INFO  c.e.P.controller.LoginController - AUDITORIA: Intento de login para usuario: admin
2026-02-12 17:12:03.800 [http-nio-8080-exec-3] INFO  c.e.P.aspect.LogginAspect - Operación buscarPorNombre completada en 14 ms
2026-02-12 17:12:03.819 [http-nio-8080-exec-3] INFO  c.e.P.aspect.LogginAspect - Operación validarLogin completada en 8 ms
2026-02-12 17:12:03.819 [http-nio-8080-exec-3] INFO  c.e.P.controller.LoginController - Login exitoso. Derivando a principal.
2026-02-12 17:12:03.877 [http-nio-8080-exec-3] DEBUG o.s.w.s.m.m.a.RequestResponseBodyMethodProcessor - Using 'application/json', given [application/json, text/plain, */*] and supported [application/hal+json, application/vnd.hal+json, application/json, application/schema+json, application/json-patch+json, application/merge-patch+json, application/x-spring-data-verbose+json, application/x-spring-data-compact+json, application/prs.hal-forms+json, application/*+json]
2026-02-12 17:12:03.877 [http-nio-8080-exec-3] DEBUG o.s.w.s.m.m.a.RequestResponseBodyMethodProcessor - Writing [EntityModel { content: UsuarioEntity(idUsuario=1, usuario=admin, contraseña=1234, fechaCreacion=2026 (truncated)...]
2026-02-12 17:12:03.877 [http-nio-8080-exec-3] DEBUG o.s.web.servlet.DispatcherServlet - Completed 200 OK
2026-02-12 17:16:39.093 [http-nio-8080-exec-9] DEBUG o.s.web.servlet.DispatcherServlet - GET "/api/tareas-rest/search/porUsuario?id=1&size=100", parameters={masked}
2026-02-12 17:16:39.137 [http-nio-8080-exec-9] DEBUG o.s.w.s.m.m.a.HttpEntityMethodProcessor - Using 'application/json', given [application/json, text/plain, */*] and supported [application/hal+json, application/json]
2026-02-12 17:16:39.137 [http-nio-8080-exec-9] DEBUG o.s.w.s.m.m.a.HttpEntityMethodProcessor - Writing [PagedModel { content: [EntityModel { content: TaskEntity(idTarea=1, titulo=Configurar el entorno de  (truncated)...]
2026-02-12 17:16:39.164 [http-nio-8080-exec-9] DEBUG o.s.web.servlet.DispatcherServlet - Completed 200 OK
2026-02-12 17:16:39.168 [http-nio-8080-exec-8] DEBUG o.s.web.servlet.DispatcherServlet - GET "/api/tareas-rest/search/porUsuario?id=1&size=100", parameters={masked}
2026-02-12 17:16:39.198 [http-nio-8080-exec-8] DEBUG o.s.w.s.m.m.a.HttpEntityMethodProcessor - Using 'application/json', given [application/json, text/plain, */*] and supported [application/hal+json, application/json]
2026-02-12 17:16:39.200 [http-nio-8080-exec-8] DEBUG o.s.w.s.m.m.a.HttpEntityMethodProcessor - Writing [PagedModel { content: [EntityModel { content: TaskEntity(idTarea=1, titulo=Configurar el entorno de  (truncated)...]
2026-02-12 17:16:39.213 [http-nio-8080-exec-8] DEBUG o.s.web.servlet.DispatcherServlet - Completed 200 OK
2026-02-12 17:16:42.612 [http-nio-8080-exec-10] DEBUG o.s.web.servlet.DispatcherServlet - GET "/api/tareas-rest/search/porUsuario?id=1&size=100", parameters={masked}
2026-02-12 17:16:42.639 [http-nio-8080-exec-10] DEBUG o.s.w.s.m.m.a.HttpEntityMethodProcessor - Using 'application/json', given [application/json, text/plain, */*] and supported [application/hal+json, application/json]
2026-02-12 17:16:42.642 [http-nio-8080-exec-10] DEBUG o.s.w.s.m.m.a.HttpEntityMethodProcessor - Writing [PagedModel { content: [EntityModel { content: TaskEntity(idTarea=1, titulo=Configurar el entorno de  (truncated)...]
2026-02-12 17:16:42.655 [http-nio-8080-exec-10] DEBUG o.s.web.servlet.DispatcherServlet - Completed 200 OK
2026-02-12 17:16:42.657 [http-nio-8080-exec-1] DEBUG o.s.web.servlet.DispatcherServlet - GET "/api/tareas-rest/search/porUsuario?id=1&size=100", parameters={masked}
2026-02-12 17:16:42.680 [http-nio-8080-exec-1] DEBUG o.s.w.s.m.m.a.HttpEntityMethodProcessor - Using 'application/json', given [application/json, text/plain, */*] and supported [application/hal+json, application/json]
2026-02-12 17:16:42.682 [http-nio-8080-exec-1] DEBUG o.s.w.s.m.m.a.HttpEntityMethodProcessor - Writing [PagedModel { content: [EntityModel { content: TaskEntity(idTarea=1, titulo=Configurar el entorno de  (truncated)...]
2026-02-12 17:16:42.701 [http-nio-8080-exec-1] DEBUG o.s.web.servlet.DispatcherServlet - Completed 200 OK
2026-02-12 17:18:30.114 [http-nio-8080-exec-6] DEBUG o.s.web.servlet.DispatcherServlet - GET "/api/tareas-rest/search/porUsuario?id=1&size=100", parameters={masked}
2026-02-12 17:18:30.150 [http-nio-8080-exec-6] DEBUG o.s.w.s.m.m.a.HttpEntityMethodProcessor - Using 'application/json', given [application/json, text/plain, */*] and supported [application/hal+json, application/json]
2026-02-12 17:18:30.154 [http-nio-8080-exec-6] DEBUG o.s.w.s.m.m.a.HttpEntityMethodProcessor - Writing [PagedModel { content: [EntityModel { content: TaskEntity(idTarea=1, titulo=Configurar el entorno de  (truncated)...]
2026-02-12 17:18:30.175 [http-nio-8080-exec-6] DEBUG o.s.web.servlet.DispatcherServlet - Completed 200 OK
2026-02-12 17:18:32.088 [http-nio-8080-exec-5] DEBUG o.s.web.servlet.DispatcherServlet - GET "/api/tareas-rest/search/porUsuario?id=1&size=100", parameters={masked}
2026-02-12 17:18:32.124 [http-nio-8080-exec-5] DEBUG o.s.w.s.m.m.a.HttpEntityMethodProcessor - Using 'application/json', given [application/json, text/plain, */*] and supported [application/hal+json, application/json]
2026-02-12 17:18:32.128 [http-nio-8080-exec-5] DEBUG o.s.w.s.m.m.a.HttpEntityMethodProcessor - Writing [PagedModel { content: [EntityModel { content: TaskEntity(idTarea=1, titulo=Configurar el entorno de  (truncated)...]
2026-02-12 17:18:32.142 [http-nio-8080-exec-5] DEBUG o.s.web.servlet.DispatcherServlet - Completed 200 OK
2026-02-12 17:18:34.567 [http-nio-8080-exec-3] DEBUG o.s.web.servlet.DispatcherServlet - GET "/api/tareas-rest/search/porUsuario?id=1&size=100", parameters={masked}
2026-02-12 17:18:34.593 [http-nio-8080-exec-3] DEBUG o.s.w.s.m.m.a.HttpEntityMethodProcessor - Using 'application/json', given [application/json, text/plain, */*] and supported [application/hal+json, application/json]
2026-02-12 17:18:34.598 [http-nio-8080-exec-3] DEBUG o.s.w.s.m.m.a.HttpEntityMethodProcessor - Writing [PagedModel { content: [EntityModel { content: TaskEntity(idTarea=1, titulo=Configurar el entorno de  (truncated)...]
2026-02-12 17:18:34.614 [http-nio-8080-exec-3] DEBUG o.s.web.servlet.DispatcherServlet - Completed 200 OK
2026-02-12 17:18:34.618 [http-nio-8080-exec-7] DEBUG o.s.web.servlet.DispatcherServlet - GET "/api/tareas-rest/search/porUsuario?id=1&size=100", parameters={masked}
2026-02-12 17:18:34.643 [http-nio-8080-exec-7] DEBUG o.s.w.s.m.m.a.HttpEntityMethodProcessor - Using 'application/json', given [application/json, text/plain, */*] and supported [application/hal+json, application/json]
2026-02-12 17:18:34.644 [http-nio-8080-exec-7] DEBUG o.s.w.s.m.m.a.HttpEntityMethodProcessor - Writing [PagedModel { content: [EntityModel { content: TaskEntity(idTarea=1, titulo=Configurar el entorno de  (truncated)...]
2026-02-12 17:18:34.648 [http-nio-8080-exec-7] DEBUG o.s.web.servlet.DispatcherServlet - Completed 200 OK
2026-02-12 17:19:07.486 [http-nio-8080-exec-9] DEBUG o.s.web.servlet.DispatcherServlet - GET "/api/tareas-rest/search/porUsuario?id=1&size=100", parameters={masked}
2026-02-12 17:19:07.511 [http-nio-8080-exec-9] DEBUG o.s.w.s.m.m.a.HttpEntityMethodProcessor - Using 'application/json', given [application/json, text/plain, */*] and supported [application/hal+json, application/json]
2026-02-12 17:19:07.511 [http-nio-8080-exec-9] DEBUG o.s.w.s.m.m.a.HttpEntityMethodProcessor - Writing [PagedModel { content: [EntityModel { content: TaskEntity(idTarea=1, titulo=Configurar el entorno de  (truncated)...]
2026-02-12 17:19:07.524 [http-nio-8080-exec-9] DEBUG o.s.web.servlet.DispatcherServlet - Completed 200 OK
2026-02-12 17:19:07.524 [http-nio-8080-exec-8] DEBUG o.s.web.servlet.DispatcherServlet - GET "/api/tareas-rest/search/porUsuario?id=1&size=100", parameters={masked}
2026-02-12 17:19:07.558 [http-nio-8080-exec-8] DEBUG o.s.w.s.m.m.a.HttpEntityMethodProcessor - Using 'application/json', given [application/json, text/plain, */*] and supported [application/hal+json, application/json]
2026-02-12 17:19:07.561 [http-nio-8080-exec-8] DEBUG o.s.w.s.m.m.a.HttpEntityMethodProcessor - Writing [PagedModel { content: [EntityModel { content: TaskEntity(idTarea=1, titulo=Configurar el entorno de  (truncated)...]
2026-02-12 17:19:07.578 [http-nio-8080-exec-8] DEBUG o.s.web.servlet.DispatcherServlet - Completed 200 OK
2026-02-12 17:20:44.545 [http-nio-8080-exec-4] DEBUG o.s.web.servlet.DispatcherServlet - OPTIONS "/api/tareas-rest", parameters={}
2026-02-12 17:20:44.545 [http-nio-8080-exec-4] DEBUG o.s.web.servlet.DispatcherServlet - Completed 200 OK
2026-02-12 17:20:44.560 [http-nio-8080-exec-2] DEBUG o.s.web.servlet.DispatcherServlet - POST "/api/tareas-rest", parameters={}
2026-02-12 17:20:44.599 [http-nio-8080-exec-2] DEBUG o.s.w.s.m.m.a.HttpEntityMethodProcessor - Using 'application/json', given [application/json, text/plain, */*] and supported [application/hal+json, application/json]
2026-02-12 17:20:44.599 [http-nio-8080-exec-2] DEBUG o.s.w.s.m.m.a.HttpEntityMethodProcessor - Writing [EntityModel { content: TaskEntity(idTarea=34, titulo=Cambiar de color al botón de Escalado por Tiemp (truncated)...]
2026-02-12 17:20:44.599 [http-nio-8080-exec-2] DEBUG o.s.web.servlet.DispatcherServlet - Completed 201 CREATED
2026-02-12 17:20:44.613 [http-nio-8080-exec-6] DEBUG o.s.web.servlet.DispatcherServlet - GET "/api/tareas-rest/search/porUsuario?id=1&size=100", parameters={masked}
2026-02-12 17:20:44.642 [http-nio-8080-exec-6] DEBUG o.s.w.s.m.m.a.HttpEntityMethodProcessor - Using 'application/json', given [application/json, text/plain, */*] and supported [application/hal+json, application/json]
2026-02-12 17:20:44.646 [http-nio-8080-exec-6] DEBUG o.s.w.s.m.m.a.HttpEntityMethodProcessor - Writing [PagedModel { content: [EntityModel { content: TaskEntity(idTarea=1, titulo=Configurar el entorno de  (truncated)...]
2026-02-12 17:20:44.660 [http-nio-8080-exec-6] DEBUG o.s.web.servlet.DispatcherServlet - Completed 200 OK
2026-02-12 17:20:54.278 [http-nio-8080-exec-5] DEBUG o.s.web.servlet.DispatcherServlet - OPTIONS "/api/tareas-rest/34", parameters={}
2026-02-12 17:20:54.278 [http-nio-8080-exec-5] DEBUG o.s.web.servlet.DispatcherServlet - Completed 200 OK
2026-02-12 17:20:54.291 [http-nio-8080-exec-3] DEBUG o.s.web.servlet.DispatcherServlet - DELETE "/api/tareas-rest/34", parameters={}
2026-02-12 17:20:54.314 [http-nio-8080-exec-3] DEBUG o.s.w.s.m.m.a.HttpEntityMethodProcessor - Using 'application/json', given [application/json, text/plain, */*] and supported [application/hal+json, application/json]
2026-02-12 17:20:54.314 [http-nio-8080-exec-3] DEBUG o.s.w.s.m.m.a.HttpEntityMethodProcessor - Writing [EntityModel { content: TaskEntity(idTarea=34, titulo=Cambiar de color al botón de Escalado por Tiemp (truncated)...]
2026-02-12 17:20:54.319 [http-nio-8080-exec-3] DEBUG o.s.web.servlet.DispatcherServlet - Completed 200 OK
2026-02-12 17:20:54.330 [http-nio-8080-exec-7] DEBUG o.s.web.servlet.DispatcherServlet - GET "/api/tareas-rest/search/porUsuario?id=1&size=100", parameters={masked}
2026-02-12 17:20:54.346 [http-nio-8080-exec-7] DEBUG o.s.w.s.m.m.a.HttpEntityMethodProcessor - Using 'application/json', given [application/json, text/plain, */*] and supported [application/hal+json, application/json]
2026-02-12 17:20:54.346 [http-nio-8080-exec-7] DEBUG o.s.w.s.m.m.a.HttpEntityMethodProcessor - Writing [PagedModel { content: [EntityModel { content: TaskEntity(idTarea=1, titulo=Configurar el entorno de  (truncated)...]
2026-02-12 17:20:54.363 [http-nio-8080-exec-7] DEBUG o.s.web.servlet.DispatcherServlet - Completed 200 OK
2026-02-12 17:26:25.108 [http-nio-8080-exec-8] DEBUG o.s.web.servlet.DispatcherServlet - GET "/api/tareas-rest/search/porUsuario?id=1&size=100", parameters={masked}
2026-02-12 17:26:25.146 [http-nio-8080-exec-8] DEBUG o.s.w.s.m.m.a.HttpEntityMethodProcessor - Using 'application/json', given [application/json, text/plain, */*] and supported [application/hal+json, application/json]
2026-02-12 17:26:25.148 [http-nio-8080-exec-8] DEBUG o.s.w.s.m.m.a.HttpEntityMethodProcessor - Writing [PagedModel { content: [EntityModel { content: TaskEntity(idTarea=1, titulo=Configurar el entorno de  (truncated)...]
2026-02-12 17:26:25.152 [http-nio-8080-exec-8] DEBUG o.s.web.servlet.DispatcherServlet - Completed 200 OK
2026-02-12 17:26:25.161 [http-nio-8080-exec-10] DEBUG o.s.web.servlet.DispatcherServlet - GET "/api/tareas-rest/search/porUsuario?id=1&size=100", parameters={masked}
2026-02-12 17:26:25.177 [http-nio-8080-exec-10] DEBUG o.s.w.s.m.m.a.HttpEntityMethodProcessor - Using 'application/json', given [application/json, text/plain, */*] and supported [application/hal+json, application/json]
2026-02-12 17:26:25.187 [http-nio-8080-exec-10] DEBUG o.s.w.s.m.m.a.HttpEntityMethodProcessor - Writing [PagedModel { content: [EntityModel { content: TaskEntity(idTarea=1, titulo=Configurar el entorno de  (truncated)...]
2026-02-12 17:26:25.199 [http-nio-8080-exec-10] DEBUG o.s.web.servlet.DispatcherServlet - Completed 200 OK
2026-02-12 17:26:37.945 [http-nio-8080-exec-1] DEBUG o.s.web.servlet.DispatcherServlet - GET "/api/tareas-rest/search/porUsuario?id=1&size=100", parameters={masked}
2026-02-12 17:26:37.976 [http-nio-8080-exec-1] DEBUG o.s.w.s.m.m.a.HttpEntityMethodProcessor - Using 'application/json', given [application/json, text/plain, */*] and supported [application/hal+json, application/json]
2026-02-12 17:26:37.976 [http-nio-8080-exec-1] DEBUG o.s.w.s.m.m.a.HttpEntityMethodProcessor - Writing [PagedModel { content: [EntityModel { content: TaskEntity(idTarea=1, titulo=Configurar el entorno de  (truncated)...]
2026-02-12 17:26:37.992 [http-nio-8080-exec-1] DEBUG o.s.web.servlet.DispatcherServlet - Completed 200 OK
2026-02-12 17:26:37.992 [http-nio-8080-exec-4] DEBUG o.s.web.servlet.DispatcherServlet - GET "/api/tareas-rest/search/porUsuario?id=1&size=100", parameters={masked}
2026-02-12 17:26:38.020 [http-nio-8080-exec-4] DEBUG o.s.w.s.m.m.a.HttpEntityMethodProcessor - Using 'application/json', given [application/json, text/plain, */*] and supported [application/hal+json, application/json]
2026-02-12 17:26:38.022 [http-nio-8080-exec-4] DEBUG o.s.w.s.m.m.a.HttpEntityMethodProcessor - Writing [PagedModel { content: [EntityModel { content: TaskEntity(idTarea=1, titulo=Configurar el entorno de  (truncated)...]
2026-02-12 17:26:38.035 [http-nio-8080-exec-4] DEBUG o.s.web.servlet.DispatcherServlet - Completed 200 OK
2026-02-12 17:26:54.125 [http-nio-8080-exec-2] DEBUG o.s.web.servlet.DispatcherServlet - GET "/api/tareas-rest/search/porUsuario?id=1&size=100", parameters={masked}
2026-02-12 17:26:54.154 [http-nio-8080-exec-2] DEBUG o.s.w.s.m.m.a.HttpEntityMethodProcessor - Using 'application/json', given [application/json, text/plain, */*] and supported [application/hal+json, application/json]
2026-02-12 17:26:54.154 [http-nio-8080-exec-2] DEBUG o.s.w.s.m.m.a.HttpEntityMethodProcessor - Writing [PagedModel { content: [EntityModel { content: TaskEntity(idTarea=1, titulo=Configurar el entorno de  (truncated)...]
2026-02-12 17:26:54.170 [http-nio-8080-exec-2] DEBUG o.s.web.servlet.DispatcherServlet - Completed 200 OK
2026-02-12 17:26:54.170 [http-nio-8080-exec-6] DEBUG o.s.web.servlet.DispatcherServlet - GET "/api/tareas-rest/search/porUsuario?id=1&size=100", parameters={masked}
2026-02-12 17:26:54.197 [http-nio-8080-exec-6] DEBUG o.s.w.s.m.m.a.HttpEntityMethodProcessor - Using 'application/json', given [application/json, text/plain, */*] and supported [application/hal+json, application/json]
2026-02-12 17:26:54.197 [http-nio-8080-exec-6] DEBUG o.s.w.s.m.m.a.HttpEntityMethodProcessor - Writing [PagedModel { content: [EntityModel { content: TaskEntity(idTarea=1, titulo=Configurar el entorno de  (truncated)...]
2026-02-12 17:26:54.207 [http-nio-8080-exec-6] DEBUG o.s.web.servlet.DispatcherServlet - Completed 200 OK
2026-02-12 17:26:56.308 [http-nio-8080-exec-5] DEBUG o.s.web.servlet.DispatcherServlet - GET "/api/tareas-rest/search/porUsuario?id=1&size=100", parameters={masked}
2026-02-12 17:26:56.332 [http-nio-8080-exec-5] DEBUG o.s.w.s.m.m.a.HttpEntityMethodProcessor - Using 'application/json', given [application/json, text/plain, */*] and supported [application/hal+json, application/json]
2026-02-12 17:26:56.332 [http-nio-8080-exec-5] DEBUG o.s.w.s.m.m.a.HttpEntityMethodProcessor - Writing [PagedModel { content: [EntityModel { content: TaskEntity(idTarea=1, titulo=Configurar el entorno de  (truncated)...]
2026-02-12 17:26:56.350 [http-nio-8080-exec-5] DEBUG o.s.web.servlet.DispatcherServlet - Completed 200 OK
2026-02-12 17:26:56.354 [http-nio-8080-exec-3] DEBUG o.s.web.servlet.DispatcherServlet - GET "/api/tareas-rest/search/porUsuario?id=1&size=100", parameters={masked}
2026-02-12 17:26:56.375 [http-nio-8080-exec-3] DEBUG o.s.w.s.m.m.a.HttpEntityMethodProcessor - Using 'application/json', given [application/json, text/plain, */*] and supported [application/hal+json, application/json]
2026-02-12 17:26:56.380 [http-nio-8080-exec-3] DEBUG o.s.w.s.m.m.a.HttpEntityMethodProcessor - Writing [PagedModel { content: [EntityModel { content: TaskEntity(idTarea=1, titulo=Configurar el entorno de  (truncated)...]
2026-02-12 17:26:56.391 [http-nio-8080-exec-3] DEBUG o.s.web.servlet.DispatcherServlet - Completed 200 OK
2026-02-12 17:30:10.214 [http-nio-8080-exec-8] DEBUG o.s.web.servlet.DispatcherServlet - GET "/api/tareas-rest/search/porUsuario?id=1&size=100", parameters={masked}
2026-02-12 17:30:10.254 [http-nio-8080-exec-8] DEBUG o.s.w.s.m.m.a.HttpEntityMethodProcessor - Using 'application/json', given [application/json, text/plain, */*] and supported [application/hal+json, application/json]
2026-02-12 17:30:10.254 [http-nio-8080-exec-8] DEBUG o.s.w.s.m.m.a.HttpEntityMethodProcessor - Writing [PagedModel { content: [EntityModel { content: TaskEntity(idTarea=1, titulo=Configurar el entorno de  (truncated)...]
2026-02-12 17:30:10.267 [http-nio-8080-exec-8] DEBUG o.s.web.servlet.DispatcherServlet - Completed 200 OK
2026-02-12 17:30:10.271 [http-nio-8080-exec-10] DEBUG o.s.web.servlet.DispatcherServlet - GET "/api/tareas-rest/search/porUsuario?id=1&size=100", parameters={masked}
2026-02-12 17:30:10.292 [http-nio-8080-exec-10] DEBUG o.s.w.s.m.m.a.HttpEntityMethodProcessor - Using 'application/json', given [application/json, text/plain, */*] and supported [application/hal+json, application/json]
2026-02-12 17:30:10.292 [http-nio-8080-exec-10] DEBUG o.s.w.s.m.m.a.HttpEntityMethodProcessor - Writing [PagedModel { content: [EntityModel { content: TaskEntity(idTarea=1, titulo=Configurar el entorno de  (truncated)...]
2026-02-12 17:30:10.295 [http-nio-8080-exec-10] DEBUG o.s.web.servlet.DispatcherServlet - Completed 200 OK
2026-02-12 17:35:24.340 [http-nio-8080-exec-2] DEBUG o.s.web.servlet.DispatcherServlet - GET "/api/usuarios", parameters={}
2026-02-12 17:35:24.343 [http-nio-8080-exec-2] DEBUG o.s.w.s.m.m.a.RequestMappingHandlerMapping - Mapped to com.example.ProyectoBackEnd.controller.UsuarioController#listarTodos()
2026-02-12 17:35:24.371 [http-nio-8080-exec-2] INFO  c.e.P.controller.UsuarioController - API: Listando todos los usuarios registrados
2026-02-12 17:35:24.485 [http-nio-8080-exec-2] INFO  c.e.P.aspect.LogginAspect - Operación listarTodos completada en 74 ms
2026-02-12 17:35:24.499 [http-nio-8080-exec-2] DEBUG o.s.w.s.m.m.a.RequestResponseBodyMethodProcessor - Using 'application/json', given [application/json, text/plain, */*] and supported [application/json, application/*+json]
2026-02-12 17:35:24.501 [http-nio-8080-exec-2] DEBUG o.s.w.s.m.m.a.RequestResponseBodyMethodProcessor - Writing [[UsuarioEntity(idUsuario=1, usuario=admin, contraseña=1234, fechaCreacion=2026-01-25T22:48:25, estad (truncated)...]
2026-02-12 17:35:24.690 [http-nio-8080-exec-2] DEBUG o.s.web.servlet.DispatcherServlet - Completed 200 OK
2026-02-12 17:35:24.692 [http-nio-8080-exec-6] DEBUG o.s.web.servlet.DispatcherServlet - GET "/api/usuarios", parameters={}
2026-02-12 17:35:24.696 [http-nio-8080-exec-6] DEBUG o.s.w.s.m.m.a.RequestMappingHandlerMapping - Mapped to com.example.ProyectoBackEnd.controller.UsuarioController#listarTodos()
2026-02-12 17:35:24.697 [http-nio-8080-exec-6] INFO  c.e.P.controller.UsuarioController - API: Listando todos los usuarios registrados
2026-02-12 17:35:24.722 [http-nio-8080-exec-6] INFO  c.e.P.aspect.LogginAspect - Operación listarTodos completada en 9 ms
2026-02-12 17:35:24.722 [http-nio-8080-exec-6] DEBUG o.s.w.s.m.m.a.RequestResponseBodyMethodProcessor - Using 'application/json', given [application/json, text/plain, */*] and supported [application/json, application/*+json]
2026-02-12 17:35:24.730 [http-nio-8080-exec-6] DEBUG o.s.w.s.m.m.a.RequestResponseBodyMethodProcessor - Writing [[UsuarioEntity(idUsuario=1, usuario=admin, contraseña=1234, fechaCreacion=2026-01-25T22:48:25, estad (truncated)...]
2026-02-12 17:35:24.734 [http-nio-8080-exec-6] DEBUG o.s.web.servlet.DispatcherServlet - Completed 200 OK
2026-02-12 17:35:41.011 [http-nio-8080-exec-5] DEBUG o.s.web.servlet.DispatcherServlet - OPTIONS "/api/usuarios", parameters={}
2026-02-12 17:35:41.011 [http-nio-8080-exec-5] DEBUG o.s.w.s.m.m.a.RequestMappingHandlerMapping - Mapped to com.example.ProyectoBackEnd.controller.UsuarioController#guardar(UsuarioEntity)
2026-02-12 17:35:41.011 [http-nio-8080-exec-5] DEBUG o.s.web.servlet.DispatcherServlet - Completed 200 OK
2026-02-12 17:35:41.019 [http-nio-8080-exec-3] DEBUG o.s.web.servlet.DispatcherServlet - POST "/api/usuarios", parameters={}
2026-02-12 17:35:41.019 [http-nio-8080-exec-3] DEBUG o.s.w.s.m.m.a.RequestMappingHandlerMapping - Mapped to com.example.ProyectoBackEnd.controller.UsuarioController#guardar(UsuarioEntity)
2026-02-12 17:35:41.092 [http-nio-8080-exec-3] DEBUG o.s.w.s.m.m.a.RequestResponseBodyMethodProcessor - Read "application/json;charset=UTF-8" to [UsuarioEntity(idUsuario=null, usuario=Prueba, contraseña=123456789, fechaCreacion=2026-02-12T16:35:4 (truncated)...]
2026-02-12 17:35:41.092 [http-nio-8080-exec-3] INFO  c.e.P.controller.UsuarioController - API: Guardando nuevo usuario: Prueba
2026-02-12 17:35:41.121 [http-nio-8080-exec-3] INFO  c.e.P.aspect.LogginAspect - Operación guardarUsuario completada en 17 ms
2026-02-12 17:35:41.128 [http-nio-8080-exec-3] DEBUG o.s.w.s.m.m.a.RequestResponseBodyMethodProcessor - Using 'application/json', given [application/json, text/plain, */*] and supported [application/json, application/*+json]
2026-02-12 17:35:41.128 [http-nio-8080-exec-3] DEBUG o.s.w.s.m.m.a.RequestResponseBodyMethodProcessor - Nothing to write: null body
2026-02-12 17:35:41.136 [http-nio-8080-exec-3] DEBUG o.s.web.servlet.DispatcherServlet - Completed 200 OK
2026-02-12 17:35:41.170 [http-nio-8080-exec-7] DEBUG o.s.web.servlet.DispatcherServlet - GET "/api/usuarios", parameters={}
2026-02-12 17:35:41.171 [http-nio-8080-exec-7] DEBUG o.s.w.s.m.m.a.RequestMappingHandlerMapping - Mapped to com.example.ProyectoBackEnd.controller.UsuarioController#listarTodos()
2026-02-12 17:35:41.172 [http-nio-8080-exec-7] INFO  c.e.P.controller.UsuarioController - API: Listando todos los usuarios registrados
2026-02-12 17:35:41.204 [http-nio-8080-exec-7] INFO  c.e.P.aspect.LogginAspect - Operación listarTodos completada en 18 ms
2026-02-12 17:35:41.207 [http-nio-8080-exec-7] DEBUG o.s.w.s.m.m.a.RequestResponseBodyMethodProcessor - Using 'application/json', given [application/json, text/plain, */*] and supported [application/json, application/*+json]
2026-02-12 17:35:41.207 [http-nio-8080-exec-7] DEBUG o.s.w.s.m.m.a.RequestResponseBodyMethodProcessor - Writing [[UsuarioEntity(idUsuario=1, usuario=admin, contraseña=1234, fechaCreacion=2026-01-25T22:48:25, estad (truncated)...]
2026-02-12 17:35:41.210 [http-nio-8080-exec-7] DEBUG o.s.web.servlet.DispatcherServlet - Completed 200 OK
2026-02-12 17:35:45.595 [http-nio-8080-exec-9] DEBUG o.s.web.servlet.DispatcherServlet - GET "/api/usuarios", parameters={}
2026-02-12 17:35:45.595 [http-nio-8080-exec-9] DEBUG o.s.w.s.m.m.a.RequestMappingHandlerMapping - Mapped to com.example.ProyectoBackEnd.controller.UsuarioController#listarTodos()
2026-02-12 17:35:45.595 [http-nio-8080-exec-9] INFO  c.e.P.controller.UsuarioController - API: Listando todos los usuarios registrados
2026-02-12 17:35:45.628 [http-nio-8080-exec-9] INFO  c.e.P.aspect.LogginAspect - Operación listarTodos completada en 16 ms
2026-02-12 17:35:45.628 [http-nio-8080-exec-9] DEBUG o.s.w.s.m.m.a.RequestResponseBodyMethodProcessor - Using 'application/json', given [application/json, text/plain, */*] and supported [application/json, application/*+json]
2026-02-12 17:35:45.631 [http-nio-8080-exec-9] DEBUG o.s.w.s.m.m.a.RequestResponseBodyMethodProcessor - Writing [[UsuarioEntity(idUsuario=1, usuario=admin, contraseña=1234, fechaCreacion=2026-01-25T22:48:25, estad (truncated)...]
2026-02-12 17:35:45.631 [http-nio-8080-exec-9] DEBUG o.s.web.servlet.DispatcherServlet - Completed 200 OK
2026-02-12 17:35:45.638 [http-nio-8080-exec-8] DEBUG o.s.web.servlet.DispatcherServlet - GET "/api/usuarios", parameters={}
2026-02-12 17:35:45.638 [http-nio-8080-exec-8] DEBUG o.s.w.s.m.m.a.RequestMappingHandlerMapping - Mapped to com.example.ProyectoBackEnd.controller.UsuarioController#listarTodos()
2026-02-12 17:35:45.638 [http-nio-8080-exec-8] INFO  c.e.P.controller.UsuarioController - API: Listando todos los usuarios registrados
2026-02-12 17:35:45.671 [http-nio-8080-exec-8] INFO  c.e.P.aspect.LogginAspect - Operación listarTodos completada en 17 ms
2026-02-12 17:35:45.671 [http-nio-8080-exec-8] DEBUG o.s.w.s.m.m.a.RequestResponseBodyMethodProcessor - Using 'application/json', given [application/json, text/plain, */*] and supported [application/json, application/*+json]
2026-02-12 17:35:45.671 [http-nio-8080-exec-8] DEBUG o.s.w.s.m.m.a.RequestResponseBodyMethodProcessor - Writing [[UsuarioEntity(idUsuario=1, usuario=admin, contraseña=1234, fechaCreacion=2026-01-25T22:48:25, estad (truncated)...]
2026-02-12 17:35:45.671 [http-nio-8080-exec-8] DEBUG o.s.web.servlet.DispatcherServlet - Completed 200 OK
2026-02-12 17:36:28.764 [http-nio-8080-exec-10] DEBUG o.s.web.servlet.DispatcherServlet - GET "/api/usuarios", parameters={}
2026-02-12 17:36:28.764 [http-nio-8080-exec-10] DEBUG o.s.w.s.m.m.a.RequestMappingHandlerMapping - Mapped to com.example.ProyectoBackEnd.controller.UsuarioController#listarTodos()
2026-02-12 17:36:28.764 [http-nio-8080-exec-10] INFO  c.e.P.controller.UsuarioController - API: Listando todos los usuarios registrados
2026-02-12 17:36:28.788 [http-nio-8080-exec-10] INFO  c.e.P.aspect.LogginAspect - Operación listarTodos completada en 16 ms
2026-02-12 17:36:28.788 [http-nio-8080-exec-10] DEBUG o.s.w.s.m.m.a.RequestResponseBodyMethodProcessor - Using 'application/json', given [application/json, text/plain, */*] and supported [application/json, application/*+json]
2026-02-12 17:36:28.794 [http-nio-8080-exec-10] DEBUG o.s.w.s.m.m.a.RequestResponseBodyMethodProcessor - Writing [[UsuarioEntity(idUsuario=1, usuario=admin, contraseña=1234, fechaCreacion=2026-01-25T22:48:25, estad (truncated)...]
2026-02-12 17:36:28.797 [http-nio-8080-exec-10] DEBUG o.s.web.servlet.DispatcherServlet - Completed 200 OK
2026-02-12 17:36:28.797 [http-nio-8080-exec-1] DEBUG o.s.web.servlet.DispatcherServlet - GET "/api/usuarios", parameters={}
2026-02-12 17:36:28.797 [http-nio-8080-exec-1] DEBUG o.s.w.s.m.m.a.RequestMappingHandlerMapping - Mapped to com.example.ProyectoBackEnd.controller.UsuarioController#listarTodos()
2026-02-12 17:36:28.797 [http-nio-8080-exec-1] INFO  c.e.P.controller.UsuarioController - API: Listando todos los usuarios registrados
2026-02-12 17:36:28.821 [http-nio-8080-exec-1] INFO  c.e.P.aspect.LogginAspect - Operación listarTodos completada en 16 ms
2026-02-12 17:36:28.821 [http-nio-8080-exec-1] DEBUG o.s.w.s.m.m.a.RequestResponseBodyMethodProcessor - Using 'application/json', given [application/json, text/plain, */*] and supported [application/json, application/*+json]
2026-02-12 17:36:28.829 [http-nio-8080-exec-1] DEBUG o.s.w.s.m.m.a.RequestResponseBodyMethodProcessor - Writing [[UsuarioEntity(idUsuario=1, usuario=admin, contraseña=1234, fechaCreacion=2026-01-25T22:48:25, estad (truncated)...]
2026-02-12 17:36:28.833 [http-nio-8080-exec-1] DEBUG o.s.web.servlet.DispatcherServlet - Completed 200 OK
2026-02-12 17:36:33.439 [http-nio-8080-exec-4] DEBUG o.s.web.servlet.DispatcherServlet - GET "/api/usuarios", parameters={}
2026-02-12 17:36:33.439 [http-nio-8080-exec-4] DEBUG o.s.w.s.m.m.a.RequestMappingHandlerMapping - Mapped to com.example.ProyectoBackEnd.controller.UsuarioController#listarTodos()
2026-02-12 17:36:33.439 [http-nio-8080-exec-4] INFO  c.e.P.controller.UsuarioController - API: Listando todos los usuarios registrados
2026-02-12 17:36:33.471 [http-nio-8080-exec-4] INFO  c.e.P.aspect.LogginAspect - Operación listarTodos completada en 23 ms
2026-02-12 17:36:33.471 [http-nio-8080-exec-4] DEBUG o.s.w.s.m.m.a.RequestResponseBodyMethodProcessor - Using 'application/json', given [application/json, text/plain, */*] and supported [application/json, application/*+json]
2026-02-12 17:36:33.471 [http-nio-8080-exec-4] DEBUG o.s.w.s.m.m.a.RequestResponseBodyMethodProcessor - Writing [[UsuarioEntity(idUsuario=1, usuario=admin, contraseña=1234, fechaCreacion=2026-01-25T22:48:25, estad (truncated)...]
2026-02-12 17:36:33.481 [http-nio-8080-exec-4] DEBUG o.s.web.servlet.DispatcherServlet - Completed 200 OK
2026-02-12 17:36:33.481 [http-nio-8080-exec-2] DEBUG o.s.web.servlet.DispatcherServlet - GET "/api/usuarios", parameters={}
2026-02-12 17:36:33.481 [http-nio-8080-exec-2] DEBUG o.s.w.s.m.m.a.RequestMappingHandlerMapping - Mapped to com.example.ProyectoBackEnd.controller.UsuarioController#listarTodos()
2026-02-12 17:36:33.481 [http-nio-8080-exec-2] INFO  c.e.P.controller.UsuarioController - API: Listando todos los usuarios registrados
2026-02-12 17:36:33.505 [http-nio-8080-exec-2] INFO  c.e.P.aspect.LogginAspect - Operación listarTodos completada en 17 ms
2026-02-12 17:36:33.505 [http-nio-8080-exec-2] DEBUG o.s.w.s.m.m.a.RequestResponseBodyMethodProcessor - Using 'application/json', given [application/json, text/plain, */*] and supported [application/json, application/*+json]
2026-02-12 17:36:33.505 [http-nio-8080-exec-2] DEBUG o.s.w.s.m.m.a.RequestResponseBodyMethodProcessor - Writing [[UsuarioEntity(idUsuario=1, usuario=admin, contraseña=1234, fechaCreacion=2026-01-25T22:48:25, estad (truncated)...]
2026-02-12 17:36:33.513 [http-nio-8080-exec-2] DEBUG o.s.web.servlet.DispatcherServlet - Completed 200 OK
2026-02-12 17:36:47.731 [http-nio-8080-exec-6] DEBUG o.s.web.servlet.DispatcherServlet - POST "/api/usuarios", parameters={}
2026-02-12 17:36:47.731 [http-nio-8080-exec-6] DEBUG o.s.w.s.m.m.a.RequestMappingHandlerMapping - Mapped to com.example.ProyectoBackEnd.controller.UsuarioController#guardar(UsuarioEntity)
2026-02-12 17:36:47.731 [http-nio-8080-exec-6] DEBUG o.s.w.s.m.m.a.RequestResponseBodyMethodProcessor - Read "application/json;charset=UTF-8" to [UsuarioEntity(idUsuario=null, usuario=Prueba2, contraseña=Prueba2, fechaCreacion=2026-02-12T16:36:47 (truncated)...]
2026-02-12 17:36:47.731 [http-nio-8080-exec-6] INFO  c.e.P.controller.UsuarioController - API: Guardando nuevo usuario: Prueba2
2026-02-12 17:36:47.763 [http-nio-8080-exec-6] INFO  c.e.P.aspect.LogginAspect - Operación guardarUsuario completada en 16 ms
2026-02-12 17:36:47.764 [http-nio-8080-exec-6] DEBUG o.s.w.s.m.m.a.RequestResponseBodyMethodProcessor - Using 'application/json', given [application/json, text/plain, */*] and supported [application/json, application/*+json]
2026-02-12 17:36:47.764 [http-nio-8080-exec-6] DEBUG o.s.w.s.m.m.a.RequestResponseBodyMethodProcessor - Nothing to write: null body
2026-02-12 17:36:47.764 [http-nio-8080-exec-6] DEBUG o.s.web.servlet.DispatcherServlet - Completed 200 OK
2026-02-12 17:36:47.779 [http-nio-8080-exec-5] DEBUG o.s.web.servlet.DispatcherServlet - GET "/api/usuarios", parameters={}
2026-02-12 17:36:47.781 [http-nio-8080-exec-5] DEBUG o.s.w.s.m.m.a.RequestMappingHandlerMapping - Mapped to com.example.ProyectoBackEnd.controller.UsuarioController#listarTodos()
2026-02-12 17:36:47.781 [http-nio-8080-exec-5] INFO  c.e.P.controller.UsuarioController - API: Listando todos los usuarios registrados
2026-02-12 17:36:47.804 [http-nio-8080-exec-5] INFO  c.e.P.aspect.LogginAspect - Operación listarTodos completada en 6 ms
2026-02-12 17:36:47.804 [http-nio-8080-exec-5] DEBUG o.s.w.s.m.m.a.RequestResponseBodyMethodProcessor - Using 'application/json', given [application/json, text/plain, */*] and supported [application/json, application/*+json]
2026-02-12 17:36:47.806 [http-nio-8080-exec-5] DEBUG o.s.w.s.m.m.a.RequestResponseBodyMethodProcessor - Writing [[UsuarioEntity(idUsuario=1, usuario=admin, contraseña=1234, fechaCreacion=2026-01-25T22:48:25, estad (truncated)...]
2026-02-12 17:36:47.806 [http-nio-8080-exec-5] DEBUG o.s.web.servlet.DispatcherServlet - Completed 200 OK
2026-02-12 17:37:37.501 [http-nio-8080-exec-9] DEBUG o.s.web.servlet.DispatcherServlet - GET "/api/usuarios-rest", parameters={}
2026-02-12 17:37:37.692 [http-nio-8080-exec-9] DEBUG o.s.w.s.m.m.a.RequestResponseBodyMethodProcessor - Using 'application/hal+json', given [*/*] and supported [application/hal+json]
2026-02-12 17:37:37.695 [http-nio-8080-exec-9] DEBUG o.s.w.s.m.m.a.RequestResponseBodyMethodProcessor - Writing [PagedModel { content: [EntityModel { content: UsuarioEntity(idUsuario=1, usuario=admin, contraseña=1 (truncated)...]
2026-02-12 17:37:37.713 [http-nio-8080-exec-9] DEBUG o.s.web.servlet.DispatcherServlet - Completed 200 OK
2026-02-12 17:38:05.507 [http-nio-8080-exec-10] DEBUG o.s.web.servlet.DispatcherServlet - GET "/api/usuarios-rest?page=1&size=20", parameters={masked}
2026-02-12 17:38:05.532 [http-nio-8080-exec-10] DEBUG o.s.w.s.m.m.a.RequestResponseBodyMethodProcessor - Using 'application/hal+json', given [*/*] and supported [application/hal+json]
2026-02-12 17:38:05.532 [http-nio-8080-exec-10] DEBUG o.s.w.s.m.m.a.RequestResponseBodyMethodProcessor - Writing [PagedModel { content: [EntityModel { content: UsuarioEntity(idUsuario=24, usuario=prueba111, contras (truncated)...]
2026-02-12 17:38:05.548 [http-nio-8080-exec-10] DEBUG o.s.web.servlet.DispatcherServlet - Completed 200 OK
2026-02-12 17:41:11.075 [http-nio-8080-exec-4] DEBUG o.s.web.servlet.DispatcherServlet - GET "/api/usuarios-rest", parameters={}
2026-02-12 17:41:11.116 [http-nio-8080-exec-4] DEBUG o.s.w.s.m.m.a.RequestResponseBodyMethodProcessor - Using 'application/json', given [application/json, text/plain, */*] and supported [application/hal+json, application/json]
2026-02-12 17:41:11.116 [http-nio-8080-exec-4] DEBUG o.s.w.s.m.m.a.RequestResponseBodyMethodProcessor - Writing [PagedModel { content: [EntityModel { content: UsuarioEntity(idUsuario=1, usuario=admin, contraseña=1 (truncated)...]
2026-02-12 17:41:11.157 [http-nio-8080-exec-4] DEBUG o.s.web.servlet.DispatcherServlet - Completed 200 OK
2026-02-12 17:41:15.336 [http-nio-8080-exec-2] DEBUG o.s.web.servlet.DispatcherServlet - GET "/api/usuarios-rest", parameters={}
2026-02-12 17:41:15.373 [http-nio-8080-exec-2] DEBUG o.s.w.s.m.m.a.RequestResponseBodyMethodProcessor - Using 'application/json', given [application/json, text/plain, */*] and supported [application/hal+json, application/json]
2026-02-12 17:41:15.373 [http-nio-8080-exec-2] DEBUG o.s.w.s.m.m.a.RequestResponseBodyMethodProcessor - Writing [PagedModel { content: [EntityModel { content: UsuarioEntity(idUsuario=1, usuario=admin, contraseña=1 (truncated)...]
2026-02-12 17:41:15.392 [http-nio-8080-exec-2] DEBUG o.s.web.servlet.DispatcherServlet - Completed 200 OK
2026-02-12 17:41:15.396 [http-nio-8080-exec-6] DEBUG o.s.web.servlet.DispatcherServlet - GET "/api/usuarios-rest", parameters={}
2026-02-12 17:41:15.422 [http-nio-8080-exec-6] DEBUG o.s.w.s.m.m.a.RequestResponseBodyMethodProcessor - Using 'application/json', given [application/json, text/plain, */*] and supported [application/hal+json, application/json]
2026-02-12 17:41:15.422 [http-nio-8080-exec-6] DEBUG o.s.w.s.m.m.a.RequestResponseBodyMethodProcessor - Writing [PagedModel { content: [EntityModel { content: UsuarioEntity(idUsuario=1, usuario=admin, contraseña=1 (truncated)...]
2026-02-12 17:41:15.434 [http-nio-8080-exec-6] DEBUG o.s.web.servlet.DispatcherServlet - Completed 200 OK
2026-02-12 17:41:24.854 [http-nio-8080-exec-5] DEBUG o.s.web.servlet.DispatcherServlet - OPTIONS "/api/usuarios-rest", parameters={}
2026-02-12 17:41:24.858 [http-nio-8080-exec-5] DEBUG o.s.web.servlet.DispatcherServlet - Completed 200 OK
2026-02-12 17:41:24.863 [http-nio-8080-exec-3] DEBUG o.s.web.servlet.DispatcherServlet - POST "/api/usuarios-rest", parameters={}
2026-02-12 17:41:24.903 [http-nio-8080-exec-3] DEBUG o.s.w.s.m.m.a.HttpEntityMethodProcessor - Using 'application/json', given [application/json, text/plain, */*] and supported [application/hal+json, application/json]
2026-02-12 17:41:24.903 [http-nio-8080-exec-3] DEBUG o.s.w.s.m.m.a.HttpEntityMethodProcessor - Writing [EntityModel { content: UsuarioEntity(idUsuario=43, usuario=R2D2, contraseña=R2D2, fechaCreacion=2026 (truncated)...]
2026-02-12 17:41:24.905 [http-nio-8080-exec-3] DEBUG o.s.web.servlet.DispatcherServlet - Completed 201 CREATED
2026-02-12 17:41:25.833 [http-nio-8080-exec-7] DEBUG o.s.web.servlet.DispatcherServlet - GET "/api/usuarios-rest", parameters={}
2026-02-12 17:41:25.855 [http-nio-8080-exec-7] DEBUG o.s.w.s.m.m.a.RequestResponseBodyMethodProcessor - Using 'application/json', given [application/json, text/plain, */*] and supported [application/hal+json, application/json]
2026-02-12 17:41:25.855 [http-nio-8080-exec-7] DEBUG o.s.w.s.m.m.a.RequestResponseBodyMethodProcessor - Writing [PagedModel { content: [EntityModel { content: UsuarioEntity(idUsuario=1, usuario=admin, contraseña=1 (truncated)...]
2026-02-12 17:41:25.865 [http-nio-8080-exec-7] DEBUG o.s.web.servlet.DispatcherServlet - Completed 200 OK
2026-02-12 17:41:27.734 [http-nio-8080-exec-9] DEBUG o.s.web.servlet.DispatcherServlet - GET "/api/usuarios-rest", parameters={}
2026-02-12 17:41:27.757 [http-nio-8080-exec-9] DEBUG o.s.w.s.m.m.a.RequestResponseBodyMethodProcessor - Using 'application/json', given [application/json, text/plain, */*] and supported [application/hal+json, application/json]
2026-02-12 17:41:27.760 [http-nio-8080-exec-9] DEBUG o.s.w.s.m.m.a.RequestResponseBodyMethodProcessor - Writing [PagedModel { content: [EntityModel { content: UsuarioEntity(idUsuario=1, usuario=admin, contraseña=1 (truncated)...]
2026-02-12 17:41:27.765 [http-nio-8080-exec-9] DEBUG o.s.web.servlet.DispatcherServlet - Completed 200 OK
2026-02-12 17:41:27.773 [http-nio-8080-exec-8] DEBUG o.s.web.servlet.DispatcherServlet - GET "/api/usuarios-rest", parameters={}
2026-02-12 17:41:27.799 [http-nio-8080-exec-8] DEBUG o.s.w.s.m.m.a.RequestResponseBodyMethodProcessor - Using 'application/json', given [application/json, text/plain, */*] and supported [application/hal+json, application/json]
2026-02-12 17:41:27.800 [http-nio-8080-exec-8] DEBUG o.s.w.s.m.m.a.RequestResponseBodyMethodProcessor - Writing [PagedModel { content: [EntityModel { content: UsuarioEntity(idUsuario=1, usuario=admin, contraseña=1 (truncated)...]
2026-02-12 17:41:27.800 [http-nio-8080-exec-8] DEBUG o.s.web.servlet.DispatcherServlet - Completed 200 OK
2026-02-12 17:43:13.072 [http-nio-8080-exec-4] DEBUG o.s.web.servlet.DispatcherServlet - GET "/api/usuarios-rest", parameters={}
2026-02-12 17:43:13.105 [http-nio-8080-exec-4] DEBUG o.s.w.s.m.m.a.RequestResponseBodyMethodProcessor - Using 'application/json', given [application/json, text/plain, */*] and supported [application/hal+json, application/json]
2026-02-12 17:43:13.105 [http-nio-8080-exec-4] DEBUG o.s.w.s.m.m.a.RequestResponseBodyMethodProcessor - Writing [PagedModel { content: [EntityModel { content: UsuarioEntity(idUsuario=1, usuario=admin, contraseña=1 (truncated)...]
2026-02-12 17:43:13.126 [http-nio-8080-exec-4] DEBUG o.s.web.servlet.DispatcherServlet - Completed 200 OK
2026-02-12 17:43:18.327 [http-nio-8080-exec-2] DEBUG o.s.web.servlet.DispatcherServlet - GET "/api/usuarios-rest", parameters={}
2026-02-12 17:43:18.352 [http-nio-8080-exec-2] DEBUG o.s.w.s.m.m.a.RequestResponseBodyMethodProcessor - Using 'application/json', given [application/json, text/plain, */*] and supported [application/hal+json, application/json]
2026-02-12 17:43:18.352 [http-nio-8080-exec-2] DEBUG o.s.w.s.m.m.a.RequestResponseBodyMethodProcessor - Writing [PagedModel { content: [EntityModel { content: UsuarioEntity(idUsuario=1, usuario=admin, contraseña=1 (truncated)...]
2026-02-12 17:43:18.360 [http-nio-8080-exec-2] DEBUG o.s.web.servlet.DispatcherServlet - Completed 200 OK
2026-02-12 17:43:18.366 [http-nio-8080-exec-6] DEBUG o.s.web.servlet.DispatcherServlet - GET "/api/usuarios-rest", parameters={}
2026-02-12 17:43:18.389 [http-nio-8080-exec-6] DEBUG o.s.w.s.m.m.a.RequestResponseBodyMethodProcessor - Using 'application/json', given [application/json, text/plain, */*] and supported [application/hal+json, application/json]
2026-02-12 17:43:18.389 [http-nio-8080-exec-6] DEBUG o.s.w.s.m.m.a.RequestResponseBodyMethodProcessor - Writing [PagedModel { content: [EntityModel { content: UsuarioEntity(idUsuario=1, usuario=admin, contraseña=1 (truncated)...]
2026-02-12 17:43:18.401 [http-nio-8080-exec-6] DEBUG o.s.web.servlet.DispatcherServlet - Completed 200 OK
2026-02-12 17:43:27.567 [http-nio-8080-exec-5] DEBUG o.s.web.servlet.DispatcherServlet - POST "/api/usuarios-rest", parameters={}
2026-02-12 17:43:27.585 [http-nio-8080-exec-5] DEBUG o.s.w.s.m.m.a.HttpEntityMethodProcessor - Using 'application/json', given [application/json, text/plain, */*] and supported [application/hal+json, application/json]
2026-02-12 17:43:27.585 [http-nio-8080-exec-5] DEBUG o.s.w.s.m.m.a.HttpEntityMethodProcessor - Writing [EntityModel { content: UsuarioEntity(idUsuario=44, usuario=ABC, contraseña=ABC, fechaCreacion=2026-0 (truncated)...]
2026-02-12 17:43:27.585 [http-nio-8080-exec-5] DEBUG o.s.web.servlet.DispatcherServlet - Completed 201 CREATED
2026-02-12 17:43:28.657 [http-nio-8080-exec-3] DEBUG o.s.web.servlet.DispatcherServlet - GET "/api/usuarios-rest", parameters={}
2026-02-12 17:43:28.683 [http-nio-8080-exec-3] DEBUG o.s.w.s.m.m.a.RequestResponseBodyMethodProcessor - Using 'application/json', given [application/json, text/plain, */*] and supported [application/hal+json, application/json]
2026-02-12 17:43:28.683 [http-nio-8080-exec-3] DEBUG o.s.w.s.m.m.a.RequestResponseBodyMethodProcessor - Writing [PagedModel { content: [EntityModel { content: UsuarioEntity(idUsuario=1, usuario=admin, contraseña=1 (truncated)...]
2026-02-12 17:43:28.693 [http-nio-8080-exec-3] DEBUG o.s.web.servlet.DispatcherServlet - Completed 200 OK
2026-02-12 17:44:09.063 [http-nio-8080-exec-7] DEBUG o.s.web.servlet.DispatcherServlet - GET "/api/usuarios-rest", parameters={}
2026-02-12 17:44:09.096 [http-nio-8080-exec-7] DEBUG o.s.w.s.m.m.a.RequestResponseBodyMethodProcessor - Using 'application/json', given [application/json, text/plain, */*] and supported [application/hal+json, application/json]
2026-02-12 17:44:09.096 [http-nio-8080-exec-7] DEBUG o.s.w.s.m.m.a.RequestResponseBodyMethodProcessor - Writing [PagedModel { content: [EntityModel { content: UsuarioEntity(idUsuario=1, usuario=admin, contraseña=1 (truncated)...]
2026-02-12 17:44:09.096 [http-nio-8080-exec-7] DEBUG o.s.web.servlet.DispatcherServlet - Completed 200 OK
2026-02-12 17:44:14.071 [http-nio-8080-exec-9] DEBUG o.s.web.servlet.DispatcherServlet - GET "/api/usuarios-rest", parameters={}
2026-02-12 17:44:14.102 [http-nio-8080-exec-9] DEBUG o.s.w.s.m.m.a.RequestResponseBodyMethodProcessor - Using 'application/json', given [application/json, text/plain, */*] and supported [application/hal+json, application/json]
2026-02-12 17:44:14.111 [http-nio-8080-exec-9] DEBUG o.s.w.s.m.m.a.RequestResponseBodyMethodProcessor - Writing [PagedModel { content: [EntityModel { content: UsuarioEntity(idUsuario=1, usuario=admin, contraseña=1 (truncated)...]
2026-02-12 17:44:14.119 [http-nio-8080-exec-9] DEBUG o.s.web.servlet.DispatcherServlet - Completed 200 OK
2026-02-12 17:44:20.710 [http-nio-8080-exec-10] DEBUG o.s.web.servlet.DispatcherServlet - GET "/api/usuarios-rest", parameters={}
2026-02-12 17:44:20.737 [http-nio-8080-exec-10] DEBUG o.s.w.s.m.m.a.RequestResponseBodyMethodProcessor - Using 'application/json', given [application/json, text/plain, */*] and supported [application/hal+json, application/json]
2026-02-12 17:44:20.738 [http-nio-8080-exec-10] DEBUG o.s.w.s.m.m.a.RequestResponseBodyMethodProcessor - Writing [PagedModel { content: [EntityModel { content: UsuarioEntity(idUsuario=1, usuario=admin, contraseña=1 (truncated)...]
2026-02-12 17:44:20.745 [http-nio-8080-exec-10] DEBUG o.s.web.servlet.DispatcherServlet - Completed 200 OK
2026-02-12 17:44:20.748 [http-nio-8080-exec-1] DEBUG o.s.web.servlet.DispatcherServlet - GET "/api/usuarios-rest", parameters={}
2026-02-12 17:44:20.772 [http-nio-8080-exec-1] DEBUG o.s.w.s.m.m.a.RequestResponseBodyMethodProcessor - Using 'application/json', given [application/json, text/plain, */*] and supported [application/hal+json, application/json]
2026-02-12 17:44:20.772 [http-nio-8080-exec-1] DEBUG o.s.w.s.m.m.a.RequestResponseBodyMethodProcessor - Writing [PagedModel { content: [EntityModel { content: UsuarioEntity(idUsuario=1, usuario=admin, contraseña=1 (truncated)...]
2026-02-12 17:44:20.779 [http-nio-8080-exec-1] DEBUG o.s.web.servlet.DispatcherServlet - Completed 200 OK
2026-02-12 17:46:19.078 [http-nio-8080-exec-6] DEBUG o.s.web.servlet.DispatcherServlet - GET "/api/usuarios-rest", parameters={}
2026-02-12 17:46:19.121 [http-nio-8080-exec-6] DEBUG o.s.w.s.m.m.a.RequestResponseBodyMethodProcessor - Using 'application/json', given [application/json, text/plain, */*] and supported [application/hal+json, application/json]
2026-02-12 17:46:19.121 [http-nio-8080-exec-6] DEBUG o.s.w.s.m.m.a.RequestResponseBodyMethodProcessor - Writing [PagedModel { content: [EntityModel { content: UsuarioEntity(idUsuario=1, usuario=admin, contraseña=1 (truncated)...]
2026-02-12 17:46:19.128 [http-nio-8080-exec-6] DEBUG o.s.web.servlet.DispatcherServlet - Completed 200 OK
2026-02-12 17:48:05.101 [http-nio-8080-exec-3] DEBUG o.s.web.servlet.DispatcherServlet - GET "/api/usuarios-rest", parameters={}
2026-02-12 17:48:05.140 [http-nio-8080-exec-3] DEBUG o.s.w.s.m.m.a.RequestResponseBodyMethodProcessor - Using 'application/json', given [application/json, text/plain, */*] and supported [application/hal+json, application/json]
2026-02-12 17:48:05.140 [http-nio-8080-exec-3] DEBUG o.s.w.s.m.m.a.RequestResponseBodyMethodProcessor - Writing [PagedModel { content: [EntityModel { content: UsuarioEntity(idUsuario=1, usuario=admin, contraseña=1 (truncated)...]
2026-02-12 17:48:05.151 [http-nio-8080-exec-3] DEBUG o.s.web.servlet.DispatcherServlet - Completed 200 OK
2026-02-12 17:48:07.091 [http-nio-8080-exec-7] DEBUG o.s.web.servlet.DispatcherServlet - GET "/api/usuarios-rest", parameters={}
2026-02-12 17:48:07.125 [http-nio-8080-exec-7] DEBUG o.s.w.s.m.m.a.RequestResponseBodyMethodProcessor - Using 'application/json', given [application/json, text/plain, */*] and supported [application/hal+json, application/json]
2026-02-12 17:48:07.125 [http-nio-8080-exec-7] DEBUG o.s.w.s.m.m.a.RequestResponseBodyMethodProcessor - Writing [PagedModel { content: [EntityModel { content: UsuarioEntity(idUsuario=1, usuario=admin, contraseña=1 (truncated)...]
2026-02-12 17:48:07.141 [http-nio-8080-exec-7] DEBUG o.s.web.servlet.DispatcherServlet - Completed 200 OK
2026-02-12 17:48:11.827 [http-nio-8080-exec-9] DEBUG o.s.web.servlet.DispatcherServlet - GET "/api/usuarios-rest", parameters={}
2026-02-12 17:48:11.857 [http-nio-8080-exec-9] DEBUG o.s.w.s.m.m.a.RequestResponseBodyMethodProcessor - Using 'application/json', given [application/json, text/plain, */*] and supported [application/hal+json, application/json]
2026-02-12 17:48:11.860 [http-nio-8080-exec-9] DEBUG o.s.w.s.m.m.a.RequestResponseBodyMethodProcessor - Writing [PagedModel { content: [EntityModel { content: UsuarioEntity(idUsuario=1, usuario=admin, contraseña=1 (truncated)...]
2026-02-12 17:48:11.868 [http-nio-8080-exec-9] DEBUG o.s.web.servlet.DispatcherServlet - Completed 200 OK
2026-02-12 17:48:11.868 [http-nio-8080-exec-8] DEBUG o.s.web.servlet.DispatcherServlet - GET "/api/usuarios-rest", parameters={}
2026-02-12 17:48:11.904 [http-nio-8080-exec-8] DEBUG o.s.w.s.m.m.a.RequestResponseBodyMethodProcessor - Using 'application/json', given [application/json, text/plain, */*] and supported [application/hal+json, application/json]
2026-02-12 17:48:11.904 [http-nio-8080-exec-8] DEBUG o.s.w.s.m.m.a.RequestResponseBodyMethodProcessor - Writing [PagedModel { content: [EntityModel { content: UsuarioEntity(idUsuario=1, usuario=admin, contraseña=1 (truncated)...]
2026-02-12 17:48:11.917 [http-nio-8080-exec-8] DEBUG o.s.web.servlet.DispatcherServlet - Completed 200 OK
2026-02-12 17:48:18.422 [http-nio-8080-exec-10] DEBUG o.s.web.servlet.DispatcherServlet - POST "/api/usuarios-rest", parameters={}
2026-02-12 17:48:18.441 [http-nio-8080-exec-10] DEBUG o.s.w.s.m.m.a.HttpEntityMethodProcessor - Using 'application/json', given [application/json, text/plain, */*] and supported [application/hal+json, application/json]
2026-02-12 17:48:18.441 [http-nio-8080-exec-10] DEBUG o.s.w.s.m.m.a.HttpEntityMethodProcessor - Writing [EntityModel { content: UsuarioEntity(idUsuario=45, usuario=DEF, contraseña=DEF, fechaCreacion=2026-0 (truncated)...]
2026-02-12 17:48:18.444 [http-nio-8080-exec-10] DEBUG o.s.web.servlet.DispatcherServlet - Completed 201 CREATED
2026-02-12 17:48:19.431 [http-nio-8080-exec-1] DEBUG o.s.web.servlet.DispatcherServlet - GET "/api/usuarios-rest", parameters={}
2026-02-12 17:48:19.456 [http-nio-8080-exec-1] DEBUG o.s.w.s.m.m.a.RequestResponseBodyMethodProcessor - Using 'application/json', given [application/json, text/plain, */*] and supported [application/hal+json, application/json]
2026-02-12 17:48:19.456 [http-nio-8080-exec-1] DEBUG o.s.w.s.m.m.a.RequestResponseBodyMethodProcessor - Writing [PagedModel { content: [EntityModel { content: UsuarioEntity(idUsuario=1, usuario=admin, contraseña=1 (truncated)...]
2026-02-12 17:48:19.456 [http-nio-8080-exec-1] DEBUG o.s.web.servlet.DispatcherServlet - Completed 200 OK
2026-02-12 17:48:21.807 [http-nio-8080-exec-4] DEBUG o.s.web.servlet.DispatcherServlet - GET "/api/usuarios-rest", parameters={}
2026-02-12 17:48:21.833 [http-nio-8080-exec-4] DEBUG o.s.w.s.m.m.a.RequestResponseBodyMethodProcessor - Using 'application/json', given [application/json, text/plain, */*] and supported [application/hal+json, application/json]
2026-02-12 17:48:21.833 [http-nio-8080-exec-4] DEBUG o.s.w.s.m.m.a.RequestResponseBodyMethodProcessor - Writing [PagedModel { content: [EntityModel { content: UsuarioEntity(idUsuario=1, usuario=admin, contraseña=1 (truncated)...]
2026-02-12 17:48:21.840 [http-nio-8080-exec-4] DEBUG o.s.web.servlet.DispatcherServlet - Completed 200 OK
2026-02-12 17:48:21.846 [http-nio-8080-exec-2] DEBUG o.s.web.servlet.DispatcherServlet - GET "/api/usuarios-rest", parameters={}
2026-02-12 17:48:21.868 [http-nio-8080-exec-2] DEBUG o.s.w.s.m.m.a.RequestResponseBodyMethodProcessor - Using 'application/json', given [application/json, text/plain, */*] and supported [application/hal+json, application/json]
2026-02-12 17:48:21.875 [http-nio-8080-exec-2] DEBUG o.s.w.s.m.m.a.RequestResponseBodyMethodProcessor - Writing [PagedModel { content: [EntityModel { content: UsuarioEntity(idUsuario=1, usuario=admin, contraseña=1 (truncated)...]
2026-02-12 17:48:21.886 [http-nio-8080-exec-2] DEBUG o.s.web.servlet.DispatcherServlet - Completed 200 OK
2026-02-12 17:49:10.060 [http-nio-8080-exec-6] DEBUG o.s.web.servlet.DispatcherServlet - GET "/api/usuarios-rest", parameters={}
2026-02-12 17:49:10.101 [http-nio-8080-exec-6] DEBUG o.s.w.s.m.m.a.RequestResponseBodyMethodProcessor - Using 'application/json', given [application/json, text/plain, */*] and supported [application/hal+json, application/json]
2026-02-12 17:49:10.101 [http-nio-8080-exec-6] DEBUG o.s.w.s.m.m.a.RequestResponseBodyMethodProcessor - Writing [PagedModel { content: [EntityModel { content: UsuarioEntity(idUsuario=1, usuario=admin, contraseña=1 (truncated)...]
2026-02-12 17:49:10.112 [http-nio-8080-exec-6] DEBUG o.s.web.servlet.DispatcherServlet - Completed 200 OK
2026-02-12 17:49:12.981 [http-nio-8080-exec-5] DEBUG o.s.web.servlet.DispatcherServlet - GET "/api/usuarios-rest", parameters={}
2026-02-12 17:49:13.008 [http-nio-8080-exec-5] DEBUG o.s.w.s.m.m.a.RequestResponseBodyMethodProcessor - Using 'application/json', given [application/json, text/plain, */*] and supported [application/hal+json, application/json]
2026-02-12 17:49:13.011 [http-nio-8080-exec-5] DEBUG o.s.w.s.m.m.a.RequestResponseBodyMethodProcessor - Writing [PagedModel { content: [EntityModel { content: UsuarioEntity(idUsuario=1, usuario=admin, contraseña=1 (truncated)...]
2026-02-12 17:49:13.022 [http-nio-8080-exec-5] DEBUG o.s.web.servlet.DispatcherServlet - Completed 200 OK
2026-02-12 17:49:13.026 [http-nio-8080-exec-3] DEBUG o.s.web.servlet.DispatcherServlet - GET "/api/usuarios-rest", parameters={}
2026-02-12 17:49:13.046 [http-nio-8080-exec-3] DEBUG o.s.w.s.m.m.a.RequestResponseBodyMethodProcessor - Using 'application/json', given [application/json, text/plain, */*] and supported [application/hal+json, application/json]
2026-02-12 17:49:13.046 [http-nio-8080-exec-3] DEBUG o.s.w.s.m.m.a.RequestResponseBodyMethodProcessor - Writing [PagedModel { content: [EntityModel { content: UsuarioEntity(idUsuario=1, usuario=admin, contraseña=1 (truncated)...]
2026-02-12 17:49:13.063 [http-nio-8080-exec-3] DEBUG o.s.web.servlet.DispatcherServlet - Completed 200 OK
2026-02-12 17:52:01.413 [http-nio-8080-exec-10] DEBUG o.s.web.servlet.DispatcherServlet - GET "/api/usuarios-rest", parameters={}
2026-02-12 17:52:01.423 [http-nio-8080-exec-10] DEBUG o.s.w.s.m.m.a.RequestResponseBodyMethodProcessor - Using 'application/hal+json', given [*/*] and supported [application/hal+json]
2026-02-12 17:52:01.423 [http-nio-8080-exec-10] DEBUG o.s.w.s.m.m.a.RequestResponseBodyMethodProcessor - Writing [PagedModel { content: [EntityModel { content: UsuarioEntity(idUsuario=1, usuario=admin, contraseña=1 (truncated)...]
2026-02-12 17:52:01.426 [http-nio-8080-exec-10] DEBUG o.s.web.servlet.DispatcherServlet - Completed 200 OK
2026-02-12 17:52:17.978 [http-nio-8080-exec-1] DEBUG o.s.web.servlet.DispatcherServlet - GET "/api/usuarios-rest?page=1&size=20", parameters={masked}
2026-02-12 17:52:17.987 [http-nio-8080-exec-1] DEBUG o.s.w.s.m.m.a.RequestResponseBodyMethodProcessor - Using 'application/hal+json', given [*/*] and supported [application/hal+json]
2026-02-12 17:52:17.988 [http-nio-8080-exec-1] DEBUG o.s.w.s.m.m.a.RequestResponseBodyMethodProcessor - Writing [PagedModel { content: [EntityModel { content: UsuarioEntity(idUsuario=24, usuario=prueba111, contras (truncated)...]
2026-02-12 17:52:17.990 [http-nio-8080-exec-1] DEBUG o.s.web.servlet.DispatcherServlet - Completed 200 OK
2026-02-12 17:52:35.719 [http-nio-8080-exec-4] DEBUG o.s.web.servlet.DispatcherServlet - GET "/api/usuarios-rest?page=1&size=50", parameters={masked}
2026-02-12 17:52:35.731 [http-nio-8080-exec-4] DEBUG o.s.w.s.m.m.a.RequestResponseBodyMethodProcessor - Using 'application/hal+json', given [*/*] and supported [application/hal+json]
2026-02-12 17:52:35.731 [http-nio-8080-exec-4] DEBUG o.s.w.s.m.m.a.RequestResponseBodyMethodProcessor - Writing [PagedModel { content: [org.springframework.hateoas.server.core.EmbeddedWrappers$EmptyCollectionEmbed (truncated)...]
2026-02-12 17:52:35.733 [http-nio-8080-exec-4] DEBUG o.s.web.servlet.DispatcherServlet - Completed 200 OK
2026-02-12 17:52:44.901 [http-nio-8080-exec-2] DEBUG o.s.web.servlet.DispatcherServlet - GET "/api/profile/usuarios-rest", parameters={}
2026-02-12 17:52:44.908 [http-nio-8080-exec-2] DEBUG o.s.w.s.m.m.a.HttpEntityMethodProcessor - Using 'application/octet-stream', given [*/*] and supported [*/*]
2026-02-12 17:52:44.966 [http-nio-8080-exec-2] DEBUG o.s.w.s.m.m.a.HttpEntityMethodProcessor - Writing [{alps=Alps(version=1.0, doc=null, descriptor=[Descriptor(id=usuarioEntity-representation, href=http: (truncated)...]
2026-02-12 17:52:44.984 [http-nio-8080-exec-2] DEBUG o.s.web.servlet.DispatcherServlet - Completed 200 OK
2026-02-12 17:52:56.004 [http-nio-8080-exec-6] DEBUG o.s.web.servlet.DispatcherServlet - GET "/api/usuarios-rest", parameters={}
2026-02-12 17:52:56.014 [http-nio-8080-exec-6] DEBUG o.s.w.s.m.m.a.RequestResponseBodyMethodProcessor - Using 'application/hal+json', given [*/*] and supported [application/hal+json]
2026-02-12 17:52:56.015 [http-nio-8080-exec-6] DEBUG o.s.w.s.m.m.a.RequestResponseBodyMethodProcessor - Writing [PagedModel { content: [EntityModel { content: UsuarioEntity(idUsuario=1, usuario=admin, contraseña=1 (truncated)...]
2026-02-12 17:52:56.019 [http-nio-8080-exec-6] DEBUG o.s.web.servlet.DispatcherServlet - Completed 200 OK
2026-02-12 17:53:28.896 [http-nio-8080-exec-5] DEBUG o.s.web.servlet.DispatcherServlet - GET "/api/usuarios-rest?page=1&size=30", parameters={masked}
2026-02-12 17:53:28.903 [http-nio-8080-exec-5] DEBUG o.s.w.s.m.m.a.RequestResponseBodyMethodProcessor - Using 'application/hal+json', given [*/*] and supported [application/hal+json]
2026-02-12 17:53:28.903 [http-nio-8080-exec-5] DEBUG o.s.w.s.m.m.a.RequestResponseBodyMethodProcessor - Writing [PagedModel { content: [EntityModel { content: UsuarioEntity(idUsuario=34, usuario=prueba121, contras (truncated)...]
2026-02-12 17:53:28.906 [http-nio-8080-exec-5] DEBUG o.s.web.servlet.DispatcherServlet - Completed 200 OK
2026-02-12 17:55:47.048 [http-nio-8080-exec-7] DEBUG o.s.web.servlet.DispatcherServlet - GET "/api/usuarios-rest?size=100", parameters={masked}
2026-02-12 17:55:47.048 [http-nio-8080-exec-7] DEBUG o.s.w.s.m.m.a.RequestResponseBodyMethodProcessor - Using 'application/json', given [application/json, text/plain, */*] and supported [application/hal+json, application/json]
2026-02-12 17:55:47.058 [http-nio-8080-exec-7] DEBUG o.s.w.s.m.m.a.RequestResponseBodyMethodProcessor - Writing [PagedModel { content: [EntityModel { content: UsuarioEntity(idUsuario=1, usuario=admin, contraseña=1 (truncated)...]
2026-02-12 17:55:47.060 [http-nio-8080-exec-7] DEBUG o.s.web.servlet.DispatcherServlet - Completed 200 OK
2026-02-12 17:55:53.080 [http-nio-8080-exec-9] DEBUG o.s.web.servlet.DispatcherServlet - GET "/api/usuarios-rest?size=100", parameters={masked}
2026-02-12 17:55:53.094 [http-nio-8080-exec-9] DEBUG o.s.w.s.m.m.a.RequestResponseBodyMethodProcessor - Using 'application/json', given [application/json, text/plain, */*] and supported [application/hal+json, application/json]
2026-02-12 17:55:53.094 [http-nio-8080-exec-9] DEBUG o.s.w.s.m.m.a.RequestResponseBodyMethodProcessor - Writing [PagedModel { content: [EntityModel { content: UsuarioEntity(idUsuario=1, usuario=admin, contraseña=1 (truncated)...]
2026-02-12 17:55:53.100 [http-nio-8080-exec-9] DEBUG o.s.web.servlet.DispatcherServlet - Completed 200 OK
2026-02-12 17:55:53.101 [http-nio-8080-exec-8] DEBUG o.s.web.servlet.DispatcherServlet - GET "/api/usuarios-rest?size=100", parameters={masked}
2026-02-12 17:55:53.111 [http-nio-8080-exec-8] DEBUG o.s.w.s.m.m.a.RequestResponseBodyMethodProcessor - Using 'application/json', given [application/json, text/plain, */*] and supported [application/hal+json, application/json]
2026-02-12 17:55:53.111 [http-nio-8080-exec-8] DEBUG o.s.w.s.m.m.a.RequestResponseBodyMethodProcessor - Writing [PagedModel { content: [EntityModel { content: UsuarioEntity(idUsuario=1, usuario=admin, contraseña=1 (truncated)...]
2026-02-12 17:55:53.117 [http-nio-8080-exec-8] DEBUG o.s.web.servlet.DispatcherServlet - Completed 200 OK
2026-02-12 17:59:44.126 [http-nio-8080-exec-4] DEBUG o.s.web.servlet.DispatcherServlet - GET "/api/usuarios-rest?size=100", parameters={masked}
2026-02-12 17:59:44.153 [http-nio-8080-exec-4] DEBUG o.s.w.s.m.m.a.RequestResponseBodyMethodProcessor - Using 'application/json', given [application/json, text/plain, */*] and supported [application/hal+json, application/json]
2026-02-12 17:59:44.161 [http-nio-8080-exec-4] DEBUG o.s.w.s.m.m.a.RequestResponseBodyMethodProcessor - Writing [PagedModel { content: [EntityModel { content: UsuarioEntity(idUsuario=1, usuario=admin, contraseña=1 (truncated)...]
2026-02-12 17:59:44.169 [http-nio-8080-exec-4] DEBUG o.s.web.servlet.DispatcherServlet - Completed 200 OK
2026-02-12 18:05:56.303 [http-nio-8080-exec-6] DEBUG o.s.web.servlet.DispatcherServlet - GET "/api/usuarios-rest?page=0&size=5", parameters={masked}
2026-02-12 18:05:56.320 [http-nio-8080-exec-6] DEBUG o.s.w.s.m.m.a.RequestResponseBodyMethodProcessor - Using 'application/json', given [application/json, text/plain, */*] and supported [application/hal+json, application/json]
2026-02-12 18:05:56.320 [http-nio-8080-exec-6] DEBUG o.s.w.s.m.m.a.RequestResponseBodyMethodProcessor - Writing [PagedModel { content: [EntityModel { content: UsuarioEntity(idUsuario=1, usuario=admin, contraseña=1 (truncated)...]
2026-02-12 18:05:56.323 [http-nio-8080-exec-6] DEBUG o.s.web.servlet.DispatcherServlet - Completed 200 OK
2026-02-12 18:05:56.325 [http-nio-8080-exec-5] DEBUG o.s.web.servlet.DispatcherServlet - GET "/api/usuarios-rest?page=0&size=5", parameters={masked}
2026-02-12 18:05:56.335 [http-nio-8080-exec-5] DEBUG o.s.w.s.m.m.a.RequestResponseBodyMethodProcessor - Using 'application/json', given [application/json, text/plain, */*] and supported [application/hal+json, application/json]
2026-02-12 18:05:56.335 [http-nio-8080-exec-5] DEBUG o.s.w.s.m.m.a.RequestResponseBodyMethodProcessor - Writing [PagedModel { content: [EntityModel { content: UsuarioEntity(idUsuario=1, usuario=admin, contraseña=1 (truncated)...]
2026-02-12 18:05:56.339 [http-nio-8080-exec-5] DEBUG o.s.web.servlet.DispatcherServlet - Completed 200 OK
2026-02-12 18:05:59.761 [http-nio-8080-exec-3] DEBUG o.s.web.servlet.DispatcherServlet - GET "/api/usuarios-rest?page=2&size=5", parameters={masked}
2026-02-12 18:05:59.772 [http-nio-8080-exec-3] DEBUG o.s.w.s.m.m.a.RequestResponseBodyMethodProcessor - Using 'application/json', given [application/json, text/plain, */*] and supported [application/hal+json, application/json]
2026-02-12 18:05:59.772 [http-nio-8080-exec-3] DEBUG o.s.w.s.m.m.a.RequestResponseBodyMethodProcessor - Writing [PagedModel { content: [EntityModel { content: UsuarioEntity(idUsuario=14, usuario=auditoria2, contra (truncated)...]
2026-02-12 18:05:59.774 [http-nio-8080-exec-3] DEBUG o.s.web.servlet.DispatcherServlet - Completed 200 OK
2026-02-12 18:06:02.226 [http-nio-8080-exec-7] DEBUG o.s.web.servlet.DispatcherServlet - GET "/api/usuarios-rest?page=3&size=5", parameters={masked}
2026-02-12 18:06:02.226 [http-nio-8080-exec-7] DEBUG o.s.w.s.m.m.a.RequestResponseBodyMethodProcessor - Using 'application/json', given [application/json, text/plain, */*] and supported [application/hal+json, application/json]
2026-02-12 18:06:02.241 [http-nio-8080-exec-7] DEBUG o.s.w.s.m.m.a.RequestResponseBodyMethodProcessor - Writing [PagedModel { content: [EntityModel { content: UsuarioEntity(idUsuario=19, usuario=test11, contraseña (truncated)...]
2026-02-12 18:06:02.246 [http-nio-8080-exec-7] DEBUG o.s.web.servlet.DispatcherServlet - Completed 200 OK
2026-02-12 18:06:02.729 [http-nio-8080-exec-9] DEBUG o.s.web.servlet.DispatcherServlet - GET "/api/usuarios-rest?page=4&size=5", parameters={masked}
2026-02-12 18:06:02.740 [http-nio-8080-exec-9] DEBUG o.s.w.s.m.m.a.RequestResponseBodyMethodProcessor - Using 'application/json', given [application/json, text/plain, */*] and supported [application/hal+json, application/json]
2026-02-12 18:06:02.740 [http-nio-8080-exec-9] DEBUG o.s.w.s.m.m.a.RequestResponseBodyMethodProcessor - Writing [PagedModel { content: [EntityModel { content: UsuarioEntity(idUsuario=24, usuario=prueba111, contras (truncated)...]
2026-02-12 18:06:02.743 [http-nio-8080-exec-9] DEBUG o.s.web.servlet.DispatcherServlet - Completed 200 OK
2026-02-12 18:06:02.912 [http-nio-8080-exec-8] DEBUG o.s.web.servlet.DispatcherServlet - GET "/api/usuarios-rest?page=5&size=5", parameters={masked}
2026-02-12 18:06:02.923 [http-nio-8080-exec-8] DEBUG o.s.w.s.m.m.a.RequestResponseBodyMethodProcessor - Using 'application/json', given [application/json, text/plain, */*] and supported [application/hal+json, application/json]
2026-02-12 18:06:02.924 [http-nio-8080-exec-8] DEBUG o.s.w.s.m.m.a.RequestResponseBodyMethodProcessor - Writing [PagedModel { content: [EntityModel { content: UsuarioEntity(idUsuario=29, usuario=prueba116, contras (truncated)...]
2026-02-12 18:06:02.926 [http-nio-8080-exec-8] DEBUG o.s.web.servlet.DispatcherServlet - Completed 200 OK
2026-02-12 18:06:03.073 [http-nio-8080-exec-10] DEBUG o.s.web.servlet.DispatcherServlet - GET "/api/usuarios-rest?page=6&size=5", parameters={masked}
2026-02-12 18:06:03.078 [http-nio-8080-exec-10] DEBUG o.s.w.s.m.m.a.RequestResponseBodyMethodProcessor - Using 'application/json', given [application/json, text/plain, */*] and supported [application/hal+json, application/json]
2026-02-12 18:06:03.078 [http-nio-8080-exec-10] DEBUG o.s.w.s.m.m.a.RequestResponseBodyMethodProcessor - Writing [PagedModel { content: [EntityModel { content: UsuarioEntity(idUsuario=34, usuario=prueba121, contras (truncated)...]
2026-02-12 18:06:03.078 [http-nio-8080-exec-10] DEBUG o.s.web.servlet.DispatcherServlet - Completed 200 OK
2026-02-12 18:06:03.257 [http-nio-8080-exec-1] DEBUG o.s.web.servlet.DispatcherServlet - GET "/api/usuarios-rest?page=7&size=5", parameters={masked}
2026-02-12 18:06:03.267 [http-nio-8080-exec-1] DEBUG o.s.w.s.m.m.a.RequestResponseBodyMethodProcessor - Using 'application/json', given [application/json, text/plain, */*] and supported [application/hal+json, application/json]
2026-02-12 18:06:03.267 [http-nio-8080-exec-1] DEBUG o.s.w.s.m.m.a.RequestResponseBodyMethodProcessor - Writing [PagedModel { content: [EntityModel { content: UsuarioEntity(idUsuario=39, usuario=prueba127, contras (truncated)...]
2026-02-12 18:06:03.269 [http-nio-8080-exec-1] DEBUG o.s.web.servlet.DispatcherServlet - Completed 200 OK
2026-02-12 18:06:03.425 [http-nio-8080-exec-4] DEBUG o.s.web.servlet.DispatcherServlet - GET "/api/usuarios-rest?page=8&size=5", parameters={masked}
2026-02-12 18:06:03.430 [http-nio-8080-exec-4] DEBUG o.s.w.s.m.m.a.RequestResponseBodyMethodProcessor - Using 'application/json', given [application/json, text/plain, */*] and supported [application/hal+json, application/json]
2026-02-12 18:06:03.430 [http-nio-8080-exec-4] DEBUG o.s.w.s.m.m.a.RequestResponseBodyMethodProcessor - Writing [PagedModel { content: [EntityModel { content: UsuarioEntity(idUsuario=44, usuario=ABC, contraseña=AB (truncated)...]
2026-02-12 18:06:03.430 [http-nio-8080-exec-4] DEBUG o.s.web.servlet.DispatcherServlet - Completed 200 OK
2026-02-12 18:06:15.258 [http-nio-8080-exec-2] DEBUG o.s.web.servlet.DispatcherServlet - POST "/api/usuarios-rest", parameters={}
2026-02-12 18:06:15.282 [http-nio-8080-exec-2] DEBUG o.s.w.s.m.m.a.HttpEntityMethodProcessor - Using 'application/json', given [application/json, text/plain, */*] and supported [application/hal+json, application/json]
2026-02-12 18:06:15.282 [http-nio-8080-exec-2] DEBUG o.s.w.s.m.m.a.HttpEntityMethodProcessor - Writing [EntityModel { content: UsuarioEntity(idUsuario=46, usuario=Speralta, contraseña=Speralta, fechaCreac (truncated)...]
2026-02-12 18:06:15.283 [http-nio-8080-exec-2] DEBUG o.s.web.servlet.DispatcherServlet - Completed 201 CREATED
2026-02-12 18:06:15.293 [http-nio-8080-exec-6] DEBUG o.s.web.servlet.DispatcherServlet - GET "/api/usuarios-rest?page=8&size=5", parameters={masked}
2026-02-12 18:06:15.301 [http-nio-8080-exec-6] DEBUG o.s.w.s.m.m.a.RequestResponseBodyMethodProcessor - Using 'application/json', given [application/json, text/plain, */*] and supported [application/hal+json, application/json]
2026-02-12 18:06:15.301 [http-nio-8080-exec-6] DEBUG o.s.w.s.m.m.a.RequestResponseBodyMethodProcessor - Writing [PagedModel { content: [EntityModel { content: UsuarioEntity(idUsuario=44, usuario=ABC, contraseña=AB (truncated)...]
2026-02-12 18:06:15.302 [http-nio-8080-exec-6] DEBUG o.s.web.servlet.DispatcherServlet - Completed 200 OK
2026-02-12 18:06:22.009 [http-nio-8080-exec-5] DEBUG o.s.web.servlet.DispatcherServlet - OPTIONS "/api/usuarios-rest/46", parameters={}
2026-02-12 18:06:22.012 [http-nio-8080-exec-5] DEBUG o.s.web.servlet.DispatcherServlet - Completed 200 OK
2026-02-12 18:06:22.014 [http-nio-8080-exec-3] DEBUG o.s.web.servlet.DispatcherServlet - PATCH "/api/usuarios-rest/46", parameters={}
2026-02-12 18:06:22.024 [http-nio-8080-exec-3] DEBUG o.s.w.s.m.m.a.HttpEntityMethodProcessor - Using 'application/json', given [application/json, text/plain, */*] and supported [application/hal+json, application/json]
2026-02-12 18:06:22.024 [http-nio-8080-exec-3] DEBUG o.s.w.s.m.m.a.HttpEntityMethodProcessor - Writing [EntityModel { content: UsuarioEntity(idUsuario=46, usuario=Speralta2, contraseña=Speralta, fechaCrea (truncated)...]
2026-02-12 18:06:22.024 [http-nio-8080-exec-3] DEBUG o.s.web.servlet.DispatcherServlet - Completed 200 OK
2026-02-12 18:06:22.044 [http-nio-8080-exec-7] DEBUG o.s.web.servlet.DispatcherServlet - GET "/api/usuarios-rest?page=8&size=5", parameters={masked}
2026-02-12 18:06:22.053 [http-nio-8080-exec-7] DEBUG o.s.w.s.m.m.a.RequestResponseBodyMethodProcessor - Using 'application/json', given [application/json, text/plain, */*] and supported [application/hal+json, application/json]
2026-02-12 18:06:22.053 [http-nio-8080-exec-7] DEBUG o.s.w.s.m.m.a.RequestResponseBodyMethodProcessor - Writing [PagedModel { content: [EntityModel { content: UsuarioEntity(idUsuario=44, usuario=ABC, contraseña=AB (truncated)...]
2026-02-12 18:06:22.053 [http-nio-8080-exec-7] DEBUG o.s.web.servlet.DispatcherServlet - Completed 200 OK
2026-02-12 18:06:27.048 [http-nio-8080-exec-9] DEBUG o.s.web.servlet.DispatcherServlet - DELETE "/api/usuarios-rest/46", parameters={}
2026-02-12 18:06:27.057 [http-nio-8080-exec-9] DEBUG o.s.w.s.m.m.a.HttpEntityMethodProcessor - Using 'application/json', given [application/json, text/plain, */*] and supported [application/hal+json, application/json]
2026-02-12 18:06:27.057 [http-nio-8080-exec-9] DEBUG o.s.w.s.m.m.a.HttpEntityMethodProcessor - Writing [EntityModel { content: UsuarioEntity(idUsuario=46, usuario=Speralta2, contraseña=Speralta, fechaCrea (truncated)...]
2026-02-12 18:06:27.057 [http-nio-8080-exec-9] DEBUG o.s.web.servlet.DispatcherServlet - Completed 200 OK
2026-02-12 18:06:27.057 [http-nio-8080-exec-8] DEBUG o.s.web.servlet.DispatcherServlet - GET "/api/usuarios-rest?page=8&size=5", parameters={masked}
2026-02-12 18:06:27.075 [http-nio-8080-exec-8] DEBUG o.s.w.s.m.m.a.RequestResponseBodyMethodProcessor - Using 'application/json', given [application/json, text/plain, */*] and supported [application/hal+json, application/json]
2026-02-12 18:06:27.075 [http-nio-8080-exec-8] DEBUG o.s.w.s.m.m.a.RequestResponseBodyMethodProcessor - Writing [PagedModel { content: [EntityModel { content: UsuarioEntity(idUsuario=44, usuario=ABC, contraseña=AB (truncated)...]
2026-02-12 18:06:27.077 [http-nio-8080-exec-8] DEBUG o.s.web.servlet.DispatcherServlet - Completed 200 OK
2026-02-12 18:11:21.098 [http-nio-8080-exec-4] DEBUG o.s.web.servlet.DispatcherServlet - OPTIONS "/api/usuarios-rest/45", parameters={}
2026-02-12 18:11:21.099 [http-nio-8080-exec-4] DEBUG o.s.web.servlet.DispatcherServlet - Completed 200 OK
2026-02-12 18:11:21.101 [http-nio-8080-exec-2] DEBUG o.s.web.servlet.DispatcherServlet - DELETE "/api/usuarios-rest/45", parameters={}
2026-02-12 18:11:21.114 [http-nio-8080-exec-2] DEBUG o.s.w.s.m.m.a.HttpEntityMethodProcessor - Using 'application/json', given [application/json, text/plain, */*] and supported [application/hal+json, application/json]
2026-02-12 18:11:21.114 [http-nio-8080-exec-2] DEBUG o.s.w.s.m.m.a.HttpEntityMethodProcessor - Writing [EntityModel { content: UsuarioEntity(idUsuario=45, usuario=DEF, contraseña=DEF, fechaCreacion=2026-0 (truncated)...]
2026-02-12 18:11:21.115 [http-nio-8080-exec-2] DEBUG o.s.web.servlet.DispatcherServlet - Completed 200 OK
2026-02-12 18:11:21.118 [http-nio-8080-exec-6] DEBUG o.s.web.servlet.DispatcherServlet - GET "/api/usuarios-rest?page=8&size=5", parameters={masked}
2026-02-12 18:11:21.125 [http-nio-8080-exec-6] DEBUG o.s.w.s.m.m.a.RequestResponseBodyMethodProcessor - Using 'application/json', given [application/json, text/plain, */*] and supported [application/hal+json, application/json]
2026-02-12 18:11:21.126 [http-nio-8080-exec-6] DEBUG o.s.w.s.m.m.a.RequestResponseBodyMethodProcessor - Writing [PagedModel { content: [EntityModel { content: UsuarioEntity(idUsuario=44, usuario=ABC, contraseña=AB (truncated)...]
2026-02-12 18:11:21.127 [http-nio-8080-exec-6] DEBUG o.s.web.servlet.DispatcherServlet - Completed 200 OK
2026-02-12 18:11:23.142 [http-nio-8080-exec-5] DEBUG o.s.web.servlet.DispatcherServlet - GET "/api/usuarios-rest?page=0&size=5", parameters={masked}
2026-02-12 18:11:23.152 [http-nio-8080-exec-5] DEBUG o.s.w.s.m.m.a.RequestResponseBodyMethodProcessor - Using 'application/json', given [application/json, text/plain, */*] and supported [application/hal+json, application/json]
2026-02-12 18:11:23.152 [http-nio-8080-exec-5] DEBUG o.s.w.s.m.m.a.RequestResponseBodyMethodProcessor - Writing [PagedModel { content: [EntityModel { content: UsuarioEntity(idUsuario=1, usuario=admin, contraseña=1 (truncated)...]
2026-02-12 18:11:23.153 [http-nio-8080-exec-5] DEBUG o.s.web.servlet.DispatcherServlet - Completed 200 OK
2026-02-12 18:11:59.367 [http-nio-8080-exec-3] DEBUG o.s.web.servlet.DispatcherServlet - OPTIONS "/api/auth-rest/loginAccion", parameters={}
2026-02-12 18:11:59.367 [http-nio-8080-exec-3] DEBUG o.s.w.s.m.m.a.RequestMappingHandlerMapping - Mapped to com.example.ProyectoBackEnd.controller.LoginController#loginAccion(UsuarioEntity, HttpSession)
2026-02-12 18:11:59.368 [http-nio-8080-exec-3] DEBUG o.s.web.servlet.DispatcherServlet - Completed 200 OK
2026-02-12 18:11:59.369 [http-nio-8080-exec-7] DEBUG o.s.web.servlet.DispatcherServlet - POST "/api/auth-rest/loginAccion", parameters={}
2026-02-12 18:11:59.369 [http-nio-8080-exec-7] DEBUG o.s.w.s.m.m.a.RequestMappingHandlerMapping - Mapped to com.example.ProyectoBackEnd.controller.LoginController#loginAccion(UsuarioEntity, HttpSession)
2026-02-12 18:11:59.371 [http-nio-8080-exec-7] DEBUG o.s.w.s.m.m.a.RequestResponseBodyMethodProcessor - Read "application/json;charset=UTF-8" to [UsuarioEntity(idUsuario=null, usuario=prueba126, contraseña=prueba126, fechaCreacion=null, estado=nu (truncated)...]
2026-02-12 18:11:59.373 [http-nio-8080-exec-7] INFO  c.e.P.controller.LoginController - AUDITORIA: Intento de login para usuario: prueba126
2026-02-12 18:11:59.388 [http-nio-8080-exec-7] INFO  c.e.P.aspect.LogginAspect - Operación buscarPorNombre completada en 6 ms
2026-02-12 18:11:59.389 [http-nio-8080-exec-7] WARN  c.e.P.controller.LoginController - Login FALLIDO: El usuario 'prueba126' está INACTIVO.
2026-02-12 18:11:59.392 [http-nio-8080-exec-7] DEBUG o.s.web.servlet.DispatcherServlet - Failed to complete request: java.lang.RuntimeException: Usuario inactivo. Contacte al administrador.
2026-02-12 18:11:59.395 [http-nio-8080-exec-7] ERROR o.a.c.c.C.[.[.[.[dispatcherServlet] - Servlet.service() for servlet [dispatcherServlet] in context with path [] threw exception [Request processing failed: java.lang.RuntimeException: Usuario inactivo. Contacte al administrador.] with root cause
java.lang.RuntimeException: Usuario inactivo. Contacte al administrador.
	at com.example.ProyectoBackEnd.controller.LoginController.loginAccion(LoginController.java:35)
	at java.base/jdk.internal.reflect.NativeMethodAccessorImpl.invoke0(Native Method)
	at java.base/jdk.internal.reflect.NativeMethodAccessorImpl.invoke(NativeMethodAccessorImpl.java:77)
	at java.base/jdk.internal.reflect.DelegatingMethodAccessorImpl.invoke(DelegatingMethodAccessorImpl.java:43)
	at java.base/java.lang.reflect.Method.invoke(Method.java:568)
	at org.springframework.web.method.support.InvocableHandlerMethod.doInvoke(InvocableHandlerMethod.java:258)
	at org.springframework.web.method.support.InvocableHandlerMethod.invokeForRequest(InvocableHandlerMethod.java:191)
	at org.springframework.web.servlet.mvc.method.annotation.ServletInvocableHandlerMethod.invokeAndHandle(ServletInvocableHandlerMethod.java:118)
	at org.springframework.web.servlet.mvc.method.annotation.RequestMappingHandlerAdapter.invokeHandlerMethod(RequestMappingHandlerAdapter.java:991)
	at org.springframework.web.servlet.mvc.method.annotation.RequestMappingHandlerAdapter.handleInternal(RequestMappingHandlerAdapter.java:896)
	at org.springframework.web.servlet.mvc.method.AbstractHandlerMethodAdapter.handle(AbstractHandlerMethodAdapter.java:87)
	at org.springframework.web.servlet.DispatcherServlet.doDispatch(DispatcherServlet.java:1089)
	at org.springframework.web.servlet.DispatcherServlet.doService(DispatcherServlet.java:979)
	at org.springframework.web.servlet.FrameworkServlet.processRequest(FrameworkServlet.java:1014)
	at org.springframework.web.servlet.FrameworkServlet.doPost(FrameworkServlet.java:914)
	at jakarta.servlet.http.HttpServlet.service(HttpServlet.java:590)
	at org.springframework.web.servlet.FrameworkServlet.service(FrameworkServlet.java:885)
	at jakarta.servlet.http.HttpServlet.service(HttpServlet.java:658)
	at org.apache.catalina.core.ApplicationFilterChain.internalDoFilter(ApplicationFilterChain.java:193)
	at org.apache.catalina.core.ApplicationFilterChain.doFilter(ApplicationFilterChain.java:138)
	at org.apache.tomcat.websocket.server.WsFilter.doFilter(WsFilter.java:51)
	at org.apache.catalina.core.ApplicationFilterChain.internalDoFilter(ApplicationFilterChain.java:162)
	at org.apache.catalina.core.ApplicationFilterChain.doFilter(ApplicationFilterChain.java:138)
	at org.springframework.web.filter.RequestContextFilter.doFilterInternal(RequestContextFilter.java:100)
	at org.springframework.web.filter.OncePerRequestFilter.doFilter(OncePerRequestFilter.java:116)
	at org.apache.catalina.core.ApplicationFilterChain.internalDoFilter(ApplicationFilterChain.java:162)
	at org.apache.catalina.core.ApplicationFilterChain.doFilter(ApplicationFilterChain.java:138)
	at org.springframework.web.filter.FormContentFilter.doFilterInternal(FormContentFilter.java:93)
	at org.springframework.web.filter.OncePerRequestFilter.doFilter(OncePerRequestFilter.java:116)
	at org.apache.catalina.core.ApplicationFilterChain.internalDoFilter(ApplicationFilterChain.java:162)
	at org.apache.catalina.core.ApplicationFilterChain.doFilter(ApplicationFilterChain.java:138)
	at org.springframework.web.filter.CharacterEncodingFilter.doFilterInternal(CharacterEncodingFilter.java:201)
	at org.springframework.web.filter.OncePerRequestFilter.doFilter(OncePerRequestFilter.java:116)
	at org.apache.catalina.core.ApplicationFilterChain.internalDoFilter(ApplicationFilterChain.java:162)
	at org.apache.catalina.core.ApplicationFilterChain.doFilter(ApplicationFilterChain.java:138)
	at org.apache.catalina.core.StandardWrapperValve.invoke(StandardWrapperValve.java:165)
	at org.apache.catalina.core.StandardContextValve.invoke(StandardContextValve.java:88)
	at org.apache.catalina.authenticator.AuthenticatorBase.invoke(AuthenticatorBase.java:482)
	at org.apache.catalina.core.StandardHostValve.invoke(StandardHostValve.java:113)
	at org.apache.catalina.valves.ErrorReportValve.invoke(ErrorReportValve.java:83)
	at org.apache.catalina.core.StandardEngineValve.invoke(StandardEngineValve.java:72)
	at org.apache.catalina.connector.CoyoteAdapter.service(CoyoteAdapter.java:342)
	at org.apache.coyote.http11.Http11Processor.service(Http11Processor.java:399)
	at org.apache.coyote.AbstractProcessorLight.process(AbstractProcessorLight.java:63)
	at org.apache.coyote.AbstractProtocol$ConnectionHandler.process(AbstractProtocol.java:903)
	at org.apache.tomcat.util.net.NioEndpoint$SocketProcessor.doRun(NioEndpoint.java:1774)
	at org.apache.tomcat.util.net.SocketProcessorBase.run(SocketProcessorBase.java:52)
	at org.apache.tomcat.util.threads.ThreadPoolExecutor.runWorker(ThreadPoolExecutor.java:973)
	at org.apache.tomcat.util.threads.ThreadPoolExecutor$Worker.run(ThreadPoolExecutor.java:491)
	at org.apache.tomcat.util.threads.TaskThread$WrappingRunnable.run(TaskThread.java:63)
	at java.base/java.lang.Thread.run(Thread.java:842)
2026-02-12 18:11:59.434 [http-nio-8080-exec-7] DEBUG o.s.web.servlet.DispatcherServlet - "ERROR" dispatch for POST "/error", parameters={}
2026-02-12 18:11:59.434 [http-nio-8080-exec-7] DEBUG o.s.w.s.m.m.a.RequestMappingHandlerMapping - Mapped to org.springframework.boot.autoconfigure.web.servlet.error.BasicErrorController#error(HttpServletRequest)
2026-02-12 18:11:59.450 [http-nio-8080-exec-7] DEBUG o.s.w.s.m.m.a.HttpEntityMethodProcessor - Using 'application/json', given [application/json, text/plain, */*] and supported [application/json, application/*+json]
2026-02-12 18:11:59.450 [http-nio-8080-exec-7] DEBUG o.s.w.s.m.m.a.HttpEntityMethodProcessor - Writing [{timestamp=Thu Feb 12 18:11:59 CET 2026, status=500, error=Internal Server Error, trace=java.lang.Ru (truncated)...]
2026-02-12 18:11:59.473 [http-nio-8080-exec-7] DEBUG o.s.web.servlet.DispatcherServlet - Exiting from "ERROR" dispatch, status 500
2026-02-12 18:12:02.545 [http-nio-8080-exec-9] DEBUG o.s.web.servlet.DispatcherServlet - POST "/api/auth-rest/loginAccion", parameters={}
2026-02-12 18:12:02.545 [http-nio-8080-exec-9] DEBUG o.s.w.s.m.m.a.RequestMappingHandlerMapping - Mapped to com.example.ProyectoBackEnd.controller.LoginController#loginAccion(UsuarioEntity, HttpSession)
2026-02-12 18:12:02.546 [http-nio-8080-exec-9] DEBUG o.s.w.s.m.m.a.RequestResponseBodyMethodProcessor - Read "application/json;charset=UTF-8" to [UsuarioEntity(idUsuario=null, usuario=prueba126, contraseña=prueba126, fechaCreacion=null, estado=nu (truncated)...]
2026-02-12 18:12:02.547 [http-nio-8080-exec-9] INFO  c.e.P.controller.LoginController - AUDITORIA: Intento de login para usuario: prueba126
2026-02-12 18:12:02.554 [http-nio-8080-exec-9] INFO  c.e.P.aspect.LogginAspect - Operación buscarPorNombre completada en 2 ms
2026-02-12 18:12:02.554 [http-nio-8080-exec-9] WARN  c.e.P.controller.LoginController - Login FALLIDO: El usuario 'prueba126' está INACTIVO.
2026-02-12 18:12:02.555 [http-nio-8080-exec-9] DEBUG o.s.web.servlet.DispatcherServlet - Failed to complete request: java.lang.RuntimeException: Usuario inactivo. Contacte al administrador.
2026-02-12 18:12:02.555 [http-nio-8080-exec-9] ERROR o.a.c.c.C.[.[.[.[dispatcherServlet] - Servlet.service() for servlet [dispatcherServlet] in context with path [] threw exception [Request processing failed: java.lang.RuntimeException: Usuario inactivo. Contacte al administrador.] with root cause
java.lang.RuntimeException: Usuario inactivo. Contacte al administrador.
	at com.example.ProyectoBackEnd.controller.LoginController.loginAccion(LoginController.java:35)
	at java.base/jdk.internal.reflect.NativeMethodAccessorImpl.invoke0(Native Method)
	at java.base/jdk.internal.reflect.NativeMethodAccessorImpl.invoke(NativeMethodAccessorImpl.java:77)
	at java.base/jdk.internal.reflect.DelegatingMethodAccessorImpl.invoke(DelegatingMethodAccessorImpl.java:43)
	at java.base/java.lang.reflect.Method.invoke(Method.java:568)
	at org.springframework.web.method.support.InvocableHandlerMethod.doInvoke(InvocableHandlerMethod.java:258)
	at org.springframework.web.method.support.InvocableHandlerMethod.invokeForRequest(InvocableHandlerMethod.java:191)
	at org.springframework.web.servlet.mvc.method.annotation.ServletInvocableHandlerMethod.invokeAndHandle(ServletInvocableHandlerMethod.java:118)
	at org.springframework.web.servlet.mvc.method.annotation.RequestMappingHandlerAdapter.invokeHandlerMethod(RequestMappingHandlerAdapter.java:991)
	at org.springframework.web.servlet.mvc.method.annotation.RequestMappingHandlerAdapter.handleInternal(RequestMappingHandlerAdapter.java:896)
	at org.springframework.web.servlet.mvc.method.AbstractHandlerMethodAdapter.handle(AbstractHandlerMethodAdapter.java:87)
	at org.springframework.web.servlet.DispatcherServlet.doDispatch(DispatcherServlet.java:1089)
	at org.springframework.web.servlet.DispatcherServlet.doService(DispatcherServlet.java:979)
	at org.springframework.web.servlet.FrameworkServlet.processRequest(FrameworkServlet.java:1014)
	at org.springframework.web.servlet.FrameworkServlet.doPost(FrameworkServlet.java:914)
	at jakarta.servlet.http.HttpServlet.service(HttpServlet.java:590)
	at org.springframework.web.servlet.FrameworkServlet.service(FrameworkServlet.java:885)
	at jakarta.servlet.http.HttpServlet.service(HttpServlet.java:658)
	at org.apache.catalina.core.ApplicationFilterChain.internalDoFilter(ApplicationFilterChain.java:193)
	at org.apache.catalina.core.ApplicationFilterChain.doFilter(ApplicationFilterChain.java:138)
	at org.apache.tomcat.websocket.server.WsFilter.doFilter(WsFilter.java:51)
	at org.apache.catalina.core.ApplicationFilterChain.internalDoFilter(ApplicationFilterChain.java:162)
	at org.apache.catalina.core.ApplicationFilterChain.doFilter(ApplicationFilterChain.java:138)
	at org.springframework.web.filter.RequestContextFilter.doFilterInternal(RequestContextFilter.java:100)
	at org.springframework.web.filter.OncePerRequestFilter.doFilter(OncePerRequestFilter.java:116)
	at org.apache.catalina.core.ApplicationFilterChain.internalDoFilter(ApplicationFilterChain.java:162)
	at org.apache.catalina.core.ApplicationFilterChain.doFilter(ApplicationFilterChain.java:138)
	at org.springframework.web.filter.FormContentFilter.doFilterInternal(FormContentFilter.java:93)
	at org.springframework.web.filter.OncePerRequestFilter.doFilter(OncePerRequestFilter.java:116)
	at org.apache.catalina.core.ApplicationFilterChain.internalDoFilter(ApplicationFilterChain.java:162)
	at org.apache.catalina.core.ApplicationFilterChain.doFilter(ApplicationFilterChain.java:138)
	at org.springframework.web.filter.CharacterEncodingFilter.doFilterInternal(CharacterEncodingFilter.java:201)
	at org.springframework.web.filter.OncePerRequestFilter.doFilter(OncePerRequestFilter.java:116)
	at org.apache.catalina.core.ApplicationFilterChain.internalDoFilter(ApplicationFilterChain.java:162)
	at org.apache.catalina.core.ApplicationFilterChain.doFilter(ApplicationFilterChain.java:138)
	at org.apache.catalina.core.StandardWrapperValve.invoke(StandardWrapperValve.java:165)
	at org.apache.catalina.core.StandardContextValve.invoke(StandardContextValve.java:88)
	at org.apache.catalina.authenticator.AuthenticatorBase.invoke(AuthenticatorBase.java:482)
	at org.apache.catalina.core.StandardHostValve.invoke(StandardHostValve.java:113)
	at org.apache.catalina.valves.ErrorReportValve.invoke(ErrorReportValve.java:83)
	at org.apache.catalina.core.StandardEngineValve.invoke(StandardEngineValve.java:72)
	at org.apache.catalina.connector.CoyoteAdapter.service(CoyoteAdapter.java:342)
	at org.apache.coyote.http11.Http11Processor.service(Http11Processor.java:399)
	at org.apache.coyote.AbstractProcessorLight.process(AbstractProcessorLight.java:63)
	at org.apache.coyote.AbstractProtocol$ConnectionHandler.process(AbstractProtocol.java:903)
	at org.apache.tomcat.util.net.NioEndpoint$SocketProcessor.doRun(NioEndpoint.java:1774)
	at org.apache.tomcat.util.net.SocketProcessorBase.run(SocketProcessorBase.java:52)
	at org.apache.tomcat.util.threads.ThreadPoolExecutor.runWorker(ThreadPoolExecutor.java:973)
	at org.apache.tomcat.util.threads.ThreadPoolExecutor$Worker.run(ThreadPoolExecutor.java:491)
	at org.apache.tomcat.util.threads.TaskThread$WrappingRunnable.run(TaskThread.java:63)
	at java.base/java.lang.Thread.run(Thread.java:842)
2026-02-12 18:12:02.555 [http-nio-8080-exec-9] DEBUG o.s.web.servlet.DispatcherServlet - "ERROR" dispatch for POST "/error", parameters={}
2026-02-12 18:12:02.556 [http-nio-8080-exec-9] DEBUG o.s.w.s.m.m.a.RequestMappingHandlerMapping - Mapped to org.springframework.boot.autoconfigure.web.servlet.error.BasicErrorController#error(HttpServletRequest)
2026-02-12 18:12:02.557 [http-nio-8080-exec-9] DEBUG o.s.w.s.m.m.a.HttpEntityMethodProcessor - Using 'application/json', given [application/json, text/plain, */*] and supported [application/json, application/*+json]
2026-02-12 18:12:02.557 [http-nio-8080-exec-9] DEBUG o.s.w.s.m.m.a.HttpEntityMethodProcessor - Writing [{timestamp=Thu Feb 12 18:12:02 CET 2026, status=500, error=Internal Server Error, trace=java.lang.Ru (truncated)...]
2026-02-12 18:12:02.558 [http-nio-8080-exec-9] DEBUG o.s.web.servlet.DispatcherServlet - Exiting from "ERROR" dispatch, status 500
2026-02-12 18:12:08.217 [http-nio-8080-exec-8] DEBUG o.s.web.servlet.DispatcherServlet - POST "/api/auth-rest/loginAccion", parameters={}
2026-02-12 18:12:08.217 [http-nio-8080-exec-8] DEBUG o.s.w.s.m.m.a.RequestMappingHandlerMapping - Mapped to com.example.ProyectoBackEnd.controller.LoginController#loginAccion(UsuarioEntity, HttpSession)
2026-02-12 18:12:08.218 [http-nio-8080-exec-8] DEBUG o.s.w.s.m.m.a.RequestResponseBodyMethodProcessor - Read "application/json;charset=UTF-8" to [UsuarioEntity(idUsuario=null, usuario=admin, contraseña=1234, fechaCreacion=null, estado=null, fecha (truncated)...]
2026-02-12 18:12:08.218 [http-nio-8080-exec-8] INFO  c.e.P.controller.LoginController - AUDITORIA: Intento de login para usuario: admin
2026-02-12 18:12:08.226 [http-nio-8080-exec-8] INFO  c.e.P.aspect.LogginAspect - Operación buscarPorNombre completada en 2 ms
2026-02-12 18:12:08.231 [http-nio-8080-exec-8] INFO  c.e.P.aspect.LogginAspect - Operación validarLogin completada en 2 ms
2026-02-12 18:12:08.231 [http-nio-8080-exec-8] INFO  c.e.P.controller.LoginController - Login exitoso. Derivando a principal.
2026-02-12 18:12:08.254 [http-nio-8080-exec-8] DEBUG o.s.w.s.m.m.a.RequestResponseBodyMethodProcessor - Using 'application/json', given [application/json, text/plain, */*] and supported [application/hal+json, application/vnd.hal+json, application/json, application/schema+json, application/json-patch+json, application/merge-patch+json, application/x-spring-data-verbose+json, application/x-spring-data-compact+json, application/prs.hal-forms+json, application/*+json]
2026-02-12 18:12:08.254 [http-nio-8080-exec-8] DEBUG o.s.w.s.m.m.a.RequestResponseBodyMethodProcessor - Writing [EntityModel { content: UsuarioEntity(idUsuario=1, usuario=admin, contraseña=1234, fechaCreacion=2026 (truncated)...]
2026-02-12 18:12:08.255 [http-nio-8080-exec-8] DEBUG o.s.web.servlet.DispatcherServlet - Completed 200 OK
2026-02-12 18:12:16.858 [http-nio-8080-exec-10] DEBUG o.s.web.servlet.DispatcherServlet - GET "/api/usuarios-rest?page=0&size=5", parameters={masked}
2026-02-12 18:12:16.867 [http-nio-8080-exec-10] DEBUG o.s.w.s.m.m.a.RequestResponseBodyMethodProcessor - Using 'application/json', given [application/json, text/plain, */*] and supported [application/hal+json, application/json]
2026-02-12 18:12:16.868 [http-nio-8080-exec-10] DEBUG o.s.w.s.m.m.a.RequestResponseBodyMethodProcessor - Writing [PagedModel { content: [EntityModel { content: UsuarioEntity(idUsuario=1, usuario=admin, contraseña=1 (truncated)...]
2026-02-12 18:12:16.871 [http-nio-8080-exec-10] DEBUG o.s.web.servlet.DispatcherServlet - Completed 200 OK
2026-02-12 18:12:16.873 [http-nio-8080-exec-1] DEBUG o.s.web.servlet.DispatcherServlet - GET "/api/usuarios-rest?page=0&size=5", parameters={masked}
2026-02-12 18:12:16.881 [http-nio-8080-exec-1] DEBUG o.s.w.s.m.m.a.RequestResponseBodyMethodProcessor - Using 'application/json', given [application/json, text/plain, */*] and supported [application/hal+json, application/json]
2026-02-12 18:12:16.882 [http-nio-8080-exec-1] DEBUG o.s.w.s.m.m.a.RequestResponseBodyMethodProcessor - Writing [PagedModel { content: [EntityModel { content: UsuarioEntity(idUsuario=1, usuario=admin, contraseña=1 (truncated)...]
2026-02-12 18:12:16.883 [http-nio-8080-exec-1] DEBUG o.s.web.servlet.DispatcherServlet - Completed 200 OK
2026-02-12 18:13:03.004 [http-nio-8080-exec-4] DEBUG o.s.web.servlet.DispatcherServlet - GET "/api/usuarios-rest?page=8&size=5", parameters={masked}
2026-02-12 18:13:03.011 [http-nio-8080-exec-4] DEBUG o.s.w.s.m.m.a.RequestResponseBodyMethodProcessor - Using 'application/json', given [application/json, text/plain, */*] and supported [application/hal+json, application/json]
2026-02-12 18:13:03.012 [http-nio-8080-exec-4] DEBUG o.s.w.s.m.m.a.RequestResponseBodyMethodProcessor - Writing [PagedModel { content: [EntityModel { content: UsuarioEntity(idUsuario=44, usuario=ABC, contraseña=AB (truncated)...]
2026-02-12 18:13:03.014 [http-nio-8080-exec-4] DEBUG o.s.web.servlet.DispatcherServlet - Completed 200 OK
2026-02-12 18:15:29.649 [http-nio-8080-exec-5] DEBUG o.s.web.servlet.DispatcherServlet - GET "/api/usuarios-rest?page=3&size=5", parameters={masked}
2026-02-12 18:15:29.666 [http-nio-8080-exec-5] DEBUG o.s.w.s.m.m.a.RequestResponseBodyMethodProcessor - Using 'application/json', given [application/json, text/plain, */*] and supported [application/hal+json, application/json]
2026-02-12 18:15:29.666 [http-nio-8080-exec-5] DEBUG o.s.w.s.m.m.a.RequestResponseBodyMethodProcessor - Writing [PagedModel { content: [EntityModel { content: UsuarioEntity(idUsuario=19, usuario=test11, contraseña (truncated)...]
2026-02-12 18:15:29.670 [http-nio-8080-exec-5] DEBUG o.s.web.servlet.DispatcherServlet - Completed 200 OK
2026-02-12 18:18:08.058 [http-nio-8080-exec-7] DEBUG o.s.web.servlet.DispatcherServlet - GET "/api/usuarios-rest?page=0&size=5", parameters={masked}
2026-02-12 18:18:08.093 [http-nio-8080-exec-7] DEBUG o.s.w.s.m.m.a.RequestResponseBodyMethodProcessor - Using 'application/json', given [application/json, text/plain, */*] and supported [application/hal+json, application/json]
2026-02-12 18:18:08.094 [http-nio-8080-exec-7] DEBUG o.s.w.s.m.m.a.RequestResponseBodyMethodProcessor - Writing [PagedModel { content: [EntityModel { content: UsuarioEntity(idUsuario=1, usuario=admin, contraseña=1 (truncated)...]
2026-02-12 18:18:08.098 [http-nio-8080-exec-7] DEBUG o.s.web.servlet.DispatcherServlet - Completed 200 OK
2026-02-12 18:18:10.513 [http-nio-8080-exec-9] DEBUG o.s.web.servlet.DispatcherServlet - GET "/api/usuarios-rest?page=0&size=5", parameters={masked}
2026-02-12 18:18:10.527 [http-nio-8080-exec-9] DEBUG o.s.w.s.m.m.a.RequestResponseBodyMethodProcessor - Using 'application/json', given [application/json, text/plain, */*] and supported [application/hal+json, application/json]
2026-02-12 18:18:10.527 [http-nio-8080-exec-9] DEBUG o.s.w.s.m.m.a.RequestResponseBodyMethodProcessor - Writing [PagedModel { content: [EntityModel { content: UsuarioEntity(idUsuario=1, usuario=admin, contraseña=1 (truncated)...]
2026-02-12 18:18:10.529 [http-nio-8080-exec-9] DEBUG o.s.web.servlet.DispatcherServlet - Completed 200 OK
2026-02-12 18:18:10.531 [http-nio-8080-exec-8] DEBUG o.s.web.servlet.DispatcherServlet - GET "/api/usuarios-rest?page=0&size=5", parameters={masked}
2026-02-12 18:18:10.545 [http-nio-8080-exec-8] DEBUG o.s.w.s.m.m.a.RequestResponseBodyMethodProcessor - Using 'application/json', given [application/json, text/plain, */*] and supported [application/hal+json, application/json]
2026-02-12 18:18:10.546 [http-nio-8080-exec-8] DEBUG o.s.w.s.m.m.a.RequestResponseBodyMethodProcessor - Writing [PagedModel { content: [EntityModel { content: UsuarioEntity(idUsuario=1, usuario=admin, contraseña=1 (truncated)...]
2026-02-12 18:18:10.549 [http-nio-8080-exec-8] DEBUG o.s.web.servlet.DispatcherServlet - Completed 200 OK
2026-02-12 18:18:13.016 [http-nio-8080-exec-10] DEBUG o.s.web.servlet.DispatcherServlet - GET "/api/usuarios-rest?page=0&size=5", parameters={masked}
2026-02-12 18:18:13.027 [http-nio-8080-exec-10] DEBUG o.s.w.s.m.m.a.RequestResponseBodyMethodProcessor - Using 'application/json', given [application/json, text/plain, */*] and supported [application/hal+json, application/json]
2026-02-12 18:18:13.028 [http-nio-8080-exec-10] DEBUG o.s.w.s.m.m.a.RequestResponseBodyMethodProcessor - Writing [PagedModel { content: [EntityModel { content: UsuarioEntity(idUsuario=1, usuario=admin, contraseña=1 (truncated)...]
2026-02-12 18:18:13.030 [http-nio-8080-exec-10] DEBUG o.s.web.servlet.DispatcherServlet - Completed 200 OK
2026-02-12 18:18:17.140 [http-nio-8080-exec-1] DEBUG o.s.web.servlet.DispatcherServlet - GET "/api/usuarios-rest?page=0&size=5", parameters={masked}
2026-02-12 18:18:17.140 [http-nio-8080-exec-1] DEBUG o.s.w.s.m.m.a.RequestResponseBodyMethodProcessor - Using 'application/json', given [application/json, text/plain, */*] and supported [application/hal+json, application/json]
2026-02-12 18:18:17.140 [http-nio-8080-exec-1] DEBUG o.s.w.s.m.m.a.RequestResponseBodyMethodProcessor - Writing [PagedModel { content: [EntityModel { content: UsuarioEntity(idUsuario=1, usuario=admin, contraseña=1 (truncated)...]
2026-02-12 18:18:17.140 [http-nio-8080-exec-1] DEBUG o.s.web.servlet.DispatcherServlet - Completed 200 OK
2026-02-12 18:18:19.129 [http-nio-8080-exec-4] DEBUG o.s.web.servlet.DispatcherServlet - GET "/api/usuarios-rest?page=0&size=5", parameters={masked}
2026-02-12 18:18:19.141 [http-nio-8080-exec-4] DEBUG o.s.w.s.m.m.a.RequestResponseBodyMethodProcessor - Using 'application/json', given [application/json, text/plain, */*] and supported [application/hal+json, application/json]
2026-02-12 18:18:19.142 [http-nio-8080-exec-4] DEBUG o.s.w.s.m.m.a.RequestResponseBodyMethodProcessor - Writing [PagedModel { content: [EntityModel { content: UsuarioEntity(idUsuario=1, usuario=admin, contraseña=1 (truncated)...]
2026-02-12 18:18:19.144 [http-nio-8080-exec-4] DEBUG o.s.web.servlet.DispatcherServlet - Completed 200 OK
2026-02-12 18:18:20.081 [http-nio-8080-exec-2] DEBUG o.s.web.servlet.DispatcherServlet - GET "/api/usuarios-rest?page=0&size=5", parameters={masked}
2026-02-12 18:18:20.091 [http-nio-8080-exec-2] DEBUG o.s.w.s.m.m.a.RequestResponseBodyMethodProcessor - Using 'application/json', given [application/json, text/plain, */*] and supported [application/hal+json, application/json]
2026-02-12 18:18:20.091 [http-nio-8080-exec-2] DEBUG o.s.w.s.m.m.a.RequestResponseBodyMethodProcessor - Writing [PagedModel { content: [EntityModel { content: UsuarioEntity(idUsuario=1, usuario=admin, contraseña=1 (truncated)...]
2026-02-12 18:18:20.091 [http-nio-8080-exec-2] DEBUG o.s.web.servlet.DispatcherServlet - Completed 200 OK
2026-02-12 18:19:20.048 [http-nio-8080-exec-3] DEBUG o.s.web.servlet.DispatcherServlet - GET "/api/usuarios-rest?page=0&size=5", parameters={masked}
2026-02-12 18:19:20.063 [http-nio-8080-exec-3] DEBUG o.s.w.s.m.m.a.RequestResponseBodyMethodProcessor - Using 'application/json', given [application/json, text/plain, */*] and supported [application/hal+json, application/json]
2026-02-12 18:19:20.063 [http-nio-8080-exec-3] DEBUG o.s.w.s.m.m.a.RequestResponseBodyMethodProcessor - Writing [PagedModel { content: [EntityModel { content: UsuarioEntity(idUsuario=1, usuario=admin, contraseña=1 (truncated)...]
2026-02-12 18:19:20.067 [http-nio-8080-exec-3] DEBUG o.s.web.servlet.DispatcherServlet - Completed 200 OK
2026-02-12 18:19:24.101 [http-nio-8080-exec-7] DEBUG o.s.web.servlet.DispatcherServlet - GET "/api/usuarios-rest?page=0&size=5", parameters={masked}
2026-02-12 18:19:24.110 [http-nio-8080-exec-7] DEBUG o.s.w.s.m.m.a.RequestResponseBodyMethodProcessor - Using 'application/json', given [application/json, text/plain, */*] and supported [application/hal+json, application/json]
2026-02-12 18:19:24.110 [http-nio-8080-exec-7] DEBUG o.s.w.s.m.m.a.RequestResponseBodyMethodProcessor - Writing [PagedModel { content: [EntityModel { content: UsuarioEntity(idUsuario=1, usuario=admin, contraseña=1 (truncated)...]
2026-02-12 18:19:24.112 [http-nio-8080-exec-7] DEBUG o.s.web.servlet.DispatcherServlet - Completed 200 OK
2026-02-12 18:19:24.113 [http-nio-8080-exec-9] DEBUG o.s.web.servlet.DispatcherServlet - GET "/api/usuarios-rest?page=0&size=5", parameters={masked}
2026-02-12 18:19:24.123 [http-nio-8080-exec-9] DEBUG o.s.w.s.m.m.a.RequestResponseBodyMethodProcessor - Using 'application/json', given [application/json, text/plain, */*] and supported [application/hal+json, application/json]
2026-02-12 18:19:24.123 [http-nio-8080-exec-9] DEBUG o.s.w.s.m.m.a.RequestResponseBodyMethodProcessor - Writing [PagedModel { content: [EntityModel { content: UsuarioEntity(idUsuario=1, usuario=admin, contraseña=1 (truncated)...]
2026-02-12 18:19:24.126 [http-nio-8080-exec-9] DEBUG o.s.web.servlet.DispatcherServlet - Completed 200 OK
2026-02-12 18:19:29.421 [http-nio-8080-exec-8] DEBUG o.s.web.servlet.DispatcherServlet - GET "/api/usuarios-rest?page=8&size=5", parameters={masked}
2026-02-12 18:19:29.428 [http-nio-8080-exec-8] DEBUG o.s.w.s.m.m.a.RequestResponseBodyMethodProcessor - Using 'application/json', given [application/json, text/plain, */*] and supported [application/hal+json, application/json]
2026-02-12 18:19:29.428 [http-nio-8080-exec-8] DEBUG o.s.w.s.m.m.a.RequestResponseBodyMethodProcessor - Writing [PagedModel { content: [EntityModel { content: UsuarioEntity(idUsuario=44, usuario=ABC, contraseña=AB (truncated)...]
2026-02-12 18:19:29.430 [http-nio-8080-exec-8] DEBUG o.s.web.servlet.DispatcherServlet - Completed 200 OK
2026-02-12 18:19:31.229 [http-nio-8080-exec-10] DEBUG o.s.web.servlet.DispatcherServlet - GET "/api/usuarios-rest?page=7&size=5", parameters={masked}
2026-02-12 18:19:31.237 [http-nio-8080-exec-10] DEBUG o.s.w.s.m.m.a.RequestResponseBodyMethodProcessor - Using 'application/json', given [application/json, text/plain, */*] and supported [application/hal+json, application/json]
2026-02-12 18:19:31.238 [http-nio-8080-exec-10] DEBUG o.s.w.s.m.m.a.RequestResponseBodyMethodProcessor - Writing [PagedModel { content: [EntityModel { content: UsuarioEntity(idUsuario=39, usuario=prueba127, contras (truncated)...]
2026-02-12 18:19:31.240 [http-nio-8080-exec-10] DEBUG o.s.web.servlet.DispatcherServlet - Completed 200 OK
2026-02-12 18:19:33.765 [http-nio-8080-exec-1] DEBUG o.s.web.servlet.DispatcherServlet - GET "/api/usuarios-rest?page=8&size=5", parameters={masked}
2026-02-12 18:19:33.772 [http-nio-8080-exec-1] DEBUG o.s.w.s.m.m.a.RequestResponseBodyMethodProcessor - Using 'application/json', given [application/json, text/plain, */*] and supported [application/hal+json, application/json]
2026-02-12 18:19:33.772 [http-nio-8080-exec-1] DEBUG o.s.w.s.m.m.a.RequestResponseBodyMethodProcessor - Writing [PagedModel { content: [EntityModel { content: UsuarioEntity(idUsuario=44, usuario=ABC, contraseña=AB (truncated)...]
2026-02-12 18:19:33.775 [http-nio-8080-exec-1] DEBUG o.s.web.servlet.DispatcherServlet - Completed 200 OK
2026-02-12 18:19:51.598 [http-nio-8080-exec-4] DEBUG o.s.web.servlet.DispatcherServlet - OPTIONS "/api/usuarios-rest", parameters={}
2026-02-12 18:19:51.598 [http-nio-8080-exec-4] DEBUG o.s.web.servlet.DispatcherServlet - Completed 200 OK
2026-02-12 18:19:51.598 [http-nio-8080-exec-2] DEBUG o.s.web.servlet.DispatcherServlet - POST "/api/usuarios-rest", parameters={}
2026-02-12 18:19:51.617 [http-nio-8080-exec-2] DEBUG o.s.w.s.m.m.a.HttpEntityMethodProcessor - Using 'application/json', given [application/json, text/plain, */*] and supported [application/hal+json, application/json]
2026-02-12 18:19:51.617 [http-nio-8080-exec-2] DEBUG o.s.w.s.m.m.a.HttpEntityMethodProcessor - Writing [EntityModel { content: UsuarioEntity(idUsuario=47, usuario=PruebaDesactivacion, contraseña=PD1234, f (truncated)...]
2026-02-12 18:19:51.619 [http-nio-8080-exec-2] DEBUG o.s.web.servlet.DispatcherServlet - Completed 201 CREATED
2026-02-12 18:19:51.621 [http-nio-8080-exec-6] DEBUG o.s.web.servlet.DispatcherServlet - GET "/api/usuarios-rest?page=8&size=5", parameters={masked}
2026-02-12 18:19:51.627 [http-nio-8080-exec-6] DEBUG o.s.w.s.m.m.a.RequestResponseBodyMethodProcessor - Using 'application/json', given [application/json, text/plain, */*] and supported [application/hal+json, application/json]
2026-02-12 18:19:51.627 [http-nio-8080-exec-6] DEBUG o.s.w.s.m.m.a.RequestResponseBodyMethodProcessor - Writing [PagedModel { content: [EntityModel { content: UsuarioEntity(idUsuario=44, usuario=ABC, contraseña=AB (truncated)...]
2026-02-12 18:19:51.631 [http-nio-8080-exec-6] DEBUG o.s.web.servlet.DispatcherServlet - Completed 200 OK
2026-02-12 18:19:55.847 [http-nio-8080-exec-5] DEBUG o.s.web.servlet.DispatcherServlet - OPTIONS "/api/usuarios-rest/47", parameters={}
2026-02-12 18:19:55.848 [http-nio-8080-exec-5] DEBUG o.s.web.servlet.DispatcherServlet - Completed 200 OK
2026-02-12 18:19:55.850 [http-nio-8080-exec-3] DEBUG o.s.web.servlet.DispatcherServlet - PATCH "/api/usuarios-rest/47", parameters={}
2026-02-12 18:19:55.862 [http-nio-8080-exec-3] DEBUG o.s.w.s.m.m.a.HttpEntityMethodProcessor - Using 'application/json', given [application/json, text/plain, */*] and supported [application/hal+json, application/json]
2026-02-12 18:19:55.862 [http-nio-8080-exec-3] DEBUG o.s.w.s.m.m.a.HttpEntityMethodProcessor - Writing [EntityModel { content: UsuarioEntity(idUsuario=47, usuario=PruebaDesactivacion, contraseña=PD1234, f (truncated)...]
2026-02-12 18:19:55.862 [http-nio-8080-exec-3] DEBUG o.s.web.servlet.DispatcherServlet - Completed 200 OK
2026-02-12 18:19:55.862 [http-nio-8080-exec-7] DEBUG o.s.web.servlet.DispatcherServlet - GET "/api/usuarios-rest?page=8&size=5", parameters={masked}
2026-02-12 18:19:55.882 [http-nio-8080-exec-7] DEBUG o.s.w.s.m.m.a.RequestResponseBodyMethodProcessor - Using 'application/json', given [application/json, text/plain, */*] and supported [application/hal+json, application/json]
2026-02-12 18:19:55.883 [http-nio-8080-exec-7] DEBUG o.s.w.s.m.m.a.RequestResponseBodyMethodProcessor - Writing [PagedModel { content: [EntityModel { content: UsuarioEntity(idUsuario=44, usuario=ABC, contraseña=AB (truncated)...]
2026-02-12 18:19:55.884 [http-nio-8080-exec-7] DEBUG o.s.web.servlet.DispatcherServlet - Completed 200 OK
2026-02-12 18:20:15.933 [http-nio-8080-exec-9] DEBUG o.s.web.servlet.DispatcherServlet - PATCH "/api/usuarios-rest/47", parameters={}
2026-02-12 18:20:15.943 [http-nio-8080-exec-9] DEBUG o.s.w.s.m.m.a.HttpEntityMethodProcessor - Using 'application/json', given [application/json, text/plain, */*] and supported [application/hal+json, application/json]
2026-02-12 18:20:15.943 [http-nio-8080-exec-9] DEBUG o.s.w.s.m.m.a.HttpEntityMethodProcessor - Writing [EntityModel { content: UsuarioEntity(idUsuario=47, usuario=PruebaDesactivacion, contraseña=PD1234, f (truncated)...]
2026-02-12 18:20:15.943 [http-nio-8080-exec-9] DEBUG o.s.web.servlet.DispatcherServlet - Completed 200 OK
2026-02-12 18:20:15.943 [http-nio-8080-exec-8] DEBUG o.s.web.servlet.DispatcherServlet - GET "/api/usuarios-rest?page=8&size=5", parameters={masked}
2026-02-12 18:20:15.956 [http-nio-8080-exec-8] DEBUG o.s.w.s.m.m.a.RequestResponseBodyMethodProcessor - Using 'application/json', given [application/json, text/plain, */*] and supported [application/hal+json, application/json]
2026-02-12 18:20:15.956 [http-nio-8080-exec-8] DEBUG o.s.w.s.m.m.a.RequestResponseBodyMethodProcessor - Writing [PagedModel { content: [EntityModel { content: UsuarioEntity(idUsuario=44, usuario=ABC, contraseña=AB (truncated)...]
2026-02-12 18:20:15.958 [http-nio-8080-exec-8] DEBUG o.s.web.servlet.DispatcherServlet - Completed 200 OK
2026-02-12 18:20:25.021 [http-nio-8080-exec-10] DEBUG o.s.web.servlet.DispatcherServlet - PATCH "/api/usuarios-rest/47", parameters={}
2026-02-12 18:20:25.025 [http-nio-8080-exec-10] DEBUG o.s.w.s.m.m.a.HttpEntityMethodProcessor - Using 'application/json', given [application/json, text/plain, */*] and supported [application/hal+json, application/json]
2026-02-12 18:20:25.025 [http-nio-8080-exec-10] DEBUG o.s.w.s.m.m.a.HttpEntityMethodProcessor - Writing [EntityModel { content: UsuarioEntity(idUsuario=47, usuario=PruebaDesactivacion, contraseña=PD1234, f (truncated)...]
2026-02-12 18:20:25.025 [http-nio-8080-exec-10] DEBUG o.s.web.servlet.DispatcherServlet - Completed 200 OK
2026-02-12 18:20:25.025 [http-nio-8080-exec-1] DEBUG o.s.web.servlet.DispatcherServlet - GET "/api/usuarios-rest?page=8&size=5", parameters={masked}
2026-02-12 18:20:25.042 [http-nio-8080-exec-1] DEBUG o.s.w.s.m.m.a.RequestResponseBodyMethodProcessor - Using 'application/json', given [application/json, text/plain, */*] and supported [application/hal+json, application/json]
2026-02-12 18:20:25.042 [http-nio-8080-exec-1] DEBUG o.s.w.s.m.m.a.RequestResponseBodyMethodProcessor - Writing [PagedModel { content: [EntityModel { content: UsuarioEntity(idUsuario=44, usuario=ABC, contraseña=AB (truncated)...]
2026-02-12 18:20:25.042 [http-nio-8080-exec-1] DEBUG o.s.web.servlet.DispatcherServlet - Completed 200 OK
2026-02-12 18:20:47.439 [http-nio-8080-exec-2] DEBUG o.s.web.servlet.DispatcherServlet - GET "/api/usuarios-rest?page=1&size=30", parameters={masked}
2026-02-12 18:20:47.450 [http-nio-8080-exec-2] DEBUG o.s.w.s.m.m.a.RequestResponseBodyMethodProcessor - Using 'application/hal+json', given [*/*] and supported [application/hal+json]
2026-02-12 18:20:47.451 [http-nio-8080-exec-2] DEBUG o.s.w.s.m.m.a.RequestResponseBodyMethodProcessor - Writing [PagedModel { content: [EntityModel { content: UsuarioEntity(idUsuario=34, usuario=prueba121, contras (truncated)...]
2026-02-12 18:20:47.462 [http-nio-8080-exec-2] DEBUG o.s.web.servlet.DispatcherServlet - Completed 200 OK
2026-02-12 18:22:32.049 [http-nio-8080-exec-3] DEBUG o.s.web.servlet.DispatcherServlet - GET "/api/usuarios-rest?page=0&size=5", parameters={masked}
2026-02-12 18:22:32.060 [http-nio-8080-exec-3] DEBUG o.s.w.s.m.m.a.RequestResponseBodyMethodProcessor - Using 'application/json', given [application/json, text/plain, */*] and supported [application/hal+json, application/json]
2026-02-12 18:22:32.060 [http-nio-8080-exec-3] DEBUG o.s.w.s.m.m.a.RequestResponseBodyMethodProcessor - Writing [PagedModel { content: [EntityModel { content: UsuarioEntity(idUsuario=1, usuario=admin, contraseña=1 (truncated)...]
2026-02-12 18:22:32.063 [http-nio-8080-exec-3] DEBUG o.s.web.servlet.DispatcherServlet - Completed 200 OK
2026-02-12 18:22:36.047 [http-nio-8080-exec-7] DEBUG o.s.web.servlet.DispatcherServlet - GET "/api/usuarios-rest?page=0&size=5", parameters={masked}
2026-02-12 18:22:36.057 [http-nio-8080-exec-7] DEBUG o.s.w.s.m.m.a.RequestResponseBodyMethodProcessor - Using 'application/json', given [application/json, text/plain, */*] and supported [application/hal+json, application/json]
2026-02-12 18:22:36.057 [http-nio-8080-exec-7] DEBUG o.s.w.s.m.m.a.RequestResponseBodyMethodProcessor - Writing [PagedModel { content: [EntityModel { content: UsuarioEntity(idUsuario=1, usuario=admin, contraseña=1 (truncated)...]
2026-02-12 18:22:36.058 [http-nio-8080-exec-7] DEBUG o.s.web.servlet.DispatcherServlet - Completed 200 OK
2026-02-12 18:22:45.850 [http-nio-8080-exec-9] DEBUG o.s.web.servlet.DispatcherServlet - GET "/api/usuarios-rest?page=0&size=5", parameters={masked}
2026-02-12 18:22:45.859 [http-nio-8080-exec-9] DEBUG o.s.w.s.m.m.a.RequestResponseBodyMethodProcessor - Using 'application/json', given [application/json, text/plain, */*] and supported [application/hal+json, application/json]
2026-02-12 18:22:45.860 [http-nio-8080-exec-9] DEBUG o.s.w.s.m.m.a.RequestResponseBodyMethodProcessor - Writing [PagedModel { content: [EntityModel { content: UsuarioEntity(idUsuario=1, usuario=admin, contraseña=1 (truncated)...]
2026-02-12 18:22:45.861 [http-nio-8080-exec-9] DEBUG o.s.web.servlet.DispatcherServlet - Completed 200 OK
2026-02-12 18:22:45.863 [http-nio-8080-exec-8] DEBUG o.s.web.servlet.DispatcherServlet - GET "/api/usuarios-rest?page=0&size=5", parameters={masked}
2026-02-12 18:22:45.871 [http-nio-8080-exec-8] DEBUG o.s.w.s.m.m.a.RequestResponseBodyMethodProcessor - Using 'application/json', given [application/json, text/plain, */*] and supported [application/hal+json, application/json]
2026-02-12 18:22:45.871 [http-nio-8080-exec-8] DEBUG o.s.w.s.m.m.a.RequestResponseBodyMethodProcessor - Writing [PagedModel { content: [EntityModel { content: UsuarioEntity(idUsuario=1, usuario=admin, contraseña=1 (truncated)...]
2026-02-12 18:22:45.873 [http-nio-8080-exec-8] DEBUG o.s.web.servlet.DispatcherServlet - Completed 200 OK
2026-02-12 18:22:50.461 [http-nio-8080-exec-10] DEBUG o.s.web.servlet.DispatcherServlet - GET "/api/usuarios-rest?page=8&size=5", parameters={masked}
2026-02-12 18:22:50.467 [http-nio-8080-exec-10] DEBUG o.s.w.s.m.m.a.RequestResponseBodyMethodProcessor - Using 'application/json', given [application/json, text/plain, */*] and supported [application/hal+json, application/json]
2026-02-12 18:22:50.467 [http-nio-8080-exec-10] DEBUG o.s.w.s.m.m.a.RequestResponseBodyMethodProcessor - Writing [PagedModel { content: [EntityModel { content: UsuarioEntity(idUsuario=44, usuario=ABC, contraseña=AB (truncated)...]
2026-02-12 18:22:50.468 [http-nio-8080-exec-10] DEBUG o.s.web.servlet.DispatcherServlet - Completed 200 OK
2026-02-12 18:22:59.028 [http-nio-8080-exec-1] DEBUG o.s.web.servlet.DispatcherServlet - POST "/api/usuarios-rest", parameters={}
2026-02-12 18:22:59.037 [http-nio-8080-exec-1] DEBUG o.s.w.s.m.m.a.HttpEntityMethodProcessor - Using 'application/json', given [application/json, text/plain, */*] and supported [application/hal+json, application/json]
2026-02-12 18:22:59.037 [http-nio-8080-exec-1] DEBUG o.s.w.s.m.m.a.HttpEntityMethodProcessor - Writing [EntityModel { content: UsuarioEntity(idUsuario=48, usuario=PruebaDesactivacion2, contraseña=PD3, fec (truncated)...]
2026-02-12 18:22:59.038 [http-nio-8080-exec-1] DEBUG o.s.web.servlet.DispatcherServlet - Completed 201 CREATED
2026-02-12 18:22:59.042 [http-nio-8080-exec-4] DEBUG o.s.web.servlet.DispatcherServlet - GET "/api/usuarios-rest?page=8&size=5", parameters={masked}
2026-02-12 18:22:59.042 [http-nio-8080-exec-4] DEBUG o.s.w.s.m.m.a.RequestResponseBodyMethodProcessor - Using 'application/json', given [application/json, text/plain, */*] and supported [application/hal+json, application/json]
2026-02-12 18:22:59.042 [http-nio-8080-exec-4] DEBUG o.s.w.s.m.m.a.RequestResponseBodyMethodProcessor - Writing [PagedModel { content: [EntityModel { content: UsuarioEntity(idUsuario=44, usuario=ABC, contraseña=AB (truncated)...]
2026-02-12 18:22:59.050 [http-nio-8080-exec-4] DEBUG o.s.web.servlet.DispatcherServlet - Completed 200 OK
2026-02-12 18:23:02.013 [http-nio-8080-exec-2] DEBUG o.s.web.servlet.DispatcherServlet - OPTIONS "/api/usuarios-rest/48", parameters={}
2026-02-12 18:23:02.014 [http-nio-8080-exec-2] DEBUG o.s.web.servlet.DispatcherServlet - Completed 200 OK
2026-02-12 18:23:02.016 [http-nio-8080-exec-6] DEBUG o.s.web.servlet.DispatcherServlet - PATCH "/api/usuarios-rest/48", parameters={}
2026-02-12 18:23:02.031 [http-nio-8080-exec-6] DEBUG o.s.w.s.m.m.a.HttpEntityMethodProcessor - Using 'application/json', given [application/json, text/plain, */*] and supported [application/hal+json, application/json]
2026-02-12 18:23:02.031 [http-nio-8080-exec-6] DEBUG o.s.w.s.m.m.a.HttpEntityMethodProcessor - Writing [EntityModel { content: UsuarioEntity(idUsuario=48, usuario=PruebaDesactivacion2, contraseña=PD3, fec (truncated)...]
2026-02-12 18:23:02.032 [http-nio-8080-exec-6] DEBUG o.s.web.servlet.DispatcherServlet - Completed 200 OK
2026-02-12 18:23:02.037 [http-nio-8080-exec-5] DEBUG o.s.web.servlet.DispatcherServlet - GET "/api/usuarios-rest?page=8&size=5", parameters={masked}
2026-02-12 18:23:02.044 [http-nio-8080-exec-5] DEBUG o.s.w.s.m.m.a.RequestResponseBodyMethodProcessor - Using 'application/json', given [application/json, text/plain, */*] and supported [application/hal+json, application/json]
2026-02-12 18:23:02.045 [http-nio-8080-exec-5] DEBUG o.s.w.s.m.m.a.RequestResponseBodyMethodProcessor - Writing [PagedModel { content: [EntityModel { content: UsuarioEntity(idUsuario=44, usuario=ABC, contraseña=AB (truncated)...]
2026-02-12 18:23:02.046 [http-nio-8080-exec-5] DEBUG o.s.web.servlet.DispatcherServlet - Completed 200 OK
2026-02-12 18:23:13.565 [http-nio-8080-exec-3] DEBUG o.s.web.servlet.DispatcherServlet - PATCH "/api/usuarios-rest/48", parameters={}
2026-02-12 18:23:13.583 [http-nio-8080-exec-3] DEBUG o.s.w.s.m.m.a.HttpEntityMethodProcessor - Using 'application/json', given [application/json, text/plain, */*] and supported [application/hal+json, application/json]
2026-02-12 18:23:13.583 [http-nio-8080-exec-3] DEBUG o.s.w.s.m.m.a.HttpEntityMethodProcessor - Writing [EntityModel { content: UsuarioEntity(idUsuario=48, usuario=PruebaDesactivacion2, contraseña=PD3, fec (truncated)...]
2026-02-12 18:23:13.584 [http-nio-8080-exec-3] DEBUG o.s.web.servlet.DispatcherServlet - Completed 200 OK
2026-02-12 18:23:13.587 [http-nio-8080-exec-7] DEBUG o.s.web.servlet.DispatcherServlet - GET "/api/usuarios-rest?page=8&size=5", parameters={masked}
2026-02-12 18:23:13.589 [http-nio-8080-exec-7] DEBUG o.s.w.s.m.m.a.RequestResponseBodyMethodProcessor - Using 'application/json', given [application/json, text/plain, */*] and supported [application/hal+json, application/json]
2026-02-12 18:23:13.589 [http-nio-8080-exec-7] DEBUG o.s.w.s.m.m.a.RequestResponseBodyMethodProcessor - Writing [PagedModel { content: [EntityModel { content: UsuarioEntity(idUsuario=44, usuario=ABC, contraseña=AB (truncated)...]
2026-02-12 18:23:13.589 [http-nio-8080-exec-7] DEBUG o.s.web.servlet.DispatcherServlet - Completed 200 OK
2026-02-12 18:23:23.942 [http-nio-8080-exec-9] DEBUG o.s.web.servlet.DispatcherServlet - PATCH "/api/usuarios-rest/48", parameters={}
2026-02-12 18:23:23.955 [http-nio-8080-exec-9] DEBUG o.s.w.s.m.m.a.HttpEntityMethodProcessor - Using 'application/json', given [application/json, text/plain, */*] and supported [application/hal+json, application/json]
2026-02-12 18:23:23.955 [http-nio-8080-exec-9] DEBUG o.s.w.s.m.m.a.HttpEntityMethodProcessor - Writing [EntityModel { content: UsuarioEntity(idUsuario=48, usuario=PruebaDesactivacion2, contraseña=PD3, fec (truncated)...]
2026-02-12 18:23:23.955 [http-nio-8080-exec-9] DEBUG o.s.web.servlet.DispatcherServlet - Completed 200 OK
2026-02-12 18:23:23.955 [http-nio-8080-exec-8] DEBUG o.s.web.servlet.DispatcherServlet - GET "/api/usuarios-rest?page=8&size=5", parameters={masked}
2026-02-12 18:23:23.955 [http-nio-8080-exec-8] DEBUG o.s.w.s.m.m.a.RequestResponseBodyMethodProcessor - Using 'application/json', given [application/json, text/plain, */*] and supported [application/hal+json, application/json]
2026-02-12 18:23:23.955 [http-nio-8080-exec-8] DEBUG o.s.w.s.m.m.a.RequestResponseBodyMethodProcessor - Writing [PagedModel { content: [EntityModel { content: UsuarioEntity(idUsuario=44, usuario=ABC, contraseña=AB (truncated)...]
2026-02-12 18:23:23.969 [http-nio-8080-exec-8] DEBUG o.s.web.servlet.DispatcherServlet - Completed 200 OK
2026-02-12 18:23:36.843 [http-nio-8080-exec-10] DEBUG o.s.web.servlet.DispatcherServlet - GET "/api/usuarios-rest?page=7&size=5", parameters={masked}
2026-02-12 18:23:36.857 [http-nio-8080-exec-10] DEBUG o.s.w.s.m.m.a.RequestResponseBodyMethodProcessor - Using 'application/json', given [application/json, text/plain, */*] and supported [application/hal+json, application/json]
2026-02-12 18:23:36.857 [http-nio-8080-exec-10] DEBUG o.s.w.s.m.m.a.RequestResponseBodyMethodProcessor - Writing [PagedModel { content: [EntityModel { content: UsuarioEntity(idUsuario=39, usuario=prueba127, contras (truncated)...]
2026-02-12 18:23:36.859 [http-nio-8080-exec-10] DEBUG o.s.web.servlet.DispatcherServlet - Completed 200 OK
2026-02-12 18:23:39.388 [http-nio-8080-exec-1] DEBUG o.s.web.servlet.DispatcherServlet - GET "/api/usuarios-rest?page=6&size=5", parameters={masked}
2026-02-12 18:23:39.398 [http-nio-8080-exec-1] DEBUG o.s.w.s.m.m.a.RequestResponseBodyMethodProcessor - Using 'application/json', given [application/json, text/plain, */*] and supported [application/hal+json, application/json]
2026-02-12 18:23:39.399 [http-nio-8080-exec-1] DEBUG o.s.w.s.m.m.a.RequestResponseBodyMethodProcessor - Writing [PagedModel { content: [EntityModel { content: UsuarioEntity(idUsuario=34, usuario=prueba121, contras (truncated)...]
2026-02-12 18:23:39.403 [http-nio-8080-exec-1] DEBUG o.s.web.servlet.DispatcherServlet - Completed 200 OK
2026-02-12 18:23:40.891 [http-nio-8080-exec-4] DEBUG o.s.web.servlet.DispatcherServlet - GET "/api/usuarios-rest?page=5&size=5", parameters={masked}
2026-02-12 18:23:40.900 [http-nio-8080-exec-4] DEBUG o.s.w.s.m.m.a.RequestResponseBodyMethodProcessor - Using 'application/json', given [application/json, text/plain, */*] and supported [application/hal+json, application/json]
2026-02-12 18:23:40.901 [http-nio-8080-exec-4] DEBUG o.s.w.s.m.m.a.RequestResponseBodyMethodProcessor - Writing [PagedModel { content: [EntityModel { content: UsuarioEntity(idUsuario=29, usuario=prueba116, contras (truncated)...]
2026-02-12 18:23:40.903 [http-nio-8080-exec-4] DEBUG o.s.web.servlet.DispatcherServlet - Completed 200 OK
2026-02-12 18:23:42.220 [http-nio-8080-exec-2] DEBUG o.s.web.servlet.DispatcherServlet - GET "/api/usuarios-rest?page=4&size=5", parameters={masked}
2026-02-12 18:23:42.231 [http-nio-8080-exec-2] DEBUG o.s.w.s.m.m.a.RequestResponseBodyMethodProcessor - Using 'application/json', given [application/json, text/plain, */*] and supported [application/hal+json, application/json]
2026-02-12 18:23:42.231 [http-nio-8080-exec-2] DEBUG o.s.w.s.m.m.a.RequestResponseBodyMethodProcessor - Writing [PagedModel { content: [EntityModel { content: UsuarioEntity(idUsuario=24, usuario=prueba111, contras (truncated)...]
2026-02-12 18:23:42.233 [http-nio-8080-exec-2] DEBUG o.s.web.servlet.DispatcherServlet - Completed 200 OK
2026-02-12 18:33:44.079 [http-nio-8080-exec-5] DEBUG o.s.web.servlet.DispatcherServlet - GET "/api/usuarios-rest?size=100", parameters={masked}
2026-02-12 18:33:44.166 [http-nio-8080-exec-5] DEBUG o.s.w.s.m.m.a.RequestResponseBodyMethodProcessor - Using 'application/json', given [application/json, text/plain, */*] and supported [application/hal+json, application/json]
2026-02-12 18:33:44.167 [http-nio-8080-exec-5] DEBUG o.s.w.s.m.m.a.RequestResponseBodyMethodProcessor - Writing [PagedModel { content: [EntityModel { content: UsuarioEntity(idUsuario=1, usuario=admin, contraseña=1 (truncated)...]
2026-02-12 18:33:44.190 [http-nio-8080-exec-5] DEBUG o.s.web.servlet.DispatcherServlet - Completed 200 OK
2026-02-12 18:33:44.191 [http-nio-8080-exec-3] DEBUG o.s.web.servlet.DispatcherServlet - GET "/api/usuarios-rest?size=100", parameters={masked}
2026-02-12 18:33:44.205 [http-nio-8080-exec-3] DEBUG o.s.w.s.m.m.a.RequestResponseBodyMethodProcessor - Using 'application/json', given [application/json, text/plain, */*] and supported [application/hal+json, application/json]
2026-02-12 18:33:44.206 [http-nio-8080-exec-3] DEBUG o.s.w.s.m.m.a.RequestResponseBodyMethodProcessor - Writing [PagedModel { content: [EntityModel { content: UsuarioEntity(idUsuario=1, usuario=admin, contraseña=1 (truncated)...]
2026-02-12 18:33:44.214 [http-nio-8080-exec-3] DEBUG o.s.web.servlet.DispatcherServlet - Completed 200 OK
2026-02-12 18:33:55.561 [http-nio-8080-exec-7] DEBUG o.s.web.servlet.DispatcherServlet - GET "/api/usuarios-rest?page=0&size=5", parameters={masked}
2026-02-12 18:33:55.581 [http-nio-8080-exec-7] DEBUG o.s.w.s.m.m.a.RequestResponseBodyMethodProcessor - Using 'application/json', given [application/json, text/plain, */*] and supported [application/hal+json, application/json]
2026-02-12 18:33:55.581 [http-nio-8080-exec-7] DEBUG o.s.w.s.m.m.a.RequestResponseBodyMethodProcessor - Writing [PagedModel { content: [EntityModel { content: UsuarioEntity(idUsuario=1, usuario=admin, contraseña=1 (truncated)...]
2026-02-12 18:33:55.583 [http-nio-8080-exec-7] DEBUG o.s.web.servlet.DispatcherServlet - Completed 200 OK
2026-02-12 18:33:55.585 [http-nio-8080-exec-9] DEBUG o.s.web.servlet.DispatcherServlet - GET "/api/usuarios-rest?page=0&size=5", parameters={masked}
2026-02-12 18:33:55.594 [http-nio-8080-exec-9] DEBUG o.s.w.s.m.m.a.RequestResponseBodyMethodProcessor - Using 'application/json', given [application/json, text/plain, */*] and supported [application/hal+json, application/json]
2026-02-12 18:33:55.594 [http-nio-8080-exec-9] DEBUG o.s.w.s.m.m.a.RequestResponseBodyMethodProcessor - Writing [PagedModel { content: [EntityModel { content: UsuarioEntity(idUsuario=1, usuario=admin, contraseña=1 (truncated)...]
2026-02-12 18:33:55.596 [http-nio-8080-exec-9] DEBUG o.s.web.servlet.DispatcherServlet - Completed 200 OK
2026-02-12 18:34:04.650 [http-nio-8080-exec-8] DEBUG o.s.web.servlet.DispatcherServlet - POST "/api/usuarios-rest", parameters={}
2026-02-12 18:34:04.664 [http-nio-8080-exec-8] DEBUG o.s.w.s.m.m.a.HttpEntityMethodProcessor - Using 'application/json', given [application/json, text/plain, */*] and supported [application/hal+json, application/json]
2026-02-12 18:34:04.664 [http-nio-8080-exec-8] DEBUG o.s.w.s.m.m.a.HttpEntityMethodProcessor - Writing [EntityModel { content: UsuarioEntity(idUsuario=49, usuario=PruebaSoloDesactivacion, contraseña=´SD1, (truncated)...]
2026-02-12 18:34:04.664 [http-nio-8080-exec-8] DEBUG o.s.web.servlet.DispatcherServlet - Completed 201 CREATED
2026-02-12 18:34:04.681 [http-nio-8080-exec-10] DEBUG o.s.web.servlet.DispatcherServlet - GET "/api/usuarios-rest?page=0&size=5", parameters={masked}
2026-02-12 18:34:04.693 [http-nio-8080-exec-10] DEBUG o.s.w.s.m.m.a.RequestResponseBodyMethodProcessor - Using 'application/json', given [application/json, text/plain, */*] and supported [application/hal+json, application/json]
2026-02-12 18:34:04.693 [http-nio-8080-exec-10] DEBUG o.s.w.s.m.m.a.RequestResponseBodyMethodProcessor - Writing [PagedModel { content: [EntityModel { content: UsuarioEntity(idUsuario=1, usuario=admin, contraseña=1 (truncated)...]
2026-02-12 18:34:04.696 [http-nio-8080-exec-10] DEBUG o.s.web.servlet.DispatcherServlet - Completed 200 OK
2026-02-12 18:34:07.490 [http-nio-8080-exec-1] DEBUG o.s.web.servlet.DispatcherServlet - GET "/api/usuarios-rest?page=8&size=5", parameters={masked}
2026-02-12 18:34:07.498 [http-nio-8080-exec-1] DEBUG o.s.w.s.m.m.a.RequestResponseBodyMethodProcessor - Using 'application/json', given [application/json, text/plain, */*] and supported [application/hal+json, application/json]
2026-02-12 18:34:07.499 [http-nio-8080-exec-1] DEBUG o.s.w.s.m.m.a.RequestResponseBodyMethodProcessor - Writing [PagedModel { content: [EntityModel { content: UsuarioEntity(idUsuario=44, usuario=ABC, contraseña=AB (truncated)...]
2026-02-12 18:34:07.501 [http-nio-8080-exec-1] DEBUG o.s.web.servlet.DispatcherServlet - Completed 200 OK
2026-02-12 18:34:10.220 [http-nio-8080-exec-4] DEBUG o.s.web.servlet.DispatcherServlet - OPTIONS "/api/usuarios-rest/49", parameters={}
2026-02-12 18:34:10.223 [http-nio-8080-exec-4] DEBUG o.s.web.servlet.DispatcherServlet - Completed 200 OK
2026-02-12 18:34:10.229 [http-nio-8080-exec-2] DEBUG o.s.web.servlet.DispatcherServlet - PATCH "/api/usuarios-rest/49", parameters={}
2026-02-12 18:34:10.252 [http-nio-8080-exec-2] DEBUG o.s.w.s.m.m.a.HttpEntityMethodProcessor - Using 'application/json', given [application/json, text/plain, */*] and supported [application/hal+json, application/json]
2026-02-12 18:34:10.253 [http-nio-8080-exec-2] DEBUG o.s.w.s.m.m.a.HttpEntityMethodProcessor - Writing [EntityModel { content: UsuarioEntity(idUsuario=49, usuario=PruebaSoloDesactivacion, contraseña=´SD1, (truncated)...]
2026-02-12 18:34:10.253 [http-nio-8080-exec-2] DEBUG o.s.web.servlet.DispatcherServlet - Completed 200 OK
2026-02-12 18:34:10.256 [http-nio-8080-exec-6] DEBUG o.s.web.servlet.DispatcherServlet - GET "/api/usuarios-rest?page=8&size=5", parameters={masked}
2026-02-12 18:34:10.265 [http-nio-8080-exec-6] DEBUG o.s.w.s.m.m.a.RequestResponseBodyMethodProcessor - Using 'application/json', given [application/json, text/plain, */*] and supported [application/hal+json, application/json]
2026-02-12 18:34:10.266 [http-nio-8080-exec-6] DEBUG o.s.w.s.m.m.a.RequestResponseBodyMethodProcessor - Writing [PagedModel { content: [EntityModel { content: UsuarioEntity(idUsuario=44, usuario=ABC, contraseña=AB (truncated)...]
2026-02-12 18:34:10.268 [http-nio-8080-exec-6] DEBUG o.s.web.servlet.DispatcherServlet - Completed 200 OK
2026-02-12 18:34:13.685 [http-nio-8080-exec-5] DEBUG o.s.web.servlet.DispatcherServlet - GET "/api/usuarios-rest?size=100", parameters={masked}
2026-02-12 18:34:13.697 [http-nio-8080-exec-5] DEBUG o.s.w.s.m.m.a.RequestResponseBodyMethodProcessor - Using 'application/json', given [application/json, text/plain, */*] and supported [application/hal+json, application/json]
2026-02-12 18:34:13.699 [http-nio-8080-exec-5] DEBUG o.s.w.s.m.m.a.RequestResponseBodyMethodProcessor - Writing [PagedModel { content: [EntityModel { content: UsuarioEntity(idUsuario=1, usuario=admin, contraseña=1 (truncated)...]
2026-02-12 18:34:13.707 [http-nio-8080-exec-3] DEBUG o.s.web.servlet.DispatcherServlet - GET "/api/usuarios-rest?size=100", parameters={masked}
2026-02-12 18:34:13.707 [http-nio-8080-exec-5] DEBUG o.s.web.servlet.DispatcherServlet - Completed 200 OK
2026-02-12 18:34:13.737 [http-nio-8080-exec-3] DEBUG o.s.w.s.m.m.a.RequestResponseBodyMethodProcessor - Using 'application/json', given [application/json, text/plain, */*] and supported [application/hal+json, application/json]
2026-02-12 18:34:13.738 [http-nio-8080-exec-3] DEBUG o.s.w.s.m.m.a.RequestResponseBodyMethodProcessor - Writing [PagedModel { content: [EntityModel { content: UsuarioEntity(idUsuario=1, usuario=admin, contraseña=1 (truncated)...]
2026-02-12 18:34:13.743 [http-nio-8080-exec-3] DEBUG o.s.web.servlet.DispatcherServlet - Completed 200 OK
2026-02-12 18:34:36.200 [http-nio-8080-exec-7] DEBUG o.s.web.servlet.DispatcherServlet - GET "/api/usuarios-rest?page=0&size=5", parameters={masked}
2026-02-12 18:34:36.207 [http-nio-8080-exec-7] DEBUG o.s.w.s.m.m.a.RequestResponseBodyMethodProcessor - Using 'application/json', given [application/json, text/plain, */*] and supported [application/hal+json, application/json]
2026-02-12 18:34:36.208 [http-nio-8080-exec-7] DEBUG o.s.w.s.m.m.a.RequestResponseBodyMethodProcessor - Writing [PagedModel { content: [EntityModel { content: UsuarioEntity(idUsuario=1, usuario=admin, contraseña=1 (truncated)...]
2026-02-12 18:34:36.210 [http-nio-8080-exec-7] DEBUG o.s.web.servlet.DispatcherServlet - Completed 200 OK
2026-02-12 18:34:36.211 [http-nio-8080-exec-9] DEBUG o.s.web.servlet.DispatcherServlet - GET "/api/usuarios-rest?page=0&size=5", parameters={masked}
2026-02-12 18:34:36.221 [http-nio-8080-exec-9] DEBUG o.s.w.s.m.m.a.RequestResponseBodyMethodProcessor - Using 'application/json', given [application/json, text/plain, */*] and supported [application/hal+json, application/json]
2026-02-12 18:34:36.221 [http-nio-8080-exec-9] DEBUG o.s.w.s.m.m.a.RequestResponseBodyMethodProcessor - Writing [PagedModel { content: [EntityModel { content: UsuarioEntity(idUsuario=1, usuario=admin, contraseña=1 (truncated)...]
2026-02-12 18:34:36.223 [http-nio-8080-exec-9] DEBUG o.s.web.servlet.DispatcherServlet - Completed 200 OK
2026-02-12 18:34:45.675 [http-nio-8080-exec-8] DEBUG o.s.web.servlet.DispatcherServlet - POST "/api/usuarios-rest", parameters={}
2026-02-12 18:34:45.698 [http-nio-8080-exec-8] DEBUG o.s.w.s.m.m.a.HttpEntityMethodProcessor - Using 'application/json', given [application/json, text/plain, */*] and supported [application/hal+json, application/json]
2026-02-12 18:34:45.699 [http-nio-8080-exec-8] DEBUG o.s.w.s.m.m.a.HttpEntityMethodProcessor - Writing [EntityModel { content: UsuarioEntity(idUsuario=50, usuario=DESACTIVARTEST, contraseña=DESACTIVARTEST (truncated)...]
2026-02-12 18:34:45.699 [http-nio-8080-exec-8] DEBUG o.s.web.servlet.DispatcherServlet - Completed 201 CREATED
2026-02-12 18:34:45.702 [http-nio-8080-exec-10] DEBUG o.s.web.servlet.DispatcherServlet - GET "/api/usuarios-rest?page=0&size=5", parameters={masked}
2026-02-12 18:34:45.714 [http-nio-8080-exec-10] DEBUG o.s.w.s.m.m.a.RequestResponseBodyMethodProcessor - Using 'application/json', given [application/json, text/plain, */*] and supported [application/hal+json, application/json]
2026-02-12 18:34:45.714 [http-nio-8080-exec-10] DEBUG o.s.w.s.m.m.a.RequestResponseBodyMethodProcessor - Writing [PagedModel { content: [EntityModel { content: UsuarioEntity(idUsuario=1, usuario=admin, contraseña=1 (truncated)...]
2026-02-12 18:34:45.716 [http-nio-8080-exec-10] DEBUG o.s.web.servlet.DispatcherServlet - Completed 200 OK
2026-02-12 18:34:47.362 [http-nio-8080-exec-1] DEBUG o.s.web.servlet.DispatcherServlet - GET "/api/usuarios-rest?page=8&size=5", parameters={masked}
2026-02-12 18:34:47.371 [http-nio-8080-exec-1] DEBUG o.s.w.s.m.m.a.RequestResponseBodyMethodProcessor - Using 'application/json', given [application/json, text/plain, */*] and supported [application/hal+json, application/json]
2026-02-12 18:34:47.371 [http-nio-8080-exec-1] DEBUG o.s.w.s.m.m.a.RequestResponseBodyMethodProcessor - Writing [PagedModel { content: [EntityModel { content: UsuarioEntity(idUsuario=44, usuario=ABC, contraseña=AB (truncated)...]
2026-02-12 18:34:47.376 [http-nio-8080-exec-1] DEBUG o.s.web.servlet.DispatcherServlet - Completed 200 OK
2026-02-12 18:34:49.108 [http-nio-8080-exec-4] DEBUG o.s.web.servlet.DispatcherServlet - OPTIONS "/api/usuarios-rest/50", parameters={}
2026-02-12 18:34:49.126 [http-nio-8080-exec-4] DEBUG o.s.web.servlet.DispatcherServlet - Completed 200 OK
2026-02-12 18:34:49.126 [http-nio-8080-exec-2] DEBUG o.s.web.servlet.DispatcherServlet - PATCH "/api/usuarios-rest/50", parameters={}
2026-02-12 18:34:49.145 [http-nio-8080-exec-2] DEBUG o.s.w.s.m.m.a.HttpEntityMethodProcessor - Using 'application/json', given [application/json, text/plain, */*] and supported [application/hal+json, application/json]
2026-02-12 18:34:49.146 [http-nio-8080-exec-2] DEBUG o.s.w.s.m.m.a.HttpEntityMethodProcessor - Writing [EntityModel { content: UsuarioEntity(idUsuario=50, usuario=DESACTIVARTEST, contraseña=DESACTIVARTEST (truncated)...]
2026-02-12 18:34:49.147 [http-nio-8080-exec-2] DEBUG o.s.web.servlet.DispatcherServlet - Completed 200 OK
2026-02-12 18:34:49.149 [http-nio-8080-exec-6] DEBUG o.s.web.servlet.DispatcherServlet - GET "/api/usuarios-rest?page=8&size=5", parameters={masked}
2026-02-12 18:34:49.158 [http-nio-8080-exec-6] DEBUG o.s.w.s.m.m.a.RequestResponseBodyMethodProcessor - Using 'application/json', given [application/json, text/plain, */*] and supported [application/hal+json, application/json]
2026-02-12 18:34:49.158 [http-nio-8080-exec-6] DEBUG o.s.w.s.m.m.a.RequestResponseBodyMethodProcessor - Writing [PagedModel { content: [EntityModel { content: UsuarioEntity(idUsuario=44, usuario=ABC, contraseña=AB (truncated)...]
2026-02-12 18:34:49.161 [http-nio-8080-exec-6] DEBUG o.s.web.servlet.DispatcherServlet - Completed 200 OK
2026-02-12 18:34:52.209 [http-nio-8080-exec-5] DEBUG o.s.web.servlet.DispatcherServlet - GET "/api/usuarios-rest?size=100", parameters={masked}
2026-02-12 18:34:52.226 [http-nio-8080-exec-5] DEBUG o.s.w.s.m.m.a.RequestResponseBodyMethodProcessor - Using 'application/json', given [application/json, text/plain, */*] and supported [application/hal+json, application/json]
2026-02-12 18:34:52.227 [http-nio-8080-exec-5] DEBUG o.s.w.s.m.m.a.RequestResponseBodyMethodProcessor - Writing [PagedModel { content: [EntityModel { content: UsuarioEntity(idUsuario=1, usuario=admin, contraseña=1 (truncated)...]
2026-02-12 18:34:52.236 [http-nio-8080-exec-3] DEBUG o.s.web.servlet.DispatcherServlet - GET "/api/usuarios-rest?size=100", parameters={masked}
2026-02-12 18:34:52.237 [http-nio-8080-exec-5] DEBUG o.s.web.servlet.DispatcherServlet - Completed 200 OK
2026-02-12 18:34:52.247 [http-nio-8080-exec-3] DEBUG o.s.w.s.m.m.a.RequestResponseBodyMethodProcessor - Using 'application/json', given [application/json, text/plain, */*] and supported [application/hal+json, application/json]
2026-02-12 18:34:52.249 [http-nio-8080-exec-3] DEBUG o.s.w.s.m.m.a.RequestResponseBodyMethodProcessor - Writing [PagedModel { content: [EntityModel { content: UsuarioEntity(idUsuario=1, usuario=admin, contraseña=1 (truncated)...]
2026-02-12 18:34:52.256 [http-nio-8080-exec-3] DEBUG o.s.web.servlet.DispatcherServlet - Completed 200 OK
2026-02-12 18:41:35.588 [http-nio-8080-exec-8] DEBUG o.s.web.servlet.DispatcherServlet - GET "/api/usuarios-rest?size=100", parameters={masked}
2026-02-12 18:41:35.639 [http-nio-8080-exec-8] DEBUG o.s.w.s.m.m.a.RequestResponseBodyMethodProcessor - Using 'application/json', given [application/json, text/plain, */*] and supported [application/hal+json, application/json]
2026-02-12 18:41:35.645 [http-nio-8080-exec-8] DEBUG o.s.w.s.m.m.a.RequestResponseBodyMethodProcessor - Writing [PagedModel { content: [EntityModel { content: UsuarioEntity(idUsuario=1, usuario=admin, contraseña=1 (truncated)...]
2026-02-12 18:41:35.668 [http-nio-8080-exec-8] DEBUG o.s.web.servlet.DispatcherServlet - Completed 200 OK
2026-02-12 18:41:35.668 [http-nio-8080-exec-10] DEBUG o.s.web.servlet.DispatcherServlet - GET "/api/usuarios-rest?size=100", parameters={masked}
2026-02-12 18:41:35.695 [http-nio-8080-exec-10] DEBUG o.s.w.s.m.m.a.RequestResponseBodyMethodProcessor - Using 'application/json', given [application/json, text/plain, */*] and supported [application/hal+json, application/json]
2026-02-12 18:41:35.695 [http-nio-8080-exec-10] DEBUG o.s.w.s.m.m.a.RequestResponseBodyMethodProcessor - Writing [PagedModel { content: [EntityModel { content: UsuarioEntity(idUsuario=1, usuario=admin, contraseña=1 (truncated)...]
2026-02-12 18:41:35.710 [http-nio-8080-exec-10] DEBUG o.s.web.servlet.DispatcherServlet - Completed 200 OK
2026-02-12 18:42:18.867 [http-nio-8080-exec-1] DEBUG o.s.web.servlet.DispatcherServlet - GET "/api/usuarios-rest?page=0&size=5", parameters={masked}
2026-02-12 18:42:18.896 [http-nio-8080-exec-1] DEBUG o.s.w.s.m.m.a.RequestResponseBodyMethodProcessor - Using 'application/json', given [application/json, text/plain, */*] and supported [application/hal+json, application/json]
2026-02-12 18:42:18.896 [http-nio-8080-exec-1] DEBUG o.s.w.s.m.m.a.RequestResponseBodyMethodProcessor - Writing [PagedModel { content: [EntityModel { content: UsuarioEntity(idUsuario=1, usuario=admin, contraseña=1 (truncated)...]
2026-02-12 18:42:18.901 [http-nio-8080-exec-1] DEBUG o.s.web.servlet.DispatcherServlet - Completed 200 OK
2026-02-12 18:42:18.905 [http-nio-8080-exec-4] DEBUG o.s.web.servlet.DispatcherServlet - GET "/api/usuarios-rest?page=0&size=5", parameters={masked}
2026-02-12 18:42:18.926 [http-nio-8080-exec-4] DEBUG o.s.w.s.m.m.a.RequestResponseBodyMethodProcessor - Using 'application/json', given [application/json, text/plain, */*] and supported [application/hal+json, application/json]
2026-02-12 18:42:18.926 [http-nio-8080-exec-4] DEBUG o.s.w.s.m.m.a.RequestResponseBodyMethodProcessor - Writing [PagedModel { content: [EntityModel { content: UsuarioEntity(idUsuario=1, usuario=admin, contraseña=1 (truncated)...]
2026-02-12 18:42:18.934 [http-nio-8080-exec-4] DEBUG o.s.web.servlet.DispatcherServlet - Completed 200 OK
2026-02-12 18:42:31.070 [http-nio-8080-exec-2] DEBUG o.s.web.servlet.DispatcherServlet - GET "/api/usuarios-rest?page=0&size=5", parameters={masked}
2026-02-12 18:42:31.086 [http-nio-8080-exec-2] DEBUG o.s.w.s.m.m.a.RequestResponseBodyMethodProcessor - Using 'application/json', given [application/json, text/plain, */*] and supported [application/hal+json, application/json]
2026-02-12 18:42:31.086 [http-nio-8080-exec-2] DEBUG o.s.w.s.m.m.a.RequestResponseBodyMethodProcessor - Writing [PagedModel { content: [EntityModel { content: UsuarioEntity(idUsuario=1, usuario=admin, contraseña=1 (truncated)...]
2026-02-12 18:42:31.086 [http-nio-8080-exec-2] DEBUG o.s.web.servlet.DispatcherServlet - Completed 200 OK
2026-02-12 18:42:31.095 [http-nio-8080-exec-6] DEBUG o.s.web.servlet.DispatcherServlet - GET "/api/usuarios-rest?page=0&size=5", parameters={masked}
2026-02-12 18:42:31.111 [http-nio-8080-exec-6] DEBUG o.s.w.s.m.m.a.RequestResponseBodyMethodProcessor - Using 'application/json', given [application/json, text/plain, */*] and supported [application/hal+json, application/json]
2026-02-12 18:42:31.111 [http-nio-8080-exec-6] DEBUG o.s.w.s.m.m.a.RequestResponseBodyMethodProcessor - Writing [PagedModel { content: [EntityModel { content: UsuarioEntity(idUsuario=1, usuario=admin, contraseña=1 (truncated)...]
2026-02-12 18:42:31.111 [http-nio-8080-exec-6] DEBUG o.s.web.servlet.DispatcherServlet - Completed 200 OK
2026-02-12 18:42:33.562 [http-nio-8080-exec-5] DEBUG o.s.web.servlet.DispatcherServlet - GET "/api/usuarios-rest?size=100", parameters={masked}
2026-02-12 18:42:33.587 [http-nio-8080-exec-5] DEBUG o.s.w.s.m.m.a.RequestResponseBodyMethodProcessor - Using 'application/json', given [application/json, text/plain, */*] and supported [application/hal+json, application/json]
2026-02-12 18:42:33.589 [http-nio-8080-exec-5] DEBUG o.s.w.s.m.m.a.RequestResponseBodyMethodProcessor - Writing [PagedModel { content: [EntityModel { content: UsuarioEntity(idUsuario=1, usuario=admin, contraseña=1 (truncated)...]
2026-02-12 18:42:33.607 [http-nio-8080-exec-5] DEBUG o.s.web.servlet.DispatcherServlet - Completed 200 OK
2026-02-12 18:42:33.607 [http-nio-8080-exec-3] DEBUG o.s.web.servlet.DispatcherServlet - GET "/api/usuarios-rest?size=100", parameters={masked}
2026-02-12 18:42:33.634 [http-nio-8080-exec-3] DEBUG o.s.w.s.m.m.a.RequestResponseBodyMethodProcessor - Using 'application/json', given [application/json, text/plain, */*] and supported [application/hal+json, application/json]
2026-02-12 18:42:33.636 [http-nio-8080-exec-3] DEBUG o.s.w.s.m.m.a.RequestResponseBodyMethodProcessor - Writing [PagedModel { content: [EntityModel { content: UsuarioEntity(idUsuario=1, usuario=admin, contraseña=1 (truncated)...]
2026-02-12 18:42:33.656 [http-nio-8080-exec-3] DEBUG o.s.web.servlet.DispatcherServlet - Completed 200 OK
2026-02-12 18:42:36.762 [http-nio-8080-exec-7] DEBUG o.s.web.servlet.DispatcherServlet - GET "/api/usuarios-rest?page=0&size=5", parameters={masked}
2026-02-12 18:42:36.784 [http-nio-8080-exec-7] DEBUG o.s.w.s.m.m.a.RequestResponseBodyMethodProcessor - Using 'application/json', given [application/json, text/plain, */*] and supported [application/hal+json, application/json]
2026-02-12 18:42:36.784 [http-nio-8080-exec-7] DEBUG o.s.w.s.m.m.a.RequestResponseBodyMethodProcessor - Writing [PagedModel { content: [EntityModel { content: UsuarioEntity(idUsuario=1, usuario=admin, contraseña=1 (truncated)...]
2026-02-12 18:42:36.792 [http-nio-8080-exec-7] DEBUG o.s.web.servlet.DispatcherServlet - Completed 200 OK
2026-02-12 18:42:36.793 [http-nio-8080-exec-9] DEBUG o.s.web.servlet.DispatcherServlet - GET "/api/usuarios-rest?page=0&size=5", parameters={masked}
2026-02-12 18:42:36.804 [http-nio-8080-exec-9] DEBUG o.s.w.s.m.m.a.RequestResponseBodyMethodProcessor - Using 'application/json', given [application/json, text/plain, */*] and supported [application/hal+json, application/json]
2026-02-12 18:42:36.804 [http-nio-8080-exec-9] DEBUG o.s.w.s.m.m.a.RequestResponseBodyMethodProcessor - Writing [PagedModel { content: [EntityModel { content: UsuarioEntity(idUsuario=1, usuario=admin, contraseña=1 (truncated)...]
2026-02-12 18:42:36.819 [http-nio-8080-exec-9] DEBUG o.s.web.servlet.DispatcherServlet - Completed 200 OK
2026-02-12 18:42:39.024 [http-nio-8080-exec-8] DEBUG o.s.web.servlet.DispatcherServlet - GET "/api/tareas-rest/search/porUsuario?id=1&size=100", parameters={masked}
2026-02-12 18:42:39.104 [http-nio-8080-exec-8] DEBUG o.s.w.s.m.m.a.HttpEntityMethodProcessor - Using 'application/json', given [application/json, text/plain, */*] and supported [application/hal+json, application/json]
2026-02-12 18:42:39.104 [http-nio-8080-exec-8] DEBUG o.s.w.s.m.m.a.HttpEntityMethodProcessor - Writing [PagedModel { content: [EntityModel { content: TaskEntity(idTarea=1, titulo=Configurar el entorno de  (truncated)...]
2026-02-12 18:42:39.104 [http-nio-8080-exec-8] DEBUG o.s.web.servlet.DispatcherServlet - Completed 200 OK
2026-02-12 18:42:39.104 [http-nio-8080-exec-10] DEBUG o.s.web.servlet.DispatcherServlet - GET "/api/tareas-rest/search/porUsuario?id=1&size=100", parameters={masked}
2026-02-12 18:42:39.135 [http-nio-8080-exec-10] DEBUG o.s.w.s.m.m.a.HttpEntityMethodProcessor - Using 'application/json', given [application/json, text/plain, */*] and supported [application/hal+json, application/json]
2026-02-12 18:42:39.135 [http-nio-8080-exec-10] DEBUG o.s.w.s.m.m.a.HttpEntityMethodProcessor - Writing [PagedModel { content: [EntityModel { content: TaskEntity(idTarea=1, titulo=Configurar el entorno de  (truncated)...]
2026-02-12 18:42:39.144 [http-nio-8080-exec-10] DEBUG o.s.web.servlet.DispatcherServlet - Completed 200 OK
2026-02-12 18:42:45.809 [http-nio-8080-exec-1] DEBUG o.s.web.servlet.DispatcherServlet - GET "/api/usuarios-rest?size=100", parameters={masked}
2026-02-12 18:42:45.834 [http-nio-8080-exec-1] DEBUG o.s.w.s.m.m.a.RequestResponseBodyMethodProcessor - Using 'application/json', given [application/json, text/plain, */*] and supported [application/hal+json, application/json]
2026-02-12 18:42:45.837 [http-nio-8080-exec-1] DEBUG o.s.w.s.m.m.a.RequestResponseBodyMethodProcessor - Writing [PagedModel { content: [EntityModel { content: UsuarioEntity(idUsuario=1, usuario=admin, contraseña=1 (truncated)...]
2026-02-12 18:42:45.852 [http-nio-8080-exec-4] DEBUG o.s.web.servlet.DispatcherServlet - GET "/api/usuarios-rest?size=100", parameters={masked}
2026-02-12 18:42:45.854 [http-nio-8080-exec-1] DEBUG o.s.web.servlet.DispatcherServlet - Completed 200 OK
2026-02-12 18:42:45.870 [http-nio-8080-exec-4] DEBUG o.s.w.s.m.m.a.RequestResponseBodyMethodProcessor - Using 'application/json', given [application/json, text/plain, */*] and supported [application/hal+json, application/json]
2026-02-12 18:42:45.870 [http-nio-8080-exec-4] DEBUG o.s.w.s.m.m.a.RequestResponseBodyMethodProcessor - Writing [PagedModel { content: [EntityModel { content: UsuarioEntity(idUsuario=1, usuario=admin, contraseña=1 (truncated)...]
2026-02-12 18:42:45.895 [http-nio-8080-exec-4] DEBUG o.s.web.servlet.DispatcherServlet - Completed 200 OK
2026-02-12 18:42:48.301 [http-nio-8080-exec-2] DEBUG o.s.web.servlet.DispatcherServlet - GET "/api/usuarios-rest?page=0&size=5", parameters={masked}
2026-02-12 18:42:48.322 [http-nio-8080-exec-2] DEBUG o.s.w.s.m.m.a.RequestResponseBodyMethodProcessor - Using 'application/json', given [application/json, text/plain, */*] and supported [application/hal+json, application/json]
2026-02-12 18:42:48.322 [http-nio-8080-exec-2] DEBUG o.s.w.s.m.m.a.RequestResponseBodyMethodProcessor - Writing [PagedModel { content: [EntityModel { content: UsuarioEntity(idUsuario=1, usuario=admin, contraseña=1 (truncated)...]
2026-02-12 18:42:48.327 [http-nio-8080-exec-2] DEBUG o.s.web.servlet.DispatcherServlet - Completed 200 OK
2026-02-12 18:42:48.329 [http-nio-8080-exec-6] DEBUG o.s.web.servlet.DispatcherServlet - GET "/api/usuarios-rest?page=0&size=5", parameters={masked}
2026-02-12 18:42:48.354 [http-nio-8080-exec-6] DEBUG o.s.w.s.m.m.a.RequestResponseBodyMethodProcessor - Using 'application/json', given [application/json, text/plain, */*] and supported [application/hal+json, application/json]
2026-02-12 18:42:48.354 [http-nio-8080-exec-6] DEBUG o.s.w.s.m.m.a.RequestResponseBodyMethodProcessor - Writing [PagedModel { content: [EntityModel { content: UsuarioEntity(idUsuario=1, usuario=admin, contraseña=1 (truncated)...]
2026-02-12 18:42:48.356 [http-nio-8080-exec-6] DEBUG o.s.web.servlet.DispatcherServlet - Completed 200 OK
2026-02-12 18:46:03.761 [http-nio-8080-exec-7] DEBUG o.s.web.servlet.DispatcherServlet - GET "/api/usuarios-rest?page=0&size=5", parameters={masked}
2026-02-12 18:46:03.796 [http-nio-8080-exec-7] DEBUG o.s.w.s.m.m.a.RequestResponseBodyMethodProcessor - Using 'application/json', given [application/json, text/plain, */*] and supported [application/hal+json, application/json]
2026-02-12 18:46:03.796 [http-nio-8080-exec-7] DEBUG o.s.w.s.m.m.a.RequestResponseBodyMethodProcessor - Writing [PagedModel { content: [EntityModel { content: UsuarioEntity(idUsuario=1, usuario=admin, contraseña=1 (truncated)...]
2026-02-12 18:46:03.804 [http-nio-8080-exec-7] DEBUG o.s.web.servlet.DispatcherServlet - Completed 200 OK
2026-02-12 18:46:03.806 [http-nio-8080-exec-9] DEBUG o.s.web.servlet.DispatcherServlet - GET "/api/usuarios-rest?page=0&size=5", parameters={masked}
2026-02-12 18:46:03.829 [http-nio-8080-exec-9] DEBUG o.s.w.s.m.m.a.RequestResponseBodyMethodProcessor - Using 'application/json', given [application/json, text/plain, */*] and supported [application/hal+json, application/json]
2026-02-12 18:46:03.829 [http-nio-8080-exec-9] DEBUG o.s.w.s.m.m.a.RequestResponseBodyMethodProcessor - Writing [PagedModel { content: [EntityModel { content: UsuarioEntity(idUsuario=1, usuario=admin, contraseña=1 (truncated)...]
2026-02-12 18:46:03.836 [http-nio-8080-exec-9] DEBUG o.s.web.servlet.DispatcherServlet - Completed 200 OK
2026-02-12 18:46:12.307 [http-nio-8080-exec-8] DEBUG o.s.web.servlet.DispatcherServlet - GET "/api/tareas-rest/search/porUsuario?id=1&size=100", parameters={masked}
2026-02-12 18:46:12.331 [http-nio-8080-exec-8] DEBUG o.s.w.s.m.m.a.HttpEntityMethodProcessor - Using 'application/json', given [application/json, text/plain, */*] and supported [application/hal+json, application/json]
2026-02-12 18:46:12.332 [http-nio-8080-exec-8] DEBUG o.s.w.s.m.m.a.HttpEntityMethodProcessor - Writing [PagedModel { content: [EntityModel { content: TaskEntity(idTarea=1, titulo=Configurar el entorno de  (truncated)...]
2026-02-12 18:46:12.340 [http-nio-8080-exec-8] DEBUG o.s.web.servlet.DispatcherServlet - Completed 200 OK
2026-02-12 18:46:12.344 [http-nio-8080-exec-10] DEBUG o.s.web.servlet.DispatcherServlet - GET "/api/tareas-rest/search/porUsuario?id=1&size=100", parameters={masked}
2026-02-12 18:46:12.365 [http-nio-8080-exec-10] DEBUG o.s.w.s.m.m.a.HttpEntityMethodProcessor - Using 'application/json', given [application/json, text/plain, */*] and supported [application/hal+json, application/json]
2026-02-12 18:46:12.365 [http-nio-8080-exec-10] DEBUG o.s.w.s.m.m.a.HttpEntityMethodProcessor - Writing [PagedModel { content: [EntityModel { content: TaskEntity(idTarea=1, titulo=Configurar el entorno de  (truncated)...]
2026-02-12 18:46:12.365 [http-nio-8080-exec-10] DEBUG o.s.web.servlet.DispatcherServlet - Completed 200 OK
2026-02-12 18:48:34.102 [http-nio-8080-exec-2] DEBUG o.s.web.servlet.DispatcherServlet - GET "/api/tareas-rest/search/porUsuario?id=1&size=100", parameters={masked}
2026-02-12 18:48:34.143 [http-nio-8080-exec-2] DEBUG o.s.w.s.m.m.a.HttpEntityMethodProcessor - Using 'application/json', given [application/json, text/plain, */*] and supported [application/hal+json, application/json]
2026-02-12 18:48:34.143 [http-nio-8080-exec-2] DEBUG o.s.w.s.m.m.a.HttpEntityMethodProcessor - Writing [PagedModel { content: [EntityModel { content: TaskEntity(idTarea=1, titulo=Configurar el entorno de  (truncated)...]
2026-02-12 18:48:34.155 [http-nio-8080-exec-2] DEBUG o.s.web.servlet.DispatcherServlet - Completed 200 OK
2026-02-12 18:48:38.909 [http-nio-8080-exec-6] DEBUG o.s.web.servlet.DispatcherServlet - GET "/api/tareas-rest/search/porUsuario?id=1&size=100", parameters={masked}
2026-02-12 18:48:38.939 [http-nio-8080-exec-6] DEBUG o.s.w.s.m.m.a.HttpEntityMethodProcessor - Using 'application/json', given [application/json, text/plain, */*] and supported [application/hal+json, application/json]
2026-02-12 18:48:38.939 [http-nio-8080-exec-6] DEBUG o.s.w.s.m.m.a.HttpEntityMethodProcessor - Writing [PagedModel { content: [EntityModel { content: TaskEntity(idTarea=1, titulo=Configurar el entorno de  (truncated)...]
2026-02-12 18:48:38.952 [http-nio-8080-exec-6] DEBUG o.s.web.servlet.DispatcherServlet - Completed 200 OK
2026-02-12 18:48:40.719 [http-nio-8080-exec-3] DEBUG o.s.web.servlet.DispatcherServlet - GET "/api/tareas-rest/search/porUsuario?id=1&size=100", parameters={masked}
2026-02-12 18:48:40.737 [http-nio-8080-exec-3] DEBUG o.s.w.s.m.m.a.HttpEntityMethodProcessor - Using 'application/json', given [application/json, text/plain, */*] and supported [application/hal+json, application/json]
2026-02-12 18:48:40.737 [http-nio-8080-exec-3] DEBUG o.s.w.s.m.m.a.HttpEntityMethodProcessor - Writing [PagedModel { content: [EntityModel { content: TaskEntity(idTarea=1, titulo=Configurar el entorno de  (truncated)...]
2026-02-12 18:48:40.750 [http-nio-8080-exec-3] DEBUG o.s.web.servlet.DispatcherServlet - Completed 200 OK
2026-02-12 18:48:40.752 [http-nio-8080-exec-5] DEBUG o.s.web.servlet.DispatcherServlet - GET "/api/tareas-rest/search/porUsuario?id=1&size=100", parameters={masked}
2026-02-12 18:48:40.766 [http-nio-8080-exec-5] DEBUG o.s.w.s.m.m.a.HttpEntityMethodProcessor - Using 'application/json', given [application/json, text/plain, */*] and supported [application/hal+json, application/json]
2026-02-12 18:48:40.774 [http-nio-8080-exec-5] DEBUG o.s.w.s.m.m.a.HttpEntityMethodProcessor - Writing [PagedModel { content: [EntityModel { content: TaskEntity(idTarea=1, titulo=Configurar el entorno de  (truncated)...]
2026-02-12 18:48:40.784 [http-nio-8080-exec-5] DEBUG o.s.web.servlet.DispatcherServlet - Completed 200 OK
2026-02-12 18:48:54.120 [http-nio-8080-exec-7] DEBUG o.s.web.servlet.DispatcherServlet - GET "/api/tareas-rest/search/porUsuario?id=1&size=100", parameters={masked}
2026-02-12 18:48:54.145 [http-nio-8080-exec-7] DEBUG o.s.w.s.m.m.a.HttpEntityMethodProcessor - Using 'application/json', given [application/json, text/plain, */*] and supported [application/hal+json, application/json]
2026-02-12 18:48:54.147 [http-nio-8080-exec-7] DEBUG o.s.w.s.m.m.a.HttpEntityMethodProcessor - Writing [PagedModel { content: [EntityModel { content: TaskEntity(idTarea=1, titulo=Configurar el entorno de  (truncated)...]
2026-02-12 18:48:54.190 [http-nio-8080-exec-7] DEBUG o.s.web.servlet.DispatcherServlet - Completed 200 OK
2026-02-12 19:16:30.100 [http-nio-8080-exec-10] DEBUG o.s.web.servlet.DispatcherServlet - GET "/api/usuarios-rest?size=100", parameters={masked}
2026-02-12 19:16:30.468 [http-nio-8080-exec-10] DEBUG o.s.w.s.m.m.a.RequestResponseBodyMethodProcessor - Using 'application/json', given [application/json, text/plain, */*] and supported [application/hal+json, application/json]
2026-02-12 19:16:30.487 [http-nio-8080-exec-10] DEBUG o.s.w.s.m.m.a.RequestResponseBodyMethodProcessor - Writing [PagedModel { content: [EntityModel { content: UsuarioEntity(idUsuario=1, usuario=admin, contraseña=1 (truncated)...]
2026-02-12 19:16:30.559 [http-nio-8080-exec-4] DEBUG o.s.web.servlet.DispatcherServlet - GET "/api/usuarios-rest?size=100", parameters={masked}
2026-02-12 19:16:30.559 [http-nio-8080-exec-10] DEBUG o.s.web.servlet.DispatcherServlet - Completed 200 OK
2026-02-12 19:16:30.585 [http-nio-8080-exec-4] DEBUG o.s.w.s.m.m.a.RequestResponseBodyMethodProcessor - Using 'application/json', given [application/json, text/plain, */*] and supported [application/hal+json, application/json]
2026-02-12 19:16:30.588 [http-nio-8080-exec-4] DEBUG o.s.w.s.m.m.a.RequestResponseBodyMethodProcessor - Writing [PagedModel { content: [EntityModel { content: UsuarioEntity(idUsuario=1, usuario=admin, contraseña=1 (truncated)...]
2026-02-12 19:16:30.616 [http-nio-8080-exec-4] DEBUG o.s.web.servlet.DispatcherServlet - Completed 200 OK
2026-02-12 19:17:36.162 [http-nio-8080-exec-6] DEBUG o.s.web.servlet.DispatcherServlet - GET "/api/tareas-rest/search/porUsuario?id=1&size=100", parameters={masked}
2026-02-12 19:17:36.232 [http-nio-8080-exec-6] DEBUG o.s.w.s.m.m.a.HttpEntityMethodProcessor - Using 'application/json', given [application/json, text/plain, */*] and supported [application/hal+json, application/json]
2026-02-12 19:17:36.232 [http-nio-8080-exec-6] DEBUG o.s.w.s.m.m.a.HttpEntityMethodProcessor - Writing [PagedModel { content: [EntityModel { content: TaskEntity(idTarea=1, titulo=Configurar el entorno de  (truncated)...]
2026-02-12 19:17:36.247 [http-nio-8080-exec-6] DEBUG o.s.web.servlet.DispatcherServlet - Completed 200 OK
2026-02-12 19:17:36.248 [http-nio-8080-exec-3] DEBUG o.s.web.servlet.DispatcherServlet - GET "/api/tareas-rest/search/porUsuario?id=1&size=100", parameters={masked}
2026-02-12 19:17:36.281 [http-nio-8080-exec-3] DEBUG o.s.w.s.m.m.a.HttpEntityMethodProcessor - Using 'application/json', given [application/json, text/plain, */*] and supported [application/hal+json, application/json]
2026-02-12 19:17:36.284 [http-nio-8080-exec-3] DEBUG o.s.w.s.m.m.a.HttpEntityMethodProcessor - Writing [PagedModel { content: [EntityModel { content: TaskEntity(idTarea=1, titulo=Configurar el entorno de  (truncated)...]
2026-02-12 19:17:36.294 [http-nio-8080-exec-3] DEBUG o.s.web.servlet.DispatcherServlet - Completed 200 OK
2026-02-12 19:19:36.809 [http-nio-8080-exec-9] DEBUG o.s.web.servlet.DispatcherServlet - GET "/api/auditoria?size=50&sort=fechaHora,desc", parameters={masked}
2026-02-12 19:19:37.402 [http-nio-8080-exec-9] DEBUG o.s.w.s.m.m.a.RequestResponseBodyMethodProcessor - Using 'application/json', given [application/json, text/plain, */*] and supported [application/hal+json, application/json]
2026-02-12 19:19:37.429 [http-nio-8080-exec-9] DEBUG o.s.w.s.m.m.a.RequestResponseBodyMethodProcessor - Writing [PagedModel { content: [EntityModel { content: AuditoriaEntity(idauditoria=65, fechaHora=2026-02-12T1 (truncated)...]
2026-02-12 19:19:37.486 [http-nio-8080-exec-8] DEBUG o.s.web.servlet.DispatcherServlet - GET "/api/auditoria?size=50&sort=fechaHora,desc", parameters={masked}
2026-02-12 19:19:37.491 [http-nio-8080-exec-9] DEBUG o.s.web.servlet.DispatcherServlet - Completed 200 OK
2026-02-12 19:19:37.540 [http-nio-8080-exec-8] DEBUG o.s.w.s.m.m.a.RequestResponseBodyMethodProcessor - Using 'application/json', given [application/json, text/plain, */*] and supported [application/hal+json, application/json]
2026-02-12 19:19:37.541 [http-nio-8080-exec-8] DEBUG o.s.w.s.m.m.a.RequestResponseBodyMethodProcessor - Writing [PagedModel { content: [EntityModel { content: AuditoriaEntity(idauditoria=65, fechaHora=2026-02-12T1 (truncated)...]
2026-02-12 19:19:37.580 [http-nio-8080-exec-8] DEBUG o.s.web.servlet.DispatcherServlet - Completed 200 OK
2026-02-12 19:19:56.673 [http-nio-8080-exec-10] DEBUG o.s.web.servlet.DispatcherServlet - GET "/api/auditoria/search/buscarPorOperacion?operacion=admin", parameters={masked}
2026-02-12 19:19:56.781 [http-nio-8080-exec-10] DEBUG o.s.w.s.m.m.a.HttpEntityMethodProcessor - Using 'application/json', given [application/json, text/plain, */*] and supported [application/hal+json, application/json]
2026-02-12 19:19:56.810 [http-nio-8080-exec-10] DEBUG o.s.w.s.m.m.a.HttpEntityMethodProcessor - Writing [CollectionModel { content: [org.springframework.hateoas.server.core.EmbeddedWrappers$EmptyCollection (truncated)...]
2026-02-12 19:19:56.810 [http-nio-8080-exec-10] DEBUG o.s.web.servlet.DispatcherServlet - Completed 200 OK
2026-02-12 19:20:01.315 [http-nio-8080-exec-4] DEBUG o.s.web.servlet.DispatcherServlet - GET "/api/auditoria?size=50&sort=fechaHora,desc", parameters={masked}
2026-02-12 19:20:01.360 [http-nio-8080-exec-4] DEBUG o.s.w.s.m.m.a.RequestResponseBodyMethodProcessor - Using 'application/json', given [application/json, text/plain, */*] and supported [application/hal+json, application/json]
2026-02-12 19:20:01.360 [http-nio-8080-exec-4] DEBUG o.s.w.s.m.m.a.RequestResponseBodyMethodProcessor - Writing [PagedModel { content: [EntityModel { content: AuditoriaEntity(idauditoria=65, fechaHora=2026-02-12T1 (truncated)...]
2026-02-12 19:20:01.392 [http-nio-8080-exec-2] DEBUG o.s.web.servlet.DispatcherServlet - GET "/api/auditoria?size=50&sort=fechaHora,desc", parameters={masked}
2026-02-12 19:20:01.398 [http-nio-8080-exec-4] DEBUG o.s.web.servlet.DispatcherServlet - Completed 200 OK
2026-02-12 19:20:01.438 [http-nio-8080-exec-2] DEBUG o.s.w.s.m.m.a.RequestResponseBodyMethodProcessor - Using 'application/json', given [application/json, text/plain, */*] and supported [application/hal+json, application/json]
2026-02-12 19:20:01.443 [http-nio-8080-exec-2] DEBUG o.s.w.s.m.m.a.RequestResponseBodyMethodProcessor - Writing [PagedModel { content: [EntityModel { content: AuditoriaEntity(idauditoria=65, fechaHora=2026-02-12T1 (truncated)...]
2026-02-12 19:20:01.471 [http-nio-8080-exec-2] DEBUG o.s.web.servlet.DispatcherServlet - Completed 200 OK
2026-02-12 19:20:44.851 [http-nio-8080-exec-1] DEBUG o.s.web.servlet.DispatcherServlet - GET "/api/auditoria?size=50&sort=fechaHora,desc", parameters={masked}
2026-02-12 19:20:44.904 [http-nio-8080-exec-1] DEBUG o.s.w.s.m.m.a.RequestResponseBodyMethodProcessor - Using 'application/json', given [application/json, text/plain, */*] and supported [application/hal+json, application/json]
2026-02-12 19:20:44.909 [http-nio-8080-exec-1] DEBUG o.s.w.s.m.m.a.RequestResponseBodyMethodProcessor - Writing [PagedModel { content: [EntityModel { content: AuditoriaEntity(idauditoria=65, fechaHora=2026-02-12T1 (truncated)...]
2026-02-12 19:20:44.919 [http-nio-8080-exec-6] DEBUG o.s.web.servlet.DispatcherServlet - GET "/api/auditoria?size=50&sort=fechaHora,desc", parameters={masked}
2026-02-12 19:20:44.926 [http-nio-8080-exec-1] DEBUG o.s.web.servlet.DispatcherServlet - Completed 200 OK
2026-02-12 19:20:44.954 [http-nio-8080-exec-6] DEBUG o.s.w.s.m.m.a.RequestResponseBodyMethodProcessor - Using 'application/json', given [application/json, text/plain, */*] and supported [application/hal+json, application/json]
2026-02-12 19:20:44.954 [http-nio-8080-exec-6] DEBUG o.s.w.s.m.m.a.RequestResponseBodyMethodProcessor - Writing [PagedModel { content: [EntityModel { content: AuditoriaEntity(idauditoria=65, fechaHora=2026-02-12T1 (truncated)...]
2026-02-12 19:20:44.995 [http-nio-8080-exec-6] DEBUG o.s.web.servlet.DispatcherServlet - Completed 200 OK
2026-02-12 19:33:37.355 [http-nio-8080-exec-7] DEBUG o.s.web.servlet.DispatcherServlet - GET "/api/auditoria/search/buscarPorOperacion?operacion=validar", parameters={masked}
2026-02-12 19:33:37.372 [http-nio-8080-exec-7] DEBUG o.s.w.s.m.m.a.HttpEntityMethodProcessor - Using 'application/json', given [application/json, text/plain, */*] and supported [application/hal+json, application/json]
2026-02-12 19:33:37.373 [http-nio-8080-exec-7] DEBUG o.s.w.s.m.m.a.HttpEntityMethodProcessor - Writing [CollectionModel { content: [EntityModel { content: AuditoriaEntity(idauditoria=2, fechaHora=2026-02- (truncated)...]
2026-02-12 19:33:37.377 [http-nio-8080-exec-7] DEBUG o.s.web.servlet.DispatcherServlet - Completed 200 OK
2026-02-12 19:42:39.606 [http-nio-8080-exec-8] DEBUG o.s.web.servlet.DispatcherServlet - GET "/api/auditoria?size=50&sort=fechaHora,desc", parameters={masked}
2026-02-12 19:42:39.748 [http-nio-8080-exec-8] DEBUG o.s.w.s.m.m.a.RequestResponseBodyMethodProcessor - Using 'application/json', given [application/json, text/plain, */*] and supported [application/hal+json, application/json]
2026-02-12 19:42:39.752 [http-nio-8080-exec-8] DEBUG o.s.w.s.m.m.a.RequestResponseBodyMethodProcessor - Writing [PagedModel { content: [EntityModel { content: AuditoriaEntity(idauditoria=65, fechaHora=2026-02-12T1 (truncated)...]
2026-02-12 19:42:39.767 [http-nio-8080-exec-10] DEBUG o.s.web.servlet.DispatcherServlet - GET "/api/auditoria?size=50&sort=fechaHora,desc", parameters={masked}
2026-02-12 19:42:39.771 [http-nio-8080-exec-8] DEBUG o.s.web.servlet.DispatcherServlet - Completed 200 OK
2026-02-12 19:42:39.789 [http-nio-8080-exec-10] DEBUG o.s.w.s.m.m.a.RequestResponseBodyMethodProcessor - Using 'application/json', given [application/json, text/plain, */*] and supported [application/hal+json, application/json]
2026-02-12 19:42:39.790 [http-nio-8080-exec-10] DEBUG o.s.w.s.m.m.a.RequestResponseBodyMethodProcessor - Writing [PagedModel { content: [EntityModel { content: AuditoriaEntity(idauditoria=65, fechaHora=2026-02-12T1 (truncated)...]
2026-02-12 19:42:39.806 [http-nio-8080-exec-10] DEBUG o.s.web.servlet.DispatcherServlet - Completed 200 OK
2026-02-12 19:42:51.835 [http-nio-8080-exec-4] DEBUG o.s.web.servlet.DispatcherServlet - OPTIONS "/api/auth-rest/loginAccion", parameters={}
2026-02-12 19:42:51.835 [http-nio-8080-exec-4] DEBUG o.s.w.s.m.m.a.RequestMappingHandlerMapping - Mapped to com.example.ProyectoBackEnd.controller.LoginController#loginAccion(UsuarioEntity, HttpSession)
2026-02-12 19:42:51.851 [http-nio-8080-exec-4] DEBUG o.s.web.servlet.DispatcherServlet - Completed 200 OK
2026-02-12 19:42:51.855 [http-nio-8080-exec-2] DEBUG o.s.web.servlet.DispatcherServlet - POST "/api/auth-rest/loginAccion", parameters={}
2026-02-12 19:42:51.855 [http-nio-8080-exec-2] DEBUG o.s.w.s.m.m.a.RequestMappingHandlerMapping - Mapped to com.example.ProyectoBackEnd.controller.LoginController#loginAccion(UsuarioEntity, HttpSession)
2026-02-12 19:42:51.869 [http-nio-8080-exec-2] DEBUG o.s.w.s.m.m.a.RequestResponseBodyMethodProcessor - Read "application/json;charset=UTF-8" to [UsuarioEntity(idUsuario=null, usuario=yaddif, contraseña=12345, fechaCreacion=null, estado=null, fec (truncated)...]
2026-02-12 19:42:51.881 [http-nio-8080-exec-2] INFO  c.e.P.controller.LoginController - AUDITORIA: Intento de login para usuario: yaddif
2026-02-12 19:42:51.950 [http-nio-8080-exec-2] INFO  c.e.P.aspect.LogginAspect - Operación buscarPorNombre completada en 15 ms
2026-02-12 19:42:51.967 [http-nio-8080-exec-2] INFO  c.e.P.aspect.LogginAspect - Operación validarLogin completada en 0 ms
2026-02-12 19:42:51.967 [http-nio-8080-exec-2] INFO  c.e.P.controller.LoginController - Login exitoso. Derivando a principal.
2026-02-12 19:42:52.162 [http-nio-8080-exec-2] DEBUG o.s.w.s.m.m.a.RequestResponseBodyMethodProcessor - Using 'application/json', given [application/json, text/plain, */*] and supported [application/hal+json, application/vnd.hal+json, application/json, application/schema+json, application/json-patch+json, application/merge-patch+json, application/x-spring-data-verbose+json, application/x-spring-data-compact+json, application/prs.hal-forms+json, application/*+json]
2026-02-12 19:42:52.162 [http-nio-8080-exec-2] DEBUG o.s.w.s.m.m.a.RequestResponseBodyMethodProcessor - Writing [EntityModel { content: UsuarioEntity(idUsuario=2, usuario=yaddif, contraseña=12345, fechaCreacion=20 (truncated)...]
2026-02-12 19:42:52.166 [http-nio-8080-exec-2] DEBUG o.s.web.servlet.DispatcherServlet - Completed 200 OK
2026-02-12 19:42:52.983 [http-nio-8080-exec-1] DEBUG o.s.web.servlet.DispatcherServlet - GET "/api/tareas-rest/search/porUsuario?id=2&size=100", parameters={masked}
2026-02-12 19:42:53.047 [http-nio-8080-exec-1] DEBUG o.s.w.s.m.m.a.HttpEntityMethodProcessor - Using 'application/json', given [application/json, text/plain, */*] and supported [application/hal+json, application/json]
2026-02-12 19:42:53.048 [http-nio-8080-exec-1] DEBUG o.s.w.s.m.m.a.HttpEntityMethodProcessor - Writing [PagedModel { content: [EntityModel { content: TaskEntity(idTarea=7, titulo=Prueba, estado=Pendiente, (truncated)...]
2026-02-12 19:42:53.069 [http-nio-8080-exec-1] DEBUG o.s.web.servlet.DispatcherServlet - Completed 200 OK
2026-02-12 19:42:53.071 [http-nio-8080-exec-6] DEBUG o.s.web.servlet.DispatcherServlet - GET "/api/tareas-rest/search/porUsuario?id=2&size=100", parameters={masked}
2026-02-12 19:42:53.080 [http-nio-8080-exec-6] DEBUG o.s.w.s.m.m.a.HttpEntityMethodProcessor - Using 'application/json', given [application/json, text/plain, */*] and supported [application/hal+json, application/json]
2026-02-12 19:42:53.080 [http-nio-8080-exec-6] DEBUG o.s.w.s.m.m.a.HttpEntityMethodProcessor - Writing [PagedModel { content: [EntityModel { content: TaskEntity(idTarea=7, titulo=Prueba, estado=Pendiente, (truncated)...]
2026-02-12 19:42:53.082 [http-nio-8080-exec-6] DEBUG o.s.web.servlet.DispatcherServlet - Completed 200 OK
2026-02-12 19:43:03.108 [http-nio-8080-exec-3] DEBUG o.s.web.servlet.DispatcherServlet - OPTIONS "/api/tareas-rest", parameters={}
2026-02-12 19:43:03.110 [http-nio-8080-exec-3] DEBUG o.s.web.servlet.DispatcherServlet - Completed 200 OK
2026-02-12 19:43:03.112 [http-nio-8080-exec-5] DEBUG o.s.web.servlet.DispatcherServlet - POST "/api/tareas-rest", parameters={}
2026-02-12 19:43:03.131 [http-nio-8080-exec-5] DEBUG o.s.w.s.m.m.a.HttpEntityMethodProcessor - Using 'application/json', given [application/json, text/plain, */*] and supported [application/hal+json, application/json]
2026-02-12 19:43:03.131 [http-nio-8080-exec-5] DEBUG o.s.w.s.m.m.a.HttpEntityMethodProcessor - Writing [EntityModel { content: TaskEntity(idTarea=35, titulo=Probando Tiempo de Auditoria, estado=Pendiente, (truncated)...]
2026-02-12 19:43:03.131 [http-nio-8080-exec-5] DEBUG o.s.web.servlet.DispatcherServlet - Completed 201 CREATED
2026-02-12 19:43:03.131 [http-nio-8080-exec-7] DEBUG o.s.web.servlet.DispatcherServlet - GET "/api/tareas-rest/search/porUsuario?id=2&size=100", parameters={masked}
2026-02-12 19:43:03.149 [http-nio-8080-exec-7] DEBUG o.s.w.s.m.m.a.HttpEntityMethodProcessor - Using 'application/json', given [application/json, text/plain, */*] and supported [application/hal+json, application/json]
2026-02-12 19:43:03.149 [http-nio-8080-exec-7] DEBUG o.s.w.s.m.m.a.HttpEntityMethodProcessor - Writing [PagedModel { content: [EntityModel { content: TaskEntity(idTarea=7, titulo=Prueba, estado=Pendiente, (truncated)...]
2026-02-12 19:43:03.149 [http-nio-8080-exec-7] DEBUG o.s.web.servlet.DispatcherServlet - Completed 200 OK
2026-02-12 19:43:07.679 [http-nio-8080-exec-9] DEBUG o.s.web.servlet.DispatcherServlet - GET "/api/auditoria?size=50&sort=fechaHora,desc", parameters={masked}
2026-02-12 19:43:07.697 [http-nio-8080-exec-9] DEBUG o.s.w.s.m.m.a.RequestResponseBodyMethodProcessor - Using 'application/json', given [application/json, text/plain, */*] and supported [application/hal+json, application/json]
2026-02-12 19:43:07.697 [http-nio-8080-exec-9] DEBUG o.s.w.s.m.m.a.RequestResponseBodyMethodProcessor - Writing [PagedModel { content: [EntityModel { content: AuditoriaEntity(idauditoria=67, fechaHora=2026-02-12T1 (truncated)...]
2026-02-12 19:43:07.697 [http-nio-8080-exec-8] DEBUG o.s.web.servlet.DispatcherServlet - GET "/api/auditoria?size=50&sort=fechaHora,desc", parameters={masked}
2026-02-12 19:43:07.712 [http-nio-8080-exec-9] DEBUG o.s.web.servlet.DispatcherServlet - Completed 200 OK
2026-02-12 19:43:07.732 [http-nio-8080-exec-8] DEBUG o.s.w.s.m.m.a.RequestResponseBodyMethodProcessor - Using 'application/json', given [application/json, text/plain, */*] and supported [application/hal+json, application/json]
2026-02-12 19:43:07.733 [http-nio-8080-exec-8] DEBUG o.s.w.s.m.m.a.RequestResponseBodyMethodProcessor - Writing [PagedModel { content: [EntityModel { content: AuditoriaEntity(idauditoria=67, fechaHora=2026-02-12T1 (truncated)...]
2026-02-12 19:43:07.746 [http-nio-8080-exec-8] DEBUG o.s.web.servlet.DispatcherServlet - Completed 200 OK
2026-02-12 19:43:25.818 [http-nio-8080-exec-10] DEBUG o.s.web.servlet.DispatcherServlet - OPTIONS "/api/tareas-rest/35", parameters={}
2026-02-12 19:43:25.819 [http-nio-8080-exec-10] DEBUG o.s.web.servlet.DispatcherServlet - Completed 200 OK
2026-02-12 19:43:25.821 [http-nio-8080-exec-4] DEBUG o.s.web.servlet.DispatcherServlet - DELETE "/api/tareas-rest/35", parameters={}
2026-02-12 19:43:25.843 [http-nio-8080-exec-4] DEBUG o.s.w.s.m.m.a.HttpEntityMethodProcessor - Using 'application/json', given [application/json, text/plain, */*] and supported [application/hal+json, application/json]
2026-02-12 19:43:25.844 [http-nio-8080-exec-4] DEBUG o.s.w.s.m.m.a.HttpEntityMethodProcessor - Writing [EntityModel { content: TaskEntity(idTarea=35, titulo=Probando Tiempo de Auditoria, estado=Pendiente, (truncated)...]
2026-02-12 19:43:25.845 [http-nio-8080-exec-4] DEBUG o.s.web.servlet.DispatcherServlet - Completed 200 OK
2026-02-12 19:43:25.851 [http-nio-8080-exec-2] DEBUG o.s.web.servlet.DispatcherServlet - GET "/api/tareas-rest/search/porUsuario?id=2&size=100", parameters={masked}
2026-02-12 19:43:25.859 [http-nio-8080-exec-2] DEBUG o.s.w.s.m.m.a.HttpEntityMethodProcessor - Using 'application/json', given [application/json, text/plain, */*] and supported [application/hal+json, application/json]
2026-02-12 19:43:25.860 [http-nio-8080-exec-2] DEBUG o.s.w.s.m.m.a.HttpEntityMethodProcessor - Writing [PagedModel { content: [EntityModel { content: TaskEntity(idTarea=7, titulo=Prueba, estado=Pendiente, (truncated)...]
2026-02-12 19:43:25.862 [http-nio-8080-exec-2] DEBUG o.s.web.servlet.DispatcherServlet - Completed 200 OK
2026-02-12 19:43:28.476 [http-nio-8080-exec-1] DEBUG o.s.web.servlet.DispatcherServlet - GET "/api/auditoria?size=50&sort=fechaHora,desc", parameters={masked}
2026-02-12 19:43:28.496 [http-nio-8080-exec-1] DEBUG o.s.w.s.m.m.a.RequestResponseBodyMethodProcessor - Using 'application/json', given [application/json, text/plain, */*] and supported [application/hal+json, application/json]
2026-02-12 19:43:28.498 [http-nio-8080-exec-1] DEBUG o.s.w.s.m.m.a.RequestResponseBodyMethodProcessor - Writing [PagedModel { content: [EntityModel { content: AuditoriaEntity(idauditoria=67, fechaHora=2026-02-12T1 (truncated)...]
2026-02-12 19:43:28.507 [http-nio-8080-exec-6] DEBUG o.s.web.servlet.DispatcherServlet - GET "/api/auditoria?size=50&sort=fechaHora,desc", parameters={masked}
2026-02-12 19:43:28.508 [http-nio-8080-exec-1] DEBUG o.s.web.servlet.DispatcherServlet - Completed 200 OK
2026-02-12 19:43:28.530 [http-nio-8080-exec-6] DEBUG o.s.w.s.m.m.a.RequestResponseBodyMethodProcessor - Using 'application/json', given [application/json, text/plain, */*] and supported [application/hal+json, application/json]
2026-02-12 19:43:28.532 [http-nio-8080-exec-6] DEBUG o.s.w.s.m.m.a.RequestResponseBodyMethodProcessor - Writing [PagedModel { content: [EntityModel { content: AuditoriaEntity(idauditoria=67, fechaHora=2026-02-12T1 (truncated)...]
2026-02-12 19:43:28.544 [http-nio-8080-exec-6] DEBUG o.s.web.servlet.DispatcherServlet - Completed 200 OK
2026-02-12 19:43:37.168 [http-nio-8080-exec-3] DEBUG o.s.web.servlet.DispatcherServlet - GET "/api/auditoria/search/buscarPorOperacion?operacion=e", parameters={masked}
2026-02-12 19:43:37.177 [http-nio-8080-exec-3] DEBUG o.s.w.s.m.m.a.HttpEntityMethodProcessor - Using 'application/json', given [application/json, text/plain, */*] and supported [application/hal+json, application/json]
2026-02-12 19:43:37.177 [http-nio-8080-exec-3] DEBUG o.s.w.s.m.m.a.HttpEntityMethodProcessor - Writing [CollectionModel { content: [EntityModel { content: AuditoriaEntity(idauditoria=1, fechaHora=2026-02- (truncated)...]
2026-02-12 19:43:37.198 [http-nio-8080-exec-3] DEBUG o.s.web.servlet.DispatcherServlet - Completed 200 OK
2026-02-12 19:43:38.990 [http-nio-8080-exec-5] DEBUG o.s.web.servlet.DispatcherServlet - GET "/api/auditoria/search/buscarPorOperacion?operacion=el", parameters={masked}
2026-02-12 19:43:38.994 [http-nio-8080-exec-5] DEBUG o.s.w.s.m.m.a.HttpEntityMethodProcessor - Using 'application/json', given [application/json, text/plain, */*] and supported [application/hal+json, application/json]
2026-02-12 19:43:38.994 [http-nio-8080-exec-5] DEBUG o.s.w.s.m.m.a.HttpEntityMethodProcessor - Writing [CollectionModel { content: [org.springframework.hateoas.server.core.EmbeddedWrappers$EmptyCollection (truncated)...]
2026-02-12 19:43:38.994 [http-nio-8080-exec-5] DEBUG o.s.web.servlet.DispatcherServlet - Completed 200 OK
2026-02-12 19:43:43.578 [http-nio-8080-exec-7] DEBUG o.s.web.servlet.DispatcherServlet - GET "/api/auditoria?size=50&sort=fechaHora,desc", parameters={masked}
2026-02-12 19:43:43.600 [http-nio-8080-exec-7] DEBUG o.s.w.s.m.m.a.RequestResponseBodyMethodProcessor - Using 'application/json', given [application/json, text/plain, */*] and supported [application/hal+json, application/json]
2026-02-12 19:43:43.601 [http-nio-8080-exec-7] DEBUG o.s.w.s.m.m.a.RequestResponseBodyMethodProcessor - Writing [PagedModel { content: [EntityModel { content: AuditoriaEntity(idauditoria=67, fechaHora=2026-02-12T1 (truncated)...]
2026-02-12 19:43:43.609 [http-nio-8080-exec-9] DEBUG o.s.web.servlet.DispatcherServlet - GET "/api/auditoria?size=50&sort=fechaHora,desc", parameters={masked}
2026-02-12 19:43:43.609 [http-nio-8080-exec-7] DEBUG o.s.web.servlet.DispatcherServlet - Completed 200 OK
2026-02-12 19:43:43.628 [http-nio-8080-exec-9] DEBUG o.s.w.s.m.m.a.RequestResponseBodyMethodProcessor - Using 'application/json', given [application/json, text/plain, */*] and supported [application/hal+json, application/json]
2026-02-12 19:43:43.630 [http-nio-8080-exec-9] DEBUG o.s.w.s.m.m.a.RequestResponseBodyMethodProcessor - Writing [PagedModel { content: [EntityModel { content: AuditoriaEntity(idauditoria=67, fechaHora=2026-02-12T1 (truncated)...]
2026-02-12 19:43:43.640 [http-nio-8080-exec-9] DEBUG o.s.web.servlet.DispatcherServlet - Completed 200 OK
2026-02-12 19:45:05.859 [http-nio-8080-exec-1] DEBUG o.s.web.servlet.DispatcherServlet - GET "/api/auditoria?size=50&sort=fechaHora,desc", parameters={masked}
2026-02-12 19:45:05.868 [http-nio-8080-exec-1] DEBUG o.s.w.s.m.m.a.RequestResponseBodyMethodProcessor - Using 'application/json', given [application/json, text/plain, */*] and supported [application/hal+json, application/json]
2026-02-12 19:45:05.868 [http-nio-8080-exec-1] DEBUG o.s.w.s.m.m.a.RequestResponseBodyMethodProcessor - Writing [PagedModel { content: [EntityModel { content: AuditoriaEntity(idauditoria=67, fechaHora=2026-02-12T1 (truncated)...]
2026-02-12 19:45:05.868 [http-nio-8080-exec-6] DEBUG o.s.web.servlet.DispatcherServlet - GET "/api/auditoria?size=50&sort=fechaHora,desc", parameters={masked}
2026-02-12 19:45:05.868 [http-nio-8080-exec-1] DEBUG o.s.web.servlet.DispatcherServlet - Completed 200 OK
2026-02-12 19:45:05.891 [http-nio-8080-exec-6] DEBUG o.s.w.s.m.m.a.RequestResponseBodyMethodProcessor - Using 'application/json', given [application/json, text/plain, */*] and supported [application/hal+json, application/json]
2026-02-12 19:45:05.892 [http-nio-8080-exec-6] DEBUG o.s.w.s.m.m.a.RequestResponseBodyMethodProcessor - Writing [PagedModel { content: [EntityModel { content: AuditoriaEntity(idauditoria=67, fechaHora=2026-02-12T1 (truncated)...]
2026-02-12 19:45:05.899 [http-nio-8080-exec-6] DEBUG o.s.web.servlet.DispatcherServlet - Completed 200 OK
2026-02-12 19:45:17.791 [http-nio-8080-exec-3] DEBUG o.s.web.servlet.DispatcherServlet - GET "/api/auditoria?size=50&sort=fechaHora,desc", parameters={masked}
2026-02-12 19:45:17.805 [http-nio-8080-exec-3] DEBUG o.s.w.s.m.m.a.RequestResponseBodyMethodProcessor - Using 'application/json', given [application/json, text/plain, */*] and supported [application/hal+json, application/json]
2026-02-12 19:45:17.806 [http-nio-8080-exec-3] DEBUG o.s.w.s.m.m.a.RequestResponseBodyMethodProcessor - Writing [PagedModel { content: [EntityModel { content: AuditoriaEntity(idauditoria=67, fechaHora=2026-02-12T1 (truncated)...]
2026-02-12 19:45:17.813 [http-nio-8080-exec-5] DEBUG o.s.web.servlet.DispatcherServlet - GET "/api/auditoria?size=50&sort=fechaHora,desc", parameters={masked}
2026-02-12 19:45:17.815 [http-nio-8080-exec-3] DEBUG o.s.web.servlet.DispatcherServlet - Completed 200 OK
2026-02-12 19:45:17.816 [http-nio-8080-exec-5] DEBUG o.s.w.s.m.m.a.RequestResponseBodyMethodProcessor - Using 'application/json', given [application/json, text/plain, */*] and supported [application/hal+json, application/json]
2026-02-12 19:45:17.816 [http-nio-8080-exec-5] DEBUG o.s.w.s.m.m.a.RequestResponseBodyMethodProcessor - Writing [PagedModel { content: [EntityModel { content: AuditoriaEntity(idauditoria=67, fechaHora=2026-02-12T1 (truncated)...]
2026-02-12 19:45:17.837 [http-nio-8080-exec-5] DEBUG o.s.web.servlet.DispatcherServlet - Completed 200 OK
2026-02-12 19:45:29.031 [http-nio-8080-exec-7] DEBUG o.s.web.servlet.DispatcherServlet - POST "/api/auth-rest/loginAccion", parameters={}
2026-02-12 19:45:29.031 [http-nio-8080-exec-7] DEBUG o.s.w.s.m.m.a.RequestMappingHandlerMapping - Mapped to com.example.ProyectoBackEnd.controller.LoginController#loginAccion(UsuarioEntity, HttpSession)
2026-02-12 19:45:29.031 [http-nio-8080-exec-7] DEBUG o.s.w.s.m.m.a.RequestResponseBodyMethodProcessor - Read "application/json;charset=UTF-8" to [UsuarioEntity(idUsuario=null, usuario=ABC, contraseña=ABC, fechaCreacion=null, estado=null, fechaEli (truncated)...]
2026-02-12 19:45:29.031 [http-nio-8080-exec-7] INFO  c.e.P.controller.LoginController - AUDITORIA: Intento de login para usuario: ABC
2026-02-12 19:45:29.052 [http-nio-8080-exec-7] INFO  c.e.P.aspect.LogginAspect - Operación buscarPorNombre completada en 15 ms
2026-02-12 19:45:29.057 [http-nio-8080-exec-7] INFO  c.e.P.aspect.LogginAspect - Operación validarLogin completada en 2 ms
2026-02-12 19:45:29.057 [http-nio-8080-exec-7] INFO  c.e.P.controller.LoginController - Login exitoso. Derivando a principal.
2026-02-12 19:45:29.067 [http-nio-8080-exec-7] DEBUG o.s.w.s.m.m.a.RequestResponseBodyMethodProcessor - Using 'application/json', given [application/json, text/plain, */*] and supported [application/hal+json, application/vnd.hal+json, application/json, application/schema+json, application/json-patch+json, application/merge-patch+json, application/x-spring-data-verbose+json, application/x-spring-data-compact+json, application/prs.hal-forms+json, application/*+json]
2026-02-12 19:45:29.067 [http-nio-8080-exec-7] DEBUG o.s.w.s.m.m.a.RequestResponseBodyMethodProcessor - Writing [EntityModel { content: UsuarioEntity(idUsuario=44, usuario=ABC, contraseña=ABC, fechaCreacion=2026-0 (truncated)...]
2026-02-12 19:45:29.068 [http-nio-8080-exec-7] DEBUG o.s.web.servlet.DispatcherServlet - Completed 200 OK
2026-02-12 19:45:30.455 [http-nio-8080-exec-9] DEBUG o.s.web.servlet.DispatcherServlet - GET "/api/tareas-rest/search/porUsuario?id=44&size=100", parameters={masked}
2026-02-12 19:45:30.459 [http-nio-8080-exec-9] DEBUG o.s.w.s.m.m.a.HttpEntityMethodProcessor - Using 'application/json', given [application/json, text/plain, */*] and supported [application/hal+json, application/json]
2026-02-12 19:45:30.459 [http-nio-8080-exec-9] DEBUG o.s.w.s.m.m.a.HttpEntityMethodProcessor - Writing [PagedModel { content: [org.springframework.hateoas.server.core.EmbeddedWrappers$EmptyCollectionEmbed (truncated)...]
2026-02-12 19:45:30.460 [http-nio-8080-exec-9] DEBUG o.s.web.servlet.DispatcherServlet - Completed 200 OK
2026-02-12 19:45:30.461 [http-nio-8080-exec-8] DEBUG o.s.web.servlet.DispatcherServlet - GET "/api/tareas-rest/search/porUsuario?id=44&size=100", parameters={masked}
2026-02-12 19:45:30.467 [http-nio-8080-exec-8] DEBUG o.s.w.s.m.m.a.HttpEntityMethodProcessor - Using 'application/json', given [application/json, text/plain, */*] and supported [application/hal+json, application/json]
2026-02-12 19:45:30.467 [http-nio-8080-exec-8] DEBUG o.s.w.s.m.m.a.HttpEntityMethodProcessor - Writing [PagedModel { content: [org.springframework.hateoas.server.core.EmbeddedWrappers$EmptyCollectionEmbed (truncated)...]
2026-02-12 19:45:30.468 [http-nio-8080-exec-8] DEBUG o.s.web.servlet.DispatcherServlet - Completed 200 OK
2026-02-12 19:45:43.445 [http-nio-8080-exec-10] DEBUG o.s.web.servlet.DispatcherServlet - POST "/api/tareas-rest", parameters={}
2026-02-12 19:45:43.463 [http-nio-8080-exec-10] DEBUG o.s.w.s.m.m.a.HttpEntityMethodProcessor - Using 'application/json', given [application/json, text/plain, */*] and supported [application/hal+json, application/json]
2026-02-12 19:45:43.463 [http-nio-8080-exec-10] DEBUG o.s.w.s.m.m.a.HttpEntityMethodProcessor - Writing [EntityModel { content: TaskEntity(idTarea=36, titulo=Probando Auditoria de Tarea, NRO 4, estado=Esca (truncated)...]
2026-02-12 19:45:43.463 [http-nio-8080-exec-10] DEBUG o.s.web.servlet.DispatcherServlet - Completed 201 CREATED
2026-02-12 19:45:43.463 [http-nio-8080-exec-4] DEBUG o.s.web.servlet.DispatcherServlet - GET "/api/tareas-rest/search/porUsuario?id=44&size=100", parameters={masked}
2026-02-12 19:45:43.480 [http-nio-8080-exec-4] DEBUG o.s.w.s.m.m.a.HttpEntityMethodProcessor - Using 'application/json', given [application/json, text/plain, */*] and supported [application/hal+json, application/json]
2026-02-12 19:45:43.480 [http-nio-8080-exec-4] DEBUG o.s.w.s.m.m.a.HttpEntityMethodProcessor - Writing [PagedModel { content: [EntityModel { content: TaskEntity(idTarea=36, titulo=Probando Auditoria de Ta (truncated)...]
2026-02-12 19:45:43.481 [http-nio-8080-exec-4] DEBUG o.s.web.servlet.DispatcherServlet - Completed 200 OK
2026-02-12 19:45:47.372 [http-nio-8080-exec-2] DEBUG o.s.web.servlet.DispatcherServlet - GET "/api/auditoria?size=50&sort=fechaHora,desc", parameters={masked}
2026-02-12 19:45:47.389 [http-nio-8080-exec-2] DEBUG o.s.w.s.m.m.a.RequestResponseBodyMethodProcessor - Using 'application/json', given [application/json, text/plain, */*] and supported [application/hal+json, application/json]
2026-02-12 19:45:47.389 [http-nio-8080-exec-2] DEBUG o.s.w.s.m.m.a.RequestResponseBodyMethodProcessor - Writing [PagedModel { content: [EntityModel { content: AuditoriaEntity(idauditoria=70, fechaHora=2026-02-12T1 (truncated)...]
2026-02-12 19:45:47.394 [http-nio-8080-exec-2] DEBUG o.s.web.servlet.DispatcherServlet - Completed 200 OK
2026-02-12 19:45:47.401 [http-nio-8080-exec-1] DEBUG o.s.web.servlet.DispatcherServlet - GET "/api/auditoria?size=50&sort=fechaHora,desc", parameters={masked}
2026-02-12 19:45:47.417 [http-nio-8080-exec-1] DEBUG o.s.w.s.m.m.a.RequestResponseBodyMethodProcessor - Using 'application/json', given [application/json, text/plain, */*] and supported [application/hal+json, application/json]
2026-02-12 19:45:47.418 [http-nio-8080-exec-1] DEBUG o.s.w.s.m.m.a.RequestResponseBodyMethodProcessor - Writing [PagedModel { content: [EntityModel { content: AuditoriaEntity(idauditoria=70, fechaHora=2026-02-12T1 (truncated)...]
2026-02-12 19:45:47.421 [http-nio-8080-exec-1] DEBUG o.s.web.servlet.DispatcherServlet - Completed 200 OK
2026-02-12 19:49:11.936 [http-nio-8080-exec-9] DEBUG o.s.web.servlet.DispatcherServlet - POST "/api/tareas-rest", parameters={}
2026-02-12 19:49:11.971 [http-nio-8080-exec-9] DEBUG o.s.w.s.m.m.a.HttpEntityMethodProcessor - Using 'application/json', given [application/json, text/plain, */*] and supported [application/hal+json, application/json]
2026-02-12 19:49:11.971 [http-nio-8080-exec-9] DEBUG o.s.w.s.m.m.a.HttpEntityMethodProcessor - Writing [EntityModel { content: TaskEntity(idTarea=37, titulo=Prueba de TAREA (TIME), estado=Escalado por tie (truncated)...]
2026-02-12 19:49:11.974 [http-nio-8080-exec-9] DEBUG o.s.web.servlet.DispatcherServlet - Completed 201 CREATED
2026-02-12 19:49:11.981 [http-nio-8080-exec-8] DEBUG o.s.web.servlet.DispatcherServlet - GET "/api/tareas-rest/search/porUsuario?id=44&size=100", parameters={masked}
2026-02-12 19:49:11.989 [http-nio-8080-exec-8] DEBUG o.s.w.s.m.m.a.HttpEntityMethodProcessor - Using 'application/json', given [application/json, text/plain, */*] and supported [application/hal+json, application/json]
2026-02-12 19:49:11.989 [http-nio-8080-exec-8] DEBUG o.s.w.s.m.m.a.HttpEntityMethodProcessor - Writing [PagedModel { content: [EntityModel { content: TaskEntity(idTarea=36, titulo=Probando Auditoria de Ta (truncated)...]
2026-02-12 19:49:12.003 [http-nio-8080-exec-8] DEBUG o.s.web.servlet.DispatcherServlet - Completed 200 OK
2026-02-12 19:49:23.429 [http-nio-8080-exec-4] DEBUG o.s.web.servlet.DispatcherServlet - GET "/api/auditoria?size=50&sort=fechaHora,desc", parameters={masked}
2026-02-12 19:49:23.463 [http-nio-8080-exec-4] DEBUG o.s.w.s.m.m.a.RequestResponseBodyMethodProcessor - Using 'application/json', given [application/json, text/plain, */*] and supported [application/hal+json, application/json]
2026-02-12 19:49:23.463 [http-nio-8080-exec-4] DEBUG o.s.w.s.m.m.a.RequestResponseBodyMethodProcessor - Writing [PagedModel { content: [EntityModel { content: AuditoriaEntity(idauditoria=70, fechaHora=2026-02-12T1 (truncated)...]
2026-02-12 19:49:23.472 [http-nio-8080-exec-4] DEBUG o.s.web.servlet.DispatcherServlet - Completed 200 OK
2026-02-12 19:49:23.472 [http-nio-8080-exec-2] DEBUG o.s.web.servlet.DispatcherServlet - GET "/api/auditoria?size=50&sort=fechaHora,desc", parameters={masked}
2026-02-12 19:49:23.499 [http-nio-8080-exec-2] DEBUG o.s.w.s.m.m.a.RequestResponseBodyMethodProcessor - Using 'application/json', given [application/json, text/plain, */*] and supported [application/hal+json, application/json]
2026-02-12 19:49:23.499 [http-nio-8080-exec-2] DEBUG o.s.w.s.m.m.a.RequestResponseBodyMethodProcessor - Writing [PagedModel { content: [EntityModel { content: AuditoriaEntity(idauditoria=70, fechaHora=2026-02-12T1 (truncated)...]
2026-02-12 19:49:23.524 [http-nio-8080-exec-2] DEBUG o.s.web.servlet.DispatcherServlet - Completed 200 OK
2026-02-12 19:49:44.233 [http-nio-8080-exec-3] DEBUG o.s.web.servlet.DispatcherServlet - GET "/api/usuarios-rest?size=100", parameters={masked}
2026-02-12 19:49:44.259 [http-nio-8080-exec-3] DEBUG o.s.w.s.m.m.a.RequestResponseBodyMethodProcessor - Using 'application/json', given [application/json, text/plain, */*] and supported [application/hal+json, application/json]
2026-02-12 19:49:44.259 [http-nio-8080-exec-3] DEBUG o.s.w.s.m.m.a.RequestResponseBodyMethodProcessor - Writing [PagedModel { content: [EntityModel { content: UsuarioEntity(idUsuario=1, usuario=admin, contraseña=1 (truncated)...]
2026-02-12 19:49:44.269 [http-nio-8080-exec-3] DEBUG o.s.web.servlet.DispatcherServlet - Completed 200 OK
2026-02-12 19:49:44.272 [http-nio-8080-exec-7] DEBUG o.s.web.servlet.DispatcherServlet - GET "/api/usuarios-rest?size=100", parameters={masked}
2026-02-12 19:49:44.289 [http-nio-8080-exec-7] DEBUG o.s.w.s.m.m.a.RequestResponseBodyMethodProcessor - Using 'application/json', given [application/json, text/plain, */*] and supported [application/hal+json, application/json]
2026-02-12 19:49:44.289 [http-nio-8080-exec-7] DEBUG o.s.w.s.m.m.a.RequestResponseBodyMethodProcessor - Writing [PagedModel { content: [EntityModel { content: UsuarioEntity(idUsuario=1, usuario=admin, contraseña=1 (truncated)...]
2026-02-12 19:49:44.305 [http-nio-8080-exec-7] DEBUG o.s.web.servlet.DispatcherServlet - Completed 200 OK
2026-02-12 19:49:46.428 [http-nio-8080-exec-5] DEBUG o.s.web.servlet.DispatcherServlet - GET "/api/usuarios-rest?page=0&size=5", parameters={masked}
2026-02-12 19:49:46.460 [http-nio-8080-exec-5] DEBUG o.s.w.s.m.m.a.RequestResponseBodyMethodProcessor - Using 'application/json', given [application/json, text/plain, */*] and supported [application/hal+json, application/json]
2026-02-12 19:49:46.460 [http-nio-8080-exec-5] DEBUG o.s.w.s.m.m.a.RequestResponseBodyMethodProcessor - Writing [PagedModel { content: [EntityModel { content: UsuarioEntity(idUsuario=1, usuario=admin, contraseña=1 (truncated)...]
2026-02-12 19:49:46.464 [http-nio-8080-exec-5] DEBUG o.s.web.servlet.DispatcherServlet - Completed 200 OK
2026-02-12 19:49:46.470 [http-nio-8080-exec-9] DEBUG o.s.web.servlet.DispatcherServlet - GET "/api/usuarios-rest?page=0&size=5", parameters={masked}
2026-02-12 19:49:46.527 [http-nio-8080-exec-9] DEBUG o.s.w.s.m.m.a.RequestResponseBodyMethodProcessor - Using 'application/json', given [application/json, text/plain, */*] and supported [application/hal+json, application/json]
2026-02-12 19:49:46.527 [http-nio-8080-exec-9] DEBUG o.s.w.s.m.m.a.RequestResponseBodyMethodProcessor - Writing [PagedModel { content: [EntityModel { content: UsuarioEntity(idUsuario=1, usuario=admin, contraseña=1 (truncated)...]
2026-02-12 19:49:46.531 [http-nio-8080-exec-9] DEBUG o.s.web.servlet.DispatcherServlet - Completed 200 OK
2026-02-12 19:49:49.923 [http-nio-8080-exec-8] DEBUG o.s.web.servlet.DispatcherServlet - GET "/api/auditoria?size=50&sort=fechaHora,desc", parameters={masked}
2026-02-12 19:49:49.956 [http-nio-8080-exec-8] DEBUG o.s.w.s.m.m.a.RequestResponseBodyMethodProcessor - Using 'application/json', given [application/json, text/plain, */*] and supported [application/hal+json, application/json]
2026-02-12 19:49:49.956 [http-nio-8080-exec-8] DEBUG o.s.w.s.m.m.a.RequestResponseBodyMethodProcessor - Writing [PagedModel { content: [EntityModel { content: AuditoriaEntity(idauditoria=70, fechaHora=2026-02-12T1 (truncated)...]
2026-02-12 19:49:49.973 [http-nio-8080-exec-10] DEBUG o.s.web.servlet.DispatcherServlet - GET "/api/auditoria?size=50&sort=fechaHora,desc", parameters={masked}
2026-02-12 19:49:49.973 [http-nio-8080-exec-8] DEBUG o.s.web.servlet.DispatcherServlet - Completed 200 OK
2026-02-12 19:49:50.003 [http-nio-8080-exec-10] DEBUG o.s.w.s.m.m.a.RequestResponseBodyMethodProcessor - Using 'application/json', given [application/json, text/plain, */*] and supported [application/hal+json, application/json]
2026-02-12 19:49:50.003 [http-nio-8080-exec-10] DEBUG o.s.w.s.m.m.a.RequestResponseBodyMethodProcessor - Writing [PagedModel { content: [EntityModel { content: AuditoriaEntity(idauditoria=70, fechaHora=2026-02-12T1 (truncated)...]
2026-02-12 19:49:50.016 [http-nio-8080-exec-10] DEBUG o.s.web.servlet.DispatcherServlet - Completed 200 OK
2026-02-12 19:49:56.705 [http-nio-8080-exec-4] DEBUG o.s.web.servlet.DispatcherServlet - OPTIONS "/api/tareas-rest/37", parameters={}
2026-02-12 19:49:56.705 [http-nio-8080-exec-4] DEBUG o.s.web.servlet.DispatcherServlet - Completed 200 OK
2026-02-12 19:49:56.705 [http-nio-8080-exec-2] DEBUG o.s.web.servlet.DispatcherServlet - DELETE "/api/tareas-rest/37", parameters={}
2026-02-12 19:49:56.729 [http-nio-8080-exec-2] DEBUG o.s.w.s.m.m.a.HttpEntityMethodProcessor - Using 'application/json', given [application/json, text/plain, */*] and supported [application/hal+json, application/json]
2026-02-12 19:49:56.729 [http-nio-8080-exec-2] DEBUG o.s.w.s.m.m.a.HttpEntityMethodProcessor - Writing [EntityModel { content: TaskEntity(idTarea=37, titulo=Prueba de TAREA (TIME), estado=Escalado por tie (truncated)...]
2026-02-12 19:49:56.733 [http-nio-8080-exec-2] DEBUG o.s.web.servlet.DispatcherServlet - Completed 200 OK
2026-02-12 19:49:56.739 [http-nio-8080-exec-1] DEBUG o.s.web.servlet.DispatcherServlet - GET "/api/tareas-rest/search/porUsuario?id=44&size=100", parameters={masked}
2026-02-12 19:49:56.754 [http-nio-8080-exec-1] DEBUG o.s.w.s.m.m.a.HttpEntityMethodProcessor - Using 'application/json', given [application/json, text/plain, */*] and supported [application/hal+json, application/json]
2026-02-12 19:49:56.754 [http-nio-8080-exec-1] DEBUG o.s.w.s.m.m.a.HttpEntityMethodProcessor - Writing [PagedModel { content: [EntityModel { content: TaskEntity(idTarea=36, titulo=Probando Auditoria de Ta (truncated)...]
2026-02-12 19:49:56.754 [http-nio-8080-exec-1] DEBUG o.s.web.servlet.DispatcherServlet - Completed 200 OK
2026-02-12 19:50:00.257 [http-nio-8080-exec-6] DEBUG o.s.web.servlet.DispatcherServlet - GET "/api/auditoria?size=50&sort=fechaHora,desc", parameters={masked}
2026-02-12 19:50:00.289 [http-nio-8080-exec-6] DEBUG o.s.w.s.m.m.a.RequestResponseBodyMethodProcessor - Using 'application/json', given [application/json, text/plain, */*] and supported [application/hal+json, application/json]
2026-02-12 19:50:00.289 [http-nio-8080-exec-6] DEBUG o.s.w.s.m.m.a.RequestResponseBodyMethodProcessor - Writing [PagedModel { content: [EntityModel { content: AuditoriaEntity(idauditoria=70, fechaHora=2026-02-12T1 (truncated)...]
2026-02-12 19:50:00.308 [http-nio-8080-exec-3] DEBUG o.s.web.servlet.DispatcherServlet - GET "/api/auditoria?size=50&sort=fechaHora,desc", parameters={masked}
2026-02-12 19:50:00.308 [http-nio-8080-exec-6] DEBUG o.s.web.servlet.DispatcherServlet - Completed 200 OK
2026-02-12 19:50:00.339 [http-nio-8080-exec-3] DEBUG o.s.w.s.m.m.a.RequestResponseBodyMethodProcessor - Using 'application/json', given [application/json, text/plain, */*] and supported [application/hal+json, application/json]
2026-02-12 19:50:00.339 [http-nio-8080-exec-3] DEBUG o.s.w.s.m.m.a.RequestResponseBodyMethodProcessor - Writing [PagedModel { content: [EntityModel { content: AuditoriaEntity(idauditoria=70, fechaHora=2026-02-12T1 (truncated)...]
2026-02-12 19:50:00.352 [http-nio-8080-exec-3] DEBUG o.s.web.servlet.DispatcherServlet - Completed 200 OK
2026-02-12 19:56:03.692 [http-nio-8080-exec-8] DEBUG o.s.web.servlet.DispatcherServlet - GET "/api/tareas-rest/search/porUsuario?id=1&size=100", parameters={masked}
2026-02-12 19:56:03.723 [http-nio-8080-exec-8] DEBUG o.s.w.s.m.m.a.HttpEntityMethodProcessor - Using 'application/json', given [application/json, text/plain, */*] and supported [application/hal+json, application/json]
2026-02-12 19:56:03.723 [http-nio-8080-exec-8] DEBUG o.s.w.s.m.m.a.HttpEntityMethodProcessor - Writing [PagedModel { content: [EntityModel { content: TaskEntity(idTarea=1, titulo=Configurar el entorno de  (truncated)...]
2026-02-12 19:56:03.726 [http-nio-8080-exec-8] DEBUG o.s.web.servlet.DispatcherServlet - Completed 200 OK
2026-02-12 19:56:03.733 [http-nio-8080-exec-10] DEBUG o.s.web.servlet.DispatcherServlet - GET "/api/tareas-rest/search/porUsuario?id=1&size=100", parameters={masked}
2026-02-12 19:56:03.752 [http-nio-8080-exec-10] DEBUG o.s.w.s.m.m.a.HttpEntityMethodProcessor - Using 'application/json', given [application/json, text/plain, */*] and supported [application/hal+json, application/json]
2026-02-12 19:56:03.752 [http-nio-8080-exec-10] DEBUG o.s.w.s.m.m.a.HttpEntityMethodProcessor - Writing [PagedModel { content: [EntityModel { content: TaskEntity(idTarea=1, titulo=Configurar el entorno de  (truncated)...]
2026-02-12 19:56:03.758 [http-nio-8080-exec-10] DEBUG o.s.web.servlet.DispatcherServlet - Completed 200 OK
2026-02-12 19:56:21.602 [http-nio-8080-exec-4] DEBUG o.s.web.servlet.DispatcherServlet - GET "/api/usuarios-rest?page=0&size=5", parameters={masked}
2026-02-12 19:56:21.628 [http-nio-8080-exec-4] DEBUG o.s.w.s.m.m.a.RequestResponseBodyMethodProcessor - Using 'application/json', given [application/json, text/plain, */*] and supported [application/hal+json, application/json]
2026-02-12 19:56:21.628 [http-nio-8080-exec-4] DEBUG o.s.w.s.m.m.a.RequestResponseBodyMethodProcessor - Writing [PagedModel { content: [EntityModel { content: UsuarioEntity(idUsuario=1, usuario=admin, contraseña=1 (truncated)...]
2026-02-12 19:56:21.628 [http-nio-8080-exec-4] DEBUG o.s.web.servlet.DispatcherServlet - Completed 200 OK
2026-02-12 19:56:21.628 [http-nio-8080-exec-2] DEBUG o.s.web.servlet.DispatcherServlet - GET "/api/usuarios-rest?page=0&size=5", parameters={masked}
2026-02-12 19:56:21.654 [http-nio-8080-exec-2] DEBUG o.s.w.s.m.m.a.RequestResponseBodyMethodProcessor - Using 'application/json', given [application/json, text/plain, */*] and supported [application/hal+json, application/json]
2026-02-12 19:56:21.654 [http-nio-8080-exec-2] DEBUG o.s.w.s.m.m.a.RequestResponseBodyMethodProcessor - Writing [PagedModel { content: [EntityModel { content: UsuarioEntity(idUsuario=1, usuario=admin, contraseña=1 (truncated)...]
2026-02-12 19:56:21.654 [http-nio-8080-exec-2] DEBUG o.s.web.servlet.DispatcherServlet - Completed 200 OK
2026-02-12 19:56:26.998 [http-nio-8080-exec-1] DEBUG o.s.web.servlet.DispatcherServlet - GET "/api/usuarios-rest?size=100", parameters={masked}
2026-02-12 19:56:27.011 [http-nio-8080-exec-1] DEBUG o.s.w.s.m.m.a.RequestResponseBodyMethodProcessor - Using 'application/json', given [application/json, text/plain, */*] and supported [application/hal+json, application/json]
2026-02-12 19:56:27.013 [http-nio-8080-exec-1] DEBUG o.s.w.s.m.m.a.RequestResponseBodyMethodProcessor - Writing [PagedModel { content: [EntityModel { content: UsuarioEntity(idUsuario=1, usuario=admin, contraseña=1 (truncated)...]
2026-02-12 19:56:27.028 [http-nio-8080-exec-1] DEBUG o.s.web.servlet.DispatcherServlet - Completed 200 OK
2026-02-12 19:56:27.028 [http-nio-8080-exec-6] DEBUG o.s.web.servlet.DispatcherServlet - GET "/api/usuarios-rest?size=100", parameters={masked}
2026-02-12 19:56:27.048 [http-nio-8080-exec-6] DEBUG o.s.w.s.m.m.a.RequestResponseBodyMethodProcessor - Using 'application/json', given [application/json, text/plain, */*] and supported [application/hal+json, application/json]
2026-02-12 19:56:27.048 [http-nio-8080-exec-6] DEBUG o.s.w.s.m.m.a.RequestResponseBodyMethodProcessor - Writing [PagedModel { content: [EntityModel { content: UsuarioEntity(idUsuario=1, usuario=admin, contraseña=1 (truncated)...]
2026-02-12 19:56:27.063 [http-nio-8080-exec-6] DEBUG o.s.web.servlet.DispatcherServlet - Completed 200 OK
2026-02-12 19:56:28.883 [http-nio-8080-exec-3] DEBUG o.s.web.servlet.DispatcherServlet - GET "/api/usuarios-rest?page=0&size=5", parameters={masked}
2026-02-12 19:56:28.902 [http-nio-8080-exec-3] DEBUG o.s.w.s.m.m.a.RequestResponseBodyMethodProcessor - Using 'application/json', given [application/json, text/plain, */*] and supported [application/hal+json, application/json]
2026-02-12 19:56:28.903 [http-nio-8080-exec-3] DEBUG o.s.w.s.m.m.a.RequestResponseBodyMethodProcessor - Writing [PagedModel { content: [EntityModel { content: UsuarioEntity(idUsuario=1, usuario=admin, contraseña=1 (truncated)...]
2026-02-12 19:56:28.903 [http-nio-8080-exec-3] DEBUG o.s.web.servlet.DispatcherServlet - Completed 200 OK
2026-02-12 19:56:28.903 [http-nio-8080-exec-7] DEBUG o.s.web.servlet.DispatcherServlet - GET "/api/usuarios-rest?page=0&size=5", parameters={masked}
2026-02-12 19:56:28.926 [http-nio-8080-exec-7] DEBUG o.s.w.s.m.m.a.RequestResponseBodyMethodProcessor - Using 'application/json', given [application/json, text/plain, */*] and supported [application/hal+json, application/json]
2026-02-12 19:56:28.926 [http-nio-8080-exec-7] DEBUG o.s.w.s.m.m.a.RequestResponseBodyMethodProcessor - Writing [PagedModel { content: [EntityModel { content: UsuarioEntity(idUsuario=1, usuario=admin, contraseña=1 (truncated)...]
2026-02-12 19:56:28.928 [http-nio-8080-exec-7] DEBUG o.s.web.servlet.DispatcherServlet - Completed 200 OK
2026-02-12 19:56:32.799 [http-nio-8080-exec-5] DEBUG o.s.web.servlet.DispatcherServlet - GET "/api/tareas-rest/search/porUsuario?id=1&size=100", parameters={masked}
2026-02-12 19:56:32.815 [http-nio-8080-exec-5] DEBUG o.s.w.s.m.m.a.HttpEntityMethodProcessor - Using 'application/json', given [application/json, text/plain, */*] and supported [application/hal+json, application/json]
2026-02-12 19:56:32.815 [http-nio-8080-exec-5] DEBUG o.s.w.s.m.m.a.HttpEntityMethodProcessor - Writing [PagedModel { content: [EntityModel { content: TaskEntity(idTarea=1, titulo=Configurar el entorno de  (truncated)...]
2026-02-12 19:56:32.823 [http-nio-8080-exec-5] DEBUG o.s.web.servlet.DispatcherServlet - Completed 200 OK
2026-02-12 19:56:32.823 [http-nio-8080-exec-9] DEBUG o.s.web.servlet.DispatcherServlet - GET "/api/tareas-rest/search/porUsuario?id=1&size=100", parameters={masked}
2026-02-12 19:56:32.839 [http-nio-8080-exec-9] DEBUG o.s.w.s.m.m.a.HttpEntityMethodProcessor - Using 'application/json', given [application/json, text/plain, */*] and supported [application/hal+json, application/json]
2026-02-12 19:56:32.839 [http-nio-8080-exec-9] DEBUG o.s.w.s.m.m.a.HttpEntityMethodProcessor - Writing [PagedModel { content: [EntityModel { content: TaskEntity(idTarea=1, titulo=Configurar el entorno de  (truncated)...]
2026-02-12 19:56:32.839 [http-nio-8080-exec-9] DEBUG o.s.web.servlet.DispatcherServlet - Completed 200 OK
2026-02-12 19:56:35.250 [http-nio-8080-exec-8] DEBUG o.s.web.servlet.DispatcherServlet - GET "/api/auditoria?size=50&sort=fechaHora,desc", parameters={masked}
2026-02-12 19:56:35.282 [http-nio-8080-exec-8] DEBUG o.s.w.s.m.m.a.RequestResponseBodyMethodProcessor - Using 'application/json', given [application/json, text/plain, */*] and supported [application/hal+json, application/json]
2026-02-12 19:56:35.287 [http-nio-8080-exec-8] DEBUG o.s.w.s.m.m.a.RequestResponseBodyMethodProcessor - Writing [PagedModel { content: [EntityModel { content: AuditoriaEntity(idauditoria=70, fechaHora=2026-02-12T1 (truncated)...]
2026-02-12 19:56:35.302 [http-nio-8080-exec-10] DEBUG o.s.web.servlet.DispatcherServlet - GET "/api/auditoria?size=50&sort=fechaHora,desc", parameters={masked}
2026-02-12 19:56:35.303 [http-nio-8080-exec-8] DEBUG o.s.web.servlet.DispatcherServlet - Completed 200 OK
2026-02-12 19:56:35.332 [http-nio-8080-exec-10] DEBUG o.s.w.s.m.m.a.RequestResponseBodyMethodProcessor - Using 'application/json', given [application/json, text/plain, */*] and supported [application/hal+json, application/json]
2026-02-12 19:56:35.332 [http-nio-8080-exec-10] DEBUG o.s.w.s.m.m.a.RequestResponseBodyMethodProcessor - Writing [PagedModel { content: [EntityModel { content: AuditoriaEntity(idauditoria=70, fechaHora=2026-02-12T1 (truncated)...]
2026-02-12 19:56:35.353 [http-nio-8080-exec-10] DEBUG o.s.web.servlet.DispatcherServlet - Completed 200 OK
2026-02-12 19:59:29.303 [http-nio-8080-exec-1] DEBUG o.s.web.servlet.DispatcherServlet - GET "/api/auditoria", parameters={}
2026-02-12 19:59:29.334 [http-nio-8080-exec-1] DEBUG o.s.w.s.m.m.a.RequestResponseBodyMethodProcessor - Using 'application/hal+json', given [*/*] and supported [application/hal+json]
2026-02-12 19:59:29.334 [http-nio-8080-exec-1] DEBUG o.s.w.s.m.m.a.RequestResponseBodyMethodProcessor - Writing [PagedModel { content: [EntityModel { content: AuditoriaEntity(idauditoria=1, fechaHora=2026-02-12T13 (truncated)...]
2026-02-12 19:59:29.344 [http-nio-8080-exec-1] DEBUG o.s.web.servlet.DispatcherServlet - Completed 200 OK
2026-02-12 20:00:05.084 [http-nio-8080-exec-3] DEBUG o.s.web.servlet.DispatcherServlet - GET "/api/auditoria?size=100&sort=fechaHora,desc", parameters={masked}
2026-02-12 20:00:05.111 [http-nio-8080-exec-3] DEBUG o.s.w.s.m.m.a.RequestResponseBodyMethodProcessor - Using 'application/json', given [application/json, text/plain, */*] and supported [application/hal+json, application/json]
2026-02-12 20:00:05.111 [http-nio-8080-exec-3] DEBUG o.s.w.s.m.m.a.RequestResponseBodyMethodProcessor - Writing [PagedModel { content: [EntityModel { content: AuditoriaEntity(idauditoria=70, fechaHora=2026-02-12T1 (truncated)...]
2026-02-12 20:00:05.135 [http-nio-8080-exec-3] DEBUG o.s.web.servlet.DispatcherServlet - Completed 200 OK
2026-02-12 20:00:13.101 [http-nio-8080-exec-7] DEBUG o.s.web.servlet.DispatcherServlet - GET "/api/auditoria/search/buscarPorUsuario?id=a", parameters={masked}
2026-02-12 20:00:13.141 [http-nio-8080-exec-7] DEBUG o.s.w.s.m.m.a.ExceptionHandlerExceptionResolver - Using @ExceptionHandler org.springframework.data.rest.webmvc.RepositoryRestExceptionHandler#handleMiscFailures(Exception)
2026-02-12 20:00:13.143 [http-nio-8080-exec-7] DEBUG o.s.w.s.m.m.a.HttpEntityMethodProcessor - Using 'application/json', given [application/json, text/plain, */*] and supported [application/json, application/*+json]
2026-02-12 20:00:13.143 [http-nio-8080-exec-7] DEBUG o.s.w.s.m.m.a.HttpEntityMethodProcessor - Writing [org.springframework.data.rest.webmvc.support.ExceptionMessage@247d829]
2026-02-12 20:00:13.151 [http-nio-8080-exec-7] WARN  o.s.w.s.m.m.a.ExceptionHandlerExceptionResolver - Resolved [org.springframework.data.repository.support.QueryMethodParameterConversionException: Failed to convert a into java.lang.Integer]
2026-02-12 20:00:13.160 [http-nio-8080-exec-7] DEBUG o.s.web.servlet.DispatcherServlet - Completed 500 INTERNAL_SERVER_ERROR
2026-02-12 20:00:16.478 [http-nio-8080-exec-5] DEBUG o.s.web.servlet.DispatcherServlet - GET "/api/auditoria?size=100&sort=fechaHora,desc", parameters={masked}
2026-02-12 20:00:16.502 [http-nio-8080-exec-5] DEBUG o.s.w.s.m.m.a.RequestResponseBodyMethodProcessor - Using 'application/json', given [application/json, text/plain, */*] and supported [application/hal+json, application/json]
2026-02-12 20:00:16.502 [http-nio-8080-exec-5] DEBUG o.s.w.s.m.m.a.RequestResponseBodyMethodProcessor - Writing [PagedModel { content: [EntityModel { content: AuditoriaEntity(idauditoria=70, fechaHora=2026-02-12T1 (truncated)...]
2026-02-12 20:00:16.520 [http-nio-8080-exec-9] DEBUG o.s.web.servlet.DispatcherServlet - GET "/api/auditoria?size=100&sort=fechaHora,desc", parameters={masked}
2026-02-12 20:00:16.522 [http-nio-8080-exec-5] DEBUG o.s.web.servlet.DispatcherServlet - Completed 200 OK
2026-02-12 20:00:16.542 [http-nio-8080-exec-9] DEBUG o.s.w.s.m.m.a.RequestResponseBodyMethodProcessor - Using 'application/json', given [application/json, text/plain, */*] and supported [application/hal+json, application/json]
2026-02-12 20:00:16.542 [http-nio-8080-exec-9] DEBUG o.s.w.s.m.m.a.RequestResponseBodyMethodProcessor - Writing [PagedModel { content: [EntityModel { content: AuditoriaEntity(idauditoria=70, fechaHora=2026-02-12T1 (truncated)...]
2026-02-12 20:00:16.562 [http-nio-8080-exec-9] DEBUG o.s.web.servlet.DispatcherServlet - Completed 200 OK
2026-02-12 20:00:24.896 [http-nio-8080-exec-8] DEBUG o.s.web.servlet.DispatcherServlet - GET "/api/auditoria/search/buscarPorUsuario?id=yadd", parameters={masked}
2026-02-12 20:00:24.901 [http-nio-8080-exec-8] DEBUG o.s.w.s.m.m.a.ExceptionHandlerExceptionResolver - Using @ExceptionHandler org.springframework.data.rest.webmvc.RepositoryRestExceptionHandler#handleMiscFailures(Exception)
2026-02-12 20:00:24.901 [http-nio-8080-exec-8] DEBUG o.s.w.s.m.m.a.HttpEntityMethodProcessor - Using 'application/json', given [application/json, text/plain, */*] and supported [application/json, application/*+json]
2026-02-12 20:00:24.901 [http-nio-8080-exec-8] DEBUG o.s.w.s.m.m.a.HttpEntityMethodProcessor - Writing [org.springframework.data.rest.webmvc.support.ExceptionMessage@67a79bc1]
2026-02-12 20:00:24.906 [http-nio-8080-exec-8] WARN  o.s.w.s.m.m.a.ExceptionHandlerExceptionResolver - Resolved [org.springframework.data.repository.support.QueryMethodParameterConversionException: Failed to convert yadd into java.lang.Integer]
2026-02-12 20:00:24.906 [http-nio-8080-exec-8] DEBUG o.s.web.servlet.DispatcherServlet - Completed 500 INTERNAL_SERVER_ERROR
2026-02-12 20:00:27.193 [http-nio-8080-exec-10] DEBUG o.s.web.servlet.DispatcherServlet - GET "/api/auditoria/search/buscarPorUsuario?id=yaddif", parameters={masked}
2026-02-12 20:00:27.201 [http-nio-8080-exec-10] DEBUG o.s.w.s.m.m.a.ExceptionHandlerExceptionResolver - Using @ExceptionHandler org.springframework.data.rest.webmvc.RepositoryRestExceptionHandler#handleMiscFailures(Exception)
2026-02-12 20:00:27.203 [http-nio-8080-exec-10] DEBUG o.s.w.s.m.m.a.HttpEntityMethodProcessor - Using 'application/json', given [application/json, text/plain, */*] and supported [application/json, application/*+json]
2026-02-12 20:00:27.203 [http-nio-8080-exec-10] DEBUG o.s.w.s.m.m.a.HttpEntityMethodProcessor - Writing [org.springframework.data.rest.webmvc.support.ExceptionMessage@18f6ec77]
2026-02-12 20:00:27.203 [http-nio-8080-exec-10] WARN  o.s.w.s.m.m.a.ExceptionHandlerExceptionResolver - Resolved [org.springframework.data.repository.support.QueryMethodParameterConversionException: Failed to convert yaddif into java.lang.Integer]
2026-02-12 20:00:27.204 [http-nio-8080-exec-10] DEBUG o.s.web.servlet.DispatcherServlet - Completed 500 INTERNAL_SERVER_ERROR
2026-02-12 20:00:37.909 [http-nio-8080-exec-4] DEBUG o.s.web.servlet.DispatcherServlet - GET "/api/auditoria/search/buscarPorUsuario?id=ABC", parameters={masked}
2026-02-12 20:00:37.916 [http-nio-8080-exec-4] DEBUG o.s.w.s.m.m.a.ExceptionHandlerExceptionResolver - Using @ExceptionHandler org.springframework.data.rest.webmvc.RepositoryRestExceptionHandler#handleMiscFailures(Exception)
2026-02-12 20:00:37.916 [http-nio-8080-exec-4] DEBUG o.s.w.s.m.m.a.HttpEntityMethodProcessor - Using 'application/json', given [application/json, text/plain, */*] and supported [application/json, application/*+json]
2026-02-12 20:00:37.916 [http-nio-8080-exec-4] DEBUG o.s.w.s.m.m.a.HttpEntityMethodProcessor - Writing [org.springframework.data.rest.webmvc.support.ExceptionMessage@4b879838]
2026-02-12 20:00:37.916 [http-nio-8080-exec-4] WARN  o.s.w.s.m.m.a.ExceptionHandlerExceptionResolver - Resolved [org.springframework.data.repository.support.QueryMethodParameterConversionException: Failed to convert ABC into java.lang.Integer]
2026-02-12 20:00:37.916 [http-nio-8080-exec-4] DEBUG o.s.web.servlet.DispatcherServlet - Completed 500 INTERNAL_SERVER_ERROR
2026-02-12 20:00:46.770 [http-nio-8080-exec-6] DEBUG o.s.web.servlet.DispatcherServlet - GET "/api/auditoria/search/buscarPorUsuario?id=ABC", parameters={masked}
2026-02-12 20:00:46.771 [http-nio-8080-exec-6] DEBUG o.s.w.s.m.m.a.ExceptionHandlerExceptionResolver - Using @ExceptionHandler org.springframework.data.rest.webmvc.RepositoryRestExceptionHandler#handleMiscFailures(Exception)
2026-02-12 20:00:46.771 [http-nio-8080-exec-6] DEBUG o.s.w.s.m.m.a.HttpEntityMethodProcessor - Using 'application/json', given [application/json, text/plain, */*] and supported [application/json, application/*+json]
2026-02-12 20:00:46.771 [http-nio-8080-exec-6] DEBUG o.s.w.s.m.m.a.HttpEntityMethodProcessor - Writing [org.springframework.data.rest.webmvc.support.ExceptionMessage@2c9dbdf2]
2026-02-12 20:00:46.771 [http-nio-8080-exec-6] WARN  o.s.w.s.m.m.a.ExceptionHandlerExceptionResolver - Resolved [org.springframework.data.repository.support.QueryMethodParameterConversionException: Failed to convert ABC into java.lang.Integer]
2026-02-12 20:00:46.771 [http-nio-8080-exec-6] DEBUG o.s.web.servlet.DispatcherServlet - Completed 500 INTERNAL_SERVER_ERROR
2026-02-12 20:00:49.122 [http-nio-8080-exec-1] DEBUG o.s.web.servlet.DispatcherServlet - GET "/api/auditoria?size=100&sort=fechaHora,desc", parameters={masked}
2026-02-12 20:00:49.142 [http-nio-8080-exec-1] DEBUG o.s.w.s.m.m.a.RequestResponseBodyMethodProcessor - Using 'application/json', given [application/json, text/plain, */*] and supported [application/hal+json, application/json]
2026-02-12 20:00:49.142 [http-nio-8080-exec-1] DEBUG o.s.w.s.m.m.a.RequestResponseBodyMethodProcessor - Writing [PagedModel { content: [EntityModel { content: AuditoriaEntity(idauditoria=70, fechaHora=2026-02-12T1 (truncated)...]
2026-02-12 20:00:49.156 [http-nio-8080-exec-3] DEBUG o.s.web.servlet.DispatcherServlet - GET "/api/auditoria?size=100&sort=fechaHora,desc", parameters={masked}
2026-02-12 20:00:49.164 [http-nio-8080-exec-1] DEBUG o.s.web.servlet.DispatcherServlet - Completed 200 OK
2026-02-12 20:00:49.185 [http-nio-8080-exec-3] DEBUG o.s.w.s.m.m.a.RequestResponseBodyMethodProcessor - Using 'application/json', given [application/json, text/plain, */*] and supported [application/hal+json, application/json]
2026-02-12 20:00:49.185 [http-nio-8080-exec-3] DEBUG o.s.w.s.m.m.a.RequestResponseBodyMethodProcessor - Writing [PagedModel { content: [EntityModel { content: AuditoriaEntity(idauditoria=70, fechaHora=2026-02-12T1 (truncated)...]
2026-02-12 20:00:49.208 [http-nio-8080-exec-3] DEBUG o.s.web.servlet.DispatcherServlet - Completed 200 OK
2026-02-12 20:01:47.141 [http-nio-8080-exec-7] DEBUG o.s.web.servlet.DispatcherServlet - POST "/api/auth-rest/loginAccion", parameters={}
2026-02-12 20:01:47.141 [http-nio-8080-exec-7] DEBUG o.s.w.s.m.m.a.RequestMappingHandlerMapping - Mapped to com.example.ProyectoBackEnd.controller.LoginController#loginAccion(UsuarioEntity, HttpSession)
2026-02-12 20:01:47.141 [http-nio-8080-exec-7] DEBUG o.s.w.s.m.m.a.RequestResponseBodyMethodProcessor - Read "application/json;charset=UTF-8" to [UsuarioEntity(idUsuario=null, usuario=yaddif, contraseña=12345, fechaCreacion=null, estado=null, fec (truncated)...]
2026-02-12 20:01:47.147 [http-nio-8080-exec-7] INFO  c.e.P.controller.LoginController - AUDITORIA: Intento de login para usuario: yaddif
2026-02-12 20:01:47.171 [http-nio-8080-exec-7] INFO  c.e.P.aspect.LogginAspect - Operación buscarPorNombre completada en 0 ms
2026-02-12 20:01:47.188 [http-nio-8080-exec-7] INFO  c.e.P.aspect.LogginAspect - Operación validarLogin completada en 0 ms
2026-02-12 20:01:47.188 [http-nio-8080-exec-7] INFO  c.e.P.controller.LoginController - Login exitoso. Derivando a principal.
2026-02-12 20:01:47.251 [http-nio-8080-exec-7] DEBUG o.s.w.s.m.m.a.RequestResponseBodyMethodProcessor - Using 'application/json', given [application/json, text/plain, */*] and supported [application/hal+json, application/vnd.hal+json, application/json, application/schema+json, application/json-patch+json, application/merge-patch+json, application/x-spring-data-verbose+json, application/x-spring-data-compact+json, application/prs.hal-forms+json, application/*+json]
2026-02-12 20:01:47.251 [http-nio-8080-exec-7] DEBUG o.s.w.s.m.m.a.RequestResponseBodyMethodProcessor - Writing [EntityModel { content: UsuarioEntity(idUsuario=2, usuario=yaddif, contraseña=12345, fechaCreacion=20 (truncated)...]
2026-02-12 20:01:47.251 [http-nio-8080-exec-7] DEBUG o.s.web.servlet.DispatcherServlet - Completed 200 OK
2026-02-12 20:01:52.585 [http-nio-8080-exec-8] DEBUG o.s.web.servlet.DispatcherServlet - GET "/api/auditoria?size=100&sort=fechaHora,desc", parameters={masked}
2026-02-12 20:01:52.610 [http-nio-8080-exec-8] DEBUG o.s.w.s.m.m.a.RequestResponseBodyMethodProcessor - Using 'application/json', given [application/json, text/plain, */*] and supported [application/hal+json, application/json]
2026-02-12 20:01:52.612 [http-nio-8080-exec-8] DEBUG o.s.w.s.m.m.a.RequestResponseBodyMethodProcessor - Writing [PagedModel { content: [EntityModel { content: AuditoriaEntity(idauditoria=71, fechaHora=2026-02-12T2 (truncated)...]
2026-02-12 20:01:52.625 [http-nio-8080-exec-10] DEBUG o.s.web.servlet.DispatcherServlet - GET "/api/auditoria?size=100&sort=fechaHora,desc", parameters={masked}
2026-02-12 20:01:52.632 [http-nio-8080-exec-8] DEBUG o.s.web.servlet.DispatcherServlet - Completed 200 OK
2026-02-12 20:01:52.656 [http-nio-8080-exec-10] DEBUG o.s.w.s.m.m.a.RequestResponseBodyMethodProcessor - Using 'application/json', given [application/json, text/plain, */*] and supported [application/hal+json, application/json]
2026-02-12 20:01:52.658 [http-nio-8080-exec-10] DEBUG o.s.w.s.m.m.a.RequestResponseBodyMethodProcessor - Writing [PagedModel { content: [EntityModel { content: AuditoriaEntity(idauditoria=71, fechaHora=2026-02-12T2 (truncated)...]
2026-02-12 20:01:52.674 [http-nio-8080-exec-10] DEBUG o.s.web.servlet.DispatcherServlet - Completed 200 OK
2026-02-12 20:01:58.813 [http-nio-8080-exec-2] DEBUG o.s.web.servlet.DispatcherServlet - GET "/api/tareas-rest/search/porUsuario?id=2&size=100", parameters={masked}
2026-02-12 20:01:58.830 [http-nio-8080-exec-2] DEBUG o.s.w.s.m.m.a.HttpEntityMethodProcessor - Using 'application/json', given [application/json, text/plain, */*] and supported [application/hal+json, application/json]
2026-02-12 20:01:58.830 [http-nio-8080-exec-2] DEBUG o.s.w.s.m.m.a.HttpEntityMethodProcessor - Writing [PagedModel { content: [EntityModel { content: TaskEntity(idTarea=7, titulo=Prueba, estado=Pendiente, (truncated)...]
2026-02-12 20:01:58.830 [http-nio-8080-exec-2] DEBUG o.s.web.servlet.DispatcherServlet - Completed 200 OK
2026-02-12 20:01:58.830 [http-nio-8080-exec-4] DEBUG o.s.web.servlet.DispatcherServlet - GET "/api/tareas-rest/search/porUsuario?id=2&size=100", parameters={masked}
2026-02-12 20:01:58.847 [http-nio-8080-exec-4] DEBUG o.s.w.s.m.m.a.HttpEntityMethodProcessor - Using 'application/json', given [application/json, text/plain, */*] and supported [application/hal+json, application/json]
2026-02-12 20:01:58.847 [http-nio-8080-exec-4] DEBUG o.s.w.s.m.m.a.HttpEntityMethodProcessor - Writing [PagedModel { content: [EntityModel { content: TaskEntity(idTarea=7, titulo=Prueba, estado=Pendiente, (truncated)...]
2026-02-12 20:01:58.847 [http-nio-8080-exec-4] DEBUG o.s.web.servlet.DispatcherServlet - Completed 200 OK
2026-02-12 20:02:13.856 [http-nio-8080-exec-6] DEBUG o.s.web.servlet.DispatcherServlet - POST "/api/tareas-rest", parameters={}
2026-02-12 20:02:13.880 [http-nio-8080-exec-6] DEBUG o.s.w.s.m.m.a.HttpEntityMethodProcessor - Using 'application/json', given [application/json, text/plain, */*] and supported [application/hal+json, application/json]
2026-02-12 20:02:13.880 [http-nio-8080-exec-6] DEBUG o.s.w.s.m.m.a.HttpEntityMethodProcessor - Writing [EntityModel { content: TaskEntity(idTarea=38, titulo=Registrar Tarea y validar en Auditoria.JS, esta (truncated)...]
2026-02-12 20:02:13.882 [http-nio-8080-exec-6] DEBUG o.s.web.servlet.DispatcherServlet - Completed 201 CREATED
2026-02-12 20:02:13.882 [http-nio-8080-exec-1] DEBUG o.s.web.servlet.DispatcherServlet - GET "/api/tareas-rest/search/porUsuario?id=2&size=100", parameters={masked}
2026-02-12 20:02:13.899 [http-nio-8080-exec-1] DEBUG o.s.w.s.m.m.a.HttpEntityMethodProcessor - Using 'application/json', given [application/json, text/plain, */*] and supported [application/hal+json, application/json]
2026-02-12 20:02:13.899 [http-nio-8080-exec-1] DEBUG o.s.w.s.m.m.a.HttpEntityMethodProcessor - Writing [PagedModel { content: [EntityModel { content: TaskEntity(idTarea=7, titulo=Prueba, estado=Pendiente, (truncated)...]
2026-02-12 20:02:13.906 [http-nio-8080-exec-1] DEBUG o.s.web.servlet.DispatcherServlet - Completed 200 OK
2026-02-12 20:02:17.127 [http-nio-8080-exec-3] DEBUG o.s.web.servlet.DispatcherServlet - GET "/api/auditoria?size=100&sort=fechaHora,desc", parameters={masked}
2026-02-12 20:02:17.154 [http-nio-8080-exec-3] DEBUG o.s.w.s.m.m.a.RequestResponseBodyMethodProcessor - Using 'application/json', given [application/json, text/plain, */*] and supported [application/hal+json, application/json]
2026-02-12 20:02:17.154 [http-nio-8080-exec-3] DEBUG o.s.w.s.m.m.a.RequestResponseBodyMethodProcessor - Writing [PagedModel { content: [EntityModel { content: AuditoriaEntity(idauditoria=71, fechaHora=2026-02-12T2 (truncated)...]
2026-02-12 20:02:17.170 [http-nio-8080-exec-7] DEBUG o.s.web.servlet.DispatcherServlet - GET "/api/auditoria?size=100&sort=fechaHora,desc", parameters={masked}
2026-02-12 20:02:17.174 [http-nio-8080-exec-3] DEBUG o.s.web.servlet.DispatcherServlet - Completed 200 OK
2026-02-12 20:02:17.201 [http-nio-8080-exec-7] DEBUG o.s.w.s.m.m.a.RequestResponseBodyMethodProcessor - Using 'application/json', given [application/json, text/plain, */*] and supported [application/hal+json, application/json]
2026-02-12 20:02:17.203 [http-nio-8080-exec-7] DEBUG o.s.w.s.m.m.a.RequestResponseBodyMethodProcessor - Writing [PagedModel { content: [EntityModel { content: AuditoriaEntity(idauditoria=71, fechaHora=2026-02-12T2 (truncated)...]
2026-02-12 20:02:17.219 [http-nio-8080-exec-7] DEBUG o.s.web.servlet.DispatcherServlet - Completed 200 OK
2026-02-12 20:02:24.179 [http-nio-8080-exec-5] DEBUG o.s.web.servlet.DispatcherServlet - GET "/api/auditoria/search/buscarPorUsuario?id=yaddif", parameters={masked}
2026-02-12 20:02:24.186 [http-nio-8080-exec-5] DEBUG o.s.w.s.m.m.a.ExceptionHandlerExceptionResolver - Using @ExceptionHandler org.springframework.data.rest.webmvc.RepositoryRestExceptionHandler#handleMiscFailures(Exception)
2026-02-12 20:02:24.186 [http-nio-8080-exec-5] DEBUG o.s.w.s.m.m.a.HttpEntityMethodProcessor - Using 'application/json', given [application/json, text/plain, */*] and supported [application/json, application/*+json]
2026-02-12 20:02:24.186 [http-nio-8080-exec-5] DEBUG o.s.w.s.m.m.a.HttpEntityMethodProcessor - Writing [org.springframework.data.rest.webmvc.support.ExceptionMessage@6228411a]
2026-02-12 20:02:24.186 [http-nio-8080-exec-5] WARN  o.s.w.s.m.m.a.ExceptionHandlerExceptionResolver - Resolved [org.springframework.data.repository.support.QueryMethodParameterConversionException: Failed to convert yaddif into java.lang.Integer]
2026-02-12 20:02:24.186 [http-nio-8080-exec-5] DEBUG o.s.web.servlet.DispatcherServlet - Completed 500 INTERNAL_SERVER_ERROR
2026-02-12 20:02:30.417 [http-nio-8080-exec-9] DEBUG o.s.web.servlet.DispatcherServlet - GET "/api/auditoria/search/buscarPorUsuario?id=2", parameters={masked}
2026-02-12 20:02:30.434 [http-nio-8080-exec-9] DEBUG o.s.w.s.m.m.a.HttpEntityMethodProcessor - Using 'application/json', given [application/json, text/plain, */*] and supported [application/hal+json, application/json]
2026-02-12 20:02:30.434 [http-nio-8080-exec-9] DEBUG o.s.w.s.m.m.a.HttpEntityMethodProcessor - Writing [CollectionModel { content: [org.springframework.hateoas.server.core.EmbeddedWrappers$EmptyCollection (truncated)...]
2026-02-12 20:02:30.442 [http-nio-8080-exec-9] DEBUG o.s.web.servlet.DispatcherServlet - Completed 200 OK
2026-02-12 20:02:35.909 [http-nio-8080-exec-8] DEBUG o.s.web.servlet.DispatcherServlet - GET "/api/auditoria?size=100&sort=fechaHora,desc", parameters={masked}
2026-02-12 20:02:35.928 [http-nio-8080-exec-8] DEBUG o.s.w.s.m.m.a.RequestResponseBodyMethodProcessor - Using 'application/json', given [application/json, text/plain, */*] and supported [application/hal+json, application/json]
2026-02-12 20:02:35.928 [http-nio-8080-exec-8] DEBUG o.s.w.s.m.m.a.RequestResponseBodyMethodProcessor - Writing [PagedModel { content: [EntityModel { content: AuditoriaEntity(idauditoria=71, fechaHora=2026-02-12T2 (truncated)...]
2026-02-12 20:02:35.946 [http-nio-8080-exec-10] DEBUG o.s.web.servlet.DispatcherServlet - GET "/api/auditoria?size=100&sort=fechaHora,desc", parameters={masked}
2026-02-12 20:02:35.949 [http-nio-8080-exec-8] DEBUG o.s.web.servlet.DispatcherServlet - Completed 200 OK
2026-02-12 20:02:35.968 [http-nio-8080-exec-10] DEBUG o.s.w.s.m.m.a.RequestResponseBodyMethodProcessor - Using 'application/json', given [application/json, text/plain, */*] and supported [application/hal+json, application/json]
2026-02-12 20:02:35.968 [http-nio-8080-exec-10] DEBUG o.s.w.s.m.m.a.RequestResponseBodyMethodProcessor - Writing [PagedModel { content: [EntityModel { content: AuditoriaEntity(idauditoria=71, fechaHora=2026-02-12T2 (truncated)...]
2026-02-12 20:02:35.982 [http-nio-8080-exec-10] DEBUG o.s.web.servlet.DispatcherServlet - Completed 200 OK
2026-02-12 20:04:25.075 [http-nio-8080-exec-3] DEBUG o.s.web.servlet.DispatcherServlet - OPTIONS "/api/tareas-rest/search/porUsuario?id=2&size=100", parameters={masked}
2026-02-12 20:04:25.080 [http-nio-8080-exec-3] DEBUG o.s.web.servlet.DispatcherServlet - Completed 200 OK
2026-02-12 20:04:25.086 [http-nio-8080-exec-7] DEBUG o.s.web.servlet.DispatcherServlet - GET "/api/tareas-rest/search/porUsuario?id=2&size=100", parameters={masked}
2026-02-12 20:04:25.102 [http-nio-8080-exec-7] DEBUG o.s.w.s.m.m.a.HttpEntityMethodProcessor - Using 'application/json', given [application/json, text/plain, */*] and supported [application/hal+json, application/json]
2026-02-12 20:04:25.111 [http-nio-8080-exec-7] DEBUG o.s.w.s.m.m.a.HttpEntityMethodProcessor - Writing [PagedModel { content: [EntityModel { content: TaskEntity(idTarea=7, titulo=Prueba, estado=Pendiente, (truncated)...]
2026-02-12 20:04:25.115 [http-nio-8080-exec-7] DEBUG o.s.web.servlet.DispatcherServlet - Completed 200 OK
2026-02-12 20:07:56.828 [restartedMain] INFO  c.e.P.ProyectoBackEndApplication - Starting ProyectoBackEndApplication using Java 17.0.17 with PID 49828 (C:\Users\leofr\OneDrive\Escritorio\ESPECIALIZACION EN JAVA(CIBERTEC) Y OTRAS\JAVA BACK END\PROYECTO FINAL\ProyectoBackEnd (1)\ProyectoBackEnd\target\classes started by leofr in C:\Users\leofr\OneDrive\Escritorio\ESPECIALIZACION EN JAVA(CIBERTEC) Y OTRAS\JAVA BACK END\PROYECTO FINAL\ProyectoBackEnd (1)\ProyectoBackEnd)
2026-02-12 20:07:56.833 [restartedMain] DEBUG c.e.P.ProyectoBackEndApplication - Running with Spring Boot v3.5.10, Spring v6.2.15
2026-02-12 20:07:56.834 [restartedMain] INFO  c.e.P.ProyectoBackEndApplication - No active profile set, falling back to 1 default profile: "default"
2026-02-12 20:07:56.951 [restartedMain] INFO  o.s.b.d.e.DevToolsPropertyDefaultsPostProcessor - Devtools property defaults active! Set 'spring.devtools.add-properties' to 'false' to disable
2026-02-12 20:07:56.951 [restartedMain] INFO  o.s.b.d.e.DevToolsPropertyDefaultsPostProcessor - For additional web related logging consider setting the 'logging.level.web' property to 'DEBUG'
2026-02-12 20:07:58.407 [restartedMain] INFO  o.s.d.r.c.RepositoryConfigurationDelegate - Bootstrapping Spring Data JPA repositories in DEFAULT mode.
2026-02-12 20:07:58.509 [restartedMain] INFO  o.s.d.r.c.RepositoryConfigurationDelegate - Finished Spring Data repository scanning in 89 ms. Found 3 JPA repository interfaces.
2026-02-12 20:07:59.984 [restartedMain] INFO  o.s.b.w.e.tomcat.TomcatWebServer - Tomcat initialized with port 8080 (http)
2026-02-12 20:08:00.005 [restartedMain] INFO  o.a.coyote.http11.Http11NioProtocol - Initializing ProtocolHandler ["http-nio-8080"]
2026-02-12 20:08:00.012 [restartedMain] INFO  o.a.catalina.core.StandardService - Starting service [Tomcat]
2026-02-12 20:08:00.012 [restartedMain] INFO  o.a.catalina.core.StandardEngine - Starting Servlet engine: [Apache Tomcat/10.1.50]
2026-02-12 20:08:00.153 [restartedMain] INFO  o.a.c.c.C.[Tomcat].[localhost].[/] - Initializing Spring embedded WebApplicationContext
2026-02-12 20:08:00.158 [restartedMain] INFO  o.s.b.w.s.c.ServletWebServerApplicationContext - Root WebApplicationContext: initialization completed in 3201 ms
2026-02-12 20:08:00.602 [restartedMain] INFO  o.h.jpa.internal.util.LogHelper - HHH000204: Processing PersistenceUnitInfo [name: default]
2026-02-12 20:08:00.725 [restartedMain] INFO  org.hibernate.Version - HHH000412: Hibernate ORM core version 6.6.41.Final
2026-02-12 20:08:00.830 [restartedMain] INFO  o.h.c.i.RegionFactoryInitiator - HHH000026: Second-level cache disabled
2026-02-12 20:08:01.409 [restartedMain] INFO  o.s.o.j.p.SpringPersistenceUnitInfo - No LoadTimeWeaver setup: ignoring JPA class transformer
2026-02-12 20:08:01.476 [restartedMain] INFO  com.zaxxer.hikari.HikariDataSource - HikariPool-1 - Starting...
2026-02-12 20:08:01.810 [restartedMain] INFO  com.zaxxer.hikari.pool.HikariPool - HikariPool-1 - Added connection com.mysql.cj.jdbc.ConnectionImpl@46c76bc6
2026-02-12 20:08:01.813 [restartedMain] INFO  com.zaxxer.hikari.HikariDataSource - HikariPool-1 - Start completed.
2026-02-12 20:08:01.922 [restartedMain] WARN  org.hibernate.orm.deprecation - HHH90000025: MySQLDialect does not need to be specified explicitly using 'hibernate.dialect' (remove the property setting and it will be selected by default)
2026-02-12 20:08:01.959 [restartedMain] INFO  o.hibernate.orm.connections.pooling - HHH10001005: Database info:
	Database JDBC URL [Connecting through datasource 'HikariDataSource (HikariPool-1)']
	Database driver: undefined/unknown
	Database version: 8.0.32
	Autocommit mode: undefined/unknown
	Isolation level: undefined/unknown
	Minimum pool size: undefined/unknown
	Maximum pool size: undefined/unknown
2026-02-12 20:08:03.326 [restartedMain] INFO  o.h.e.t.j.p.i.JtaPlatformInitiator - HHH000489: No JTA platform available (set 'hibernate.transaction.jta.platform' to enable JTA platform integration)
2026-02-12 20:08:03.562 [restartedMain] INFO  o.s.o.j.LocalContainerEntityManagerFactoryBean - Initialized JPA EntityManagerFactory for persistence unit 'default'
2026-02-12 20:08:04.278 [restartedMain] INFO  o.s.d.j.r.query.QueryEnhancerFactory - Hibernate is in classpath; If applicable, HQL parser will be used.
2026-02-12 20:08:05.462 [restartedMain] WARN  o.s.b.a.o.j.JpaBaseConfiguration$JpaWebConfiguration - spring.jpa.open-in-view is enabled by default. Therefore, database queries may be performed during view rendering. Explicitly configure spring.jpa.open-in-view to disable this warning
2026-02-12 20:08:05.965 [restartedMain] DEBUG o.s.w.s.m.m.a.RequestMappingHandlerMapping - 15 mappings in 'requestMappingHandlerMapping'
2026-02-12 20:08:06.228 [restartedMain] DEBUG o.s.w.s.h.SimpleUrlHandlerMapping - Patterns [/webjars/**, /**] in 'resourceHandlerMapping'
2026-02-12 20:08:06.291 [restartedMain] DEBUG o.s.w.s.m.m.a.RequestMappingHandlerAdapter - ControllerAdvice beans: 0 @ModelAttribute, 0 @InitBinder, 1 RequestBodyAdvice, 1 ResponseBodyAdvice
2026-02-12 20:08:06.389 [restartedMain] WARN  o.s.b.a.t.ThymeleafAutoConfiguration$DefaultTemplateResolverConfiguration - Cannot find template location: classpath:/templates/ (please add some templates, check your Thymeleaf configuration, or set spring.thymeleaf.check-template-location=false)
2026-02-12 20:08:06.448 [restartedMain] DEBUG o.s.w.s.m.m.a.ExceptionHandlerExceptionResolver - ControllerAdvice beans: 1 @ExceptionHandler, 1 ResponseBodyAdvice
2026-02-12 20:08:06.519 [restartedMain] DEBUG o.s.w.s.m.m.a.ExceptionHandlerExceptionResolver - ControllerAdvice beans: 1 @ExceptionHandler, 0 ResponseBodyAdvice
2026-02-12 20:08:06.961 [restartedMain] INFO  o.s.b.d.a.OptionalLiveReloadServer - LiveReload server is running on port 35729
2026-02-12 20:08:06.980 [restartedMain] INFO  o.a.coyote.http11.Http11NioProtocol - Starting ProtocolHandler ["http-nio-8080"]
2026-02-12 20:08:07.023 [restartedMain] INFO  o.s.b.w.e.tomcat.TomcatWebServer - Tomcat started on port 8080 (http) with context path '/'
2026-02-12 20:08:07.040 [restartedMain] INFO  c.e.P.ProyectoBackEndApplication - Started ProyectoBackEndApplication in 11.092 seconds (process running for 12.287)
2026-02-12 20:08:11.404 [http-nio-8080-exec-1] INFO  o.a.c.c.C.[Tomcat].[localhost].[/] - Initializing Spring DispatcherServlet 'dispatcherServlet'
2026-02-12 20:08:11.405 [http-nio-8080-exec-1] INFO  o.s.web.servlet.DispatcherServlet - Initializing Servlet 'dispatcherServlet'
2026-02-12 20:08:11.405 [http-nio-8080-exec-1] DEBUG o.s.web.servlet.DispatcherServlet - Detected StandardServletMultipartResolver
2026-02-12 20:08:11.405 [http-nio-8080-exec-1] DEBUG o.s.web.servlet.DispatcherServlet - Detected AcceptHeaderLocaleResolver
2026-02-12 20:08:11.405 [http-nio-8080-exec-1] DEBUG o.s.web.servlet.DispatcherServlet - Detected FixedThemeResolver
2026-02-12 20:08:11.408 [http-nio-8080-exec-1] DEBUG o.s.web.servlet.DispatcherServlet - Detected org.springframework.web.servlet.view.DefaultRequestToViewNameTranslator@1d9c5848
2026-02-12 20:08:11.409 [http-nio-8080-exec-1] DEBUG o.s.web.servlet.DispatcherServlet - Detected org.springframework.web.servlet.support.SessionFlashMapManager@42fce992
2026-02-12 20:08:11.409 [http-nio-8080-exec-1] DEBUG o.s.web.servlet.DispatcherServlet - enableLoggingRequestDetails='false': request parameters and headers will be masked to prevent unsafe logging of potentially sensitive data
2026-02-12 20:08:11.409 [http-nio-8080-exec-1] INFO  o.s.web.servlet.DispatcherServlet - Completed initialization in 4 ms
2026-02-12 20:08:11.450 [http-nio-8080-exec-1] DEBUG o.s.web.servlet.DispatcherServlet - OPTIONS "/api/auditoria?size=100&sort=fechaHora,desc", parameters={masked}
2026-02-12 20:08:11.450 [http-nio-8080-exec-2] DEBUG o.s.web.servlet.DispatcherServlet - OPTIONS "/api/auditoria?size=100&sort=fechaHora,desc", parameters={masked}
2026-02-12 20:08:11.624 [http-nio-8080-exec-1] DEBUG o.s.web.servlet.DispatcherServlet - Completed 200 OK
2026-02-12 20:08:11.624 [http-nio-8080-exec-2] DEBUG o.s.web.servlet.DispatcherServlet - Completed 200 OK
2026-02-12 20:08:11.658 [http-nio-8080-exec-6] DEBUG o.s.web.servlet.DispatcherServlet - GET "/api/auditoria?size=100&sort=fechaHora,desc", parameters={masked}
2026-02-12 20:08:12.708 [http-nio-8080-exec-6] DEBUG o.s.w.s.m.m.a.RequestResponseBodyMethodProcessor - Using 'application/json', given [application/json, text/plain, */*] and supported [application/hal+json, application/json]
2026-02-12 20:08:12.824 [http-nio-8080-exec-6] DEBUG o.s.w.s.m.m.a.RequestResponseBodyMethodProcessor - Writing [PagedModel { content: [EntityModel { content: AuditoriaEntity(idauditoria=71, fechaHora=2026-02-12T2 (truncated)...]
2026-02-12 20:08:13.221 [http-nio-8080-exec-8] DEBUG o.s.web.servlet.DispatcherServlet - GET "/api/auditoria?size=100&sort=fechaHora,desc", parameters={masked}
2026-02-12 20:08:13.297 [http-nio-8080-exec-6] DEBUG o.s.web.servlet.DispatcherServlet - Completed 200 OK
2026-02-12 20:08:13.361 [http-nio-8080-exec-8] DEBUG o.s.w.s.m.m.a.RequestResponseBodyMethodProcessor - Using 'application/json', given [application/json, text/plain, */*] and supported [application/hal+json, application/json]
2026-02-12 20:08:13.371 [http-nio-8080-exec-8] DEBUG o.s.w.s.m.m.a.RequestResponseBodyMethodProcessor - Writing [PagedModel { content: [EntityModel { content: AuditoriaEntity(idauditoria=71, fechaHora=2026-02-12T2 (truncated)...]
2026-02-12 20:08:13.513 [http-nio-8080-exec-8] DEBUG o.s.web.servlet.DispatcherServlet - Completed 200 OK
2026-02-12 20:08:48.061 [http-nio-8080-exec-5] DEBUG o.s.web.servlet.DispatcherServlet - POST "/api/auth-rest/loginAccion", parameters={}
2026-02-12 20:08:48.066 [http-nio-8080-exec-5] DEBUG o.s.w.s.m.m.a.RequestMappingHandlerMapping - Mapped to com.example.ProyectoBackEnd.controller.LoginController#loginAccion(UsuarioEntity, HttpSession)
2026-02-12 20:08:48.217 [http-nio-8080-exec-5] DEBUG o.s.w.s.m.m.a.RequestResponseBodyMethodProcessor - Read "application/json;charset=UTF-8" to [UsuarioEntity(idUsuario=null, usuario=Gama3, contraseña=G4ma, fechaCreacion=null, estado=null, fecha (truncated)...]
2026-02-12 20:08:48.453 [http-nio-8080-exec-5] WARN  o.a.c.util.SessionIdGeneratorBase - Creation of SecureRandom instance for session ID generation using [SHA1PRNG] took [192] milliseconds.
2026-02-12 20:08:48.458 [http-nio-8080-exec-5] INFO  c.e.P.controller.LoginController - AUDITORIA: Intento de login para usuario: Gama3
2026-02-12 20:08:48.751 [http-nio-8080-exec-5] INFO  c.e.P.aspect.LogginAspect - Operación buscarPorNombre completada en 128 ms
2026-02-12 20:08:48.751 [http-nio-8080-exec-5] WARN  c.e.P.controller.LoginController - Login FALLIDO: El usuario 'Gama3' está INACTIVO.
2026-02-12 20:08:48.775 [http-nio-8080-exec-5] DEBUG o.s.web.servlet.DispatcherServlet - Failed to complete request: java.lang.RuntimeException: Usuario inactivo. Contacte al administrador.
2026-02-12 20:08:48.775 [http-nio-8080-exec-5] ERROR o.a.c.c.C.[.[.[.[dispatcherServlet] - Servlet.service() for servlet [dispatcherServlet] in context with path [] threw exception [Request processing failed: java.lang.RuntimeException: Usuario inactivo. Contacte al administrador.] with root cause
java.lang.RuntimeException: Usuario inactivo. Contacte al administrador.
	at com.example.ProyectoBackEnd.controller.LoginController.loginAccion(LoginController.java:35)
	at java.base/jdk.internal.reflect.NativeMethodAccessorImpl.invoke0(Native Method)
	at java.base/jdk.internal.reflect.NativeMethodAccessorImpl.invoke(NativeMethodAccessorImpl.java:77)
	at java.base/jdk.internal.reflect.DelegatingMethodAccessorImpl.invoke(DelegatingMethodAccessorImpl.java:43)
	at java.base/java.lang.reflect.Method.invoke(Method.java:568)
	at org.springframework.web.method.support.InvocableHandlerMethod.doInvoke(InvocableHandlerMethod.java:258)
	at org.springframework.web.method.support.InvocableHandlerMethod.invokeForRequest(InvocableHandlerMethod.java:191)
	at org.springframework.web.servlet.mvc.method.annotation.ServletInvocableHandlerMethod.invokeAndHandle(ServletInvocableHandlerMethod.java:118)
	at org.springframework.web.servlet.mvc.method.annotation.RequestMappingHandlerAdapter.invokeHandlerMethod(RequestMappingHandlerAdapter.java:991)
	at org.springframework.web.servlet.mvc.method.annotation.RequestMappingHandlerAdapter.handleInternal(RequestMappingHandlerAdapter.java:896)
	at org.springframework.web.servlet.mvc.method.AbstractHandlerMethodAdapter.handle(AbstractHandlerMethodAdapter.java:87)
	at org.springframework.web.servlet.DispatcherServlet.doDispatch(DispatcherServlet.java:1089)
	at org.springframework.web.servlet.DispatcherServlet.doService(DispatcherServlet.java:979)
	at org.springframework.web.servlet.FrameworkServlet.processRequest(FrameworkServlet.java:1014)
	at org.springframework.web.servlet.FrameworkServlet.doPost(FrameworkServlet.java:914)
	at jakarta.servlet.http.HttpServlet.service(HttpServlet.java:590)
	at org.springframework.web.servlet.FrameworkServlet.service(FrameworkServlet.java:885)
	at jakarta.servlet.http.HttpServlet.service(HttpServlet.java:658)
	at org.apache.catalina.core.ApplicationFilterChain.internalDoFilter(ApplicationFilterChain.java:193)
	at org.apache.catalina.core.ApplicationFilterChain.doFilter(ApplicationFilterChain.java:138)
	at org.apache.tomcat.websocket.server.WsFilter.doFilter(WsFilter.java:51)
	at org.apache.catalina.core.ApplicationFilterChain.internalDoFilter(ApplicationFilterChain.java:162)
	at org.apache.catalina.core.ApplicationFilterChain.doFilter(ApplicationFilterChain.java:138)
	at org.springframework.web.filter.RequestContextFilter.doFilterInternal(RequestContextFilter.java:100)
	at org.springframework.web.filter.OncePerRequestFilter.doFilter(OncePerRequestFilter.java:116)
	at org.apache.catalina.core.ApplicationFilterChain.internalDoFilter(ApplicationFilterChain.java:162)
	at org.apache.catalina.core.ApplicationFilterChain.doFilter(ApplicationFilterChain.java:138)
	at org.springframework.web.filter.FormContentFilter.doFilterInternal(FormContentFilter.java:93)
	at org.springframework.web.filter.OncePerRequestFilter.doFilter(OncePerRequestFilter.java:116)
	at org.apache.catalina.core.ApplicationFilterChain.internalDoFilter(ApplicationFilterChain.java:162)
	at org.apache.catalina.core.ApplicationFilterChain.doFilter(ApplicationFilterChain.java:138)
	at org.springframework.web.filter.CharacterEncodingFilter.doFilterInternal(CharacterEncodingFilter.java:201)
	at org.springframework.web.filter.OncePerRequestFilter.doFilter(OncePerRequestFilter.java:116)
	at org.apache.catalina.core.ApplicationFilterChain.internalDoFilter(ApplicationFilterChain.java:162)
	at org.apache.catalina.core.ApplicationFilterChain.doFilter(ApplicationFilterChain.java:138)
	at org.apache.catalina.core.StandardWrapperValve.invoke(StandardWrapperValve.java:165)
	at org.apache.catalina.core.StandardContextValve.invoke(StandardContextValve.java:88)
	at org.apache.catalina.authenticator.AuthenticatorBase.invoke(AuthenticatorBase.java:482)
	at org.apache.catalina.core.StandardHostValve.invoke(StandardHostValve.java:113)
	at org.apache.catalina.valves.ErrorReportValve.invoke(ErrorReportValve.java:83)
	at org.apache.catalina.core.StandardEngineValve.invoke(StandardEngineValve.java:72)
	at org.apache.catalina.connector.CoyoteAdapter.service(CoyoteAdapter.java:342)
	at org.apache.coyote.http11.Http11Processor.service(Http11Processor.java:399)
	at org.apache.coyote.AbstractProcessorLight.process(AbstractProcessorLight.java:63)
	at org.apache.coyote.AbstractProtocol$ConnectionHandler.process(AbstractProtocol.java:903)
	at org.apache.tomcat.util.net.NioEndpoint$SocketProcessor.doRun(NioEndpoint.java:1774)
	at org.apache.tomcat.util.net.SocketProcessorBase.run(SocketProcessorBase.java:52)
	at org.apache.tomcat.util.threads.ThreadPoolExecutor.runWorker(ThreadPoolExecutor.java:973)
	at org.apache.tomcat.util.threads.ThreadPoolExecutor$Worker.run(ThreadPoolExecutor.java:491)
	at org.apache.tomcat.util.threads.TaskThread$WrappingRunnable.run(TaskThread.java:63)
	at java.base/java.lang.Thread.run(Thread.java:842)
2026-02-12 20:08:48.800 [http-nio-8080-exec-5] DEBUG o.s.web.servlet.DispatcherServlet - "ERROR" dispatch for POST "/error", parameters={}
2026-02-12 20:08:48.808 [http-nio-8080-exec-5] DEBUG o.s.w.s.m.m.a.RequestMappingHandlerMapping - Mapped to org.springframework.boot.autoconfigure.web.servlet.error.BasicErrorController#error(HttpServletRequest)
2026-02-12 20:08:48.828 [http-nio-8080-exec-5] DEBUG o.s.w.s.m.m.a.HttpEntityMethodProcessor - Using 'application/json', given [application/json, text/plain, */*] and supported [application/json, application/*+json]
2026-02-12 20:08:48.830 [http-nio-8080-exec-5] DEBUG o.s.w.s.m.m.a.HttpEntityMethodProcessor - Writing [{timestamp=Thu Feb 12 20:08:48 CET 2026, status=500, error=Internal Server Error, trace=java.lang.Ru (truncated)...]
2026-02-12 20:08:48.842 [http-nio-8080-exec-5] DEBUG o.s.web.servlet.DispatcherServlet - Exiting from "ERROR" dispatch, status 500
2026-02-12 20:09:04.872 [http-nio-8080-exec-7] DEBUG o.s.web.servlet.DispatcherServlet - POST "/api/auth-rest/loginAccion", parameters={}
2026-02-12 20:09:04.872 [http-nio-8080-exec-7] DEBUG o.s.w.s.m.m.a.RequestMappingHandlerMapping - Mapped to com.example.ProyectoBackEnd.controller.LoginController#loginAccion(UsuarioEntity, HttpSession)
2026-02-12 20:09:04.872 [http-nio-8080-exec-7] DEBUG o.s.w.s.m.m.a.RequestResponseBodyMethodProcessor - Read "application/json;charset=UTF-8" to [UsuarioEntity(idUsuario=null, usuario=Prueba, contraseña=123456789, fechaCreacion=null, estado=null, (truncated)...]
2026-02-12 20:09:04.881 [http-nio-8080-exec-7] INFO  c.e.P.controller.LoginController - AUDITORIA: Intento de login para usuario: Prueba
2026-02-12 20:09:04.899 [http-nio-8080-exec-7] INFO  c.e.P.aspect.LogginAspect - Operación buscarPorNombre completada en 8 ms
2026-02-12 20:09:04.925 [http-nio-8080-exec-7] INFO  c.e.P.aspect.LogginAspect - Operación validarLogin completada en 8 ms
2026-02-12 20:09:04.931 [http-nio-8080-exec-7] INFO  c.e.P.controller.LoginController - Login exitoso. Derivando a principal.
2026-02-12 20:09:05.317 [http-nio-8080-exec-7] DEBUG o.s.w.s.m.m.a.RequestResponseBodyMethodProcessor - Using 'application/json', given [application/json, text/plain, */*] and supported [application/hal+json, application/vnd.hal+json, application/json, application/schema+json, application/json-patch+json, application/merge-patch+json, application/x-spring-data-verbose+json, application/x-spring-data-compact+json, application/prs.hal-forms+json, application/*+json]
2026-02-12 20:09:05.319 [http-nio-8080-exec-7] DEBUG o.s.w.s.m.m.a.RequestResponseBodyMethodProcessor - Writing [EntityModel { content: UsuarioEntity(idUsuario=41, usuario=Prueba, contraseña=123456789, fechaCreaci (truncated)...]
2026-02-12 20:09:05.328 [http-nio-8080-exec-7] DEBUG o.s.web.servlet.DispatcherServlet - Completed 200 OK
2026-02-12 20:09:06.566 [http-nio-8080-exec-3] DEBUG o.s.web.servlet.DispatcherServlet - OPTIONS "/api/tareas-rest/search/porUsuario?id=41&size=100", parameters={masked}
2026-02-12 20:09:06.567 [http-nio-8080-exec-4] DEBUG o.s.web.servlet.DispatcherServlet - OPTIONS "/api/tareas-rest/search/porUsuario?id=41&size=100", parameters={masked}
2026-02-12 20:09:06.571 [http-nio-8080-exec-3] DEBUG o.s.web.servlet.DispatcherServlet - Completed 200 OK
2026-02-12 20:09:06.571 [http-nio-8080-exec-4] DEBUG o.s.web.servlet.DispatcherServlet - Completed 200 OK
2026-02-12 20:09:06.575 [http-nio-8080-exec-9] DEBUG o.s.web.servlet.DispatcherServlet - GET "/api/tareas-rest/search/porUsuario?id=41&size=100", parameters={masked}
2026-02-12 20:09:06.633 [http-nio-8080-exec-9] DEBUG o.s.w.s.m.m.a.HttpEntityMethodProcessor - Using 'application/json', given [application/json, text/plain, */*] and supported [application/hal+json, application/json]
2026-02-12 20:09:06.633 [http-nio-8080-exec-9] DEBUG o.s.w.s.m.m.a.HttpEntityMethodProcessor - Writing [PagedModel { content: [org.springframework.hateoas.server.core.EmbeddedWrappers$EmptyCollectionEmbed (truncated)...]
2026-02-12 20:09:06.633 [http-nio-8080-exec-9] DEBUG o.s.web.servlet.DispatcherServlet - Completed 200 OK
2026-02-12 20:09:06.651 [http-nio-8080-exec-10] DEBUG o.s.web.servlet.DispatcherServlet - GET "/api/tareas-rest/search/porUsuario?id=41&size=100", parameters={masked}
2026-02-12 20:09:06.671 [http-nio-8080-exec-10] DEBUG o.s.w.s.m.m.a.HttpEntityMethodProcessor - Using 'application/json', given [application/json, text/plain, */*] and supported [application/hal+json, application/json]
2026-02-12 20:09:06.671 [http-nio-8080-exec-10] DEBUG o.s.w.s.m.m.a.HttpEntityMethodProcessor - Writing [PagedModel { content: [org.springframework.hateoas.server.core.EmbeddedWrappers$EmptyCollectionEmbed (truncated)...]
2026-02-12 20:09:06.673 [http-nio-8080-exec-10] DEBUG o.s.web.servlet.DispatcherServlet - Completed 200 OK
2026-02-12 20:09:16.199 [http-nio-8080-exec-6] DEBUG o.s.web.servlet.DispatcherServlet - OPTIONS "/api/tareas-rest", parameters={}
2026-02-12 20:09:16.210 [http-nio-8080-exec-6] DEBUG o.s.web.servlet.DispatcherServlet - Completed 200 OK
2026-02-12 20:09:16.213 [http-nio-8080-exec-8] DEBUG o.s.web.servlet.DispatcherServlet - POST "/api/tareas-rest", parameters={}
2026-02-12 20:09:16.322 [http-nio-8080-exec-8] DEBUG o.s.w.s.m.m.a.HttpEntityMethodProcessor - Using 'application/json', given [application/json, text/plain, */*] and supported [application/hal+json, application/json]
2026-02-12 20:09:16.322 [http-nio-8080-exec-8] DEBUG o.s.w.s.m.m.a.HttpEntityMethodProcessor - Writing [EntityModel { content: TaskEntity(idTarea=39, titulo=Revisión de VM´s, estado=En Proceso, fechaCreac (truncated)...]
2026-02-12 20:09:16.332 [http-nio-8080-exec-8] DEBUG o.s.web.servlet.DispatcherServlet - Completed 201 CREATED
2026-02-12 20:09:16.333 [http-nio-8080-exec-5] DEBUG o.s.web.servlet.DispatcherServlet - GET "/api/tareas-rest/search/porUsuario?id=41&size=100", parameters={masked}
2026-02-12 20:09:16.362 [http-nio-8080-exec-5] DEBUG o.s.w.s.m.m.a.HttpEntityMethodProcessor - Using 'application/json', given [application/json, text/plain, */*] and supported [application/hal+json, application/json]
2026-02-12 20:09:16.362 [http-nio-8080-exec-5] DEBUG o.s.w.s.m.m.a.HttpEntityMethodProcessor - Writing [PagedModel { content: [EntityModel { content: TaskEntity(idTarea=39, titulo=Revisión de VM´s, estado (truncated)...]
2026-02-12 20:09:16.370 [http-nio-8080-exec-5] DEBUG o.s.web.servlet.DispatcherServlet - Completed 200 OK
2026-02-12 20:09:22.323 [http-nio-8080-exec-7] DEBUG o.s.web.servlet.DispatcherServlet - GET "/api/auditoria?size=100&sort=fechaHora,desc", parameters={masked}
2026-02-12 20:09:22.437 [http-nio-8080-exec-7] DEBUG o.s.w.s.m.m.a.RequestResponseBodyMethodProcessor - Using 'application/json', given [application/json, text/plain, */*] and supported [application/hal+json, application/json]
2026-02-12 20:09:22.445 [http-nio-8080-exec-7] DEBUG o.s.w.s.m.m.a.RequestResponseBodyMethodProcessor - Writing [PagedModel { content: [EntityModel { content: AuditoriaEntity(idauditoria=74, fechaHora=2026-02-12T2 (truncated)...]
2026-02-12 20:09:22.516 [http-nio-8080-exec-3] DEBUG o.s.web.servlet.DispatcherServlet - GET "/api/auditoria?size=100&sort=fechaHora,desc", parameters={masked}
2026-02-12 20:09:22.577 [http-nio-8080-exec-7] DEBUG o.s.web.servlet.DispatcherServlet - Completed 200 OK
2026-02-12 20:09:22.632 [http-nio-8080-exec-3] DEBUG o.s.w.s.m.m.a.RequestResponseBodyMethodProcessor - Using 'application/json', given [application/json, text/plain, */*] and supported [application/hal+json, application/json]
2026-02-12 20:09:22.632 [http-nio-8080-exec-3] DEBUG o.s.w.s.m.m.a.RequestResponseBodyMethodProcessor - Writing [PagedModel { content: [EntityModel { content: AuditoriaEntity(idauditoria=74, fechaHora=2026-02-12T2 (truncated)...]
2026-02-12 20:09:22.739 [http-nio-8080-exec-3] DEBUG o.s.web.servlet.DispatcherServlet - Completed 200 OK
2026-02-12 20:09:35.623 [http-nio-8080-exec-4] DEBUG o.s.web.servlet.DispatcherServlet - OPTIONS "/api/auditoria/search/buscarPorUsuario?id=Prueba", parameters={masked}
2026-02-12 20:09:35.632 [http-nio-8080-exec-4] DEBUG o.s.web.servlet.DispatcherServlet - Completed 200 OK
2026-02-12 20:09:35.632 [http-nio-8080-exec-9] DEBUG o.s.web.servlet.DispatcherServlet - GET "/api/auditoria/search/buscarPorUsuario?id=Prueba", parameters={masked}
2026-02-12 20:09:35.646 [http-nio-8080-exec-9] DEBUG o.s.w.s.m.m.a.ExceptionHandlerExceptionResolver - Using @ExceptionHandler org.springframework.data.rest.webmvc.RepositoryRestExceptionHandler#handleMiscFailures(Exception)
2026-02-12 20:09:35.655 [http-nio-8080-exec-9] DEBUG o.s.w.s.m.m.a.HttpEntityMethodProcessor - Using 'application/json', given [application/json, text/plain, */*] and supported [application/json, application/*+json]
2026-02-12 20:09:35.655 [http-nio-8080-exec-9] DEBUG o.s.w.s.m.m.a.HttpEntityMethodProcessor - Writing [org.springframework.data.rest.webmvc.support.ExceptionMessage@7bfd3d37]
2026-02-12 20:09:35.661 [http-nio-8080-exec-9] WARN  o.s.w.s.m.m.a.ExceptionHandlerExceptionResolver - Resolved [org.springframework.data.repository.support.QueryMethodParameterConversionException: Failed to convert Prueba into java.lang.Integer]
2026-02-12 20:09:35.661 [http-nio-8080-exec-9] DEBUG o.s.web.servlet.DispatcherServlet - Completed 500 INTERNAL_SERVER_ERROR
2026-02-12 20:09:51.260 [http-nio-8080-exec-6] DEBUG o.s.web.servlet.DispatcherServlet - GET "/api/auditoria?size=100&sort=fechaHora,desc", parameters={masked}
2026-02-12 20:09:51.350 [http-nio-8080-exec-6] DEBUG o.s.w.s.m.m.a.RequestResponseBodyMethodProcessor - Using 'application/json', given [application/json, text/plain, */*] and supported [application/hal+json, application/json]
2026-02-12 20:09:51.350 [http-nio-8080-exec-6] DEBUG o.s.w.s.m.m.a.RequestResponseBodyMethodProcessor - Writing [PagedModel { content: [EntityModel { content: AuditoriaEntity(idauditoria=74, fechaHora=2026-02-12T2 (truncated)...]
2026-02-12 20:09:51.396 [http-nio-8080-exec-8] DEBUG o.s.web.servlet.DispatcherServlet - GET "/api/auditoria?size=100&sort=fechaHora,desc", parameters={masked}
2026-02-12 20:09:51.431 [http-nio-8080-exec-6] DEBUG o.s.web.servlet.DispatcherServlet - Completed 200 OK
2026-02-12 20:09:51.490 [http-nio-8080-exec-8] DEBUG o.s.w.s.m.m.a.RequestResponseBodyMethodProcessor - Using 'application/json', given [application/json, text/plain, */*] and supported [application/hal+json, application/json]
2026-02-12 20:09:51.495 [http-nio-8080-exec-8] DEBUG o.s.w.s.m.m.a.RequestResponseBodyMethodProcessor - Writing [PagedModel { content: [EntityModel { content: AuditoriaEntity(idauditoria=74, fechaHora=2026-02-12T2 (truncated)...]
2026-02-12 20:09:51.572 [http-nio-8080-exec-8] DEBUG o.s.web.servlet.DispatcherServlet - Completed 200 OK
2026-02-12 20:11:43.978 [http-nio-8080-exec-3] DEBUG o.s.web.servlet.DispatcherServlet - OPTIONS "/api/auth-rest/loginAccion", parameters={}
2026-02-12 20:11:43.979 [http-nio-8080-exec-3] DEBUG o.s.w.s.m.m.a.RequestMappingHandlerMapping - Mapped to com.example.ProyectoBackEnd.controller.LoginController#loginAccion(UsuarioEntity, HttpSession)
2026-02-12 20:11:43.982 [http-nio-8080-exec-3] DEBUG o.s.web.servlet.DispatcherServlet - Completed 200 OK
2026-02-12 20:11:43.986 [http-nio-8080-exec-4] DEBUG o.s.web.servlet.DispatcherServlet - POST "/api/auth-rest/loginAccion", parameters={}
2026-02-12 20:11:43.990 [http-nio-8080-exec-4] DEBUG o.s.w.s.m.m.a.RequestMappingHandlerMapping - Mapped to com.example.ProyectoBackEnd.controller.LoginController#loginAccion(UsuarioEntity, HttpSession)
2026-02-12 20:11:43.991 [http-nio-8080-exec-4] DEBUG o.s.w.s.m.m.a.RequestResponseBodyMethodProcessor - Read "application/json;charset=UTF-8" to [UsuarioEntity(idUsuario=null, usuario=admin, contraseña=1234, fechaCreacion=null, estado=null, fecha (truncated)...]
2026-02-12 20:11:43.993 [http-nio-8080-exec-4] INFO  c.e.P.controller.LoginController - AUDITORIA: Intento de login para usuario: admin
2026-02-12 20:11:44.026 [http-nio-8080-exec-4] INFO  c.e.P.aspect.LogginAspect - Operación buscarPorNombre completada en 12 ms
2026-02-12 20:11:44.051 [http-nio-8080-exec-4] INFO  c.e.P.aspect.LogginAspect - Operación validarLogin completada en 9 ms
2026-02-12 20:11:44.051 [http-nio-8080-exec-4] INFO  c.e.P.controller.LoginController - Login exitoso. Derivando a principal.
2026-02-12 20:11:44.098 [http-nio-8080-exec-4] DEBUG o.s.w.s.m.m.a.RequestResponseBodyMethodProcessor - Using 'application/json', given [application/json, text/plain, */*] and supported [application/hal+json, application/vnd.hal+json, application/json, application/schema+json, application/json-patch+json, application/merge-patch+json, application/x-spring-data-verbose+json, application/x-spring-data-compact+json, application/prs.hal-forms+json, application/*+json]
2026-02-12 20:11:44.098 [http-nio-8080-exec-4] DEBUG o.s.w.s.m.m.a.RequestResponseBodyMethodProcessor - Writing [EntityModel { content: UsuarioEntity(idUsuario=1, usuario=admin, contraseña=1234, fechaCreacion=2026 (truncated)...]
2026-02-12 20:11:44.103 [http-nio-8080-exec-4] DEBUG o.s.web.servlet.DispatcherServlet - Completed 200 OK
2026-02-12 20:11:46.444 [http-nio-8080-exec-9] DEBUG o.s.web.servlet.DispatcherServlet - OPTIONS "/api/tareas-rest/search/porUsuario?id=1&size=100", parameters={masked}
2026-02-12 20:11:46.446 [http-nio-8080-exec-10] DEBUG o.s.web.servlet.DispatcherServlet - OPTIONS "/api/tareas-rest/search/porUsuario?id=1&size=100", parameters={masked}
2026-02-12 20:11:46.448 [http-nio-8080-exec-10] DEBUG o.s.web.servlet.DispatcherServlet - Completed 200 OK
2026-02-12 20:11:46.450 [http-nio-8080-exec-9] DEBUG o.s.web.servlet.DispatcherServlet - Completed 200 OK
2026-02-12 20:11:46.454 [http-nio-8080-exec-2] DEBUG o.s.web.servlet.DispatcherServlet - GET "/api/tareas-rest/search/porUsuario?id=1&size=100", parameters={masked}
2026-02-12 20:11:46.491 [http-nio-8080-exec-2] DEBUG o.s.w.s.m.m.a.HttpEntityMethodProcessor - Using 'application/json', given [application/json, text/plain, */*] and supported [application/hal+json, application/json]
2026-02-12 20:11:46.494 [http-nio-8080-exec-2] DEBUG o.s.w.s.m.m.a.HttpEntityMethodProcessor - Writing [PagedModel { content: [EntityModel { content: TaskEntity(idTarea=1, titulo=Configurar el entorno de  (truncated)...]
2026-02-12 20:11:46.502 [http-nio-8080-exec-2] DEBUG o.s.web.servlet.DispatcherServlet - Completed 200 OK
2026-02-12 20:11:46.513 [http-nio-8080-exec-1] DEBUG o.s.web.servlet.DispatcherServlet - GET "/api/tareas-rest/search/porUsuario?id=1&size=100", parameters={masked}
2026-02-12 20:11:46.538 [http-nio-8080-exec-1] DEBUG o.s.w.s.m.m.a.HttpEntityMethodProcessor - Using 'application/json', given [application/json, text/plain, */*] and supported [application/hal+json, application/json]
2026-02-12 20:11:46.543 [http-nio-8080-exec-1] DEBUG o.s.w.s.m.m.a.HttpEntityMethodProcessor - Writing [PagedModel { content: [EntityModel { content: TaskEntity(idTarea=1, titulo=Configurar el entorno de  (truncated)...]
2026-02-12 20:11:46.562 [http-nio-8080-exec-1] DEBUG o.s.web.servlet.DispatcherServlet - Completed 200 OK
2026-02-12 20:12:01.919 [http-nio-8080-exec-6] DEBUG o.s.web.servlet.DispatcherServlet - OPTIONS "/api/tareas-rest", parameters={}
2026-02-12 20:12:01.922 [http-nio-8080-exec-6] DEBUG o.s.web.servlet.DispatcherServlet - Completed 200 OK
2026-02-12 20:12:01.928 [http-nio-8080-exec-8] DEBUG o.s.web.servlet.DispatcherServlet - POST "/api/tareas-rest", parameters={}
2026-02-12 20:12:01.954 [http-nio-8080-exec-8] DEBUG o.s.w.s.m.m.a.HttpEntityMethodProcessor - Using 'application/json', given [application/json, text/plain, */*] and supported [application/hal+json, application/json]
2026-02-12 20:12:01.954 [http-nio-8080-exec-8] DEBUG o.s.w.s.m.m.a.HttpEntityMethodProcessor - Writing [EntityModel { content: TaskEntity(idTarea=40, titulo=Validación de Auditoría (Nro 3), estado=En Proc (truncated)...]
2026-02-12 20:12:01.958 [http-nio-8080-exec-8] DEBUG o.s.web.servlet.DispatcherServlet - Completed 201 CREATED
2026-02-12 20:12:01.961 [http-nio-8080-exec-7] DEBUG o.s.web.servlet.DispatcherServlet - GET "/api/tareas-rest/search/porUsuario?id=1&size=100", parameters={masked}
2026-02-12 20:12:01.995 [http-nio-8080-exec-7] DEBUG o.s.w.s.m.m.a.HttpEntityMethodProcessor - Using 'application/json', given [application/json, text/plain, */*] and supported [application/hal+json, application/json]
2026-02-12 20:12:01.995 [http-nio-8080-exec-7] DEBUG o.s.w.s.m.m.a.HttpEntityMethodProcessor - Writing [PagedModel { content: [EntityModel { content: TaskEntity(idTarea=1, titulo=Configurar el entorno de  (truncated)...]
2026-02-12 20:12:01.999 [http-nio-8080-exec-7] DEBUG o.s.web.servlet.DispatcherServlet - Completed 200 OK
2026-02-12 20:12:08.546 [http-nio-8080-exec-5] DEBUG o.s.web.servlet.DispatcherServlet - GET "/api/auditoria?size=100&sort=fechaHora,desc", parameters={masked}
2026-02-12 20:12:08.616 [http-nio-8080-exec-5] DEBUG o.s.w.s.m.m.a.RequestResponseBodyMethodProcessor - Using 'application/json', given [application/json, text/plain, */*] and supported [application/hal+json, application/json]
2026-02-12 20:12:08.618 [http-nio-8080-exec-5] DEBUG o.s.w.s.m.m.a.RequestResponseBodyMethodProcessor - Writing [PagedModel { content: [EntityModel { content: AuditoriaEntity(idauditoria=76, fechaHora=2026-02-12T2 (truncated)...]
2026-02-12 20:12:08.656 [http-nio-8080-exec-3] DEBUG o.s.web.servlet.DispatcherServlet - GET "/api/auditoria?size=100&sort=fechaHora,desc", parameters={masked}
2026-02-12 20:12:08.685 [http-nio-8080-exec-5] DEBUG o.s.web.servlet.DispatcherServlet - Completed 200 OK
2026-02-12 20:12:08.722 [http-nio-8080-exec-3] DEBUG o.s.w.s.m.m.a.RequestResponseBodyMethodProcessor - Using 'application/json', given [application/json, text/plain, */*] and supported [application/hal+json, application/json]
2026-02-12 20:12:08.728 [http-nio-8080-exec-3] DEBUG o.s.w.s.m.m.a.RequestResponseBodyMethodProcessor - Writing [PagedModel { content: [EntityModel { content: AuditoriaEntity(idauditoria=76, fechaHora=2026-02-12T2 (truncated)...]
2026-02-12 20:12:08.779 [http-nio-8080-exec-3] DEBUG o.s.web.servlet.DispatcherServlet - Completed 200 OK
2026-02-12 20:12:37.693 [http-nio-8080-exec-4] DEBUG o.s.web.servlet.DispatcherServlet - POST "/api/auth-rest/loginAccion", parameters={}
2026-02-12 20:12:37.693 [http-nio-8080-exec-4] DEBUG o.s.w.s.m.m.a.RequestMappingHandlerMapping - Mapped to com.example.ProyectoBackEnd.controller.LoginController#loginAccion(UsuarioEntity, HttpSession)
2026-02-12 20:12:37.695 [http-nio-8080-exec-4] DEBUG o.s.w.s.m.m.a.RequestResponseBodyMethodProcessor - Read "application/json;charset=UTF-8" to [UsuarioEntity(idUsuario=null, usuario=yaddif, contraseña=12345, fechaCreacion=null, estado=null, fec (truncated)...]
2026-02-12 20:12:37.697 [http-nio-8080-exec-4] INFO  c.e.P.controller.LoginController - AUDITORIA: Intento de login para usuario: yaddif
2026-02-12 20:12:37.715 [http-nio-8080-exec-4] INFO  c.e.P.aspect.LogginAspect - Operación buscarPorNombre completada en 6 ms
2026-02-12 20:12:37.725 [http-nio-8080-exec-4] INFO  c.e.P.aspect.LogginAspect - Operación validarLogin completada en 8 ms
2026-02-12 20:12:37.725 [http-nio-8080-exec-4] INFO  c.e.P.controller.LoginController - Login exitoso. Derivando a principal.
2026-02-12 20:12:37.771 [http-nio-8080-exec-4] DEBUG o.s.w.s.m.m.a.RequestResponseBodyMethodProcessor - Using 'application/json', given [application/json, text/plain, */*] and supported [application/hal+json, application/vnd.hal+json, application/json, application/schema+json, application/json-patch+json, application/merge-patch+json, application/x-spring-data-verbose+json, application/x-spring-data-compact+json, application/prs.hal-forms+json, application/*+json]
2026-02-12 20:12:37.771 [http-nio-8080-exec-4] DEBUG o.s.w.s.m.m.a.RequestResponseBodyMethodProcessor - Writing [EntityModel { content: UsuarioEntity(idUsuario=2, usuario=yaddif, contraseña=12345, fechaCreacion=20 (truncated)...]
2026-02-12 20:12:37.771 [http-nio-8080-exec-4] DEBUG o.s.web.servlet.DispatcherServlet - Completed 200 OK
2026-02-12 20:12:38.538 [http-nio-8080-exec-10] DEBUG o.s.web.servlet.DispatcherServlet - OPTIONS "/api/tareas-rest/search/porUsuario?id=2&size=100", parameters={masked}
2026-02-12 20:12:38.538 [http-nio-8080-exec-9] DEBUG o.s.web.servlet.DispatcherServlet - OPTIONS "/api/tareas-rest/search/porUsuario?id=2&size=100", parameters={masked}
2026-02-12 20:12:38.540 [http-nio-8080-exec-10] DEBUG o.s.web.servlet.DispatcherServlet - Completed 200 OK
2026-02-12 20:12:38.540 [http-nio-8080-exec-9] DEBUG o.s.web.servlet.DispatcherServlet - Completed 200 OK
2026-02-12 20:12:38.546 [http-nio-8080-exec-2] DEBUG o.s.web.servlet.DispatcherServlet - GET "/api/tareas-rest/search/porUsuario?id=2&size=100", parameters={masked}
2026-02-12 20:12:38.573 [http-nio-8080-exec-2] DEBUG o.s.w.s.m.m.a.HttpEntityMethodProcessor - Using 'application/json', given [application/json, text/plain, */*] and supported [application/hal+json, application/json]
2026-02-12 20:12:38.573 [http-nio-8080-exec-2] DEBUG o.s.w.s.m.m.a.HttpEntityMethodProcessor - Writing [PagedModel { content: [EntityModel { content: TaskEntity(idTarea=7, titulo=Prueba, estado=Pendiente, (truncated)...]
2026-02-12 20:12:38.579 [http-nio-8080-exec-2] DEBUG o.s.web.servlet.DispatcherServlet - Completed 200 OK
2026-02-12 20:12:38.579 [http-nio-8080-exec-1] DEBUG o.s.web.servlet.DispatcherServlet - GET "/api/tareas-rest/search/porUsuario?id=2&size=100", parameters={masked}
2026-02-12 20:12:38.604 [http-nio-8080-exec-1] DEBUG o.s.w.s.m.m.a.HttpEntityMethodProcessor - Using 'application/json', given [application/json, text/plain, */*] and supported [application/hal+json, application/json]
2026-02-12 20:12:38.604 [http-nio-8080-exec-1] DEBUG o.s.w.s.m.m.a.HttpEntityMethodProcessor - Writing [PagedModel { content: [EntityModel { content: TaskEntity(idTarea=7, titulo=Prueba, estado=Pendiente, (truncated)...]
2026-02-12 20:12:38.613 [http-nio-8080-exec-1] DEBUG o.s.web.servlet.DispatcherServlet - Completed 200 OK
2026-02-12 20:12:52.819 [http-nio-8080-exec-6] DEBUG o.s.web.servlet.DispatcherServlet - POST "/api/tareas-rest", parameters={}
2026-02-12 20:12:52.854 [http-nio-8080-exec-6] DEBUG o.s.w.s.m.m.a.HttpEntityMethodProcessor - Using 'application/json', given [application/json, text/plain, */*] and supported [application/hal+json, application/json]
2026-02-12 20:12:52.854 [http-nio-8080-exec-6] DEBUG o.s.w.s.m.m.a.HttpEntityMethodProcessor - Writing [EntityModel { content: TaskEntity(idTarea=41, titulo=Mantener Revision de Auditoria.Js, estado=Abier (truncated)...]
2026-02-12 20:12:52.854 [http-nio-8080-exec-6] DEBUG o.s.web.servlet.DispatcherServlet - Completed 201 CREATED
2026-02-12 20:12:52.862 [http-nio-8080-exec-8] DEBUG o.s.web.servlet.DispatcherServlet - GET "/api/tareas-rest/search/porUsuario?id=2&size=100", parameters={masked}
2026-02-12 20:12:52.889 [http-nio-8080-exec-8] DEBUG o.s.w.s.m.m.a.HttpEntityMethodProcessor - Using 'application/json', given [application/json, text/plain, */*] and supported [application/hal+json, application/json]
2026-02-12 20:12:52.891 [http-nio-8080-exec-8] DEBUG o.s.w.s.m.m.a.HttpEntityMethodProcessor - Writing [PagedModel { content: [EntityModel { content: TaskEntity(idTarea=7, titulo=Prueba, estado=Pendiente, (truncated)...]
2026-02-12 20:12:52.891 [http-nio-8080-exec-8] DEBUG o.s.web.servlet.DispatcherServlet - Completed 200 OK
2026-02-12 20:13:00.378 [http-nio-8080-exec-7] DEBUG o.s.web.servlet.DispatcherServlet - POST "/api/auth-rest/loginAccion", parameters={}
2026-02-12 20:13:00.378 [http-nio-8080-exec-7] DEBUG o.s.w.s.m.m.a.RequestMappingHandlerMapping - Mapped to com.example.ProyectoBackEnd.controller.LoginController#loginAccion(UsuarioEntity, HttpSession)
2026-02-12 20:13:00.381 [http-nio-8080-exec-7] DEBUG o.s.w.s.m.m.a.RequestResponseBodyMethodProcessor - Read "application/json;charset=UTF-8" to [UsuarioEntity(idUsuario=null, usuario=admin, contraseña=1234, fechaCreacion=null, estado=null, fecha (truncated)...]
2026-02-12 20:13:00.383 [http-nio-8080-exec-7] INFO  c.e.P.controller.LoginController - AUDITORIA: Intento de login para usuario: admin
2026-02-12 20:13:00.401 [http-nio-8080-exec-7] INFO  c.e.P.aspect.LogginAspect - Operación buscarPorNombre completada en 5 ms
2026-02-12 20:13:00.421 [http-nio-8080-exec-7] INFO  c.e.P.aspect.LogginAspect - Operación validarLogin completada en 5 ms
2026-02-12 20:13:00.421 [http-nio-8080-exec-7] INFO  c.e.P.controller.LoginController - Login exitoso. Derivando a principal.
2026-02-12 20:13:00.449 [http-nio-8080-exec-7] DEBUG o.s.w.s.m.m.a.RequestResponseBodyMethodProcessor - Using 'application/json', given [application/json, text/plain, */*] and supported [application/hal+json, application/vnd.hal+json, application/json, application/schema+json, application/json-patch+json, application/merge-patch+json, application/x-spring-data-verbose+json, application/x-spring-data-compact+json, application/prs.hal-forms+json, application/*+json]
2026-02-12 20:13:00.449 [http-nio-8080-exec-7] DEBUG o.s.w.s.m.m.a.RequestResponseBodyMethodProcessor - Writing [EntityModel { content: UsuarioEntity(idUsuario=1, usuario=admin, contraseña=1234, fechaCreacion=2026 (truncated)...]
2026-02-12 20:13:00.457 [http-nio-8080-exec-7] DEBUG o.s.web.servlet.DispatcherServlet - Completed 200 OK
2026-02-12 20:13:02.154 [http-nio-8080-exec-5] DEBUG o.s.web.servlet.DispatcherServlet - GET "/api/auditoria?size=100&sort=fechaHora,desc", parameters={masked}
2026-02-12 20:13:02.205 [http-nio-8080-exec-5] DEBUG o.s.w.s.m.m.a.RequestResponseBodyMethodProcessor - Using 'application/json', given [application/json, text/plain, */*] and supported [application/hal+json, application/json]
2026-02-12 20:13:02.205 [http-nio-8080-exec-5] DEBUG o.s.w.s.m.m.a.RequestResponseBodyMethodProcessor - Writing [PagedModel { content: [EntityModel { content: AuditoriaEntity(idauditoria=81, fechaHora=2026-02-12T2 (truncated)...]
2026-02-12 20:13:02.253 [http-nio-8080-exec-3] DEBUG o.s.web.servlet.DispatcherServlet - GET "/api/auditoria?size=100&sort=fechaHora,desc", parameters={masked}
2026-02-12 20:13:02.279 [http-nio-8080-exec-5] DEBUG o.s.web.servlet.DispatcherServlet - Completed 200 OK
2026-02-12 20:13:02.315 [http-nio-8080-exec-3] DEBUG o.s.w.s.m.m.a.RequestResponseBodyMethodProcessor - Using 'application/json', given [application/json, text/plain, */*] and supported [application/hal+json, application/json]
2026-02-12 20:13:02.317 [http-nio-8080-exec-3] DEBUG o.s.w.s.m.m.a.RequestResponseBodyMethodProcessor - Writing [PagedModel { content: [EntityModel { content: AuditoriaEntity(idauditoria=81, fechaHora=2026-02-12T2 (truncated)...]
2026-02-12 20:13:02.362 [http-nio-8080-exec-3] DEBUG o.s.web.servlet.DispatcherServlet - Completed 200 OK
2026-02-12 21:27:01.676 [HikariPool-1:housekeeper] WARN  com.zaxxer.hikari.pool.HikariPool - HikariPool-1 - Thread starvation or clock leap detected (housekeeper delta=1h12m29s685ms836µs200ns).
2026-02-12 21:50:48.798 [http-nio-8080-exec-9] DEBUG o.s.web.servlet.DispatcherServlet - OPTIONS "/api/auditoria?size=100&sort=fechaHora,desc", parameters={masked}
2026-02-12 21:50:48.798 [http-nio-8080-exec-2] DEBUG o.s.web.servlet.DispatcherServlet - OPTIONS "/api/auditoria?size=100&sort=fechaHora,desc", parameters={masked}
2026-02-12 21:50:49.001 [http-nio-8080-exec-9] DEBUG o.s.web.servlet.DispatcherServlet - Completed 200 OK
2026-02-12 21:50:49.001 [http-nio-8080-exec-2] DEBUG o.s.web.servlet.DispatcherServlet - Completed 200 OK
2026-02-12 21:50:49.034 [http-nio-8080-exec-1] DEBUG o.s.web.servlet.DispatcherServlet - GET "/api/auditoria?size=100&sort=fechaHora,desc", parameters={masked}
2026-02-12 21:50:49.532 [http-nio-8080-exec-1] DEBUG o.s.w.s.m.m.a.RequestResponseBodyMethodProcessor - Using 'application/json', given [application/json, text/plain, */*] and supported [application/hal+json, application/json]
2026-02-12 21:50:49.557 [http-nio-8080-exec-1] DEBUG o.s.w.s.m.m.a.RequestResponseBodyMethodProcessor - Writing [PagedModel { content: [EntityModel { content: AuditoriaEntity(idauditoria=81, fechaHora=2026-02-12T2 (truncated)...]
2026-02-12 21:50:49.668 [http-nio-8080-exec-6] DEBUG o.s.web.servlet.DispatcherServlet - GET "/api/auditoria?size=100&sort=fechaHora,desc", parameters={masked}
2026-02-12 21:50:49.701 [http-nio-8080-exec-1] DEBUG o.s.web.servlet.DispatcherServlet - Completed 200 OK
2026-02-12 21:50:49.746 [http-nio-8080-exec-6] DEBUG o.s.w.s.m.m.a.RequestResponseBodyMethodProcessor - Using 'application/json', given [application/json, text/plain, */*] and supported [application/hal+json, application/json]
2026-02-12 21:50:49.756 [http-nio-8080-exec-6] DEBUG o.s.w.s.m.m.a.RequestResponseBodyMethodProcessor - Writing [PagedModel { content: [EntityModel { content: AuditoriaEntity(idauditoria=81, fechaHora=2026-02-12T2 (truncated)...]
2026-02-12 21:50:49.812 [http-nio-8080-exec-6] DEBUG o.s.web.servlet.DispatcherServlet - Completed 200 OK
2026-02-12 21:56:38.107 [restartedMain] INFO  c.e.P.ProyectoBackEndApplication - Starting ProyectoBackEndApplication using Java 17.0.17 with PID 48672 (C:\Users\leofr\OneDrive\Escritorio\ESPECIALIZACION EN JAVA(CIBERTEC) Y OTRAS\JAVA BACK END\PROYECTO FINAL\ProyectoBackEnd (1)\ProyectoBackEnd\target\classes started by leofr in C:\Users\leofr\OneDrive\Escritorio\ESPECIALIZACION EN JAVA(CIBERTEC) Y OTRAS\JAVA BACK END\PROYECTO FINAL\ProyectoBackEnd (1)\ProyectoBackEnd)
2026-02-12 21:56:38.109 [restartedMain] DEBUG c.e.P.ProyectoBackEndApplication - Running with Spring Boot v3.5.10, Spring v6.2.15
2026-02-12 21:56:38.110 [restartedMain] INFO  c.e.P.ProyectoBackEndApplication - No active profile set, falling back to 1 default profile: "default"
2026-02-12 21:56:38.174 [restartedMain] INFO  o.s.b.d.e.DevToolsPropertyDefaultsPostProcessor - Devtools property defaults active! Set 'spring.devtools.add-properties' to 'false' to disable
2026-02-12 21:56:38.174 [restartedMain] INFO  o.s.b.d.e.DevToolsPropertyDefaultsPostProcessor - For additional web related logging consider setting the 'logging.level.web' property to 'DEBUG'
2026-02-12 21:56:38.993 [restartedMain] INFO  o.s.d.r.c.RepositoryConfigurationDelegate - Bootstrapping Spring Data JPA repositories in DEFAULT mode.
2026-02-12 21:56:39.077 [restartedMain] INFO  o.s.d.r.c.RepositoryConfigurationDelegate - Finished Spring Data repository scanning in 72 ms. Found 3 JPA repository interfaces.
2026-02-12 21:56:39.989 [restartedMain] INFO  o.s.b.w.e.tomcat.TomcatWebServer - Tomcat initialized with port 8080 (http)
2026-02-12 21:56:40.004 [restartedMain] INFO  o.a.coyote.http11.Http11NioProtocol - Initializing ProtocolHandler ["http-nio-8080"]
2026-02-12 21:56:40.006 [restartedMain] INFO  o.a.catalina.core.StandardService - Starting service [Tomcat]
2026-02-12 21:56:40.007 [restartedMain] INFO  o.a.catalina.core.StandardEngine - Starting Servlet engine: [Apache Tomcat/10.1.50]
2026-02-12 21:56:40.058 [restartedMain] INFO  o.a.c.c.C.[Tomcat].[localhost].[/] - Initializing Spring embedded WebApplicationContext
2026-02-12 21:56:40.060 [restartedMain] INFO  o.s.b.w.s.c.ServletWebServerApplicationContext - Root WebApplicationContext: initialization completed in 1884 ms
2026-02-12 21:56:40.386 [restartedMain] INFO  o.h.jpa.internal.util.LogHelper - HHH000204: Processing PersistenceUnitInfo [name: default]
2026-02-12 21:56:40.488 [restartedMain] INFO  org.hibernate.Version - HHH000412: Hibernate ORM core version 6.6.41.Final
2026-02-12 21:56:40.537 [restartedMain] INFO  o.h.c.i.RegionFactoryInitiator - HHH000026: Second-level cache disabled
2026-02-12 21:56:40.953 [restartedMain] INFO  o.s.o.j.p.SpringPersistenceUnitInfo - No LoadTimeWeaver setup: ignoring JPA class transformer
2026-02-12 21:56:41.010 [restartedMain] INFO  com.zaxxer.hikari.HikariDataSource - HikariPool-1 - Starting...
2026-02-12 21:56:41.223 [restartedMain] INFO  com.zaxxer.hikari.pool.HikariPool - HikariPool-1 - Added connection com.mysql.cj.jdbc.ConnectionImpl@74bccdaa
2026-02-12 21:56:41.225 [restartedMain] INFO  com.zaxxer.hikari.HikariDataSource - HikariPool-1 - Start completed.
2026-02-12 21:56:41.296 [restartedMain] WARN  org.hibernate.orm.deprecation - HHH90000025: MySQLDialect does not need to be specified explicitly using 'hibernate.dialect' (remove the property setting and it will be selected by default)
2026-02-12 21:56:41.322 [restartedMain] INFO  o.hibernate.orm.connections.pooling - HHH10001005: Database info:
	Database JDBC URL [Connecting through datasource 'HikariDataSource (HikariPool-1)']
	Database driver: undefined/unknown
	Database version: 8.0.32
	Autocommit mode: undefined/unknown
	Isolation level: undefined/unknown
	Minimum pool size: undefined/unknown
	Maximum pool size: undefined/unknown
2026-02-12 21:56:42.293 [restartedMain] INFO  o.h.e.t.j.p.i.JtaPlatformInitiator - HHH000489: No JTA platform available (set 'hibernate.transaction.jta.platform' to enable JTA platform integration)
2026-02-12 21:56:42.423 [restartedMain] INFO  o.s.o.j.LocalContainerEntityManagerFactoryBean - Initialized JPA EntityManagerFactory for persistence unit 'default'
2026-02-12 21:56:43.005 [restartedMain] INFO  o.s.d.j.r.query.QueryEnhancerFactory - Hibernate is in classpath; If applicable, HQL parser will be used.
2026-02-12 21:56:43.957 [restartedMain] WARN  o.s.b.a.o.j.JpaBaseConfiguration$JpaWebConfiguration - spring.jpa.open-in-view is enabled by default. Therefore, database queries may be performed during view rendering. Explicitly configure spring.jpa.open-in-view to disable this warning
2026-02-12 21:56:44.380 [restartedMain] DEBUG o.s.w.s.m.m.a.RequestMappingHandlerMapping - 15 mappings in 'requestMappingHandlerMapping'
2026-02-12 21:56:44.600 [restartedMain] DEBUG o.s.w.s.h.SimpleUrlHandlerMapping - Patterns [/webjars/**, /**] in 'resourceHandlerMapping'
2026-02-12 21:56:44.700 [restartedMain] DEBUG o.s.w.s.m.m.a.RequestMappingHandlerAdapter - ControllerAdvice beans: 0 @ModelAttribute, 0 @InitBinder, 1 RequestBodyAdvice, 1 ResponseBodyAdvice
2026-02-12 21:56:44.907 [restartedMain] WARN  o.s.b.a.t.ThymeleafAutoConfiguration$DefaultTemplateResolverConfiguration - Cannot find template location: classpath:/templates/ (please add some templates, check your Thymeleaf configuration, or set spring.thymeleaf.check-template-location=false)
2026-02-12 21:56:45.039 [restartedMain] DEBUG o.s.w.s.m.m.a.ExceptionHandlerExceptionResolver - ControllerAdvice beans: 1 @ExceptionHandler, 1 ResponseBodyAdvice
2026-02-12 21:56:45.139 [restartedMain] DEBUG o.s.w.s.m.m.a.ExceptionHandlerExceptionResolver - ControllerAdvice beans: 1 @ExceptionHandler, 0 ResponseBodyAdvice
2026-02-12 21:56:45.576 [restartedMain] INFO  o.s.b.d.a.OptionalLiveReloadServer - LiveReload server is running on port 35729
2026-02-12 21:56:45.602 [restartedMain] INFO  o.a.coyote.http11.Http11NioProtocol - Starting ProtocolHandler ["http-nio-8080"]
2026-02-12 21:56:45.645 [restartedMain] INFO  o.s.b.w.e.tomcat.TomcatWebServer - Tomcat started on port 8080 (http) with context path '/'
2026-02-12 21:56:45.656 [restartedMain] INFO  c.e.P.ProyectoBackEndApplication - Started ProyectoBackEndApplication in 7.962 seconds (process running for 8.569)
2026-02-12 21:57:09.755 [http-nio-8080-exec-4] INFO  o.a.c.c.C.[Tomcat].[localhost].[/] - Initializing Spring DispatcherServlet 'dispatcherServlet'
2026-02-12 21:57:09.755 [http-nio-8080-exec-4] INFO  o.s.web.servlet.DispatcherServlet - Initializing Servlet 'dispatcherServlet'
2026-02-12 21:57:09.755 [http-nio-8080-exec-4] DEBUG o.s.web.servlet.DispatcherServlet - Detected StandardServletMultipartResolver
2026-02-12 21:57:09.755 [http-nio-8080-exec-4] DEBUG o.s.web.servlet.DispatcherServlet - Detected AcceptHeaderLocaleResolver
2026-02-12 21:57:09.756 [http-nio-8080-exec-4] DEBUG o.s.web.servlet.DispatcherServlet - Detected FixedThemeResolver
2026-02-12 21:57:09.757 [http-nio-8080-exec-4] DEBUG o.s.web.servlet.DispatcherServlet - Detected org.springframework.web.servlet.view.DefaultRequestToViewNameTranslator@34d49bdc
2026-02-12 21:57:09.757 [http-nio-8080-exec-4] DEBUG o.s.web.servlet.DispatcherServlet - Detected org.springframework.web.servlet.support.SessionFlashMapManager@5db82819
2026-02-12 21:57:09.757 [http-nio-8080-exec-4] DEBUG o.s.web.servlet.DispatcherServlet - enableLoggingRequestDetails='false': request parameters and headers will be masked to prevent unsafe logging of potentially sensitive data
2026-02-12 21:57:09.757 [http-nio-8080-exec-4] INFO  o.s.web.servlet.DispatcherServlet - Completed initialization in 2 ms
2026-02-12 21:57:09.768 [http-nio-8080-exec-4] DEBUG o.s.web.servlet.DispatcherServlet - OPTIONS "/api/auth-rest/loginAccion", parameters={}
2026-02-12 21:57:09.780 [http-nio-8080-exec-4] DEBUG o.s.w.s.m.m.a.RequestMappingHandlerMapping - Mapped to com.example.ProyectoBackEnd.controller.LoginController#loginAccion(UsuarioEntity, HttpSession)
2026-02-12 21:57:09.808 [http-nio-8080-exec-4] DEBUG o.s.web.servlet.DispatcherServlet - Completed 200 OK
2026-02-12 21:57:09.817 [http-nio-8080-exec-5] DEBUG o.s.web.servlet.DispatcherServlet - POST "/api/auth-rest/loginAccion", parameters={}
2026-02-12 21:57:09.818 [http-nio-8080-exec-5] DEBUG o.s.w.s.m.m.a.RequestMappingHandlerMapping - Mapped to com.example.ProyectoBackEnd.controller.LoginController#loginAccion(UsuarioEntity, HttpSession)
2026-02-12 21:57:09.927 [http-nio-8080-exec-5] DEBUG o.s.w.s.m.m.a.RequestResponseBodyMethodProcessor - Read "application/json;charset=UTF-8" to [UsuarioEntity(idUsuario=null, usuario=admin, contraseña=1234, fechaCreacion=null, estado=null, fecha (truncated)...]
2026-02-12 21:57:09.996 [http-nio-8080-exec-5] INFO  c.e.P.controller.LoginController - AUDITORIA: Intento de login para usuario: admin
2026-02-12 21:57:10.239 [http-nio-8080-exec-5] INFO  c.e.P.aspect.LogginAspect - Operación buscarPorNombre completada en 151 ms
2026-02-12 21:57:10.250 [http-nio-8080-exec-5] INFO  c.e.P.aspect.LogginAspect - Operación validarLogin completada en 2 ms
2026-02-12 21:57:10.251 [http-nio-8080-exec-5] INFO  c.e.P.controller.LoginController - Login exitoso. Derivando a principal.
2026-02-12 21:57:10.405 [http-nio-8080-exec-5] DEBUG o.s.w.s.m.m.a.RequestResponseBodyMethodProcessor - Using 'application/json', given [application/json, text/plain, */*] and supported [application/hal+json, application/vnd.hal+json, application/json, application/schema+json, application/json-patch+json, application/merge-patch+json, application/x-spring-data-verbose+json, application/x-spring-data-compact+json, application/prs.hal-forms+json, application/*+json]
2026-02-12 21:57:10.406 [http-nio-8080-exec-5] DEBUG o.s.w.s.m.m.a.RequestResponseBodyMethodProcessor - Writing [EntityModel { content: UsuarioEntity(idUsuario=1, usuario=admin, contraseña=1234, fechaCreacion=2026 (truncated)...]
2026-02-12 21:57:10.449 [http-nio-8080-exec-5] DEBUG o.s.web.servlet.DispatcherServlet - Completed 200 OK
2026-02-12 21:57:12.308 [http-nio-8080-exec-10] DEBUG o.s.web.servlet.DispatcherServlet - GET "/api/auditoria?size=100&sort=fechaHora,desc", parameters={masked}
2026-02-12 21:57:12.444 [http-nio-8080-exec-10] DEBUG o.s.w.s.m.m.a.RequestResponseBodyMethodProcessor - Using 'application/json', given [application/json, text/plain, */*] and supported [application/hal+json, application/json]
2026-02-12 21:57:12.455 [http-nio-8080-exec-10] DEBUG o.s.w.s.m.m.a.RequestResponseBodyMethodProcessor - Writing [PagedModel { content: [EntityModel { content: AuditoriaEntity(idauditoria=83, fechaHora=2026-02-12T2 (truncated)...]
2026-02-12 21:57:12.504 [http-nio-8080-exec-1] DEBUG o.s.web.servlet.DispatcherServlet - GET "/api/auditoria?size=100&sort=fechaHora,desc", parameters={masked}
2026-02-12 21:57:12.530 [http-nio-8080-exec-10] DEBUG o.s.web.servlet.DispatcherServlet - Completed 200 OK
2026-02-12 21:57:12.548 [http-nio-8080-exec-1] DEBUG o.s.w.s.m.m.a.RequestResponseBodyMethodProcessor - Using 'application/json', given [application/json, text/plain, */*] and supported [application/hal+json, application/json]
2026-02-12 21:57:12.550 [http-nio-8080-exec-1] DEBUG o.s.w.s.m.m.a.RequestResponseBodyMethodProcessor - Writing [PagedModel { content: [EntityModel { content: AuditoriaEntity(idauditoria=83, fechaHora=2026-02-12T2 (truncated)...]
2026-02-12 21:57:12.589 [http-nio-8080-exec-1] DEBUG o.s.web.servlet.DispatcherServlet - Completed 200 OK
2026-02-12 21:57:39.789 [http-nio-8080-exec-6] DEBUG o.s.web.servlet.DispatcherServlet - OPTIONS "/api/tareas-rest/search/porUsuario?id=1&size=100", parameters={masked}
2026-02-12 21:57:39.789 [http-nio-8080-exec-7] DEBUG o.s.web.servlet.DispatcherServlet - OPTIONS "/api/tareas-rest/search/porUsuario?id=1&size=100", parameters={masked}
2026-02-12 21:57:39.794 [http-nio-8080-exec-6] DEBUG o.s.web.servlet.DispatcherServlet - Completed 200 OK
2026-02-12 21:57:39.794 [http-nio-8080-exec-7] DEBUG o.s.web.servlet.DispatcherServlet - Completed 200 OK
2026-02-12 21:57:39.797 [http-nio-8080-exec-2] DEBUG o.s.web.servlet.DispatcherServlet - GET "/api/tareas-rest/search/porUsuario?id=1&size=100", parameters={masked}
2026-02-12 21:57:39.838 [http-nio-8080-exec-2] DEBUG o.s.w.s.m.m.a.HttpEntityMethodProcessor - Using 'application/json', given [application/json, text/plain, */*] and supported [application/hal+json, application/json]
2026-02-12 21:57:39.839 [http-nio-8080-exec-2] DEBUG o.s.w.s.m.m.a.HttpEntityMethodProcessor - Writing [PagedModel { content: [EntityModel { content: TaskEntity(idTarea=1, titulo=Configurar el entorno de  (truncated)...]
2026-02-12 21:57:39.848 [http-nio-8080-exec-2] DEBUG o.s.web.servlet.DispatcherServlet - Completed 200 OK
2026-02-12 21:57:39.849 [http-nio-8080-exec-3] DEBUG o.s.web.servlet.DispatcherServlet - GET "/api/tareas-rest/search/porUsuario?id=1&size=100", parameters={masked}
2026-02-12 21:57:39.864 [http-nio-8080-exec-3] DEBUG o.s.w.s.m.m.a.HttpEntityMethodProcessor - Using 'application/json', given [application/json, text/plain, */*] and supported [application/hal+json, application/json]
2026-02-12 21:57:39.865 [http-nio-8080-exec-3] DEBUG o.s.w.s.m.m.a.HttpEntityMethodProcessor - Writing [PagedModel { content: [EntityModel { content: TaskEntity(idTarea=1, titulo=Configurar el entorno de  (truncated)...]
2026-02-12 21:57:39.874 [http-nio-8080-exec-3] DEBUG o.s.web.servlet.DispatcherServlet - Completed 200 OK
2026-02-12 21:57:53.754 [http-nio-8080-exec-8] DEBUG o.s.web.servlet.DispatcherServlet - OPTIONS "/api/tareas-rest", parameters={}
2026-02-12 21:57:53.757 [http-nio-8080-exec-8] DEBUG o.s.web.servlet.DispatcherServlet - Completed 200 OK
2026-02-12 21:57:53.760 [http-nio-8080-exec-9] DEBUG o.s.web.servlet.DispatcherServlet - POST "/api/tareas-rest", parameters={}
2026-02-12 21:57:53.793 [http-nio-8080-exec-9] DEBUG o.s.w.s.m.m.a.HttpEntityMethodProcessor - Using 'application/json', given [application/json, text/plain, */*] and supported [application/hal+json, application/json]
2026-02-12 21:57:53.793 [http-nio-8080-exec-9] DEBUG o.s.w.s.m.m.a.HttpEntityMethodProcessor - Writing [EntityModel { content: TaskEntity(idTarea=42, titulo=Prueba de Auditoria (Intento 5), estado=Abierto (truncated)...]
2026-02-12 21:57:53.795 [http-nio-8080-exec-9] DEBUG o.s.web.servlet.DispatcherServlet - Completed 201 CREATED
2026-02-12 21:57:53.798 [http-nio-8080-exec-4] DEBUG o.s.web.servlet.DispatcherServlet - GET "/api/tareas-rest/search/porUsuario?id=1&size=100", parameters={masked}
2026-02-12 21:57:53.810 [http-nio-8080-exec-4] DEBUG o.s.w.s.m.m.a.HttpEntityMethodProcessor - Using 'application/json', given [application/json, text/plain, */*] and supported [application/hal+json, application/json]
2026-02-12 21:57:53.811 [http-nio-8080-exec-4] DEBUG o.s.w.s.m.m.a.HttpEntityMethodProcessor - Writing [PagedModel { content: [EntityModel { content: TaskEntity(idTarea=1, titulo=Configurar el entorno de  (truncated)...]
2026-02-12 21:57:53.817 [http-nio-8080-exec-4] DEBUG o.s.web.servlet.DispatcherServlet - Completed 200 OK
2026-02-12 21:57:59.235 [http-nio-8080-exec-5] DEBUG o.s.web.servlet.DispatcherServlet - GET "/api/auditoria?size=100&sort=fechaHora,desc", parameters={masked}
2026-02-12 21:57:59.268 [http-nio-8080-exec-5] DEBUG o.s.w.s.m.m.a.RequestResponseBodyMethodProcessor - Using 'application/json', given [application/json, text/plain, */*] and supported [application/hal+json, application/json]
2026-02-12 21:57:59.269 [http-nio-8080-exec-5] DEBUG o.s.w.s.m.m.a.RequestResponseBodyMethodProcessor - Writing [PagedModel { content: [EntityModel { content: AuditoriaEntity(idauditoria=83, fechaHora=2026-02-12T2 (truncated)...]
2026-02-12 21:57:59.285 [http-nio-8080-exec-10] DEBUG o.s.web.servlet.DispatcherServlet - GET "/api/auditoria?size=100&sort=fechaHora,desc", parameters={masked}
2026-02-12 21:57:59.297 [http-nio-8080-exec-5] DEBUG o.s.web.servlet.DispatcherServlet - Completed 200 OK
2026-02-12 21:57:59.312 [http-nio-8080-exec-10] DEBUG o.s.w.s.m.m.a.RequestResponseBodyMethodProcessor - Using 'application/json', given [application/json, text/plain, */*] and supported [application/hal+json, application/json]
2026-02-12 21:57:59.313 [http-nio-8080-exec-10] DEBUG o.s.w.s.m.m.a.RequestResponseBodyMethodProcessor - Writing [PagedModel { content: [EntityModel { content: AuditoriaEntity(idauditoria=83, fechaHora=2026-02-12T2 (truncated)...]
2026-02-12 21:57:59.337 [http-nio-8080-exec-10] DEBUG o.s.web.servlet.DispatcherServlet - Completed 200 OK
2026-02-12 21:59:37.118 [restartedMain] INFO  c.e.P.ProyectoBackEndApplication - Starting ProyectoBackEndApplication using Java 17.0.17 with PID 56276 (C:\Users\leofr\OneDrive\Escritorio\ESPECIALIZACION EN JAVA(CIBERTEC) Y OTRAS\JAVA BACK END\PROYECTO FINAL\ProyectoBackEnd (1)\ProyectoBackEnd\target\classes started by leofr in C:\Users\leofr\OneDrive\Escritorio\ESPECIALIZACION EN JAVA(CIBERTEC) Y OTRAS\JAVA BACK END\PROYECTO FINAL\ProyectoBackEnd (1)\ProyectoBackEnd)
2026-02-12 21:59:37.121 [restartedMain] DEBUG c.e.P.ProyectoBackEndApplication - Running with Spring Boot v3.5.10, Spring v6.2.15
2026-02-12 21:59:37.122 [restartedMain] INFO  c.e.P.ProyectoBackEndApplication - No active profile set, falling back to 1 default profile: "default"
2026-02-12 21:59:37.169 [restartedMain] INFO  o.s.b.d.e.DevToolsPropertyDefaultsPostProcessor - Devtools property defaults active! Set 'spring.devtools.add-properties' to 'false' to disable
2026-02-12 21:59:37.169 [restartedMain] INFO  o.s.b.d.e.DevToolsPropertyDefaultsPostProcessor - For additional web related logging consider setting the 'logging.level.web' property to 'DEBUG'
2026-02-12 21:59:37.850 [restartedMain] INFO  o.s.d.r.c.RepositoryConfigurationDelegate - Bootstrapping Spring Data JPA repositories in DEFAULT mode.
2026-02-12 21:59:37.937 [restartedMain] INFO  o.s.d.r.c.RepositoryConfigurationDelegate - Finished Spring Data repository scanning in 74 ms. Found 3 JPA repository interfaces.
2026-02-12 21:59:38.766 [restartedMain] INFO  o.s.b.w.e.tomcat.TomcatWebServer - Tomcat initialized with port 8080 (http)
2026-02-12 21:59:38.780 [restartedMain] INFO  o.a.coyote.http11.Http11NioProtocol - Initializing ProtocolHandler ["http-nio-8080"]
2026-02-12 21:59:38.784 [restartedMain] INFO  o.a.catalina.core.StandardService - Starting service [Tomcat]
2026-02-12 21:59:38.784 [restartedMain] INFO  o.a.catalina.core.StandardEngine - Starting Servlet engine: [Apache Tomcat/10.1.50]
2026-02-12 21:59:38.839 [restartedMain] INFO  o.a.c.c.C.[Tomcat].[localhost].[/] - Initializing Spring embedded WebApplicationContext
2026-02-12 21:59:38.841 [restartedMain] INFO  o.s.b.w.s.c.ServletWebServerApplicationContext - Root WebApplicationContext: initialization completed in 1670 ms
2026-02-12 21:59:39.064 [restartedMain] INFO  o.h.jpa.internal.util.LogHelper - HHH000204: Processing PersistenceUnitInfo [name: default]
2026-02-12 21:59:39.120 [restartedMain] INFO  org.hibernate.Version - HHH000412: Hibernate ORM core version 6.6.41.Final
2026-02-12 21:59:39.155 [restartedMain] INFO  o.h.c.i.RegionFactoryInitiator - HHH000026: Second-level cache disabled
2026-02-12 21:59:39.440 [restartedMain] INFO  o.s.o.j.p.SpringPersistenceUnitInfo - No LoadTimeWeaver setup: ignoring JPA class transformer
2026-02-12 21:59:39.474 [restartedMain] INFO  com.zaxxer.hikari.HikariDataSource - HikariPool-1 - Starting...
2026-02-12 21:59:39.621 [restartedMain] INFO  com.zaxxer.hikari.pool.HikariPool - HikariPool-1 - Added connection com.mysql.cj.jdbc.ConnectionImpl@eaa9496
2026-02-12 21:59:39.623 [restartedMain] INFO  com.zaxxer.hikari.HikariDataSource - HikariPool-1 - Start completed.
2026-02-12 21:59:39.665 [restartedMain] WARN  org.hibernate.orm.deprecation - HHH90000025: MySQLDialect does not need to be specified explicitly using 'hibernate.dialect' (remove the property setting and it will be selected by default)
2026-02-12 21:59:39.684 [restartedMain] INFO  o.hibernate.orm.connections.pooling - HHH10001005: Database info:
	Database JDBC URL [Connecting through datasource 'HikariDataSource (HikariPool-1)']
	Database driver: undefined/unknown
	Database version: 8.0.32
	Autocommit mode: undefined/unknown
	Isolation level: undefined/unknown
	Minimum pool size: undefined/unknown
	Maximum pool size: undefined/unknown
2026-02-12 21:59:40.400 [restartedMain] INFO  o.h.e.t.j.p.i.JtaPlatformInitiator - HHH000489: No JTA platform available (set 'hibernate.transaction.jta.platform' to enable JTA platform integration)
2026-02-12 21:59:40.485 [restartedMain] INFO  o.s.o.j.LocalContainerEntityManagerFactoryBean - Initialized JPA EntityManagerFactory for persistence unit 'default'
2026-02-12 21:59:40.891 [restartedMain] INFO  o.s.d.j.r.query.QueryEnhancerFactory - Hibernate is in classpath; If applicable, HQL parser will be used.
2026-02-12 21:59:41.536 [restartedMain] WARN  o.s.b.a.o.j.JpaBaseConfiguration$JpaWebConfiguration - spring.jpa.open-in-view is enabled by default. Therefore, database queries may be performed during view rendering. Explicitly configure spring.jpa.open-in-view to disable this warning
2026-02-12 21:59:41.831 [restartedMain] DEBUG o.s.w.s.m.m.a.RequestMappingHandlerMapping - 15 mappings in 'requestMappingHandlerMapping'
2026-02-12 21:59:41.968 [restartedMain] DEBUG o.s.w.s.h.SimpleUrlHandlerMapping - Patterns [/webjars/**, /**] in 'resourceHandlerMapping'
2026-02-12 21:59:42.008 [restartedMain] DEBUG o.s.w.s.m.m.a.RequestMappingHandlerAdapter - ControllerAdvice beans: 0 @ModelAttribute, 0 @InitBinder, 1 RequestBodyAdvice, 1 ResponseBodyAdvice
2026-02-12 21:59:42.065 [restartedMain] WARN  o.s.b.a.t.ThymeleafAutoConfiguration$DefaultTemplateResolverConfiguration - Cannot find template location: classpath:/templates/ (please add some templates, check your Thymeleaf configuration, or set spring.thymeleaf.check-template-location=false)
2026-02-12 21:59:42.098 [restartedMain] DEBUG o.s.w.s.m.m.a.ExceptionHandlerExceptionResolver - ControllerAdvice beans: 1 @ExceptionHandler, 1 ResponseBodyAdvice
2026-02-12 21:59:42.142 [restartedMain] DEBUG o.s.w.s.m.m.a.ExceptionHandlerExceptionResolver - ControllerAdvice beans: 1 @ExceptionHandler, 0 ResponseBodyAdvice
2026-02-12 21:59:42.385 [restartedMain] INFO  o.s.b.d.a.OptionalLiveReloadServer - LiveReload server is running on port 35729
2026-02-12 21:59:42.402 [restartedMain] INFO  o.a.coyote.http11.Http11NioProtocol - Starting ProtocolHandler ["http-nio-8080"]
2026-02-12 21:59:42.425 [restartedMain] INFO  o.s.b.w.e.tomcat.TomcatWebServer - Tomcat started on port 8080 (http) with context path '/'
2026-02-12 21:59:42.433 [restartedMain] INFO  c.e.P.ProyectoBackEndApplication - Started ProyectoBackEndApplication in 5.662 seconds (process running for 6.185)
2026-02-12 22:00:01.288 [http-nio-8080-exec-1] INFO  o.a.c.c.C.[Tomcat].[localhost].[/] - Initializing Spring DispatcherServlet 'dispatcherServlet'
2026-02-12 22:00:01.288 [http-nio-8080-exec-1] INFO  o.s.web.servlet.DispatcherServlet - Initializing Servlet 'dispatcherServlet'
2026-02-12 22:00:01.288 [http-nio-8080-exec-1] DEBUG o.s.web.servlet.DispatcherServlet - Detected StandardServletMultipartResolver
2026-02-12 22:00:01.288 [http-nio-8080-exec-1] DEBUG o.s.web.servlet.DispatcherServlet - Detected AcceptHeaderLocaleResolver
2026-02-12 22:00:01.288 [http-nio-8080-exec-1] DEBUG o.s.web.servlet.DispatcherServlet - Detected FixedThemeResolver
2026-02-12 22:00:01.289 [http-nio-8080-exec-1] DEBUG o.s.web.servlet.DispatcherServlet - Detected org.springframework.web.servlet.view.DefaultRequestToViewNameTranslator@778f0fb6
2026-02-12 22:00:01.290 [http-nio-8080-exec-1] DEBUG o.s.web.servlet.DispatcherServlet - Detected org.springframework.web.servlet.support.SessionFlashMapManager@588e0baa
2026-02-12 22:00:01.290 [http-nio-8080-exec-1] DEBUG o.s.web.servlet.DispatcherServlet - enableLoggingRequestDetails='false': request parameters and headers will be masked to prevent unsafe logging of potentially sensitive data
2026-02-12 22:00:01.290 [http-nio-8080-exec-1] INFO  o.s.web.servlet.DispatcherServlet - Completed initialization in 2 ms
2026-02-12 22:00:01.301 [http-nio-8080-exec-1] DEBUG o.s.web.servlet.DispatcherServlet - GET "/api/auditoria?size=100&sort=fechaHora,desc", parameters={masked}
2026-02-12 22:00:15.639 [http-nio-8080-exec-4] DEBUG o.s.web.servlet.DispatcherServlet - POST "/api/auth-rest/loginAccion", parameters={}
2026-02-12 22:00:15.640 [http-nio-8080-exec-4] DEBUG o.s.w.s.m.m.a.RequestMappingHandlerMapping - Mapped to com.example.ProyectoBackEnd.controller.LoginController#loginAccion(UsuarioEntity, HttpSession)
2026-02-12 22:00:15.732 [http-nio-8080-exec-4] DEBUG o.s.w.s.m.m.a.RequestResponseBodyMethodProcessor - Read "application/json;charset=UTF-8" to [UsuarioEntity(idUsuario=null, usuario=yaddif, contraseña=12345, fechaCreacion=null, estado=null, fec (truncated)...]
2026-02-12 22:00:15.823 [http-nio-8080-exec-4] INFO  c.e.P.controller.LoginController - AUDITORIA: Intento de login para usuario: yaddif
2026-02-12 22:00:21.217 [http-nio-8080-exec-3] DEBUG o.s.web.servlet.DispatcherServlet - GET "/api/auditoria?size=100&sort=fechaHora,desc", parameters={masked}
2026-02-12 22:00:21.264 [http-nio-8080-exec-2] DEBUG o.s.web.servlet.DispatcherServlet - POST "/api/auth-rest/loginAccion", parameters={}
2026-02-12 22:00:21.265 [http-nio-8080-exec-2] DEBUG o.s.w.s.m.m.a.RequestMappingHandlerMapping - Mapped to com.example.ProyectoBackEnd.controller.LoginController#loginAccion(UsuarioEntity, HttpSession)
2026-02-12 22:00:21.266 [http-nio-8080-exec-2] DEBUG o.s.w.s.m.m.a.RequestResponseBodyMethodProcessor - Read "application/json;charset=UTF-8" to [UsuarioEntity(idUsuario=null, usuario=yaddif, contraseña=12345, fechaCreacion=null, estado=null, fec (truncated)...]
2026-02-12 22:00:21.267 [http-nio-8080-exec-2] INFO  c.e.P.controller.LoginController - AUDITORIA: Intento de login para usuario: yaddif
2026-02-12 22:02:46.099 [restartedMain] INFO  c.e.P.ProyectoBackEndApplication - Starting ProyectoBackEndApplication using Java 17.0.17 with PID 47476 (C:\Users\leofr\OneDrive\Escritorio\ESPECIALIZACION EN JAVA(CIBERTEC) Y OTRAS\JAVA BACK END\PROYECTO FINAL\ProyectoBackEnd (1)\ProyectoBackEnd\target\classes started by leofr in C:\Users\leofr\OneDrive\Escritorio\ESPECIALIZACION EN JAVA(CIBERTEC) Y OTRAS\JAVA BACK END\PROYECTO FINAL\ProyectoBackEnd (1)\ProyectoBackEnd)
2026-02-12 22:02:46.103 [restartedMain] DEBUG c.e.P.ProyectoBackEndApplication - Running with Spring Boot v3.5.10, Spring v6.2.15
2026-02-12 22:02:46.104 [restartedMain] INFO  c.e.P.ProyectoBackEndApplication - No active profile set, falling back to 1 default profile: "default"
2026-02-12 22:02:46.165 [restartedMain] INFO  o.s.b.d.e.DevToolsPropertyDefaultsPostProcessor - Devtools property defaults active! Set 'spring.devtools.add-properties' to 'false' to disable
2026-02-12 22:02:46.165 [restartedMain] INFO  o.s.b.d.e.DevToolsPropertyDefaultsPostProcessor - For additional web related logging consider setting the 'logging.level.web' property to 'DEBUG'
2026-02-12 22:02:46.910 [restartedMain] INFO  o.s.d.r.c.RepositoryConfigurationDelegate - Bootstrapping Spring Data JPA repositories in DEFAULT mode.
2026-02-12 22:02:46.996 [restartedMain] INFO  o.s.d.r.c.RepositoryConfigurationDelegate - Finished Spring Data repository scanning in 75 ms. Found 3 JPA repository interfaces.
2026-02-12 22:02:47.805 [restartedMain] INFO  o.s.b.w.e.tomcat.TomcatWebServer - Tomcat initialized with port 8080 (http)
2026-02-12 22:02:47.817 [restartedMain] INFO  o.a.coyote.http11.Http11NioProtocol - Initializing ProtocolHandler ["http-nio-8080"]
2026-02-12 22:02:47.820 [restartedMain] INFO  o.a.catalina.core.StandardService - Starting service [Tomcat]
2026-02-12 22:02:47.821 [restartedMain] INFO  o.a.catalina.core.StandardEngine - Starting Servlet engine: [Apache Tomcat/10.1.50]
2026-02-12 22:02:47.878 [restartedMain] INFO  o.a.c.c.C.[Tomcat].[localhost].[/] - Initializing Spring embedded WebApplicationContext
2026-02-12 22:02:47.880 [restartedMain] INFO  o.s.b.w.s.c.ServletWebServerApplicationContext - Root WebApplicationContext: initialization completed in 1713 ms
2026-02-12 22:02:48.120 [restartedMain] INFO  o.h.jpa.internal.util.LogHelper - HHH000204: Processing PersistenceUnitInfo [name: default]
2026-02-12 22:02:48.175 [restartedMain] INFO  org.hibernate.Version - HHH000412: Hibernate ORM core version 6.6.41.Final
2026-02-12 22:02:48.212 [restartedMain] INFO  o.h.c.i.RegionFactoryInitiator - HHH000026: Second-level cache disabled
2026-02-12 22:02:48.525 [restartedMain] INFO  o.s.o.j.p.SpringPersistenceUnitInfo - No LoadTimeWeaver setup: ignoring JPA class transformer
2026-02-12 22:02:48.556 [restartedMain] INFO  com.zaxxer.hikari.HikariDataSource - HikariPool-1 - Starting...
2026-02-12 22:02:48.708 [restartedMain] INFO  com.zaxxer.hikari.pool.HikariPool - HikariPool-1 - Added connection com.mysql.cj.jdbc.ConnectionImpl@79a57750
2026-02-12 22:02:48.710 [restartedMain] INFO  com.zaxxer.hikari.HikariDataSource - HikariPool-1 - Start completed.
2026-02-12 22:02:48.753 [restartedMain] WARN  org.hibernate.orm.deprecation - HHH90000025: MySQLDialect does not need to be specified explicitly using 'hibernate.dialect' (remove the property setting and it will be selected by default)
2026-02-12 22:02:48.772 [restartedMain] INFO  o.hibernate.orm.connections.pooling - HHH10001005: Database info:
	Database JDBC URL [Connecting through datasource 'HikariDataSource (HikariPool-1)']
	Database driver: undefined/unknown
	Database version: 8.0.32
	Autocommit mode: undefined/unknown
	Isolation level: undefined/unknown
	Minimum pool size: undefined/unknown
	Maximum pool size: undefined/unknown
2026-02-12 22:02:49.502 [restartedMain] INFO  o.h.e.t.j.p.i.JtaPlatformInitiator - HHH000489: No JTA platform available (set 'hibernate.transaction.jta.platform' to enable JTA platform integration)
2026-02-12 22:02:49.595 [restartedMain] INFO  o.s.o.j.LocalContainerEntityManagerFactoryBean - Initialized JPA EntityManagerFactory for persistence unit 'default'
2026-02-12 22:02:50.025 [restartedMain] INFO  o.s.d.j.r.query.QueryEnhancerFactory - Hibernate is in classpath; If applicable, HQL parser will be used.
2026-02-12 22:02:50.679 [restartedMain] WARN  o.s.b.a.o.j.JpaBaseConfiguration$JpaWebConfiguration - spring.jpa.open-in-view is enabled by default. Therefore, database queries may be performed during view rendering. Explicitly configure spring.jpa.open-in-view to disable this warning
2026-02-12 22:02:50.969 [restartedMain] DEBUG o.s.w.s.m.m.a.RequestMappingHandlerMapping - 15 mappings in 'requestMappingHandlerMapping'
2026-02-12 22:02:51.117 [restartedMain] DEBUG o.s.w.s.h.SimpleUrlHandlerMapping - Patterns [/webjars/**, /**] in 'resourceHandlerMapping'
2026-02-12 22:02:51.150 [restartedMain] DEBUG o.s.w.s.m.m.a.RequestMappingHandlerAdapter - ControllerAdvice beans: 0 @ModelAttribute, 0 @InitBinder, 1 RequestBodyAdvice, 1 ResponseBodyAdvice
2026-02-12 22:02:51.209 [restartedMain] WARN  o.s.b.a.t.ThymeleafAutoConfiguration$DefaultTemplateResolverConfiguration - Cannot find template location: classpath:/templates/ (please add some templates, check your Thymeleaf configuration, or set spring.thymeleaf.check-template-location=false)
2026-02-12 22:02:51.244 [restartedMain] DEBUG o.s.w.s.m.m.a.ExceptionHandlerExceptionResolver - ControllerAdvice beans: 1 @ExceptionHandler, 1 ResponseBodyAdvice
2026-02-12 22:02:51.288 [restartedMain] DEBUG o.s.w.s.m.m.a.ExceptionHandlerExceptionResolver - ControllerAdvice beans: 1 @ExceptionHandler, 0 ResponseBodyAdvice
2026-02-12 22:02:51.537 [restartedMain] INFO  o.s.b.d.a.OptionalLiveReloadServer - LiveReload server is running on port 35729
2026-02-12 22:02:51.553 [restartedMain] INFO  o.a.coyote.http11.Http11NioProtocol - Starting ProtocolHandler ["http-nio-8080"]
2026-02-12 22:02:51.575 [restartedMain] INFO  o.s.b.w.e.tomcat.TomcatWebServer - Tomcat started on port 8080 (http) with context path '/'
2026-02-12 22:02:51.584 [restartedMain] INFO  c.e.P.ProyectoBackEndApplication - Started ProyectoBackEndApplication in 5.837 seconds (process running for 6.365)
2026-02-12 22:03:02.380 [http-nio-8080-exec-1] INFO  o.a.c.c.C.[Tomcat].[localhost].[/] - Initializing Spring DispatcherServlet 'dispatcherServlet'
2026-02-12 22:03:02.380 [http-nio-8080-exec-1] INFO  o.s.web.servlet.DispatcherServlet - Initializing Servlet 'dispatcherServlet'
2026-02-12 22:03:02.380 [http-nio-8080-exec-1] DEBUG o.s.web.servlet.DispatcherServlet - Detected StandardServletMultipartResolver
2026-02-12 22:03:02.380 [http-nio-8080-exec-1] DEBUG o.s.web.servlet.DispatcherServlet - Detected AcceptHeaderLocaleResolver
2026-02-12 22:03:02.380 [http-nio-8080-exec-1] DEBUG o.s.web.servlet.DispatcherServlet - Detected FixedThemeResolver
2026-02-12 22:03:02.381 [http-nio-8080-exec-1] DEBUG o.s.web.servlet.DispatcherServlet - Detected org.springframework.web.servlet.view.DefaultRequestToViewNameTranslator@743f1255
2026-02-12 22:03:02.382 [http-nio-8080-exec-1] DEBUG o.s.web.servlet.DispatcherServlet - Detected org.springframework.web.servlet.support.SessionFlashMapManager@3b748fd7
2026-02-12 22:03:02.382 [http-nio-8080-exec-1] DEBUG o.s.web.servlet.DispatcherServlet - enableLoggingRequestDetails='false': request parameters and headers will be masked to prevent unsafe logging of potentially sensitive data
2026-02-12 22:03:02.382 [http-nio-8080-exec-1] INFO  o.s.web.servlet.DispatcherServlet - Completed initialization in 2 ms
2026-02-12 22:03:02.393 [http-nio-8080-exec-1] DEBUG o.s.web.servlet.DispatcherServlet - POST "/api/auth-rest/loginAccion", parameters={}
2026-02-12 22:03:02.401 [http-nio-8080-exec-1] DEBUG o.s.w.s.m.m.a.RequestMappingHandlerMapping - Mapped to com.example.ProyectoBackEnd.controller.LoginController#loginAccion(UsuarioEntity, HttpSession)
2026-02-12 22:03:02.519 [http-nio-8080-exec-1] DEBUG o.s.w.s.m.m.a.RequestResponseBodyMethodProcessor - Read "application/json;charset=UTF-8" to [UsuarioEntity(idUsuario=null, usuario=yaddif, contraseña=12345, fechaCreacion=null, estado=null, fec (truncated)...]
2026-02-12 22:03:02.591 [http-nio-8080-exec-1] INFO  c.e.P.controller.LoginController - AUDITORIA: Intento de login para usuario: yaddif
2026-02-12 22:03:02.846 [http-nio-8080-exec-1] INFO  c.e.P.aspect.LogginAspect - Operación findByUsuario completada en 168 ms
2026-02-12 22:03:02.857 [http-nio-8080-exec-1] INFO  c.e.P.aspect.LogginAspect - Operación buscarPorNombre completada en 253 ms
2026-02-12 22:03:02.868 [http-nio-8080-exec-1] INFO  c.e.P.aspect.LogginAspect - Operación findByUsuario completada en 5 ms
2026-02-12 22:03:02.876 [http-nio-8080-exec-1] INFO  c.e.P.aspect.LogginAspect - Operación validarLogin completada en 12 ms
2026-02-12 22:03:02.877 [http-nio-8080-exec-1] INFO  c.e.P.controller.LoginController - Login exitoso. Derivando a principal.
2026-02-12 22:03:03.055 [http-nio-8080-exec-1] DEBUG o.s.w.s.m.m.a.RequestResponseBodyMethodProcessor - Using 'application/json', given [application/json, text/plain, */*] and supported [application/hal+json, application/vnd.hal+json, application/json, application/schema+json, application/json-patch+json, application/merge-patch+json, application/x-spring-data-verbose+json, application/x-spring-data-compact+json, application/prs.hal-forms+json, application/*+json]
2026-02-12 22:03:03.058 [http-nio-8080-exec-1] DEBUG o.s.w.s.m.m.a.RequestResponseBodyMethodProcessor - Writing [EntityModel { content: UsuarioEntity(idUsuario=2, usuario=yaddif, contraseña=12345, fechaCreacion=20 (truncated)...]
2026-02-12 22:03:03.102 [http-nio-8080-exec-1] DEBUG o.s.web.servlet.DispatcherServlet - Completed 200 OK
2026-02-12 22:03:08.051 [http-nio-8080-exec-5] DEBUG o.s.web.servlet.DispatcherServlet - OPTIONS "/api/tareas-rest/search/porUsuario?id=2&size=100", parameters={masked}
2026-02-12 22:03:08.051 [http-nio-8080-exec-2] DEBUG o.s.web.servlet.DispatcherServlet - OPTIONS "/api/tareas-rest/search/porUsuario?id=2&size=100", parameters={masked}
2026-02-12 22:03:08.063 [http-nio-8080-exec-5] DEBUG o.s.web.servlet.DispatcherServlet - Completed 200 OK
2026-02-12 22:03:08.063 [http-nio-8080-exec-2] DEBUG o.s.web.servlet.DispatcherServlet - Completed 200 OK
2026-02-12 22:03:08.068 [http-nio-8080-exec-4] DEBUG o.s.web.servlet.DispatcherServlet - GET "/api/tareas-rest/search/porUsuario?id=2&size=100", parameters={masked}
2026-02-12 22:03:15.650 [http-nio-8080-exec-3] DEBUG o.s.web.servlet.DispatcherServlet - POST "/api/tareas-rest", parameters={}
2026-02-12 22:03:20.066 [http-nio-8080-exec-6] DEBUG o.s.web.servlet.DispatcherServlet - POST "/api/tareas-rest", parameters={}
2026-02-12 22:03:21.186 [http-nio-8080-exec-7] DEBUG o.s.web.servlet.DispatcherServlet - POST "/api/tareas-rest", parameters={}
2026-02-12 22:03:28.078 [http-nio-8080-exec-8] DEBUG o.s.web.servlet.DispatcherServlet - GET "/api/tareas-rest/search/porUsuario?id=2&size=100", parameters={masked}
2026-02-12 22:03:50.712 [restartedMain] INFO  c.e.P.ProyectoBackEndApplication - Starting ProyectoBackEndApplication using Java 17.0.17 with PID 51732 (C:\Users\leofr\OneDrive\Escritorio\ESPECIALIZACION EN JAVA(CIBERTEC) Y OTRAS\JAVA BACK END\PROYECTO FINAL\ProyectoBackEnd (1)\ProyectoBackEnd\target\classes started by leofr in C:\Users\leofr\OneDrive\Escritorio\ESPECIALIZACION EN JAVA(CIBERTEC) Y OTRAS\JAVA BACK END\PROYECTO FINAL\ProyectoBackEnd (1)\ProyectoBackEnd)
2026-02-12 22:03:50.715 [restartedMain] DEBUG c.e.P.ProyectoBackEndApplication - Running with Spring Boot v3.5.10, Spring v6.2.15
2026-02-12 22:03:50.716 [restartedMain] INFO  c.e.P.ProyectoBackEndApplication - No active profile set, falling back to 1 default profile: "default"
2026-02-12 22:03:50.776 [restartedMain] INFO  o.s.b.d.e.DevToolsPropertyDefaultsPostProcessor - Devtools property defaults active! Set 'spring.devtools.add-properties' to 'false' to disable
2026-02-12 22:03:50.776 [restartedMain] INFO  o.s.b.d.e.DevToolsPropertyDefaultsPostProcessor - For additional web related logging consider setting the 'logging.level.web' property to 'DEBUG'
2026-02-12 22:03:51.593 [restartedMain] INFO  o.s.d.r.c.RepositoryConfigurationDelegate - Bootstrapping Spring Data JPA repositories in DEFAULT mode.
2026-02-12 22:03:51.682 [restartedMain] INFO  o.s.d.r.c.RepositoryConfigurationDelegate - Finished Spring Data repository scanning in 75 ms. Found 3 JPA repository interfaces.
2026-02-12 22:03:52.606 [restartedMain] INFO  o.s.b.w.e.tomcat.TomcatWebServer - Tomcat initialized with port 8080 (http)
2026-02-12 22:03:52.621 [restartedMain] INFO  o.a.coyote.http11.Http11NioProtocol - Initializing ProtocolHandler ["http-nio-8080"]
2026-02-12 22:03:52.624 [restartedMain] INFO  o.a.catalina.core.StandardService - Starting service [Tomcat]
2026-02-12 22:03:52.624 [restartedMain] INFO  o.a.catalina.core.StandardEngine - Starting Servlet engine: [Apache Tomcat/10.1.50]
2026-02-12 22:03:52.686 [restartedMain] INFO  o.a.c.c.C.[Tomcat].[localhost].[/] - Initializing Spring embedded WebApplicationContext
2026-02-12 22:03:52.688 [restartedMain] INFO  o.s.b.w.s.c.ServletWebServerApplicationContext - Root WebApplicationContext: initialization completed in 1910 ms
2026-02-12 22:03:52.979 [restartedMain] INFO  o.h.jpa.internal.util.LogHelper - HHH000204: Processing PersistenceUnitInfo [name: default]
2026-02-12 22:03:53.066 [restartedMain] INFO  org.hibernate.Version - HHH000412: Hibernate ORM core version 6.6.41.Final
2026-02-12 22:03:53.112 [restartedMain] INFO  o.h.c.i.RegionFactoryInitiator - HHH000026: Second-level cache disabled
2026-02-12 22:03:53.477 [restartedMain] INFO  o.s.o.j.p.SpringPersistenceUnitInfo - No LoadTimeWeaver setup: ignoring JPA class transformer
2026-02-12 22:03:53.520 [restartedMain] INFO  com.zaxxer.hikari.HikariDataSource - HikariPool-1 - Starting...
2026-02-12 22:03:53.718 [restartedMain] INFO  com.zaxxer.hikari.pool.HikariPool - HikariPool-1 - Added connection com.mysql.cj.jdbc.ConnectionImpl@97090ed
2026-02-12 22:03:53.721 [restartedMain] INFO  com.zaxxer.hikari.HikariDataSource - HikariPool-1 - Start completed.
2026-02-12 22:03:53.787 [restartedMain] WARN  org.hibernate.orm.deprecation - HHH90000025: MySQLDialect does not need to be specified explicitly using 'hibernate.dialect' (remove the property setting and it will be selected by default)
2026-02-12 22:03:53.813 [restartedMain] INFO  o.hibernate.orm.connections.pooling - HHH10001005: Database info:
	Database JDBC URL [Connecting through datasource 'HikariDataSource (HikariPool-1)']
	Database driver: undefined/unknown
	Database version: 8.0.32
	Autocommit mode: undefined/unknown
	Isolation level: undefined/unknown
	Minimum pool size: undefined/unknown
	Maximum pool size: undefined/unknown
2026-02-12 22:03:54.697 [restartedMain] INFO  o.h.e.t.j.p.i.JtaPlatformInitiator - HHH000489: No JTA platform available (set 'hibernate.transaction.jta.platform' to enable JTA platform integration)
2026-02-12 22:03:54.802 [restartedMain] INFO  o.s.o.j.LocalContainerEntityManagerFactoryBean - Initialized JPA EntityManagerFactory for persistence unit 'default'
2026-02-12 22:03:55.337 [restartedMain] INFO  o.s.d.j.r.query.QueryEnhancerFactory - Hibernate is in classpath; If applicable, HQL parser will be used.
2026-02-12 22:03:56.194 [restartedMain] WARN  o.s.b.a.o.j.JpaBaseConfiguration$JpaWebConfiguration - spring.jpa.open-in-view is enabled by default. Therefore, database queries may be performed during view rendering. Explicitly configure spring.jpa.open-in-view to disable this warning
2026-02-12 22:03:56.614 [restartedMain] DEBUG o.s.w.s.m.m.a.RequestMappingHandlerMapping - 15 mappings in 'requestMappingHandlerMapping'
2026-02-12 22:03:56.804 [restartedMain] DEBUG o.s.w.s.h.SimpleUrlHandlerMapping - Patterns [/webjars/**, /**] in 'resourceHandlerMapping'
2026-02-12 22:03:56.862 [restartedMain] DEBUG o.s.w.s.m.m.a.RequestMappingHandlerAdapter - ControllerAdvice beans: 0 @ModelAttribute, 0 @InitBinder, 1 RequestBodyAdvice, 1 ResponseBodyAdvice
2026-02-12 22:03:56.931 [restartedMain] WARN  o.s.b.a.t.ThymeleafAutoConfiguration$DefaultTemplateResolverConfiguration - Cannot find template location: classpath:/templates/ (please add some templates, check your Thymeleaf configuration, or set spring.thymeleaf.check-template-location=false)
2026-02-12 22:03:56.978 [restartedMain] DEBUG o.s.w.s.m.m.a.ExceptionHandlerExceptionResolver - ControllerAdvice beans: 1 @ExceptionHandler, 1 ResponseBodyAdvice
2026-02-12 22:03:57.036 [restartedMain] DEBUG o.s.w.s.m.m.a.ExceptionHandlerExceptionResolver - ControllerAdvice beans: 1 @ExceptionHandler, 0 ResponseBodyAdvice
2026-02-12 22:03:57.379 [restartedMain] INFO  o.s.b.d.a.OptionalLiveReloadServer - LiveReload server is running on port 35729
2026-02-12 22:03:57.406 [restartedMain] INFO  o.a.coyote.http11.Http11NioProtocol - Starting ProtocolHandler ["http-nio-8080"]
2026-02-12 22:03:57.444 [restartedMain] INFO  o.s.b.w.e.tomcat.TomcatWebServer - Tomcat started on port 8080 (http) with context path '/'
2026-02-12 22:03:57.460 [restartedMain] INFO  c.e.P.ProyectoBackEndApplication - Started ProyectoBackEndApplication in 7.135 seconds (process running for 7.723)
2026-02-12 22:04:07.914 [http-nio-8080-exec-1] INFO  o.a.c.c.C.[Tomcat].[localhost].[/] - Initializing Spring DispatcherServlet 'dispatcherServlet'
2026-02-12 22:04:07.914 [http-nio-8080-exec-1] INFO  o.s.web.servlet.DispatcherServlet - Initializing Servlet 'dispatcherServlet'
2026-02-12 22:04:07.915 [http-nio-8080-exec-1] DEBUG o.s.web.servlet.DispatcherServlet - Detected StandardServletMultipartResolver
2026-02-12 22:04:07.915 [http-nio-8080-exec-1] DEBUG o.s.web.servlet.DispatcherServlet - Detected AcceptHeaderLocaleResolver
2026-02-12 22:04:07.915 [http-nio-8080-exec-1] DEBUG o.s.web.servlet.DispatcherServlet - Detected FixedThemeResolver
2026-02-12 22:04:07.916 [http-nio-8080-exec-1] DEBUG o.s.web.servlet.DispatcherServlet - Detected org.springframework.web.servlet.view.DefaultRequestToViewNameTranslator@37403425
2026-02-12 22:04:07.917 [http-nio-8080-exec-1] DEBUG o.s.web.servlet.DispatcherServlet - Detected org.springframework.web.servlet.support.SessionFlashMapManager@22959443
2026-02-12 22:04:07.917 [http-nio-8080-exec-1] DEBUG o.s.web.servlet.DispatcherServlet - enableLoggingRequestDetails='false': request parameters and headers will be masked to prevent unsafe logging of potentially sensitive data
2026-02-12 22:04:07.917 [http-nio-8080-exec-1] INFO  o.s.web.servlet.DispatcherServlet - Completed initialization in 3 ms
2026-02-12 22:04:07.929 [http-nio-8080-exec-1] DEBUG o.s.web.servlet.DispatcherServlet - POST "/api/auth-rest/loginAccion", parameters={}
2026-02-12 22:04:07.942 [http-nio-8080-exec-1] DEBUG o.s.w.s.m.m.a.RequestMappingHandlerMapping - Mapped to com.example.ProyectoBackEnd.controller.LoginController#loginAccion(UsuarioEntity, HttpSession)
2026-02-12 22:04:08.059 [http-nio-8080-exec-1] DEBUG o.s.w.s.m.m.a.RequestResponseBodyMethodProcessor - Read "application/json;charset=UTF-8" to [UsuarioEntity(idUsuario=null, usuario=yaddif, contraseña=12345, fechaCreacion=null, estado=null, fec (truncated)...]
2026-02-12 22:04:08.131 [http-nio-8080-exec-1] INFO  c.e.P.controller.LoginController - AUDITORIA: Intento de login para usuario: yaddif
2026-02-12 22:04:08.363 [http-nio-8080-exec-1] INFO  c.e.P.aspect.LogginAspect - Operación buscarPorNombre completada en 134 ms
2026-02-12 22:04:08.375 [http-nio-8080-exec-1] INFO  c.e.P.aspect.LogginAspect - Operación validarLogin completada en 4 ms
2026-02-12 22:04:08.376 [http-nio-8080-exec-1] INFO  c.e.P.controller.LoginController - Login exitoso. Derivando a principal.
2026-02-12 22:04:08.532 [http-nio-8080-exec-1] DEBUG o.s.w.s.m.m.a.RequestResponseBodyMethodProcessor - Using 'application/json', given [application/json, text/plain, */*] and supported [application/hal+json, application/vnd.hal+json, application/json, application/schema+json, application/json-patch+json, application/merge-patch+json, application/x-spring-data-verbose+json, application/x-spring-data-compact+json, application/prs.hal-forms+json, application/*+json]
2026-02-12 22:04:08.534 [http-nio-8080-exec-1] DEBUG o.s.w.s.m.m.a.RequestResponseBodyMethodProcessor - Writing [EntityModel { content: UsuarioEntity(idUsuario=2, usuario=yaddif, contraseña=12345, fechaCreacion=20 (truncated)...]
2026-02-12 22:04:08.568 [http-nio-8080-exec-1] DEBUG o.s.web.servlet.DispatcherServlet - Completed 200 OK
2026-02-12 22:04:09.407 [http-nio-8080-exec-2] DEBUG o.s.web.servlet.DispatcherServlet - GET "/api/tareas-rest/search/porUsuario?id=2&size=100", parameters={masked}
2026-02-12 22:04:09.501 [http-nio-8080-exec-2] DEBUG o.s.w.s.m.m.a.HttpEntityMethodProcessor - Using 'application/json', given [application/json, text/plain, */*] and supported [application/hal+json, application/json]
2026-02-12 22:04:09.506 [http-nio-8080-exec-2] DEBUG o.s.w.s.m.m.a.HttpEntityMethodProcessor - Writing [PagedModel { content: [EntityModel { content: TaskEntity(idTarea=7, titulo=Prueba, estado=Pendiente, (truncated)...]
2026-02-12 22:04:09.527 [http-nio-8080-exec-2] DEBUG o.s.web.servlet.DispatcherServlet - Completed 200 OK
2026-02-12 22:04:09.530 [http-nio-8080-exec-3] DEBUG o.s.web.servlet.DispatcherServlet - GET "/api/tareas-rest/search/porUsuario?id=2&size=100", parameters={masked}
2026-02-12 22:04:09.543 [http-nio-8080-exec-3] DEBUG o.s.w.s.m.m.a.HttpEntityMethodProcessor - Using 'application/json', given [application/json, text/plain, */*] and supported [application/hal+json, application/json]
2026-02-12 22:04:09.543 [http-nio-8080-exec-3] DEBUG o.s.w.s.m.m.a.HttpEntityMethodProcessor - Writing [PagedModel { content: [EntityModel { content: TaskEntity(idTarea=7, titulo=Prueba, estado=Pendiente, (truncated)...]
2026-02-12 22:04:09.550 [http-nio-8080-exec-3] DEBUG o.s.web.servlet.DispatcherServlet - Completed 200 OK
2026-02-12 22:04:17.281 [http-nio-8080-exec-4] DEBUG o.s.web.servlet.DispatcherServlet - POST "/api/tareas-rest", parameters={}
2026-02-12 22:04:17.325 [http-nio-8080-exec-4] DEBUG o.s.w.s.m.m.a.HttpEntityMethodProcessor - Using 'application/json', given [application/json, text/plain, */*] and supported [application/hal+json, application/json]
2026-02-12 22:04:17.325 [http-nio-8080-exec-4] DEBUG o.s.w.s.m.m.a.HttpEntityMethodProcessor - Writing [EntityModel { content: TaskEntity(idTarea=43, titulo=Auditoria 2, estado=Pendiente, fechaCreacion=nu (truncated)...]
2026-02-12 22:04:17.327 [http-nio-8080-exec-4] DEBUG o.s.web.servlet.DispatcherServlet - Completed 201 CREATED
2026-02-12 22:04:17.334 [http-nio-8080-exec-5] DEBUG o.s.web.servlet.DispatcherServlet - GET "/api/tareas-rest/search/porUsuario?id=2&size=100", parameters={masked}
2026-02-12 22:04:17.351 [http-nio-8080-exec-5] DEBUG o.s.w.s.m.m.a.HttpEntityMethodProcessor - Using 'application/json', given [application/json, text/plain, */*] and supported [application/hal+json, application/json]
2026-02-12 22:04:17.351 [http-nio-8080-exec-5] DEBUG o.s.w.s.m.m.a.HttpEntityMethodProcessor - Writing [PagedModel { content: [EntityModel { content: TaskEntity(idTarea=7, titulo=Prueba, estado=Pendiente, (truncated)...]
2026-02-12 22:04:17.356 [http-nio-8080-exec-5] DEBUG o.s.web.servlet.DispatcherServlet - Completed 200 OK
2026-02-12 22:04:46.354 [http-nio-8080-exec-6] DEBUG o.s.web.servlet.DispatcherServlet - POST "/api/auth-rest/loginAccion", parameters={}
2026-02-12 22:04:46.355 [http-nio-8080-exec-6] DEBUG o.s.w.s.m.m.a.RequestMappingHandlerMapping - Mapped to com.example.ProyectoBackEnd.controller.LoginController#loginAccion(UsuarioEntity, HttpSession)
2026-02-12 22:04:46.356 [http-nio-8080-exec-6] DEBUG o.s.w.s.m.m.a.RequestResponseBodyMethodProcessor - Read "application/json;charset=UTF-8" to [UsuarioEntity(idUsuario=null, usuario=admin, contraseña=12345, fechaCreacion=null, estado=null, fech (truncated)...]
2026-02-12 22:04:46.356 [http-nio-8080-exec-6] INFO  c.e.P.controller.LoginController - AUDITORIA: Intento de login para usuario: admin
2026-02-12 22:04:46.368 [http-nio-8080-exec-6] INFO  c.e.P.aspect.LogginAspect - Operación buscarPorNombre completada en 4 ms
2026-02-12 22:04:46.377 [http-nio-8080-exec-6] INFO  c.e.P.aspect.LogginAspect - Operación validarLogin completada en 3 ms
2026-02-12 22:04:46.377 [http-nio-8080-exec-6] WARN  c.e.P.controller.LoginController - AUDITORIA: Contraseña incorrecta para el usuario admin
2026-02-12 22:04:46.379 [http-nio-8080-exec-6] DEBUG o.s.web.servlet.DispatcherServlet - Failed to complete request: java.lang.RuntimeException: Credenciales inválidas
2026-02-12 22:04:46.379 [http-nio-8080-exec-6] ERROR o.a.c.c.C.[.[.[.[dispatcherServlet] - Servlet.service() for servlet [dispatcherServlet] in context with path [] threw exception [Request processing failed: java.lang.RuntimeException: Credenciales inválidas] with root cause
java.lang.RuntimeException: Credenciales inválidas
	at com.example.ProyectoBackEnd.controller.LoginController.loginAccion(LoginController.java:51)
	at java.base/jdk.internal.reflect.NativeMethodAccessorImpl.invoke0(Native Method)
	at java.base/jdk.internal.reflect.NativeMethodAccessorImpl.invoke(NativeMethodAccessorImpl.java:77)
	at java.base/jdk.internal.reflect.DelegatingMethodAccessorImpl.invoke(DelegatingMethodAccessorImpl.java:43)
	at java.base/java.lang.reflect.Method.invoke(Method.java:568)
	at org.springframework.web.method.support.InvocableHandlerMethod.doInvoke(InvocableHandlerMethod.java:258)
	at org.springframework.web.method.support.InvocableHandlerMethod.invokeForRequest(InvocableHandlerMethod.java:191)
	at org.springframework.web.servlet.mvc.method.annotation.ServletInvocableHandlerMethod.invokeAndHandle(ServletInvocableHandlerMethod.java:118)
	at org.springframework.web.servlet.mvc.method.annotation.RequestMappingHandlerAdapter.invokeHandlerMethod(RequestMappingHandlerAdapter.java:991)
	at org.springframework.web.servlet.mvc.method.annotation.RequestMappingHandlerAdapter.handleInternal(RequestMappingHandlerAdapter.java:896)
	at org.springframework.web.servlet.mvc.method.AbstractHandlerMethodAdapter.handle(AbstractHandlerMethodAdapter.java:87)
	at org.springframework.web.servlet.DispatcherServlet.doDispatch(DispatcherServlet.java:1089)
	at org.springframework.web.servlet.DispatcherServlet.doService(DispatcherServlet.java:979)
	at org.springframework.web.servlet.FrameworkServlet.processRequest(FrameworkServlet.java:1014)
	at org.springframework.web.servlet.FrameworkServlet.doPost(FrameworkServlet.java:914)
	at jakarta.servlet.http.HttpServlet.service(HttpServlet.java:590)
	at org.springframework.web.servlet.FrameworkServlet.service(FrameworkServlet.java:885)
	at jakarta.servlet.http.HttpServlet.service(HttpServlet.java:658)
	at org.apache.catalina.core.ApplicationFilterChain.internalDoFilter(ApplicationFilterChain.java:193)
	at org.apache.catalina.core.ApplicationFilterChain.doFilter(ApplicationFilterChain.java:138)
	at org.apache.tomcat.websocket.server.WsFilter.doFilter(WsFilter.java:51)
	at org.apache.catalina.core.ApplicationFilterChain.internalDoFilter(ApplicationFilterChain.java:162)
	at org.apache.catalina.core.ApplicationFilterChain.doFilter(ApplicationFilterChain.java:138)
	at org.springframework.web.filter.RequestContextFilter.doFilterInternal(RequestContextFilter.java:100)
	at org.springframework.web.filter.OncePerRequestFilter.doFilter(OncePerRequestFilter.java:116)
	at org.apache.catalina.core.ApplicationFilterChain.internalDoFilter(ApplicationFilterChain.java:162)
	at org.apache.catalina.core.ApplicationFilterChain.doFilter(ApplicationFilterChain.java:138)
	at org.springframework.web.filter.FormContentFilter.doFilterInternal(FormContentFilter.java:93)
	at org.springframework.web.filter.OncePerRequestFilter.doFilter(OncePerRequestFilter.java:116)
	at org.apache.catalina.core.ApplicationFilterChain.internalDoFilter(ApplicationFilterChain.java:162)
	at org.apache.catalina.core.ApplicationFilterChain.doFilter(ApplicationFilterChain.java:138)
	at org.springframework.web.filter.CharacterEncodingFilter.doFilterInternal(CharacterEncodingFilter.java:201)
	at org.springframework.web.filter.OncePerRequestFilter.doFilter(OncePerRequestFilter.java:116)
	at org.apache.catalina.core.ApplicationFilterChain.internalDoFilter(ApplicationFilterChain.java:162)
	at org.apache.catalina.core.ApplicationFilterChain.doFilter(ApplicationFilterChain.java:138)
	at org.apache.catalina.core.StandardWrapperValve.invoke(StandardWrapperValve.java:165)
	at org.apache.catalina.core.StandardContextValve.invoke(StandardContextValve.java:88)
	at org.apache.catalina.authenticator.AuthenticatorBase.invoke(AuthenticatorBase.java:482)
	at org.apache.catalina.core.StandardHostValve.invoke(StandardHostValve.java:113)
	at org.apache.catalina.valves.ErrorReportValve.invoke(ErrorReportValve.java:83)
	at org.apache.catalina.core.StandardEngineValve.invoke(StandardEngineValve.java:72)
	at org.apache.catalina.connector.CoyoteAdapter.service(CoyoteAdapter.java:342)
	at org.apache.coyote.http11.Http11Processor.service(Http11Processor.java:399)
	at org.apache.coyote.AbstractProcessorLight.process(AbstractProcessorLight.java:63)
	at org.apache.coyote.AbstractProtocol$ConnectionHandler.process(AbstractProtocol.java:903)
	at org.apache.tomcat.util.net.NioEndpoint$SocketProcessor.doRun(NioEndpoint.java:1774)
	at org.apache.tomcat.util.net.SocketProcessorBase.run(SocketProcessorBase.java:52)
	at org.apache.tomcat.util.threads.ThreadPoolExecutor.runWorker(ThreadPoolExecutor.java:973)
	at org.apache.tomcat.util.threads.ThreadPoolExecutor$Worker.run(ThreadPoolExecutor.java:491)
	at org.apache.tomcat.util.threads.TaskThread$WrappingRunnable.run(TaskThread.java:63)
	at java.base/java.lang.Thread.run(Thread.java:842)
2026-02-12 22:04:46.388 [http-nio-8080-exec-6] DEBUG o.s.web.servlet.DispatcherServlet - "ERROR" dispatch for POST "/error", parameters={}
2026-02-12 22:04:46.388 [http-nio-8080-exec-6] DEBUG o.s.w.s.m.m.a.RequestMappingHandlerMapping - Mapped to org.springframework.boot.autoconfigure.web.servlet.error.BasicErrorController#error(HttpServletRequest)
2026-02-12 22:04:46.391 [http-nio-8080-exec-6] DEBUG o.s.w.s.m.m.a.HttpEntityMethodProcessor - Using 'application/json', given [application/json, text/plain, */*] and supported [application/json, application/*+json]
2026-02-12 22:04:46.391 [http-nio-8080-exec-6] DEBUG o.s.w.s.m.m.a.HttpEntityMethodProcessor - Writing [{timestamp=Thu Feb 12 22:04:46 CET 2026, status=500, error=Internal Server Error, trace=java.lang.Ru (truncated)...]
2026-02-12 22:04:46.397 [http-nio-8080-exec-6] DEBUG o.s.web.servlet.DispatcherServlet - Exiting from "ERROR" dispatch, status 500
2026-02-12 22:04:49.653 [http-nio-8080-exec-7] DEBUG o.s.web.servlet.DispatcherServlet - POST "/api/auth-rest/loginAccion", parameters={}
2026-02-12 22:04:49.653 [http-nio-8080-exec-7] DEBUG o.s.w.s.m.m.a.RequestMappingHandlerMapping - Mapped to com.example.ProyectoBackEnd.controller.LoginController#loginAccion(UsuarioEntity, HttpSession)
2026-02-12 22:04:49.655 [http-nio-8080-exec-7] DEBUG o.s.w.s.m.m.a.RequestResponseBodyMethodProcessor - Read "application/json;charset=UTF-8" to [UsuarioEntity(idUsuario=null, usuario=admin, contraseña=1234, fechaCreacion=null, estado=null, fecha (truncated)...]
2026-02-12 22:04:49.655 [http-nio-8080-exec-7] INFO  c.e.P.controller.LoginController - AUDITORIA: Intento de login para usuario: admin
2026-02-12 22:04:49.667 [http-nio-8080-exec-7] INFO  c.e.P.aspect.LogginAspect - Operación buscarPorNombre completada en 4 ms
2026-02-12 22:04:49.677 [http-nio-8080-exec-7] INFO  c.e.P.aspect.LogginAspect - Operación validarLogin completada en 3 ms
2026-02-12 22:04:49.677 [http-nio-8080-exec-7] INFO  c.e.P.controller.LoginController - Login exitoso. Derivando a principal.
2026-02-12 22:04:49.690 [http-nio-8080-exec-7] DEBUG o.s.w.s.m.m.a.RequestResponseBodyMethodProcessor - Using 'application/json', given [application/json, text/plain, */*] and supported [application/hal+json, application/vnd.hal+json, application/json, application/schema+json, application/json-patch+json, application/merge-patch+json, application/x-spring-data-verbose+json, application/x-spring-data-compact+json, application/prs.hal-forms+json, application/*+json]
2026-02-12 22:04:49.690 [http-nio-8080-exec-7] DEBUG o.s.w.s.m.m.a.RequestResponseBodyMethodProcessor - Writing [EntityModel { content: UsuarioEntity(idUsuario=1, usuario=admin, contraseña=1234, fechaCreacion=2026 (truncated)...]
2026-02-12 22:04:49.692 [http-nio-8080-exec-7] DEBUG o.s.web.servlet.DispatcherServlet - Completed 200 OK
2026-02-12 22:04:51.318 [http-nio-8080-exec-9] DEBUG o.s.web.servlet.DispatcherServlet - GET "/api/auditoria?size=100&sort=fechaHora,desc", parameters={masked}
2026-02-12 22:04:51.400 [http-nio-8080-exec-9] DEBUG o.s.w.s.m.m.a.RequestResponseBodyMethodProcessor - Using 'application/json', given [application/json, text/plain, */*] and supported [application/hal+json, application/json]
2026-02-12 22:04:51.404 [http-nio-8080-exec-9] DEBUG o.s.w.s.m.m.a.RequestResponseBodyMethodProcessor - Writing [PagedModel { content: [EntityModel { content: AuditoriaEntity(idauditoria=2449, fechaHora=2026-02-12 (truncated)...]
2026-02-12 22:04:51.436 [http-nio-8080-exec-10] DEBUG o.s.web.servlet.DispatcherServlet - GET "/api/auditoria?size=100&sort=fechaHora,desc", parameters={masked}
2026-02-12 22:04:51.464 [http-nio-8080-exec-9] DEBUG o.s.web.servlet.DispatcherServlet - Completed 200 OK
2026-02-12 22:04:51.486 [http-nio-8080-exec-10] DEBUG o.s.w.s.m.m.a.RequestResponseBodyMethodProcessor - Using 'application/json', given [application/json, text/plain, */*] and supported [application/hal+json, application/json]
2026-02-12 22:04:51.487 [http-nio-8080-exec-10] DEBUG o.s.w.s.m.m.a.RequestResponseBodyMethodProcessor - Writing [PagedModel { content: [EntityModel { content: AuditoriaEntity(idauditoria=2449, fechaHora=2026-02-12 (truncated)...]
2026-02-12 22:04:51.532 [http-nio-8080-exec-10] DEBUG o.s.web.servlet.DispatcherServlet - Completed 200 OK
2026-02-12 23:04:26.720 [File Watcher] INFO  o.s.b.d.a.LocalDevToolsAutoConfiguration$RestartingClassPathChangeChangedEventListener - Restarting due to 16 class path changes (0 additions, 15 deletions, 1 modification)
2026-02-12 23:04:26.781 [Thread-5] INFO  o.s.b.w.e.tomcat.GracefulShutdown - Commencing graceful shutdown. Waiting for active requests to complete
2026-02-12 23:04:26.789 [tomcat-shutdown] INFO  o.a.coyote.http11.Http11NioProtocol - Pausing ProtocolHandler ["http-nio-8080"]
2026-02-12 23:04:27.352 [tomcat-shutdown] INFO  o.s.b.w.e.tomcat.GracefulShutdown - Graceful shutdown complete
2026-02-12 23:04:27.356 [Thread-5] INFO  o.a.coyote.http11.Http11NioProtocol - Stopping ProtocolHandler ["http-nio-8080"]
2026-02-12 23:04:27.373 [Thread-5] INFO  o.s.o.j.LocalContainerEntityManagerFactoryBean - Closing JPA EntityManagerFactory for persistence unit 'default'
2026-02-12 23:04:27.430 [Thread-5] INFO  com.zaxxer.hikari.HikariDataSource - HikariPool-1 - Shutdown initiated...
2026-02-12 23:04:27.442 [Thread-5] INFO  com.zaxxer.hikari.HikariDataSource - HikariPool-1 - Shutdown completed.
2026-02-12 23:04:27.788 [restartedMain] INFO  c.e.P.ProyectoBackEndApplication - Starting ProyectoBackEndApplication using Java 17.0.17 with PID 51732 (C:\Users\leofr\OneDrive\Escritorio\ESPECIALIZACION EN JAVA(CIBERTEC) Y OTRAS\JAVA BACK END\PROYECTO FINAL\ProyectoBackEnd (1)\ProyectoBackEnd\target\classes started by leofr in C:\Users\leofr\OneDrive\Escritorio\ESPECIALIZACION EN JAVA(CIBERTEC) Y OTRAS\JAVA BACK END\PROYECTO FINAL\ProyectoBackEnd (1)\ProyectoBackEnd)
2026-02-12 23:04:27.788 [restartedMain] DEBUG c.e.P.ProyectoBackEndApplication - Running with Spring Boot v3.5.10, Spring v6.2.15
2026-02-12 23:04:27.788 [restartedMain] INFO  c.e.P.ProyectoBackEndApplication - No active profile set, falling back to 1 default profile: "default"
2026-02-12 23:04:28.109 [restartedMain] INFO  o.s.d.r.c.RepositoryConfigurationDelegate - Bootstrapping Spring Data JPA repositories in DEFAULT mode.
2026-02-12 23:04:28.136 [restartedMain] INFO  o.s.d.r.c.RepositoryConfigurationDelegate - Finished Spring Data repository scanning in 29 ms. Found 3 JPA repository interfaces.
2026-02-12 23:04:28.338 [restartedMain] INFO  o.s.b.w.e.tomcat.TomcatWebServer - Tomcat initialized with port 8080 (http)
2026-02-12 23:04:28.341 [restartedMain] INFO  o.a.coyote.http11.Http11NioProtocol - Initializing ProtocolHandler ["http-nio-8080"]
2026-02-12 23:04:28.342 [restartedMain] INFO  o.a.catalina.core.StandardService - Starting service [Tomcat]
2026-02-12 23:04:28.343 [restartedMain] INFO  o.a.catalina.core.StandardEngine - Starting Servlet engine: [Apache Tomcat/10.1.50]
2026-02-12 23:04:28.385 [restartedMain] INFO  o.a.c.c.C.[Tomcat].[localhost].[/] - Initializing Spring embedded WebApplicationContext
2026-02-12 23:04:28.385 [restartedMain] INFO  o.s.b.w.s.c.ServletWebServerApplicationContext - Root WebApplicationContext: initialization completed in 594 ms
2026-02-12 23:04:28.501 [restartedMain] INFO  o.h.jpa.internal.util.LogHelper - HHH000204: Processing PersistenceUnitInfo [name: default]
2026-02-12 23:04:28.506 [restartedMain] INFO  o.h.c.i.RegionFactoryInitiator - HHH000026: Second-level cache disabled
2026-02-12 23:04:28.529 [restartedMain] INFO  o.s.o.j.p.SpringPersistenceUnitInfo - No LoadTimeWeaver setup: ignoring JPA class transformer
2026-02-12 23:04:28.530 [restartedMain] INFO  com.zaxxer.hikari.HikariDataSource - HikariPool-2 - Starting...
2026-02-12 23:04:28.536 [restartedMain] INFO  com.zaxxer.hikari.pool.HikariPool - HikariPool-2 - Added connection com.mysql.cj.jdbc.ConnectionImpl@3486942d
2026-02-12 23:04:28.538 [restartedMain] INFO  com.zaxxer.hikari.HikariDataSource - HikariPool-2 - Start completed.
2026-02-12 23:04:28.538 [restartedMain] WARN  org.hibernate.orm.deprecation - HHH90000025: MySQLDialect does not need to be specified explicitly using 'hibernate.dialect' (remove the property setting and it will be selected by default)
2026-02-12 23:04:28.538 [restartedMain] INFO  o.hibernate.orm.connections.pooling - HHH10001005: Database info:
	Database JDBC URL [Connecting through datasource 'HikariDataSource (HikariPool-2)']
	Database driver: undefined/unknown
	Database version: 8.0.32
	Autocommit mode: undefined/unknown
	Isolation level: undefined/unknown
	Minimum pool size: undefined/unknown
	Maximum pool size: undefined/unknown
2026-02-12 23:04:28.653 [restartedMain] INFO  o.h.e.t.j.p.i.JtaPlatformInitiator - HHH000489: No JTA platform available (set 'hibernate.transaction.jta.platform' to enable JTA platform integration)
2026-02-12 23:04:28.699 [restartedMain] INFO  o.s.o.j.LocalContainerEntityManagerFactoryBean - Initialized JPA EntityManagerFactory for persistence unit 'default'
2026-02-12 23:04:28.887 [restartedMain] WARN  o.s.b.a.o.j.JpaBaseConfiguration$JpaWebConfiguration - spring.jpa.open-in-view is enabled by default. Therefore, database queries may be performed during view rendering. Explicitly configure spring.jpa.open-in-view to disable this warning
2026-02-12 23:04:29.020 [restartedMain] DEBUG o.s.w.s.m.m.a.RequestMappingHandlerMapping - 15 mappings in 'requestMappingHandlerMapping'
2026-02-12 23:04:29.078 [restartedMain] DEBUG o.s.w.s.h.SimpleUrlHandlerMapping - Patterns [/webjars/**, /**] in 'resourceHandlerMapping'
2026-02-12 23:04:29.086 [restartedMain] DEBUG o.s.w.s.m.m.a.RequestMappingHandlerAdapter - ControllerAdvice beans: 0 @ModelAttribute, 0 @InitBinder, 1 RequestBodyAdvice, 1 ResponseBodyAdvice
2026-02-12 23:04:29.101 [restartedMain] WARN  o.s.b.a.t.ThymeleafAutoConfiguration$DefaultTemplateResolverConfiguration - Cannot find template location: classpath:/templates/ (please add some templates, check your Thymeleaf configuration, or set spring.thymeleaf.check-template-location=false)
2026-02-12 23:04:29.124 [restartedMain] DEBUG o.s.w.s.m.m.a.ExceptionHandlerExceptionResolver - ControllerAdvice beans: 1 @ExceptionHandler, 1 ResponseBodyAdvice
2026-02-12 23:04:29.150 [restartedMain] DEBUG o.s.w.s.m.m.a.ExceptionHandlerExceptionResolver - ControllerAdvice beans: 1 @ExceptionHandler, 0 ResponseBodyAdvice
2026-02-12 23:04:29.299 [restartedMain] INFO  o.s.b.d.a.OptionalLiveReloadServer - LiveReload server is running on port 35729
2026-02-12 23:04:29.309 [restartedMain] INFO  o.a.coyote.http11.Http11NioProtocol - Starting ProtocolHandler ["http-nio-8080"]
2026-02-12 23:04:29.316 [restartedMain] INFO  o.s.b.w.e.tomcat.TomcatWebServer - Tomcat started on port 8080 (http) with context path '/'
2026-02-12 23:04:29.318 [restartedMain] INFO  c.e.P.ProyectoBackEndApplication - Started ProyectoBackEndApplication in 1.59 seconds (process running for 3639.582)
2026-02-12 23:04:29.320 [restartedMain] INFO  o.s.b.d.a.ConditionEvaluationDeltaLoggingListener - Condition evaluation unchanged
2026-02-12 23:04:30.592 [main] INFO  o.s.t.c.s.AnnotationConfigContextLoaderUtils - Could not detect default configuration classes for test class [com.example.ProyectoBackEnd.ProyectoBackEndApplicationTests]: ProyectoBackEndApplicationTests does not declare any static, non-private, non-final, nested classes annotated with @Configuration.
2026-02-12 23:04:30.709 [main] INFO  o.s.b.t.c.SpringBootTestContextBootstrapper - Found @SpringBootConfiguration com.example.ProyectoBackEnd.ProyectoBackEndApplication for test class com.example.ProyectoBackEnd.ProyectoBackEndApplicationTests
2026-02-12 23:04:30.743 [File Watcher] INFO  o.s.b.d.a.LocalDevToolsAutoConfiguration$RestartingClassPathChangeChangedEventListener - Restarting due to 15 class path changes (15 additions, 0 deletions, 0 modifications)
2026-02-12 23:04:30.743 [Thread-7] INFO  o.s.b.w.e.tomcat.GracefulShutdown - Commencing graceful shutdown. Waiting for active requests to complete
2026-02-12 23:04:30.743 [tomcat-shutdown] INFO  o.a.coyote.http11.Http11NioProtocol - Pausing ProtocolHandler ["http-nio-8080"]
2026-02-12 23:04:30.888 [main] INFO  o.s.b.d.r.RestartApplicationListener - Restart disabled due to context in which it is running
2026-02-12 23:04:31.162 [main] INFO  c.e.P.ProyectoBackEndApplicationTests - Starting ProyectoBackEndApplicationTests using Java 17.0.17 with PID 49816 (started by leofr in C:\Users\leofr\OneDrive\Escritorio\ESPECIALIZACION EN JAVA(CIBERTEC) Y OTRAS\JAVA BACK END\PROYECTO FINAL\ProyectoBackEnd (1)\ProyectoBackEnd)
2026-02-12 23:04:31.163 [main] DEBUG c.e.P.ProyectoBackEndApplicationTests - Running with Spring Boot v3.5.10, Spring v6.2.15
2026-02-12 23:04:31.164 [main] INFO  c.e.P.ProyectoBackEndApplicationTests - No active profile set, falling back to 1 default profile: "default"
2026-02-12 23:04:31.183 [tomcat-shutdown] INFO  o.s.b.w.e.tomcat.GracefulShutdown - Graceful shutdown complete
2026-02-12 23:04:31.184 [Thread-7] INFO  o.a.coyote.http11.Http11NioProtocol - Stopping ProtocolHandler ["http-nio-8080"]
2026-02-12 23:04:31.186 [Thread-7] INFO  o.s.o.j.LocalContainerEntityManagerFactoryBean - Closing JPA EntityManagerFactory for persistence unit 'default'
2026-02-12 23:04:31.186 [Thread-7] INFO  com.zaxxer.hikari.HikariDataSource - HikariPool-2 - Shutdown initiated...
2026-02-12 23:04:31.188 [Thread-7] INFO  com.zaxxer.hikari.HikariDataSource - HikariPool-2 - Shutdown completed.
2026-02-12 23:04:31.197 [main] DEBUG o.s.w.c.s.GenericWebApplicationContext - Refreshing org.springframework.web.context.support.GenericWebApplicationContext@15923407
2026-02-12 23:04:31.279 [restartedMain] INFO  c.e.P.ProyectoBackEndApplication - Starting ProyectoBackEndApplication using Java 17.0.17 with PID 51732 (C:\Users\leofr\OneDrive\Escritorio\ESPECIALIZACION EN JAVA(CIBERTEC) Y OTRAS\JAVA BACK END\PROYECTO FINAL\ProyectoBackEnd (1)\ProyectoBackEnd\target\classes started by leofr in C:\Users\leofr\OneDrive\Escritorio\ESPECIALIZACION EN JAVA(CIBERTEC) Y OTRAS\JAVA BACK END\PROYECTO FINAL\ProyectoBackEnd (1)\ProyectoBackEnd)
2026-02-12 23:04:31.279 [restartedMain] DEBUG c.e.P.ProyectoBackEndApplication - Running with Spring Boot v3.5.10, Spring v6.2.15
2026-02-12 23:04:31.279 [restartedMain] INFO  c.e.P.ProyectoBackEndApplication - No active profile set, falling back to 1 default profile: "default"
2026-02-12 23:04:31.644 [restartedMain] INFO  o.s.d.r.c.RepositoryConfigurationDelegate - Bootstrapping Spring Data JPA repositories in DEFAULT mode.
2026-02-12 23:04:31.685 [restartedMain] INFO  o.s.d.r.c.RepositoryConfigurationDelegate - Finished Spring Data repository scanning in 37 ms. Found 3 JPA repository interfaces.
2026-02-12 23:04:31.842 [restartedMain] INFO  o.s.b.w.e.tomcat.TomcatWebServer - Tomcat initialized with port 8080 (http)
2026-02-12 23:04:31.852 [restartedMain] INFO  o.a.coyote.http11.Http11NioProtocol - Initializing ProtocolHandler ["http-nio-8080"]
2026-02-12 23:04:31.852 [restartedMain] INFO  o.a.catalina.core.StandardService - Starting service [Tomcat]
2026-02-12 23:04:31.852 [restartedMain] INFO  o.a.catalina.core.StandardEngine - Starting Servlet engine: [Apache Tomcat/10.1.50]
2026-02-12 23:04:31.879 [restartedMain] INFO  o.a.c.c.C.[Tomcat].[localhost].[/] - Initializing Spring embedded WebApplicationContext
2026-02-12 23:04:31.879 [restartedMain] INFO  o.s.b.w.s.c.ServletWebServerApplicationContext - Root WebApplicationContext: initialization completed in 598 ms
2026-02-12 23:04:31.951 [restartedMain] INFO  o.h.jpa.internal.util.LogHelper - HHH000204: Processing PersistenceUnitInfo [name: default]
2026-02-12 23:04:31.954 [restartedMain] INFO  o.h.c.i.RegionFactoryInitiator - HHH000026: Second-level cache disabled
2026-02-12 23:04:31.964 [restartedMain] INFO  o.s.o.j.p.SpringPersistenceUnitInfo - No LoadTimeWeaver setup: ignoring JPA class transformer
2026-02-12 23:04:31.966 [restartedMain] INFO  com.zaxxer.hikari.HikariDataSource - HikariPool-3 - Starting...
2026-02-12 23:04:31.971 [restartedMain] INFO  com.zaxxer.hikari.pool.HikariPool - HikariPool-3 - Added connection com.mysql.cj.jdbc.ConnectionImpl@7c5d0e4
2026-02-12 23:04:31.971 [restartedMain] INFO  com.zaxxer.hikari.HikariDataSource - HikariPool-3 - Start completed.
2026-02-12 23:04:31.972 [restartedMain] WARN  org.hibernate.orm.deprecation - HHH90000025: MySQLDialect does not need to be specified explicitly using 'hibernate.dialect' (remove the property setting and it will be selected by default)
2026-02-12 23:04:31.973 [restartedMain] INFO  o.hibernate.orm.connections.pooling - HHH10001005: Database info:
	Database JDBC URL [Connecting through datasource 'HikariDataSource (HikariPool-3)']
	Database driver: undefined/unknown
	Database version: 8.0.32
	Autocommit mode: undefined/unknown
	Isolation level: undefined/unknown
	Minimum pool size: undefined/unknown
	Maximum pool size: undefined/unknown
2026-02-12 23:04:32.061 [restartedMain] INFO  o.h.e.t.j.p.i.JtaPlatformInitiator - HHH000489: No JTA platform available (set 'hibernate.transaction.jta.platform' to enable JTA platform integration)
2026-02-12 23:04:32.096 [restartedMain] INFO  o.s.o.j.LocalContainerEntityManagerFactoryBean - Initialized JPA EntityManagerFactory for persistence unit 'default'
2026-02-12 23:04:32.185 [main] INFO  o.s.d.r.c.RepositoryConfigurationDelegate - Bootstrapping Spring Data JPA repositories in DEFAULT mode.
2026-02-12 23:04:32.278 [restartedMain] WARN  o.s.b.a.o.j.JpaBaseConfiguration$JpaWebConfiguration - spring.jpa.open-in-view is enabled by default. Therefore, database queries may be performed during view rendering. Explicitly configure spring.jpa.open-in-view to disable this warning
2026-02-12 23:04:32.314 [main] INFO  o.s.d.r.c.RepositoryConfigurationDelegate - Finished Spring Data repository scanning in 113 ms. Found 3 JPA repository interfaces.
2026-02-12 23:04:32.455 [restartedMain] DEBUG o.s.w.s.m.m.a.RequestMappingHandlerMapping - 15 mappings in 'requestMappingHandlerMapping'
2026-02-12 23:04:32.506 [restartedMain] DEBUG o.s.w.s.h.SimpleUrlHandlerMapping - Patterns [/webjars/**, /**] in 'resourceHandlerMapping'
2026-02-12 23:04:32.510 [restartedMain] DEBUG o.s.w.s.m.m.a.RequestMappingHandlerAdapter - ControllerAdvice beans: 0 @ModelAttribute, 0 @InitBinder, 1 RequestBodyAdvice, 1 ResponseBodyAdvice
2026-02-12 23:04:32.528 [restartedMain] WARN  o.s.b.a.t.ThymeleafAutoConfiguration$DefaultTemplateResolverConfiguration - Cannot find template location: classpath:/templates/ (please add some templates, check your Thymeleaf configuration, or set spring.thymeleaf.check-template-location=false)
2026-02-12 23:04:32.546 [restartedMain] DEBUG o.s.w.s.m.m.a.ExceptionHandlerExceptionResolver - ControllerAdvice beans: 1 @ExceptionHandler, 1 ResponseBodyAdvice
2026-02-12 23:04:32.567 [restartedMain] DEBUG o.s.w.s.m.m.a.ExceptionHandlerExceptionResolver - ControllerAdvice beans: 1 @ExceptionHandler, 0 ResponseBodyAdvice
2026-02-12 23:04:32.702 [restartedMain] INFO  o.s.b.d.a.OptionalLiveReloadServer - LiveReload server is running on port 35729
2026-02-12 23:04:32.712 [restartedMain] INFO  o.a.coyote.http11.Http11NioProtocol - Starting ProtocolHandler ["http-nio-8080"]
2026-02-12 23:04:32.717 [restartedMain] INFO  o.s.b.w.e.tomcat.TomcatWebServer - Tomcat started on port 8080 (http) with context path '/'
2026-02-12 23:04:32.720 [restartedMain] INFO  c.e.P.ProyectoBackEndApplication - Started ProyectoBackEndApplication in 1.479 seconds (process running for 3642.983)
2026-02-12 23:04:32.722 [restartedMain] INFO  o.s.b.d.a.ConditionEvaluationDeltaLoggingListener - Condition evaluation unchanged
2026-02-12 23:04:33.238 [main] INFO  o.h.jpa.internal.util.LogHelper - HHH000204: Processing PersistenceUnitInfo [name: default]
2026-02-12 23:04:33.360 [main] INFO  org.hibernate.Version - HHH000412: Hibernate ORM core version 6.6.41.Final
2026-02-12 23:04:33.419 [main] INFO  o.h.c.i.RegionFactoryInitiator - HHH000026: Second-level cache disabled
2026-02-12 23:04:34.044 [main] INFO  o.s.o.j.p.SpringPersistenceUnitInfo - No LoadTimeWeaver setup: ignoring JPA class transformer
2026-02-12 23:04:34.093 [main] INFO  com.zaxxer.hikari.HikariDataSource - HikariPool-1 - Starting...
2026-02-12 23:04:34.343 [main] INFO  com.zaxxer.hikari.pool.HikariPool - HikariPool-1 - Added connection com.mysql.cj.jdbc.ConnectionImpl@30ef32eb
2026-02-12 23:04:34.346 [main] INFO  com.zaxxer.hikari.HikariDataSource - HikariPool-1 - Start completed.
2026-02-12 23:04:34.406 [main] WARN  org.hibernate.orm.deprecation - HHH90000025: MySQLDialect does not need to be specified explicitly using 'hibernate.dialect' (remove the property setting and it will be selected by default)
2026-02-12 23:04:34.431 [main] INFO  o.hibernate.orm.connections.pooling - HHH10001005: Database info:
	Database JDBC URL [Connecting through datasource 'HikariDataSource (HikariPool-1)']
	Database driver: undefined/unknown
	Database version: 8.0.32
	Autocommit mode: undefined/unknown
	Isolation level: undefined/unknown
	Minimum pool size: undefined/unknown
	Maximum pool size: undefined/unknown
2026-02-12 23:04:35.475 [main] INFO  o.h.e.t.j.p.i.JtaPlatformInitiator - HHH000489: No JTA platform available (set 'hibernate.transaction.jta.platform' to enable JTA platform integration)
2026-02-12 23:04:35.583 [main] INFO  o.s.o.j.LocalContainerEntityManagerFactoryBean - Initialized JPA EntityManagerFactory for persistence unit 'default'
2026-02-12 23:04:36.035 [main] INFO  o.s.d.j.r.query.QueryEnhancerFactory - Hibernate is in classpath; If applicable, HQL parser will be used.
2026-02-12 23:04:36.801 [main] WARN  o.s.b.a.o.j.JpaBaseConfiguration$JpaWebConfiguration - spring.jpa.open-in-view is enabled by default. Therefore, database queries may be performed during view rendering. Explicitly configure spring.jpa.open-in-view to disable this warning
2026-02-12 23:04:37.074 [main] DEBUG o.s.w.s.m.m.a.RequestMappingHandlerMapping - 15 mappings in 'requestMappingHandlerMapping'
2026-02-12 23:04:37.213 [main] DEBUG o.s.w.s.h.SimpleUrlHandlerMapping - Patterns [/webjars/**, /**] in 'resourceHandlerMapping'
2026-02-12 23:04:37.252 [main] DEBUG o.s.w.s.m.m.a.RequestMappingHandlerAdapter - ControllerAdvice beans: 0 @ModelAttribute, 0 @InitBinder, 1 RequestBodyAdvice, 1 ResponseBodyAdvice
2026-02-12 23:04:37.310 [main] WARN  o.s.b.a.t.ThymeleafAutoConfiguration$DefaultTemplateResolverConfiguration - Cannot find template location: classpath:/templates/ (please add some templates, check your Thymeleaf configuration, or set spring.thymeleaf.check-template-location=false)
2026-02-12 23:04:37.354 [main] DEBUG o.s.w.s.m.m.a.ExceptionHandlerExceptionResolver - ControllerAdvice beans: 1 @ExceptionHandler, 1 ResponseBodyAdvice
2026-02-12 23:04:37.398 [main] DEBUG o.s.w.s.m.m.a.ExceptionHandlerExceptionResolver - ControllerAdvice beans: 1 @ExceptionHandler, 0 ResponseBodyAdvice
2026-02-12 23:04:37.674 [main] WARN  o.s.b.a.s.s.UserDetailsServiceAutoConfiguration - 

Using generated security password: f17390cc-4078-44b1-b0aa-c94f9b4c08f2

This generated password is for development use only. Your security configuration must be updated before running your application in production.

2026-02-12 23:04:37.682 [main] INFO  o.s.s.c.a.a.c.InitializeUserDetailsBeanManagerConfigurer$InitializeUserDetailsManagerConfigurer - Global AuthenticationManager configured with UserDetailsService bean with name inMemoryUserDetailsManager
2026-02-12 23:04:37.900 [main] INFO  c.e.P.ProyectoBackEndApplicationTests - Started ProyectoBackEndApplicationTests in 7.028 seconds (process running for 8.101)
2026-02-12 23:04:38.352 [SpringApplicationShutdownHook] DEBUG o.s.w.c.s.GenericWebApplicationContext - Closing org.springframework.web.context.support.GenericWebApplicationContext@15923407, started on Thu Feb 12 23:04:31 CET 2026
2026-02-12 23:04:38.356 [SpringApplicationShutdownHook] INFO  o.s.o.j.LocalContainerEntityManagerFactoryBean - Closing JPA EntityManagerFactory for persistence unit 'default'
2026-02-12 23:04:38.359 [SpringApplicationShutdownHook] INFO  com.zaxxer.hikari.HikariDataSource - HikariPool-1 - Shutdown initiated...
2026-02-12 23:04:38.366 [SpringApplicationShutdownHook] INFO  com.zaxxer.hikari.HikariDataSource - HikariPool-1 - Shutdown completed.
2026-02-12 23:04:50.496 [http-nio-8080-exec-1] INFO  o.a.c.c.C.[Tomcat].[localhost].[/] - Initializing Spring DispatcherServlet 'dispatcherServlet'
2026-02-12 23:04:50.497 [http-nio-8080-exec-1] INFO  o.s.web.servlet.DispatcherServlet - Initializing Servlet 'dispatcherServlet'
2026-02-12 23:04:50.497 [http-nio-8080-exec-1] DEBUG o.s.web.servlet.DispatcherServlet - Detected StandardServletMultipartResolver
2026-02-12 23:04:50.497 [http-nio-8080-exec-1] DEBUG o.s.web.servlet.DispatcherServlet - Detected AcceptHeaderLocaleResolver
2026-02-12 23:04:50.497 [http-nio-8080-exec-1] DEBUG o.s.web.servlet.DispatcherServlet - Detected FixedThemeResolver
2026-02-12 23:04:50.498 [http-nio-8080-exec-1] DEBUG o.s.web.servlet.DispatcherServlet - Detected org.springframework.web.servlet.view.DefaultRequestToViewNameTranslator@dee3038
2026-02-12 23:04:50.498 [http-nio-8080-exec-1] DEBUG o.s.web.servlet.DispatcherServlet - Detected org.springframework.web.servlet.support.SessionFlashMapManager@416ac653
2026-02-12 23:04:50.498 [http-nio-8080-exec-1] DEBUG o.s.web.servlet.DispatcherServlet - enableLoggingRequestDetails='false': request parameters and headers will be masked to prevent unsafe logging of potentially sensitive data
2026-02-12 23:04:50.498 [http-nio-8080-exec-1] INFO  o.s.web.servlet.DispatcherServlet - Completed initialization in 1 ms
2026-02-12 23:04:50.499 [http-nio-8080-exec-1] DEBUG o.s.web.servlet.DispatcherServlet - GET "/", parameters={}
2026-02-12 23:04:50.503 [http-nio-8080-exec-1] DEBUG o.s.w.s.h.SimpleUrlHandlerMapping - Mapped to ResourceHttpRequestHandler [classpath [META-INF/resources/], classpath [resources/], classpath [static/], classpath [public/], ServletContext [/]]
2026-02-12 23:04:50.504 [http-nio-8080-exec-1] DEBUG o.s.w.s.r.ResourceHttpRequestHandler - Resource not found
2026-02-12 23:04:50.507 [http-nio-8080-exec-1] DEBUG o.s.w.s.m.s.DefaultHandlerExceptionResolver - Resolved [org.springframework.web.servlet.resource.NoResourceFoundException: No static resource .]
2026-02-12 23:04:50.507 [http-nio-8080-exec-1] DEBUG o.s.web.servlet.DispatcherServlet - Completed 404 NOT_FOUND
2026-02-12 23:04:50.509 [http-nio-8080-exec-1] DEBUG o.s.web.servlet.DispatcherServlet - "ERROR" dispatch for GET "/error", parameters={}
2026-02-12 23:04:50.509 [http-nio-8080-exec-1] DEBUG o.s.w.s.m.m.a.RequestMappingHandlerMapping - Mapped to org.springframework.boot.autoconfigure.web.servlet.error.BasicErrorController#errorHtml(HttpServletRequest, HttpServletResponse)
2026-02-12 23:04:50.521 [http-nio-8080-exec-1] DEBUG o.s.w.s.v.ContentNegotiatingViewResolver - Selected 'text/html' given [text/html, text/html;q=0.8]
2026-02-12 23:04:50.526 [http-nio-8080-exec-1] DEBUG o.s.web.servlet.DispatcherServlet - Exiting from "ERROR" dispatch, status 404
2026-02-12 23:04:50.670 [http-nio-8080-exec-2] DEBUG o.s.web.servlet.DispatcherServlet - GET "/", parameters={}
2026-02-12 23:04:50.671 [http-nio-8080-exec-2] DEBUG o.s.w.s.h.SimpleUrlHandlerMapping - Mapped to ResourceHttpRequestHandler [classpath [META-INF/resources/], classpath [resources/], classpath [static/], classpath [public/], ServletContext [/]]
2026-02-12 23:04:50.671 [http-nio-8080-exec-2] DEBUG o.s.w.s.r.ResourceHttpRequestHandler - Resource not found
2026-02-12 23:04:50.673 [http-nio-8080-exec-2] DEBUG o.s.w.s.m.s.DefaultHandlerExceptionResolver - Resolved [org.springframework.web.servlet.resource.NoResourceFoundException: No static resource .]
2026-02-12 23:04:50.673 [http-nio-8080-exec-2] DEBUG o.s.web.servlet.DispatcherServlet - Completed 404 NOT_FOUND
2026-02-12 23:04:50.674 [http-nio-8080-exec-2] DEBUG o.s.web.servlet.DispatcherServlet - "ERROR" dispatch for GET "/error", parameters={}
2026-02-12 23:04:50.674 [http-nio-8080-exec-2] DEBUG o.s.w.s.m.m.a.RequestMappingHandlerMapping - Mapped to org.springframework.boot.autoconfigure.web.servlet.error.BasicErrorController#errorHtml(HttpServletRequest, HttpServletResponse)
2026-02-12 23:04:50.678 [http-nio-8080-exec-2] DEBUG o.s.w.s.v.ContentNegotiatingViewResolver - Selected 'text/html' given [text/html, text/html;q=0.8]
2026-02-12 23:04:50.679 [http-nio-8080-exec-2] DEBUG o.s.web.servlet.DispatcherServlet - Exiting from "ERROR" dispatch, status 404
2026-02-12 23:04:55.109 [http-nio-8080-exec-3] DEBUG o.s.web.servlet.DispatcherServlet - OPTIONS "/api/auditoria?size=100&sort=fechaHora,desc", parameters={masked}
2026-02-12 23:04:55.110 [http-nio-8080-exec-4] DEBUG o.s.web.servlet.DispatcherServlet - OPTIONS "/api/auditoria?size=100&sort=fechaHora,desc", parameters={masked}
2026-02-12 23:04:55.112 [http-nio-8080-exec-3] DEBUG o.s.web.servlet.DispatcherServlet - Completed 200 OK
2026-02-12 23:04:55.112 [http-nio-8080-exec-4] DEBUG o.s.web.servlet.DispatcherServlet - Completed 200 OK
2026-02-12 23:04:55.118 [http-nio-8080-exec-5] DEBUG o.s.web.servlet.DispatcherServlet - GET "/api/auditoria?size=100&sort=fechaHora,desc", parameters={masked}
2026-02-12 23:04:55.169 [http-nio-8080-exec-5] DEBUG o.s.w.s.m.m.a.RequestResponseBodyMethodProcessor - Using 'application/json', given [application/json, text/plain, */*] and supported [application/hal+json, application/json]
2026-02-12 23:04:55.173 [http-nio-8080-exec-5] DEBUG o.s.w.s.m.m.a.RequestResponseBodyMethodProcessor - Writing [PagedModel { content: [EntityModel { content: AuditoriaEntity(idauditoria=2449, fechaHora=2026-02-12 (truncated)...]
2026-02-12 23:04:55.190 [http-nio-8080-exec-6] DEBUG o.s.web.servlet.DispatcherServlet - GET "/api/auditoria?size=100&sort=fechaHora,desc", parameters={masked}
2026-02-12 23:04:55.207 [http-nio-8080-exec-5] DEBUG o.s.web.servlet.DispatcherServlet - Completed 200 OK
2026-02-12 23:04:55.241 [http-nio-8080-exec-6] DEBUG o.s.w.s.m.m.a.RequestResponseBodyMethodProcessor - Using 'application/json', given [application/json, text/plain, */*] and supported [application/hal+json, application/json]
2026-02-12 23:04:55.241 [http-nio-8080-exec-6] DEBUG o.s.w.s.m.m.a.RequestResponseBodyMethodProcessor - Writing [PagedModel { content: [EntityModel { content: AuditoriaEntity(idauditoria=2449, fechaHora=2026-02-12 (truncated)...]
2026-02-12 23:04:55.275 [http-nio-8080-exec-6] DEBUG o.s.web.servlet.DispatcherServlet - Completed 200 OK
2026-02-12 23:04:58.586 [http-nio-8080-exec-7] DEBUG o.s.web.servlet.DispatcherServlet - OPTIONS "/api/tareas-rest/search/porUsuario?id=1&size=100", parameters={masked}
2026-02-12 23:04:58.586 [http-nio-8080-exec-8] DEBUG o.s.web.servlet.DispatcherServlet - OPTIONS "/api/tareas-rest/search/porUsuario?id=1&size=100", parameters={masked}
2026-02-12 23:04:58.588 [http-nio-8080-exec-7] DEBUG o.s.web.servlet.DispatcherServlet - Completed 200 OK
2026-02-12 23:04:58.588 [http-nio-8080-exec-8] DEBUG o.s.web.servlet.DispatcherServlet - Completed 200 OK
2026-02-12 23:04:58.592 [http-nio-8080-exec-9] DEBUG o.s.web.servlet.DispatcherServlet - GET "/api/tareas-rest/search/porUsuario?id=1&size=100", parameters={masked}
2026-02-12 23:04:58.609 [http-nio-8080-exec-9] DEBUG o.s.w.s.m.m.a.HttpEntityMethodProcessor - Using 'application/json', given [application/json, text/plain, */*] and supported [application/hal+json, application/json]
2026-02-12 23:04:58.610 [http-nio-8080-exec-9] DEBUG o.s.w.s.m.m.a.HttpEntityMethodProcessor - Writing [PagedModel { content: [EntityModel { content: TaskEntity(idTarea=1, titulo=Configurar el entorno de  (truncated)...]
2026-02-12 23:04:58.616 [http-nio-8080-exec-9] DEBUG o.s.web.servlet.DispatcherServlet - Completed 200 OK
2026-02-12 23:04:58.617 [http-nio-8080-exec-10] DEBUG o.s.web.servlet.DispatcherServlet - GET "/api/tareas-rest/search/porUsuario?id=1&size=100", parameters={masked}
2026-02-12 23:04:58.627 [http-nio-8080-exec-10] DEBUG o.s.w.s.m.m.a.HttpEntityMethodProcessor - Using 'application/json', given [application/json, text/plain, */*] and supported [application/hal+json, application/json]
2026-02-12 23:04:58.628 [http-nio-8080-exec-10] DEBUG o.s.w.s.m.m.a.HttpEntityMethodProcessor - Writing [PagedModel { content: [EntityModel { content: TaskEntity(idTarea=1, titulo=Configurar el entorno de  (truncated)...]
2026-02-12 23:04:58.633 [http-nio-8080-exec-10] DEBUG o.s.web.servlet.DispatcherServlet - Completed 200 OK
2026-02-12 23:18:16.781 [main] INFO  o.s.t.c.s.AnnotationConfigContextLoaderUtils - Could not detect default configuration classes for test class [com.example.ProyectoBackEnd.ProyectoBackEndApplicationTests]: ProyectoBackEndApplicationTests does not declare any static, non-private, non-final, nested classes annotated with @Configuration.
2026-02-12 23:18:16.892 [main] INFO  o.s.b.t.c.SpringBootTestContextBootstrapper - Found @SpringBootConfiguration com.example.ProyectoBackEnd.ProyectoBackEndApplication for test class com.example.ProyectoBackEnd.ProyectoBackEndApplicationTests
2026-02-12 23:18:17.066 [main] INFO  o.s.b.d.r.RestartApplicationListener - Restart disabled due to context in which it is running
2026-02-12 23:18:17.339 [main] INFO  c.e.P.ProyectoBackEndApplicationTests - Starting ProyectoBackEndApplicationTests using Java 17.0.17 with PID 53616 (started by leofr in C:\Users\leofr\OneDrive\Escritorio\ESPECIALIZACION EN JAVA(CIBERTEC) Y OTRAS\JAVA BACK END\PROYECTO FINAL\ProyectoBackEnd (1)\ProyectoBackEnd)
2026-02-12 23:18:17.341 [main] DEBUG c.e.P.ProyectoBackEndApplicationTests - Running with Spring Boot v3.5.10, Spring v6.2.15
2026-02-12 23:18:17.342 [main] INFO  c.e.P.ProyectoBackEndApplicationTests - No active profile set, falling back to 1 default profile: "default"
2026-02-12 23:18:17.377 [main] DEBUG o.s.w.c.s.GenericWebApplicationContext - Refreshing org.springframework.web.context.support.GenericWebApplicationContext@4cafa9aa
2026-02-12 23:18:18.092 [main] INFO  o.s.d.r.c.RepositoryConfigurationDelegate - Bootstrapping Spring Data JPA repositories in DEFAULT mode.
2026-02-12 23:18:18.182 [main] INFO  o.s.d.r.c.RepositoryConfigurationDelegate - Finished Spring Data repository scanning in 79 ms. Found 3 JPA repository interfaces.
2026-02-12 23:18:18.910 [main] INFO  o.h.jpa.internal.util.LogHelper - HHH000204: Processing PersistenceUnitInfo [name: default]
2026-02-12 23:18:18.961 [main] INFO  org.hibernate.Version - HHH000412: Hibernate ORM core version 6.6.41.Final
2026-02-12 23:18:19.001 [main] INFO  o.h.c.i.RegionFactoryInitiator - HHH000026: Second-level cache disabled
2026-02-12 23:18:19.351 [main] INFO  o.s.o.j.p.SpringPersistenceUnitInfo - No LoadTimeWeaver setup: ignoring JPA class transformer
2026-02-12 23:18:19.398 [main] INFO  com.zaxxer.hikari.HikariDataSource - HikariPool-1 - Starting...
2026-02-12 23:18:19.565 [main] INFO  com.zaxxer.hikari.pool.HikariPool - HikariPool-1 - Added connection com.mysql.cj.jdbc.ConnectionImpl@497921d0
2026-02-12 23:18:19.567 [main] INFO  com.zaxxer.hikari.HikariDataSource - HikariPool-1 - Start completed.
2026-02-12 23:18:19.617 [main] WARN  org.hibernate.orm.deprecation - HHH90000025: MySQLDialect does not need to be specified explicitly using 'hibernate.dialect' (remove the property setting and it will be selected by default)
2026-02-12 23:18:19.632 [main] INFO  o.hibernate.orm.connections.pooling - HHH10001005: Database info:
	Database JDBC URL [Connecting through datasource 'HikariDataSource (HikariPool-1)']
	Database driver: undefined/unknown
	Database version: 8.0.32
	Autocommit mode: undefined/unknown
	Isolation level: undefined/unknown
	Minimum pool size: undefined/unknown
	Maximum pool size: undefined/unknown
2026-02-12 23:18:20.384 [main] INFO  o.h.e.t.j.p.i.JtaPlatformInitiator - HHH000489: No JTA platform available (set 'hibernate.transaction.jta.platform' to enable JTA platform integration)
2026-02-12 23:18:20.504 [main] INFO  o.s.o.j.LocalContainerEntityManagerFactoryBean - Initialized JPA EntityManagerFactory for persistence unit 'default'
2026-02-12 23:18:20.925 [main] INFO  o.s.d.j.r.query.QueryEnhancerFactory - Hibernate is in classpath; If applicable, HQL parser will be used.
2026-02-12 23:18:21.544 [main] WARN  o.s.b.a.o.j.JpaBaseConfiguration$JpaWebConfiguration - spring.jpa.open-in-view is enabled by default. Therefore, database queries may be performed during view rendering. Explicitly configure spring.jpa.open-in-view to disable this warning
2026-02-12 23:18:21.849 [main] DEBUG o.s.w.s.m.m.a.RequestMappingHandlerMapping - 15 mappings in 'requestMappingHandlerMapping'
2026-02-12 23:18:22.001 [main] DEBUG o.s.w.s.h.SimpleUrlHandlerMapping - Patterns [/webjars/**, /**] in 'resourceHandlerMapping'
2026-02-12 23:18:22.083 [main] INFO  o.s.s.c.a.a.c.InitializeUserDetailsBeanManagerConfigurer$InitializeUserDetailsManagerConfigurer - Global AuthenticationManager configured with UserDetailsService bean with name securityService
2026-02-12 23:18:22.391 [main] DEBUG o.s.w.s.m.m.a.RequestMappingHandlerAdapter - ControllerAdvice beans: 0 @ModelAttribute, 0 @InitBinder, 1 RequestBodyAdvice, 1 ResponseBodyAdvice
2026-02-12 23:18:22.447 [main] WARN  o.s.b.a.t.ThymeleafAutoConfiguration$DefaultTemplateResolverConfiguration - Cannot find template location: classpath:/templates/ (please add some templates, check your Thymeleaf configuration, or set spring.thymeleaf.check-template-location=false)
2026-02-12 23:18:22.476 [main] DEBUG o.s.w.s.m.m.a.ExceptionHandlerExceptionResolver - ControllerAdvice beans: 1 @ExceptionHandler, 1 ResponseBodyAdvice
2026-02-12 23:18:22.510 [main] DEBUG o.s.w.s.m.m.a.ExceptionHandlerExceptionResolver - ControllerAdvice beans: 1 @ExceptionHandler, 0 ResponseBodyAdvice
2026-02-12 23:18:22.714 [main] INFO  c.e.P.ProyectoBackEndApplicationTests - Started ProyectoBackEndApplicationTests in 5.661 seconds (process running for 6.68)
2026-02-12 23:18:23.271 [SpringApplicationShutdownHook] DEBUG o.s.w.c.s.GenericWebApplicationContext - Closing org.springframework.web.context.support.GenericWebApplicationContext@4cafa9aa, started on Thu Feb 12 23:18:17 CET 2026
2026-02-12 23:18:23.276 [SpringApplicationShutdownHook] INFO  o.s.o.j.LocalContainerEntityManagerFactoryBean - Closing JPA EntityManagerFactory for persistence unit 'default'
2026-02-12 23:18:23.279 [SpringApplicationShutdownHook] INFO  com.zaxxer.hikari.HikariDataSource - HikariPool-1 - Shutdown initiated...
2026-02-12 23:18:23.285 [SpringApplicationShutdownHook] INFO  com.zaxxer.hikari.HikariDataSource - HikariPool-1 - Shutdown completed.
2026-02-12 23:25:10.521 [main] INFO  o.s.t.c.s.AnnotationConfigContextLoaderUtils - Could not detect default configuration classes for test class [com.example.ProyectoBackEnd.ProyectoBackEndApplicationTests]: ProyectoBackEndApplicationTests does not declare any static, non-private, non-final, nested classes annotated with @Configuration.
2026-02-12 23:25:10.631 [main] INFO  o.s.b.t.c.SpringBootTestContextBootstrapper - Found @SpringBootConfiguration com.example.ProyectoBackEnd.ProyectoBackEndApplication for test class com.example.ProyectoBackEnd.ProyectoBackEndApplicationTests
2026-02-12 23:25:10.787 [main] INFO  o.s.b.d.r.RestartApplicationListener - Restart disabled due to context in which it is running
2026-02-12 23:25:11.037 [main] INFO  c.e.P.ProyectoBackEndApplicationTests - Starting ProyectoBackEndApplicationTests using Java 17.0.17 with PID 54080 (started by leofr in C:\Users\leofr\OneDrive\Escritorio\ESPECIALIZACION EN JAVA(CIBERTEC) Y OTRAS\JAVA BACK END\PROYECTO FINAL\ProyectoBackEnd (1)\ProyectoBackEnd)
2026-02-12 23:25:11.038 [main] DEBUG c.e.P.ProyectoBackEndApplicationTests - Running with Spring Boot v3.5.10, Spring v6.2.15
2026-02-12 23:25:11.039 [main] INFO  c.e.P.ProyectoBackEndApplicationTests - No active profile set, falling back to 1 default profile: "default"
2026-02-12 23:25:11.071 [main] DEBUG o.s.w.c.s.GenericWebApplicationContext - Refreshing org.springframework.web.context.support.GenericWebApplicationContext@af78c87
2026-02-12 23:25:11.753 [main] INFO  o.s.d.r.c.RepositoryConfigurationDelegate - Bootstrapping Spring Data JPA repositories in DEFAULT mode.
2026-02-12 23:25:11.837 [main] INFO  o.s.d.r.c.RepositoryConfigurationDelegate - Finished Spring Data repository scanning in 75 ms. Found 3 JPA repository interfaces.
2026-02-12 23:25:12.571 [main] INFO  o.h.jpa.internal.util.LogHelper - HHH000204: Processing PersistenceUnitInfo [name: default]
2026-02-12 23:25:12.636 [main] INFO  org.hibernate.Version - HHH000412: Hibernate ORM core version 6.6.41.Final
2026-02-12 23:25:12.684 [main] INFO  o.h.c.i.RegionFactoryInitiator - HHH000026: Second-level cache disabled
2026-02-12 23:25:13.065 [main] INFO  o.s.o.j.p.SpringPersistenceUnitInfo - No LoadTimeWeaver setup: ignoring JPA class transformer
2026-02-12 23:25:13.103 [main] INFO  com.zaxxer.hikari.HikariDataSource - HikariPool-1 - Starting...
2026-02-12 23:25:13.291 [main] INFO  com.zaxxer.hikari.pool.HikariPool - HikariPool-1 - Added connection com.mysql.cj.jdbc.ConnectionImpl@39342614
2026-02-12 23:25:13.293 [main] INFO  com.zaxxer.hikari.HikariDataSource - HikariPool-1 - Start completed.
2026-02-12 23:25:13.342 [main] WARN  org.hibernate.orm.deprecation - HHH90000025: MySQLDialect does not need to be specified explicitly using 'hibernate.dialect' (remove the property setting and it will be selected by default)
2026-02-12 23:25:13.362 [main] INFO  o.hibernate.orm.connections.pooling - HHH10001005: Database info:
	Database JDBC URL [Connecting through datasource 'HikariDataSource (HikariPool-1)']
	Database driver: undefined/unknown
	Database version: 8.0.32
	Autocommit mode: undefined/unknown
	Isolation level: undefined/unknown
	Minimum pool size: undefined/unknown
	Maximum pool size: undefined/unknown
2026-02-12 23:25:14.108 [main] INFO  o.h.e.t.j.p.i.JtaPlatformInitiator - HHH000489: No JTA platform available (set 'hibernate.transaction.jta.platform' to enable JTA platform integration)
2026-02-12 23:25:14.179 [main] INFO  o.s.o.j.LocalContainerEntityManagerFactoryBean - Initialized JPA EntityManagerFactory for persistence unit 'default'
2026-02-12 23:25:14.602 [main] INFO  o.s.d.j.r.query.QueryEnhancerFactory - Hibernate is in classpath; If applicable, HQL parser will be used.
2026-02-12 23:25:15.157 [main] WARN  o.s.b.a.o.j.JpaBaseConfiguration$JpaWebConfiguration - spring.jpa.open-in-view is enabled by default. Therefore, database queries may be performed during view rendering. Explicitly configure spring.jpa.open-in-view to disable this warning
2026-02-12 23:25:15.439 [main] DEBUG o.s.w.s.m.m.a.RequestMappingHandlerMapping - 15 mappings in 'requestMappingHandlerMapping'
2026-02-12 23:25:15.571 [main] DEBUG o.s.w.s.h.SimpleUrlHandlerMapping - Patterns [/webjars/**, /**] in 'resourceHandlerMapping'
2026-02-12 23:25:15.636 [main] INFO  o.s.s.c.a.a.c.InitializeUserDetailsBeanManagerConfigurer$InitializeUserDetailsManagerConfigurer - Global AuthenticationManager configured with UserDetailsService bean with name securityService
2026-02-12 23:25:15.945 [main] DEBUG o.s.w.s.m.m.a.RequestMappingHandlerAdapter - ControllerAdvice beans: 0 @ModelAttribute, 0 @InitBinder, 1 RequestBodyAdvice, 1 ResponseBodyAdvice
2026-02-12 23:25:16.000 [main] WARN  o.s.b.a.t.ThymeleafAutoConfiguration$DefaultTemplateResolverConfiguration - Cannot find template location: classpath:/templates/ (please add some templates, check your Thymeleaf configuration, or set spring.thymeleaf.check-template-location=false)
2026-02-12 23:25:16.034 [main] DEBUG o.s.w.s.m.m.a.ExceptionHandlerExceptionResolver - ControllerAdvice beans: 1 @ExceptionHandler, 1 ResponseBodyAdvice
2026-02-12 23:25:16.071 [main] DEBUG o.s.w.s.m.m.a.ExceptionHandlerExceptionResolver - ControllerAdvice beans: 1 @ExceptionHandler, 0 ResponseBodyAdvice
2026-02-12 23:25:16.258 [main] INFO  c.e.P.ProyectoBackEndApplicationTests - Started ProyectoBackEndApplicationTests in 5.488 seconds (process running for 6.51)
2026-02-12 23:25:16.872 [SpringApplicationShutdownHook] DEBUG o.s.w.c.s.GenericWebApplicationContext - Closing org.springframework.web.context.support.GenericWebApplicationContext@af78c87, started on Thu Feb 12 23:25:11 CET 2026
2026-02-12 23:25:16.876 [SpringApplicationShutdownHook] INFO  o.s.o.j.LocalContainerEntityManagerFactoryBean - Closing JPA EntityManagerFactory for persistence unit 'default'
2026-02-12 23:25:16.880 [SpringApplicationShutdownHook] INFO  com.zaxxer.hikari.HikariDataSource - HikariPool-1 - Shutdown initiated...
2026-02-12 23:25:16.886 [SpringApplicationShutdownHook] INFO  com.zaxxer.hikari.HikariDataSource - HikariPool-1 - Shutdown completed.
