2026-02-15 15:25:28.910 [restartedMain] INFO  c.e.P.ProyectoBackEndApplication - Starting ProyectoBackEndApplication using Java 17.0.17 with PID 3952 (C:\Users\leofr\OneDrive\Escritorio\ESPECIALIZACION EN JAVA(CIBERTEC) Y OTRAS\JAVA BACK END\PROYECTO FINAL\ProyectoBackEnd (1)\ProyectoBackEnd\target\classes started by leofr in C:\Users\leofr\OneDrive\Escritorio\ESPECIALIZACION EN JAVA(CIBERTEC) Y OTRAS\JAVA BACK END\PROYECTO FINAL\ProyectoBackEnd (1)\ProyectoBackEnd)
2026-02-15 15:25:28.916 [restartedMain] DEBUG c.e.P.ProyectoBackEndApplication - Running with Spring Boot v3.5.10, Spring v6.2.15
2026-02-15 15:25:28.917 [restartedMain] INFO  c.e.P.ProyectoBackEndApplication - No active profile set, falling back to 1 default profile: "default"
2026-02-15 15:25:28.972 [restartedMain] INFO  o.s.b.d.e.DevToolsPropertyDefaultsPostProcessor - Devtools property defaults active! Set 'spring.devtools.add-properties' to 'false' to disable
2026-02-15 15:25:28.972 [restartedMain] INFO  o.s.b.d.e.DevToolsPropertyDefaultsPostProcessor - For additional web related logging consider setting the 'logging.level.web' property to 'DEBUG'
2026-02-15 15:25:29.907 [restartedMain] INFO  o.s.d.r.c.RepositoryConfigurationDelegate - Bootstrapping Spring Data JPA repositories in DEFAULT mode.
2026-02-15 15:25:30.012 [restartedMain] INFO  o.s.d.r.c.RepositoryConfigurationDelegate - Finished Spring Data repository scanning in 91 ms. Found 3 JPA repository interfaces.
2026-02-15 15:25:31.218 [restartedMain] INFO  o.s.b.w.e.tomcat.TomcatWebServer - Tomcat initialized with port 8080 (http)
2026-02-15 15:25:31.238 [restartedMain] INFO  o.a.coyote.http11.Http11NioProtocol - Initializing ProtocolHandler ["http-nio-8080"]
2026-02-15 15:25:31.242 [restartedMain] INFO  o.a.catalina.core.StandardService - Starting service [Tomcat]
2026-02-15 15:25:31.243 [restartedMain] INFO  o.a.catalina.core.StandardEngine - Starting Servlet engine: [Apache Tomcat/10.1.50]
2026-02-15 15:25:31.324 [restartedMain] INFO  o.a.c.c.C.[Tomcat].[localhost].[/] - Initializing Spring embedded WebApplicationContext
2026-02-15 15:25:31.326 [restartedMain] INFO  o.s.b.w.s.c.ServletWebServerApplicationContext - Root WebApplicationContext: initialization completed in 2352 ms
2026-02-15 15:25:31.649 [restartedMain] INFO  o.h.jpa.internal.util.LogHelper - HHH000204: Processing PersistenceUnitInfo [name: default]
2026-02-15 15:25:31.736 [restartedMain] INFO  org.hibernate.Version - HHH000412: Hibernate ORM core version 6.6.41.Final
2026-02-15 15:25:31.806 [restartedMain] INFO  o.h.c.i.RegionFactoryInitiator - HHH000026: Second-level cache disabled
2026-02-15 15:25:32.211 [restartedMain] INFO  o.s.o.j.p.SpringPersistenceUnitInfo - No LoadTimeWeaver setup: ignoring JPA class transformer
2026-02-15 15:25:32.261 [restartedMain] INFO  com.zaxxer.hikari.HikariDataSource - HikariPool-1 - Starting...
2026-02-15 15:25:33.505 [restartedMain] WARN  o.h.e.jdbc.spi.SqlExceptionHelper - SQL Error: 0, SQLState: 08001
2026-02-15 15:25:33.506 [restartedMain] ERROR o.h.e.jdbc.spi.SqlExceptionHelper - Public Key Retrieval is not allowed
2026-02-15 15:25:33.506 [restartedMain] WARN  o.h.e.j.e.i.JdbcEnvironmentInitiator - HHH000342: Could not obtain connection to query metadata
org.hibernate.exception.JDBCConnectionException: unable to obtain isolated JDBC connection [Public Key Retrieval is not allowed] [n/a]
	at org.hibernate.exception.internal.SQLStateConversionDelegate.convert(SQLStateConversionDelegate.java:100)
	at org.hibernate.exception.internal.StandardSQLExceptionConverter.convert(StandardSQLExceptionConverter.java:58)
	at org.hibernate.engine.jdbc.spi.SqlExceptionHelper.convert(SqlExceptionHelper.java:108)
	at org.hibernate.engine.jdbc.spi.SqlExceptionHelper.convert(SqlExceptionHelper.java:94)
	at org.hibernate.resource.transaction.backend.jdbc.internal.JdbcIsolationDelegate.delegateWork(JdbcIsolationDelegate.java:116)
	at org.hibernate.engine.jdbc.env.internal.JdbcEnvironmentInitiator.getJdbcEnvironmentUsingJdbcMetadata(JdbcEnvironmentInitiator.java:334)
	at org.hibernate.engine.jdbc.env.internal.JdbcEnvironmentInitiator.initiateService(JdbcEnvironmentInitiator.java:129)
	at org.hibernate.engine.jdbc.env.internal.JdbcEnvironmentInitiator.initiateService(JdbcEnvironmentInitiator.java:81)
	at org.hibernate.boot.registry.internal.StandardServiceRegistryImpl.initiateService(StandardServiceRegistryImpl.java:130)
	at org.hibernate.service.internal.AbstractServiceRegistryImpl.createService(AbstractServiceRegistryImpl.java:263)
	at org.hibernate.service.internal.AbstractServiceRegistryImpl.initializeService(AbstractServiceRegistryImpl.java:238)
	at org.hibernate.service.internal.AbstractServiceRegistryImpl.getService(AbstractServiceRegistryImpl.java:215)
	at org.hibernate.boot.model.relational.Database.<init>(Database.java:45)
	at org.hibernate.boot.internal.InFlightMetadataCollectorImpl.getDatabase(InFlightMetadataCollectorImpl.java:226)
	at org.hibernate.boot.internal.InFlightMetadataCollectorImpl.<init>(InFlightMetadataCollectorImpl.java:194)
	at org.hibernate.boot.model.process.spi.MetadataBuildingProcess.complete(MetadataBuildingProcess.java:171)
	at org.hibernate.jpa.boot.internal.EntityManagerFactoryBuilderImpl.metadata(EntityManagerFactoryBuilderImpl.java:1442)
	at org.hibernate.jpa.boot.internal.EntityManagerFactoryBuilderImpl.build(EntityManagerFactoryBuilderImpl.java:1513)
	at org.springframework.orm.jpa.vendor.SpringHibernateJpaPersistenceProvider.createContainerEntityManagerFactory(SpringHibernateJpaPersistenceProvider.java:66)
	at org.springframework.orm.jpa.LocalContainerEntityManagerFactoryBean.createNativeEntityManagerFactory(LocalContainerEntityManagerFactoryBean.java:390)
	at org.springframework.orm.jpa.AbstractEntityManagerFactoryBean.buildNativeEntityManagerFactory(AbstractEntityManagerFactoryBean.java:419)
	at org.springframework.orm.jpa.AbstractEntityManagerFactoryBean.afterPropertiesSet(AbstractEntityManagerFactoryBean.java:400)
	at org.springframework.orm.jpa.LocalContainerEntityManagerFactoryBean.afterPropertiesSet(LocalContainerEntityManagerFactoryBean.java:366)
	at org.springframework.beans.factory.support.AbstractAutowireCapableBeanFactory.invokeInitMethods(AbstractAutowireCapableBeanFactory.java:1873)
	at org.springframework.beans.factory.support.AbstractAutowireCapableBeanFactory.initializeBean(AbstractAutowireCapableBeanFactory.java:1822)
	at org.springframework.beans.factory.support.AbstractAutowireCapableBeanFactory.doCreateBean(AbstractAutowireCapableBeanFactory.java:607)
	at org.springframework.beans.factory.support.AbstractAutowireCapableBeanFactory.createBean(AbstractAutowireCapableBeanFactory.java:529)
	at org.springframework.beans.factory.support.AbstractBeanFactory.lambda$doGetBean$0(AbstractBeanFactory.java:339)
	at org.springframework.beans.factory.support.DefaultSingletonBeanRegistry.getSingleton(DefaultSingletonBeanRegistry.java:373)
	at org.springframework.beans.factory.support.AbstractBeanFactory.doGetBean(AbstractBeanFactory.java:337)
	at org.springframework.beans.factory.support.AbstractBeanFactory.getBean(AbstractBeanFactory.java:207)
	at org.springframework.context.support.AbstractApplicationContext.finishBeanFactoryInitialization(AbstractApplicationContext.java:973)
	at org.springframework.context.support.AbstractApplicationContext.refresh(AbstractApplicationContext.java:627)
	at org.springframework.boot.web.servlet.context.ServletWebServerApplicationContext.refresh(ServletWebServerApplicationContext.java:146)
	at org.springframework.boot.SpringApplication.refresh(SpringApplication.java:752)
	at org.springframework.boot.SpringApplication.refreshContext(SpringApplication.java:439)
	at org.springframework.boot.SpringApplication.run(SpringApplication.java:318)
	at org.springframework.boot.SpringApplication.run(SpringApplication.java:1361)
	at org.springframework.boot.SpringApplication.run(SpringApplication.java:1350)
	at com.example.ProyectoBackEnd.ProyectoBackEndApplication.main(ProyectoBackEndApplication.java:10)
	at java.base/jdk.internal.reflect.NativeMethodAccessorImpl.invoke0(Native Method)
	at java.base/jdk.internal.reflect.NativeMethodAccessorImpl.invoke(NativeMethodAccessorImpl.java:77)
	at java.base/jdk.internal.reflect.DelegatingMethodAccessorImpl.invoke(DelegatingMethodAccessorImpl.java:43)
	at java.base/java.lang.reflect.Method.invoke(Method.java:568)
	at org.springframework.boot.devtools.restart.RestartLauncher.run(RestartLauncher.java:50)
Caused by: java.sql.SQLNonTransientConnectionException: Public Key Retrieval is not allowed
	at com.mysql.cj.jdbc.exceptions.SQLError.createSQLException(SQLError.java:102)
	at com.mysql.cj.jdbc.exceptions.SQLExceptionsMapping.translateException(SQLExceptionsMapping.java:114)
	at com.mysql.cj.jdbc.ConnectionImpl.createNewIO(ConnectionImpl.java:840)
	at com.mysql.cj.jdbc.ConnectionImpl.<init>(ConnectionImpl.java:416)
	at com.mysql.cj.jdbc.ConnectionImpl.getInstance(ConnectionImpl.java:237)
	at com.mysql.cj.jdbc.NonRegisteringDriver.connect(NonRegisteringDriver.java:180)
	at com.zaxxer.hikari.util.DriverDataSource.getConnection(DriverDataSource.java:144)
	at com.zaxxer.hikari.pool.PoolBase.newConnection(PoolBase.java:370)
	at com.zaxxer.hikari.pool.PoolBase.newPoolEntry(PoolBase.java:207)
	at com.zaxxer.hikari.pool.HikariPool.createPoolEntry(HikariPool.java:488)
	at com.zaxxer.hikari.pool.HikariPool.checkFailFast(HikariPool.java:576)
	at com.zaxxer.hikari.pool.HikariPool.<init>(HikariPool.java:97)
	at com.zaxxer.hikari.HikariDataSource.getConnection(HikariDataSource.java:111)
	at org.hibernate.engine.jdbc.connections.internal.DatasourceConnectionProviderImpl.getConnection(DatasourceConnectionProviderImpl.java:126)
	at org.hibernate.engine.jdbc.env.internal.JdbcEnvironmentInitiator$ConnectionProviderJdbcConnectionAccess.obtainConnection(JdbcEnvironmentInitiator.java:485)
	at org.hibernate.resource.transaction.backend.jdbc.internal.JdbcIsolationDelegate.delegateWork(JdbcIsolationDelegate.java:61)
	... 40 common frames omitted
Caused by: com.mysql.cj.exceptions.UnableToConnectException: Public Key Retrieval is not allowed
	at java.base/jdk.internal.reflect.NativeConstructorAccessorImpl.newInstance0(Native Method)
	at java.base/jdk.internal.reflect.NativeConstructorAccessorImpl.newInstance(NativeConstructorAccessorImpl.java:77)
	at java.base/jdk.internal.reflect.DelegatingConstructorAccessorImpl.newInstance(DelegatingConstructorAccessorImpl.java:45)
	at java.base/java.lang.reflect.Constructor.newInstanceWithCaller(Constructor.java:499)
	at java.base/java.lang.reflect.Constructor.newInstance(Constructor.java:480)
	at com.mysql.cj.exceptions.ExceptionFactory.createException(ExceptionFactory.java:52)
	at com.mysql.cj.exceptions.ExceptionFactory.createException(ExceptionFactory.java:76)
	at com.mysql.cj.protocol.a.authentication.CachingSha2PasswordPlugin.nextAuthenticationStep(CachingSha2PasswordPlugin.java:122)
	at com.mysql.cj.protocol.a.authentication.CachingSha2PasswordPlugin.nextAuthenticationStep(CachingSha2PasswordPlugin.java:40)
	at com.mysql.cj.protocol.a.NativeAuthenticationProvider.proceedHandshakeWithPluggableAuthentication(NativeAuthenticationProvider.java:436)
	at com.mysql.cj.protocol.a.NativeAuthenticationProvider.connect(NativeAuthenticationProvider.java:206)
	at com.mysql.cj.protocol.a.NativeProtocol.connect(NativeProtocol.java:1332)
	at com.mysql.cj.NativeSession.connect(NativeSession.java:155)
	at com.mysql.cj.jdbc.ConnectionImpl.connectOneTryOnly(ConnectionImpl.java:964)
	at com.mysql.cj.jdbc.ConnectionImpl.createNewIO(ConnectionImpl.java:828)
	... 53 common frames omitted
2026-02-15 15:25:33.528 [restartedMain] WARN  org.hibernate.orm.deprecation - HHH90000025: MySQLDialect does not need to be specified explicitly using 'hibernate.dialect' (remove the property setting and it will be selected by default)
2026-02-15 15:25:33.543 [restartedMain] INFO  o.hibernate.orm.connections.pooling - HHH10001005: Database info:
	Database JDBC URL [Connecting through datasource 'HikariDataSource (null)']
	Database driver: undefined/unknown
	Database version: 8.0
	Autocommit mode: undefined/unknown
	Isolation level: undefined/unknown
	Minimum pool size: undefined/unknown
	Maximum pool size: undefined/unknown
2026-02-15 15:25:34.575 [restartedMain] INFO  o.h.e.t.j.p.i.JtaPlatformInitiator - HHH000489: No JTA platform available (set 'hibernate.transaction.jta.platform' to enable JTA platform integration)
2026-02-15 15:25:34.604 [restartedMain] INFO  com.zaxxer.hikari.HikariDataSource - HikariPool-1 - Starting...
2026-02-15 15:25:35.618 [restartedMain] WARN  o.h.e.jdbc.spi.SqlExceptionHelper - SQL Error: 0, SQLState: 08001
2026-02-15 15:25:35.618 [restartedMain] ERROR o.h.e.jdbc.spi.SqlExceptionHelper - Public Key Retrieval is not allowed
2026-02-15 15:25:35.627 [restartedMain] ERROR o.s.o.j.LocalContainerEntityManagerFactoryBean - Failed to initialize JPA EntityManagerFactory: [PersistenceUnit: default] Unable to build Hibernate SessionFactory; nested exception is org.hibernate.exception.JDBCConnectionException: Unable to open JDBC Connection for DDL execution [Public Key Retrieval is not allowed] [n/a]
2026-02-15 15:25:35.628 [restartedMain] WARN  o.s.b.w.s.c.AnnotationConfigServletWebServerApplicationContext - Exception encountered during context initialization - cancelling refresh attempt: org.springframework.beans.factory.BeanCreationException: Error creating bean with name 'entityManagerFactory' defined in class path resource [org/springframework/boot/autoconfigure/orm/jpa/HibernateJpaConfiguration.class]: [PersistenceUnit: default] Unable to build Hibernate SessionFactory; nested exception is org.hibernate.exception.JDBCConnectionException: Unable to open JDBC Connection for DDL execution [Public Key Retrieval is not allowed] [n/a]
2026-02-15 15:25:35.632 [restartedMain] INFO  o.a.catalina.core.StandardService - Stopping service [Tomcat]
2026-02-15 15:25:35.645 [restartedMain] INFO  o.s.b.a.l.ConditionEvaluationReportLogger - 

Error starting ApplicationContext. To display the condition evaluation report re-run your application with 'debug' enabled.
2026-02-15 15:25:35.673 [restartedMain] ERROR o.s.boot.SpringApplication - Application run failed
org.springframework.beans.factory.BeanCreationException: Error creating bean with name 'entityManagerFactory' defined in class path resource [org/springframework/boot/autoconfigure/orm/jpa/HibernateJpaConfiguration.class]: [PersistenceUnit: default] Unable to build Hibernate SessionFactory; nested exception is org.hibernate.exception.JDBCConnectionException: Unable to open JDBC Connection for DDL execution [Public Key Retrieval is not allowed] [n/a]
	at org.springframework.beans.factory.support.AbstractAutowireCapableBeanFactory.initializeBean(AbstractAutowireCapableBeanFactory.java:1826)
	at org.springframework.beans.factory.support.AbstractAutowireCapableBeanFactory.doCreateBean(AbstractAutowireCapableBeanFactory.java:607)
	at org.springframework.beans.factory.support.AbstractAutowireCapableBeanFactory.createBean(AbstractAutowireCapableBeanFactory.java:529)
	at org.springframework.beans.factory.support.AbstractBeanFactory.lambda$doGetBean$0(AbstractBeanFactory.java:339)
	at org.springframework.beans.factory.support.DefaultSingletonBeanRegistry.getSingleton(DefaultSingletonBeanRegistry.java:373)
	at org.springframework.beans.factory.support.AbstractBeanFactory.doGetBean(AbstractBeanFactory.java:337)
	at org.springframework.beans.factory.support.AbstractBeanFactory.getBean(AbstractBeanFactory.java:207)
	at org.springframework.context.support.AbstractApplicationContext.finishBeanFactoryInitialization(AbstractApplicationContext.java:973)
	at org.springframework.context.support.AbstractApplicationContext.refresh(AbstractApplicationContext.java:627)
	at org.springframework.boot.web.servlet.context.ServletWebServerApplicationContext.refresh(ServletWebServerApplicationContext.java:146)
	at org.springframework.boot.SpringApplication.refresh(SpringApplication.java:752)
	at org.springframework.boot.SpringApplication.refreshContext(SpringApplication.java:439)
	at org.springframework.boot.SpringApplication.run(SpringApplication.java:318)
	at org.springframework.boot.SpringApplication.run(SpringApplication.java:1361)
	at org.springframework.boot.SpringApplication.run(SpringApplication.java:1350)
	at com.example.ProyectoBackEnd.ProyectoBackEndApplication.main(ProyectoBackEndApplication.java:10)
	at java.base/jdk.internal.reflect.NativeMethodAccessorImpl.invoke0(Native Method)
	at java.base/jdk.internal.reflect.NativeMethodAccessorImpl.invoke(NativeMethodAccessorImpl.java:77)
	at java.base/jdk.internal.reflect.DelegatingMethodAccessorImpl.invoke(DelegatingMethodAccessorImpl.java:43)
	at java.base/java.lang.reflect.Method.invoke(Method.java:568)
	at org.springframework.boot.devtools.restart.RestartLauncher.run(RestartLauncher.java:50)
Caused by: jakarta.persistence.PersistenceException: [PersistenceUnit: default] Unable to build Hibernate SessionFactory; nested exception is org.hibernate.exception.JDBCConnectionException: Unable to open JDBC Connection for DDL execution [Public Key Retrieval is not allowed] [n/a]
	at org.springframework.orm.jpa.AbstractEntityManagerFactoryBean.buildNativeEntityManagerFactory(AbstractEntityManagerFactoryBean.java:431)
	at org.springframework.orm.jpa.AbstractEntityManagerFactoryBean.afterPropertiesSet(AbstractEntityManagerFactoryBean.java:400)
	at org.springframework.orm.jpa.LocalContainerEntityManagerFactoryBean.afterPropertiesSet(LocalContainerEntityManagerFactoryBean.java:366)
	at org.springframework.beans.factory.support.AbstractAutowireCapableBeanFactory.invokeInitMethods(AbstractAutowireCapableBeanFactory.java:1873)
	at org.springframework.beans.factory.support.AbstractAutowireCapableBeanFactory.initializeBean(AbstractAutowireCapableBeanFactory.java:1822)
	... 20 common frames omitted
Caused by: org.hibernate.exception.JDBCConnectionException: Unable to open JDBC Connection for DDL execution [Public Key Retrieval is not allowed] [n/a]
	at org.hibernate.exception.internal.SQLExceptionTypeDelegate.convert(SQLExceptionTypeDelegate.java:51)
	at org.hibernate.exception.internal.StandardSQLExceptionConverter.convert(StandardSQLExceptionConverter.java:58)
	at org.hibernate.engine.jdbc.spi.SqlExceptionHelper.convert(SqlExceptionHelper.java:108)
	at org.hibernate.engine.jdbc.spi.SqlExceptionHelper.convert(SqlExceptionHelper.java:94)
	at org.hibernate.resource.transaction.backend.jdbc.internal.DdlTransactionIsolatorNonJtaImpl.getIsolatedConnection(DdlTransactionIsolatorNonJtaImpl.java:74)
	at org.hibernate.resource.transaction.backend.jdbc.internal.DdlTransactionIsolatorNonJtaImpl.getIsolatedConnection(DdlTransactionIsolatorNonJtaImpl.java:39)
	at org.hibernate.tool.schema.internal.exec.ImprovedExtractionContextImpl.getJdbcConnection(ImprovedExtractionContextImpl.java:63)
	at org.hibernate.tool.schema.internal.exec.ImprovedExtractionContextImpl.getJdbcDatabaseMetaData(ImprovedExtractionContextImpl.java:70)
	at org.hibernate.tool.schema.extract.internal.InformationExtractorJdbcDatabaseMetaDataImpl.processTableResultSet(InformationExtractorJdbcDatabaseMetaDataImpl.java:65)
	at org.hibernate.tool.schema.extract.internal.AbstractInformationExtractorImpl.getTables(AbstractInformationExtractorImpl.java:570)
	at org.hibernate.tool.schema.extract.internal.DatabaseInformationImpl.getTablesInformation(DatabaseInformationImpl.java:122)
	at org.hibernate.tool.schema.internal.GroupedSchemaMigratorImpl.performTablesMigration(GroupedSchemaMigratorImpl.java:72)
	at org.hibernate.tool.schema.internal.AbstractSchemaMigrator.performMigration(AbstractSchemaMigrator.java:233)
	at org.hibernate.tool.schema.internal.AbstractSchemaMigrator.doMigration(AbstractSchemaMigrator.java:112)
	at org.hibernate.tool.schema.spi.SchemaManagementToolCoordinator.performDatabaseAction(SchemaManagementToolCoordinator.java:280)
	at org.hibernate.tool.schema.spi.SchemaManagementToolCoordinator.lambda$process$5(SchemaManagementToolCoordinator.java:144)
	at java.base/java.util.HashMap.forEach(HashMap.java:1421)
	at org.hibernate.tool.schema.spi.SchemaManagementToolCoordinator.process(SchemaManagementToolCoordinator.java:141)
	at org.hibernate.boot.internal.SessionFactoryObserverForSchemaExport.sessionFactoryCreated(SessionFactoryObserverForSchemaExport.java:37)
	at org.hibernate.internal.SessionFactoryObserverChain.sessionFactoryCreated(SessionFactoryObserverChain.java:35)
	at org.hibernate.internal.SessionFactoryImpl.<init>(SessionFactoryImpl.java:324)
	at org.hibernate.boot.internal.SessionFactoryBuilderImpl.build(SessionFactoryBuilderImpl.java:463)
	at org.hibernate.jpa.boot.internal.EntityManagerFactoryBuilderImpl.build(EntityManagerFactoryBuilderImpl.java:1517)
	at org.springframework.orm.jpa.vendor.SpringHibernateJpaPersistenceProvider.createContainerEntityManagerFactory(SpringHibernateJpaPersistenceProvider.java:66)
	at org.springframework.orm.jpa.LocalContainerEntityManagerFactoryBean.createNativeEntityManagerFactory(LocalContainerEntityManagerFactoryBean.java:390)
	at org.springframework.orm.jpa.AbstractEntityManagerFactoryBean.buildNativeEntityManagerFactory(AbstractEntityManagerFactoryBean.java:419)
	... 24 common frames omitted
Caused by: java.sql.SQLNonTransientConnectionException: Public Key Retrieval is not allowed
	at com.mysql.cj.jdbc.exceptions.SQLError.createSQLException(SQLError.java:102)
	at com.mysql.cj.jdbc.exceptions.SQLExceptionsMapping.translateException(SQLExceptionsMapping.java:114)
	at com.mysql.cj.jdbc.ConnectionImpl.createNewIO(ConnectionImpl.java:840)
	at com.mysql.cj.jdbc.ConnectionImpl.<init>(ConnectionImpl.java:416)
	at com.mysql.cj.jdbc.ConnectionImpl.getInstance(ConnectionImpl.java:237)
	at com.mysql.cj.jdbc.NonRegisteringDriver.connect(NonRegisteringDriver.java:180)
	at com.zaxxer.hikari.util.DriverDataSource.getConnection(DriverDataSource.java:144)
	at com.zaxxer.hikari.pool.PoolBase.newConnection(PoolBase.java:370)
	at com.zaxxer.hikari.pool.PoolBase.newPoolEntry(PoolBase.java:207)
	at com.zaxxer.hikari.pool.HikariPool.createPoolEntry(HikariPool.java:488)
	at com.zaxxer.hikari.pool.HikariPool.checkFailFast(HikariPool.java:576)
	at com.zaxxer.hikari.pool.HikariPool.<init>(HikariPool.java:97)
	at com.zaxxer.hikari.HikariDataSource.getConnection(HikariDataSource.java:111)
	at org.hibernate.engine.jdbc.connections.internal.DatasourceConnectionProviderImpl.getConnection(DatasourceConnectionProviderImpl.java:126)
	at org.hibernate.engine.jdbc.env.internal.JdbcEnvironmentInitiator$ConnectionProviderJdbcConnectionAccess.obtainConnection(JdbcEnvironmentInitiator.java:485)
	at org.hibernate.resource.transaction.backend.jdbc.internal.DdlTransactionIsolatorNonJtaImpl.getIsolatedConnection(DdlTransactionIsolatorNonJtaImpl.java:46)
	... 45 common frames omitted
Caused by: com.mysql.cj.exceptions.UnableToConnectException: Public Key Retrieval is not allowed
	at java.base/jdk.internal.reflect.NativeConstructorAccessorImpl.newInstance0(Native Method)
	at java.base/jdk.internal.reflect.NativeConstructorAccessorImpl.newInstance(NativeConstructorAccessorImpl.java:77)
	at java.base/jdk.internal.reflect.DelegatingConstructorAccessorImpl.newInstance(DelegatingConstructorAccessorImpl.java:45)
	at java.base/java.lang.reflect.Constructor.newInstanceWithCaller(Constructor.java:499)
	at java.base/java.lang.reflect.Constructor.newInstance(Constructor.java:480)
	at com.mysql.cj.exceptions.ExceptionFactory.createException(ExceptionFactory.java:52)
	at com.mysql.cj.exceptions.ExceptionFactory.createException(ExceptionFactory.java:76)
	at com.mysql.cj.protocol.a.authentication.CachingSha2PasswordPlugin.nextAuthenticationStep(CachingSha2PasswordPlugin.java:122)
	at com.mysql.cj.protocol.a.authentication.CachingSha2PasswordPlugin.nextAuthenticationStep(CachingSha2PasswordPlugin.java:40)
	at com.mysql.cj.protocol.a.NativeAuthenticationProvider.proceedHandshakeWithPluggableAuthentication(NativeAuthenticationProvider.java:436)
	at com.mysql.cj.protocol.a.NativeAuthenticationProvider.connect(NativeAuthenticationProvider.java:206)
	at com.mysql.cj.protocol.a.NativeProtocol.connect(NativeProtocol.java:1332)
	at com.mysql.cj.NativeSession.connect(NativeSession.java:155)
	at com.mysql.cj.jdbc.ConnectionImpl.connectOneTryOnly(ConnectionImpl.java:964)
	at com.mysql.cj.jdbc.ConnectionImpl.createNewIO(ConnectionImpl.java:828)
	... 58 common frames omitted
2026-02-15 15:25:51.436 [restartedMain] INFO  c.e.P.ProyectoBackEndApplication - Starting ProyectoBackEndApplication using Java 17.0.17 with PID 14540 (C:\Users\leofr\OneDrive\Escritorio\ESPECIALIZACION EN JAVA(CIBERTEC) Y OTRAS\JAVA BACK END\PROYECTO FINAL\ProyectoBackEnd (1)\ProyectoBackEnd\target\classes started by leofr in C:\Users\leofr\OneDrive\Escritorio\ESPECIALIZACION EN JAVA(CIBERTEC) Y OTRAS\JAVA BACK END\PROYECTO FINAL\ProyectoBackEnd (1)\ProyectoBackEnd)
2026-02-15 15:25:51.439 [restartedMain] DEBUG c.e.P.ProyectoBackEndApplication - Running with Spring Boot v3.5.10, Spring v6.2.15
2026-02-15 15:25:51.440 [restartedMain] INFO  c.e.P.ProyectoBackEndApplication - No active profile set, falling back to 1 default profile: "default"
2026-02-15 15:25:51.498 [restartedMain] INFO  o.s.b.d.e.DevToolsPropertyDefaultsPostProcessor - Devtools property defaults active! Set 'spring.devtools.add-properties' to 'false' to disable
2026-02-15 15:25:51.498 [restartedMain] INFO  o.s.b.d.e.DevToolsPropertyDefaultsPostProcessor - For additional web related logging consider setting the 'logging.level.web' property to 'DEBUG'
2026-02-15 15:25:52.297 [restartedMain] INFO  o.s.d.r.c.RepositoryConfigurationDelegate - Bootstrapping Spring Data JPA repositories in DEFAULT mode.
2026-02-15 15:25:52.382 [restartedMain] INFO  o.s.d.r.c.RepositoryConfigurationDelegate - Finished Spring Data repository scanning in 75 ms. Found 3 JPA repository interfaces.
2026-02-15 15:25:53.318 [restartedMain] INFO  o.s.b.w.e.tomcat.TomcatWebServer - Tomcat initialized with port 8080 (http)
2026-02-15 15:25:53.331 [restartedMain] INFO  o.a.coyote.http11.Http11NioProtocol - Initializing ProtocolHandler ["http-nio-8080"]
2026-02-15 15:25:53.333 [restartedMain] INFO  o.a.catalina.core.StandardService - Starting service [Tomcat]
2026-02-15 15:25:53.333 [restartedMain] INFO  o.a.catalina.core.StandardEngine - Starting Servlet engine: [Apache Tomcat/10.1.50]
2026-02-15 15:25:53.388 [restartedMain] INFO  o.a.c.c.C.[Tomcat].[localhost].[/] - Initializing Spring embedded WebApplicationContext
2026-02-15 15:25:53.389 [restartedMain] INFO  o.s.b.w.s.c.ServletWebServerApplicationContext - Root WebApplicationContext: initialization completed in 1889 ms
2026-02-15 15:25:53.644 [restartedMain] INFO  o.h.jpa.internal.util.LogHelper - HHH000204: Processing PersistenceUnitInfo [name: default]
2026-02-15 15:25:53.698 [restartedMain] INFO  org.hibernate.Version - HHH000412: Hibernate ORM core version 6.6.41.Final
2026-02-15 15:25:53.750 [restartedMain] INFO  o.h.c.i.RegionFactoryInitiator - HHH000026: Second-level cache disabled
2026-02-15 15:25:54.024 [restartedMain] INFO  o.s.o.j.p.SpringPersistenceUnitInfo - No LoadTimeWeaver setup: ignoring JPA class transformer
2026-02-15 15:25:54.068 [restartedMain] INFO  com.zaxxer.hikari.HikariDataSource - HikariPool-1 - Starting...
2026-02-15 15:25:55.235 [restartedMain] WARN  o.h.e.jdbc.spi.SqlExceptionHelper - SQL Error: 0, SQLState: 08001
2026-02-15 15:25:55.235 [restartedMain] ERROR o.h.e.jdbc.spi.SqlExceptionHelper - Public Key Retrieval is not allowed
2026-02-15 15:25:55.237 [restartedMain] WARN  o.h.e.j.e.i.JdbcEnvironmentInitiator - HHH000342: Could not obtain connection to query metadata
org.hibernate.exception.JDBCConnectionException: unable to obtain isolated JDBC connection [Public Key Retrieval is not allowed] [n/a]
	at org.hibernate.exception.internal.SQLStateConversionDelegate.convert(SQLStateConversionDelegate.java:100)
	at org.hibernate.exception.internal.StandardSQLExceptionConverter.convert(StandardSQLExceptionConverter.java:58)
	at org.hibernate.engine.jdbc.spi.SqlExceptionHelper.convert(SqlExceptionHelper.java:108)
	at org.hibernate.engine.jdbc.spi.SqlExceptionHelper.convert(SqlExceptionHelper.java:94)
	at org.hibernate.resource.transaction.backend.jdbc.internal.JdbcIsolationDelegate.delegateWork(JdbcIsolationDelegate.java:116)
	at org.hibernate.engine.jdbc.env.internal.JdbcEnvironmentInitiator.getJdbcEnvironmentUsingJdbcMetadata(JdbcEnvironmentInitiator.java:334)
	at org.hibernate.engine.jdbc.env.internal.JdbcEnvironmentInitiator.initiateService(JdbcEnvironmentInitiator.java:129)
	at org.hibernate.engine.jdbc.env.internal.JdbcEnvironmentInitiator.initiateService(JdbcEnvironmentInitiator.java:81)
	at org.hibernate.boot.registry.internal.StandardServiceRegistryImpl.initiateService(StandardServiceRegistryImpl.java:130)
	at org.hibernate.service.internal.AbstractServiceRegistryImpl.createService(AbstractServiceRegistryImpl.java:263)
	at org.hibernate.service.internal.AbstractServiceRegistryImpl.initializeService(AbstractServiceRegistryImpl.java:238)
	at org.hibernate.service.internal.AbstractServiceRegistryImpl.getService(AbstractServiceRegistryImpl.java:215)
	at org.hibernate.boot.model.relational.Database.<init>(Database.java:45)
	at org.hibernate.boot.internal.InFlightMetadataCollectorImpl.getDatabase(InFlightMetadataCollectorImpl.java:226)
	at org.hibernate.boot.internal.InFlightMetadataCollectorImpl.<init>(InFlightMetadataCollectorImpl.java:194)
	at org.hibernate.boot.model.process.spi.MetadataBuildingProcess.complete(MetadataBuildingProcess.java:171)
	at org.hibernate.jpa.boot.internal.EntityManagerFactoryBuilderImpl.metadata(EntityManagerFactoryBuilderImpl.java:1442)
	at org.hibernate.jpa.boot.internal.EntityManagerFactoryBuilderImpl.build(EntityManagerFactoryBuilderImpl.java:1513)
	at org.springframework.orm.jpa.vendor.SpringHibernateJpaPersistenceProvider.createContainerEntityManagerFactory(SpringHibernateJpaPersistenceProvider.java:66)
	at org.springframework.orm.jpa.LocalContainerEntityManagerFactoryBean.createNativeEntityManagerFactory(LocalContainerEntityManagerFactoryBean.java:390)
	at org.springframework.orm.jpa.AbstractEntityManagerFactoryBean.buildNativeEntityManagerFactory(AbstractEntityManagerFactoryBean.java:419)
	at org.springframework.orm.jpa.AbstractEntityManagerFactoryBean.afterPropertiesSet(AbstractEntityManagerFactoryBean.java:400)
	at org.springframework.orm.jpa.LocalContainerEntityManagerFactoryBean.afterPropertiesSet(LocalContainerEntityManagerFactoryBean.java:366)
	at org.springframework.beans.factory.support.AbstractAutowireCapableBeanFactory.invokeInitMethods(AbstractAutowireCapableBeanFactory.java:1873)
	at org.springframework.beans.factory.support.AbstractAutowireCapableBeanFactory.initializeBean(AbstractAutowireCapableBeanFactory.java:1822)
	at org.springframework.beans.factory.support.AbstractAutowireCapableBeanFactory.doCreateBean(AbstractAutowireCapableBeanFactory.java:607)
	at org.springframework.beans.factory.support.AbstractAutowireCapableBeanFactory.createBean(AbstractAutowireCapableBeanFactory.java:529)
	at org.springframework.beans.factory.support.AbstractBeanFactory.lambda$doGetBean$0(AbstractBeanFactory.java:339)
	at org.springframework.beans.factory.support.DefaultSingletonBeanRegistry.getSingleton(DefaultSingletonBeanRegistry.java:373)
	at org.springframework.beans.factory.support.AbstractBeanFactory.doGetBean(AbstractBeanFactory.java:337)
	at org.springframework.beans.factory.support.AbstractBeanFactory.getBean(AbstractBeanFactory.java:207)
	at org.springframework.context.support.AbstractApplicationContext.finishBeanFactoryInitialization(AbstractApplicationContext.java:973)
	at org.springframework.context.support.AbstractApplicationContext.refresh(AbstractApplicationContext.java:627)
	at org.springframework.boot.web.servlet.context.ServletWebServerApplicationContext.refresh(ServletWebServerApplicationContext.java:146)
	at org.springframework.boot.SpringApplication.refresh(SpringApplication.java:752)
	at org.springframework.boot.SpringApplication.refreshContext(SpringApplication.java:439)
	at org.springframework.boot.SpringApplication.run(SpringApplication.java:318)
	at org.springframework.boot.SpringApplication.run(SpringApplication.java:1361)
	at org.springframework.boot.SpringApplication.run(SpringApplication.java:1350)
	at com.example.ProyectoBackEnd.ProyectoBackEndApplication.main(ProyectoBackEndApplication.java:10)
	at java.base/jdk.internal.reflect.NativeMethodAccessorImpl.invoke0(Native Method)
	at java.base/jdk.internal.reflect.NativeMethodAccessorImpl.invoke(NativeMethodAccessorImpl.java:77)
	at java.base/jdk.internal.reflect.DelegatingMethodAccessorImpl.invoke(DelegatingMethodAccessorImpl.java:43)
	at java.base/java.lang.reflect.Method.invoke(Method.java:568)
	at org.springframework.boot.devtools.restart.RestartLauncher.run(RestartLauncher.java:50)
Caused by: java.sql.SQLNonTransientConnectionException: Public Key Retrieval is not allowed
	at com.mysql.cj.jdbc.exceptions.SQLError.createSQLException(SQLError.java:102)
	at com.mysql.cj.jdbc.exceptions.SQLExceptionsMapping.translateException(SQLExceptionsMapping.java:114)
	at com.mysql.cj.jdbc.ConnectionImpl.createNewIO(ConnectionImpl.java:840)
	at com.mysql.cj.jdbc.ConnectionImpl.<init>(ConnectionImpl.java:416)
	at com.mysql.cj.jdbc.ConnectionImpl.getInstance(ConnectionImpl.java:237)
	at com.mysql.cj.jdbc.NonRegisteringDriver.connect(NonRegisteringDriver.java:180)
	at com.zaxxer.hikari.util.DriverDataSource.getConnection(DriverDataSource.java:144)
	at com.zaxxer.hikari.pool.PoolBase.newConnection(PoolBase.java:370)
	at com.zaxxer.hikari.pool.PoolBase.newPoolEntry(PoolBase.java:207)
	at com.zaxxer.hikari.pool.HikariPool.createPoolEntry(HikariPool.java:488)
	at com.zaxxer.hikari.pool.HikariPool.checkFailFast(HikariPool.java:576)
	at com.zaxxer.hikari.pool.HikariPool.<init>(HikariPool.java:97)
	at com.zaxxer.hikari.HikariDataSource.getConnection(HikariDataSource.java:111)
	at org.hibernate.engine.jdbc.connections.internal.DatasourceConnectionProviderImpl.getConnection(DatasourceConnectionProviderImpl.java:126)
	at org.hibernate.engine.jdbc.env.internal.JdbcEnvironmentInitiator$ConnectionProviderJdbcConnectionAccess.obtainConnection(JdbcEnvironmentInitiator.java:485)
	at org.hibernate.resource.transaction.backend.jdbc.internal.JdbcIsolationDelegate.delegateWork(JdbcIsolationDelegate.java:61)
	... 40 common frames omitted
Caused by: com.mysql.cj.exceptions.UnableToConnectException: Public Key Retrieval is not allowed
	at java.base/jdk.internal.reflect.NativeConstructorAccessorImpl.newInstance0(Native Method)
	at java.base/jdk.internal.reflect.NativeConstructorAccessorImpl.newInstance(NativeConstructorAccessorImpl.java:77)
	at java.base/jdk.internal.reflect.DelegatingConstructorAccessorImpl.newInstance(DelegatingConstructorAccessorImpl.java:45)
	at java.base/java.lang.reflect.Constructor.newInstanceWithCaller(Constructor.java:499)
	at java.base/java.lang.reflect.Constructor.newInstance(Constructor.java:480)
	at com.mysql.cj.exceptions.ExceptionFactory.createException(ExceptionFactory.java:52)
	at com.mysql.cj.exceptions.ExceptionFactory.createException(ExceptionFactory.java:76)
	at com.mysql.cj.protocol.a.authentication.CachingSha2PasswordPlugin.nextAuthenticationStep(CachingSha2PasswordPlugin.java:122)
	at com.mysql.cj.protocol.a.authentication.CachingSha2PasswordPlugin.nextAuthenticationStep(CachingSha2PasswordPlugin.java:40)
	at com.mysql.cj.protocol.a.NativeAuthenticationProvider.proceedHandshakeWithPluggableAuthentication(NativeAuthenticationProvider.java:436)
	at com.mysql.cj.protocol.a.NativeAuthenticationProvider.connect(NativeAuthenticationProvider.java:206)
	at com.mysql.cj.protocol.a.NativeProtocol.connect(NativeProtocol.java:1332)
	at com.mysql.cj.NativeSession.connect(NativeSession.java:155)
	at com.mysql.cj.jdbc.ConnectionImpl.connectOneTryOnly(ConnectionImpl.java:964)
	at com.mysql.cj.jdbc.ConnectionImpl.createNewIO(ConnectionImpl.java:828)
	... 53 common frames omitted
2026-02-15 15:25:55.259 [restartedMain] WARN  org.hibernate.orm.deprecation - HHH90000025: MySQLDialect does not need to be specified explicitly using 'hibernate.dialect' (remove the property setting and it will be selected by default)
2026-02-15 15:25:55.273 [restartedMain] INFO  o.hibernate.orm.connections.pooling - HHH10001005: Database info:
	Database JDBC URL [Connecting through datasource 'HikariDataSource (null)']
	Database driver: undefined/unknown
	Database version: 8.0
	Autocommit mode: undefined/unknown
	Isolation level: undefined/unknown
	Minimum pool size: undefined/unknown
	Maximum pool size: undefined/unknown
2026-02-15 15:25:56.118 [restartedMain] INFO  o.h.e.t.j.p.i.JtaPlatformInitiator - HHH000489: No JTA platform available (set 'hibernate.transaction.jta.platform' to enable JTA platform integration)
2026-02-15 15:25:56.136 [restartedMain] INFO  com.zaxxer.hikari.HikariDataSource - HikariPool-1 - Starting...
2026-02-15 15:25:57.141 [restartedMain] WARN  o.h.e.jdbc.spi.SqlExceptionHelper - SQL Error: 0, SQLState: 08001
2026-02-15 15:25:57.142 [restartedMain] ERROR o.h.e.jdbc.spi.SqlExceptionHelper - Public Key Retrieval is not allowed
2026-02-15 15:25:57.151 [restartedMain] ERROR o.s.o.j.LocalContainerEntityManagerFactoryBean - Failed to initialize JPA EntityManagerFactory: [PersistenceUnit: default] Unable to build Hibernate SessionFactory; nested exception is org.hibernate.exception.JDBCConnectionException: Unable to open JDBC Connection for DDL execution [Public Key Retrieval is not allowed] [n/a]
2026-02-15 15:25:57.152 [restartedMain] WARN  o.s.b.w.s.c.AnnotationConfigServletWebServerApplicationContext - Exception encountered during context initialization - cancelling refresh attempt: org.springframework.beans.factory.BeanCreationException: Error creating bean with name 'entityManagerFactory' defined in class path resource [org/springframework/boot/autoconfigure/orm/jpa/HibernateJpaConfiguration.class]: [PersistenceUnit: default] Unable to build Hibernate SessionFactory; nested exception is org.hibernate.exception.JDBCConnectionException: Unable to open JDBC Connection for DDL execution [Public Key Retrieval is not allowed] [n/a]
2026-02-15 15:25:57.155 [restartedMain] INFO  o.a.catalina.core.StandardService - Stopping service [Tomcat]
2026-02-15 15:25:57.165 [restartedMain] INFO  o.s.b.a.l.ConditionEvaluationReportLogger - 

Error starting ApplicationContext. To display the condition evaluation report re-run your application with 'debug' enabled.
2026-02-15 15:25:57.179 [restartedMain] ERROR o.s.boot.SpringApplication - Application run failed
org.springframework.beans.factory.BeanCreationException: Error creating bean with name 'entityManagerFactory' defined in class path resource [org/springframework/boot/autoconfigure/orm/jpa/HibernateJpaConfiguration.class]: [PersistenceUnit: default] Unable to build Hibernate SessionFactory; nested exception is org.hibernate.exception.JDBCConnectionException: Unable to open JDBC Connection for DDL execution [Public Key Retrieval is not allowed] [n/a]
	at org.springframework.beans.factory.support.AbstractAutowireCapableBeanFactory.initializeBean(AbstractAutowireCapableBeanFactory.java:1826)
	at org.springframework.beans.factory.support.AbstractAutowireCapableBeanFactory.doCreateBean(AbstractAutowireCapableBeanFactory.java:607)
	at org.springframework.beans.factory.support.AbstractAutowireCapableBeanFactory.createBean(AbstractAutowireCapableBeanFactory.java:529)
	at org.springframework.beans.factory.support.AbstractBeanFactory.lambda$doGetBean$0(AbstractBeanFactory.java:339)
	at org.springframework.beans.factory.support.DefaultSingletonBeanRegistry.getSingleton(DefaultSingletonBeanRegistry.java:373)
	at org.springframework.beans.factory.support.AbstractBeanFactory.doGetBean(AbstractBeanFactory.java:337)
	at org.springframework.beans.factory.support.AbstractBeanFactory.getBean(AbstractBeanFactory.java:207)
	at org.springframework.context.support.AbstractApplicationContext.finishBeanFactoryInitialization(AbstractApplicationContext.java:973)
	at org.springframework.context.support.AbstractApplicationContext.refresh(AbstractApplicationContext.java:627)
	at org.springframework.boot.web.servlet.context.ServletWebServerApplicationContext.refresh(ServletWebServerApplicationContext.java:146)
	at org.springframework.boot.SpringApplication.refresh(SpringApplication.java:752)
	at org.springframework.boot.SpringApplication.refreshContext(SpringApplication.java:439)
	at org.springframework.boot.SpringApplication.run(SpringApplication.java:318)
	at org.springframework.boot.SpringApplication.run(SpringApplication.java:1361)
	at org.springframework.boot.SpringApplication.run(SpringApplication.java:1350)
	at com.example.ProyectoBackEnd.ProyectoBackEndApplication.main(ProyectoBackEndApplication.java:10)
	at java.base/jdk.internal.reflect.NativeMethodAccessorImpl.invoke0(Native Method)
	at java.base/jdk.internal.reflect.NativeMethodAccessorImpl.invoke(NativeMethodAccessorImpl.java:77)
	at java.base/jdk.internal.reflect.DelegatingMethodAccessorImpl.invoke(DelegatingMethodAccessorImpl.java:43)
	at java.base/java.lang.reflect.Method.invoke(Method.java:568)
	at org.springframework.boot.devtools.restart.RestartLauncher.run(RestartLauncher.java:50)
Caused by: jakarta.persistence.PersistenceException: [PersistenceUnit: default] Unable to build Hibernate SessionFactory; nested exception is org.hibernate.exception.JDBCConnectionException: Unable to open JDBC Connection for DDL execution [Public Key Retrieval is not allowed] [n/a]
	at org.springframework.orm.jpa.AbstractEntityManagerFactoryBean.buildNativeEntityManagerFactory(AbstractEntityManagerFactoryBean.java:431)
	at org.springframework.orm.jpa.AbstractEntityManagerFactoryBean.afterPropertiesSet(AbstractEntityManagerFactoryBean.java:400)
	at org.springframework.orm.jpa.LocalContainerEntityManagerFactoryBean.afterPropertiesSet(LocalContainerEntityManagerFactoryBean.java:366)
	at org.springframework.beans.factory.support.AbstractAutowireCapableBeanFactory.invokeInitMethods(AbstractAutowireCapableBeanFactory.java:1873)
	at org.springframework.beans.factory.support.AbstractAutowireCapableBeanFactory.initializeBean(AbstractAutowireCapableBeanFactory.java:1822)
	... 20 common frames omitted
Caused by: org.hibernate.exception.JDBCConnectionException: Unable to open JDBC Connection for DDL execution [Public Key Retrieval is not allowed] [n/a]
	at org.hibernate.exception.internal.SQLExceptionTypeDelegate.convert(SQLExceptionTypeDelegate.java:51)
	at org.hibernate.exception.internal.StandardSQLExceptionConverter.convert(StandardSQLExceptionConverter.java:58)
	at org.hibernate.engine.jdbc.spi.SqlExceptionHelper.convert(SqlExceptionHelper.java:108)
	at org.hibernate.engine.jdbc.spi.SqlExceptionHelper.convert(SqlExceptionHelper.java:94)
	at org.hibernate.resource.transaction.backend.jdbc.internal.DdlTransactionIsolatorNonJtaImpl.getIsolatedConnection(DdlTransactionIsolatorNonJtaImpl.java:74)
	at org.hibernate.resource.transaction.backend.jdbc.internal.DdlTransactionIsolatorNonJtaImpl.getIsolatedConnection(DdlTransactionIsolatorNonJtaImpl.java:39)
	at org.hibernate.tool.schema.internal.exec.ImprovedExtractionContextImpl.getJdbcConnection(ImprovedExtractionContextImpl.java:63)
	at org.hibernate.tool.schema.internal.exec.ImprovedExtractionContextImpl.getJdbcDatabaseMetaData(ImprovedExtractionContextImpl.java:70)
	at org.hibernate.tool.schema.extract.internal.InformationExtractorJdbcDatabaseMetaDataImpl.processTableResultSet(InformationExtractorJdbcDatabaseMetaDataImpl.java:65)
	at org.hibernate.tool.schema.extract.internal.AbstractInformationExtractorImpl.getTables(AbstractInformationExtractorImpl.java:570)
	at org.hibernate.tool.schema.extract.internal.DatabaseInformationImpl.getTablesInformation(DatabaseInformationImpl.java:122)
	at org.hibernate.tool.schema.internal.GroupedSchemaMigratorImpl.performTablesMigration(GroupedSchemaMigratorImpl.java:72)
	at org.hibernate.tool.schema.internal.AbstractSchemaMigrator.performMigration(AbstractSchemaMigrator.java:233)
	at org.hibernate.tool.schema.internal.AbstractSchemaMigrator.doMigration(AbstractSchemaMigrator.java:112)
	at org.hibernate.tool.schema.spi.SchemaManagementToolCoordinator.performDatabaseAction(SchemaManagementToolCoordinator.java:280)
	at org.hibernate.tool.schema.spi.SchemaManagementToolCoordinator.lambda$process$5(SchemaManagementToolCoordinator.java:144)
	at java.base/java.util.HashMap.forEach(HashMap.java:1421)
	at org.hibernate.tool.schema.spi.SchemaManagementToolCoordinator.process(SchemaManagementToolCoordinator.java:141)
	at org.hibernate.boot.internal.SessionFactoryObserverForSchemaExport.sessionFactoryCreated(SessionFactoryObserverForSchemaExport.java:37)
	at org.hibernate.internal.SessionFactoryObserverChain.sessionFactoryCreated(SessionFactoryObserverChain.java:35)
	at org.hibernate.internal.SessionFactoryImpl.<init>(SessionFactoryImpl.java:324)
	at org.hibernate.boot.internal.SessionFactoryBuilderImpl.build(SessionFactoryBuilderImpl.java:463)
	at org.hibernate.jpa.boot.internal.EntityManagerFactoryBuilderImpl.build(EntityManagerFactoryBuilderImpl.java:1517)
	at org.springframework.orm.jpa.vendor.SpringHibernateJpaPersistenceProvider.createContainerEntityManagerFactory(SpringHibernateJpaPersistenceProvider.java:66)
	at org.springframework.orm.jpa.LocalContainerEntityManagerFactoryBean.createNativeEntityManagerFactory(LocalContainerEntityManagerFactoryBean.java:390)
	at org.springframework.orm.jpa.AbstractEntityManagerFactoryBean.buildNativeEntityManagerFactory(AbstractEntityManagerFactoryBean.java:419)
	... 24 common frames omitted
Caused by: java.sql.SQLNonTransientConnectionException: Public Key Retrieval is not allowed
	at com.mysql.cj.jdbc.exceptions.SQLError.createSQLException(SQLError.java:102)
	at com.mysql.cj.jdbc.exceptions.SQLExceptionsMapping.translateException(SQLExceptionsMapping.java:114)
	at com.mysql.cj.jdbc.ConnectionImpl.createNewIO(ConnectionImpl.java:840)
	at com.mysql.cj.jdbc.ConnectionImpl.<init>(ConnectionImpl.java:416)
	at com.mysql.cj.jdbc.ConnectionImpl.getInstance(ConnectionImpl.java:237)
	at com.mysql.cj.jdbc.NonRegisteringDriver.connect(NonRegisteringDriver.java:180)
	at com.zaxxer.hikari.util.DriverDataSource.getConnection(DriverDataSource.java:144)
	at com.zaxxer.hikari.pool.PoolBase.newConnection(PoolBase.java:370)
	at com.zaxxer.hikari.pool.PoolBase.newPoolEntry(PoolBase.java:207)
	at com.zaxxer.hikari.pool.HikariPool.createPoolEntry(HikariPool.java:488)
	at com.zaxxer.hikari.pool.HikariPool.checkFailFast(HikariPool.java:576)
	at com.zaxxer.hikari.pool.HikariPool.<init>(HikariPool.java:97)
	at com.zaxxer.hikari.HikariDataSource.getConnection(HikariDataSource.java:111)
	at org.hibernate.engine.jdbc.connections.internal.DatasourceConnectionProviderImpl.getConnection(DatasourceConnectionProviderImpl.java:126)
	at org.hibernate.engine.jdbc.env.internal.JdbcEnvironmentInitiator$ConnectionProviderJdbcConnectionAccess.obtainConnection(JdbcEnvironmentInitiator.java:485)
	at org.hibernate.resource.transaction.backend.jdbc.internal.DdlTransactionIsolatorNonJtaImpl.getIsolatedConnection(DdlTransactionIsolatorNonJtaImpl.java:46)
	... 45 common frames omitted
Caused by: com.mysql.cj.exceptions.UnableToConnectException: Public Key Retrieval is not allowed
	at java.base/jdk.internal.reflect.NativeConstructorAccessorImpl.newInstance0(Native Method)
	at java.base/jdk.internal.reflect.NativeConstructorAccessorImpl.newInstance(NativeConstructorAccessorImpl.java:77)
	at java.base/jdk.internal.reflect.DelegatingConstructorAccessorImpl.newInstance(DelegatingConstructorAccessorImpl.java:45)
	at java.base/java.lang.reflect.Constructor.newInstanceWithCaller(Constructor.java:499)
	at java.base/java.lang.reflect.Constructor.newInstance(Constructor.java:480)
	at com.mysql.cj.exceptions.ExceptionFactory.createException(ExceptionFactory.java:52)
	at com.mysql.cj.exceptions.ExceptionFactory.createException(ExceptionFactory.java:76)
	at com.mysql.cj.protocol.a.authentication.CachingSha2PasswordPlugin.nextAuthenticationStep(CachingSha2PasswordPlugin.java:122)
	at com.mysql.cj.protocol.a.authentication.CachingSha2PasswordPlugin.nextAuthenticationStep(CachingSha2PasswordPlugin.java:40)
	at com.mysql.cj.protocol.a.NativeAuthenticationProvider.proceedHandshakeWithPluggableAuthentication(NativeAuthenticationProvider.java:436)
	at com.mysql.cj.protocol.a.NativeAuthenticationProvider.connect(NativeAuthenticationProvider.java:206)
	at com.mysql.cj.protocol.a.NativeProtocol.connect(NativeProtocol.java:1332)
	at com.mysql.cj.NativeSession.connect(NativeSession.java:155)
	at com.mysql.cj.jdbc.ConnectionImpl.connectOneTryOnly(ConnectionImpl.java:964)
	at com.mysql.cj.jdbc.ConnectionImpl.createNewIO(ConnectionImpl.java:828)
	... 58 common frames omitted
2026-02-15 15:26:28.302 [restartedMain] INFO  c.e.P.ProyectoBackEndApplication - Starting ProyectoBackEndApplication using Java 17.0.17 with PID 13248 (C:\Users\leofr\OneDrive\Escritorio\ESPECIALIZACION EN JAVA(CIBERTEC) Y OTRAS\JAVA BACK END\PROYECTO FINAL\ProyectoBackEnd (1)\ProyectoBackEnd\target\classes started by leofr in C:\Users\leofr\OneDrive\Escritorio\ESPECIALIZACION EN JAVA(CIBERTEC) Y OTRAS\JAVA BACK END\PROYECTO FINAL\ProyectoBackEnd (1)\ProyectoBackEnd)
2026-02-15 15:26:28.304 [restartedMain] DEBUG c.e.P.ProyectoBackEndApplication - Running with Spring Boot v3.5.10, Spring v6.2.15
2026-02-15 15:26:28.305 [restartedMain] INFO  c.e.P.ProyectoBackEndApplication - No active profile set, falling back to 1 default profile: "default"
2026-02-15 15:26:28.354 [restartedMain] INFO  o.s.b.d.e.DevToolsPropertyDefaultsPostProcessor - Devtools property defaults active! Set 'spring.devtools.add-properties' to 'false' to disable
2026-02-15 15:26:28.354 [restartedMain] INFO  o.s.b.d.e.DevToolsPropertyDefaultsPostProcessor - For additional web related logging consider setting the 'logging.level.web' property to 'DEBUG'
2026-02-15 15:26:29.153 [restartedMain] INFO  o.s.d.r.c.RepositoryConfigurationDelegate - Bootstrapping Spring Data JPA repositories in DEFAULT mode.
2026-02-15 15:26:29.236 [restartedMain] INFO  o.s.d.r.c.RepositoryConfigurationDelegate - Finished Spring Data repository scanning in 71 ms. Found 3 JPA repository interfaces.
2026-02-15 15:26:30.081 [restartedMain] INFO  o.s.b.w.e.tomcat.TomcatWebServer - Tomcat initialized with port 8080 (http)
2026-02-15 15:26:30.091 [restartedMain] INFO  o.a.coyote.http11.Http11NioProtocol - Initializing ProtocolHandler ["http-nio-8080"]
2026-02-15 15:26:30.093 [restartedMain] INFO  o.a.catalina.core.StandardService - Starting service [Tomcat]
2026-02-15 15:26:30.094 [restartedMain] INFO  o.a.catalina.core.StandardEngine - Starting Servlet engine: [Apache Tomcat/10.1.50]
2026-02-15 15:26:30.145 [restartedMain] INFO  o.a.c.c.C.[Tomcat].[localhost].[/] - Initializing Spring embedded WebApplicationContext
2026-02-15 15:26:30.146 [restartedMain] INFO  o.s.b.w.s.c.ServletWebServerApplicationContext - Root WebApplicationContext: initialization completed in 1791 ms
2026-02-15 15:26:30.394 [restartedMain] INFO  o.h.jpa.internal.util.LogHelper - HHH000204: Processing PersistenceUnitInfo [name: default]
2026-02-15 15:26:30.437 [restartedMain] INFO  org.hibernate.Version - HHH000412: Hibernate ORM core version 6.6.41.Final
2026-02-15 15:26:30.467 [restartedMain] INFO  o.h.c.i.RegionFactoryInitiator - HHH000026: Second-level cache disabled
2026-02-15 15:26:30.740 [restartedMain] INFO  o.s.o.j.p.SpringPersistenceUnitInfo - No LoadTimeWeaver setup: ignoring JPA class transformer
2026-02-15 15:26:30.776 [restartedMain] INFO  com.zaxxer.hikari.HikariDataSource - HikariPool-1 - Starting...
2026-02-15 15:26:30.904 [restartedMain] INFO  com.zaxxer.hikari.pool.HikariPool - HikariPool-1 - Added connection com.mysql.cj.jdbc.ConnectionImpl@d126bca
2026-02-15 15:26:30.904 [restartedMain] INFO  com.zaxxer.hikari.HikariDataSource - HikariPool-1 - Start completed.
2026-02-15 15:26:30.946 [restartedMain] WARN  org.hibernate.orm.deprecation - HHH90000025: MySQLDialect does not need to be specified explicitly using 'hibernate.dialect' (remove the property setting and it will be selected by default)
2026-02-15 15:26:30.964 [restartedMain] INFO  o.hibernate.orm.connections.pooling - HHH10001005: Database info:
	Database JDBC URL [Connecting through datasource 'HikariDataSource (HikariPool-1)']
	Database driver: undefined/unknown
	Database version: 8.0.32
	Autocommit mode: undefined/unknown
	Isolation level: undefined/unknown
	Minimum pool size: undefined/unknown
	Maximum pool size: undefined/unknown
2026-02-15 15:26:31.640 [restartedMain] INFO  o.h.e.t.j.p.i.JtaPlatformInitiator - HHH000489: No JTA platform available (set 'hibernate.transaction.jta.platform' to enable JTA platform integration)
2026-02-15 15:26:31.719 [restartedMain] INFO  o.s.o.j.LocalContainerEntityManagerFactoryBean - Initialized JPA EntityManagerFactory for persistence unit 'default'
2026-02-15 15:26:32.133 [restartedMain] INFO  o.s.d.j.r.query.QueryEnhancerFactory - Hibernate is in classpath; If applicable, HQL parser will be used.
2026-02-15 15:26:32.743 [restartedMain] WARN  o.s.b.a.o.j.JpaBaseConfiguration$JpaWebConfiguration - spring.jpa.open-in-view is enabled by default. Therefore, database queries may be performed during view rendering. Explicitly configure spring.jpa.open-in-view to disable this warning
2026-02-15 15:26:33.053 [restartedMain] DEBUG o.s.w.s.m.m.a.RequestMappingHandlerMapping - 15 mappings in 'requestMappingHandlerMapping'
2026-02-15 15:26:33.206 [restartedMain] DEBUG o.s.w.s.h.SimpleUrlHandlerMapping - Patterns [/webjars/**, /**] in 'resourceHandlerMapping'
2026-02-15 15:26:33.282 [restartedMain] INFO  o.s.s.c.a.a.c.InitializeUserDetailsBeanManagerConfigurer$InitializeUserDetailsManagerConfigurer - Global AuthenticationManager configured with UserDetailsService bean with name securityService
2026-02-15 15:26:33.531 [restartedMain] DEBUG o.s.w.s.m.m.a.RequestMappingHandlerAdapter - ControllerAdvice beans: 0 @ModelAttribute, 0 @InitBinder, 1 RequestBodyAdvice, 1 ResponseBodyAdvice
2026-02-15 15:26:33.615 [restartedMain] WARN  o.s.b.a.t.ThymeleafAutoConfiguration$DefaultTemplateResolverConfiguration - Cannot find template location: classpath:/templates/ (please add some templates, check your Thymeleaf configuration, or set spring.thymeleaf.check-template-location=false)
2026-02-15 15:26:33.676 [restartedMain] DEBUG o.s.w.s.m.m.a.ExceptionHandlerExceptionResolver - ControllerAdvice beans: 1 @ExceptionHandler, 1 ResponseBodyAdvice
2026-02-15 15:26:33.728 [restartedMain] DEBUG o.s.w.s.m.m.a.ExceptionHandlerExceptionResolver - ControllerAdvice beans: 1 @ExceptionHandler, 0 ResponseBodyAdvice
2026-02-15 15:26:34.189 [restartedMain] INFO  o.s.b.d.a.OptionalLiveReloadServer - LiveReload server is running on port 35729
2026-02-15 15:26:34.215 [restartedMain] INFO  o.a.coyote.http11.Http11NioProtocol - Starting ProtocolHandler ["http-nio-8080"]
2026-02-15 15:26:34.254 [restartedMain] INFO  o.s.b.w.e.tomcat.TomcatWebServer - Tomcat started on port 8080 (http) with context path '/'
2026-02-15 15:26:34.268 [restartedMain] INFO  c.e.P.ProyectoBackEndApplication - Started ProyectoBackEndApplication in 6.301 seconds (process running for 6.813)
2026-02-15 15:27:15.729 [http-nio-8080-exec-1] INFO  o.a.c.c.C.[Tomcat].[localhost].[/] - Initializing Spring DispatcherServlet 'dispatcherServlet'
2026-02-15 15:27:15.730 [http-nio-8080-exec-1] INFO  o.s.web.servlet.DispatcherServlet - Initializing Servlet 'dispatcherServlet'
2026-02-15 15:27:15.730 [http-nio-8080-exec-1] DEBUG o.s.web.servlet.DispatcherServlet - Detected StandardServletMultipartResolver
2026-02-15 15:27:15.730 [http-nio-8080-exec-1] DEBUG o.s.web.servlet.DispatcherServlet - Detected AcceptHeaderLocaleResolver
2026-02-15 15:27:15.730 [http-nio-8080-exec-1] DEBUG o.s.web.servlet.DispatcherServlet - Detected FixedThemeResolver
2026-02-15 15:27:15.732 [http-nio-8080-exec-1] DEBUG o.s.web.servlet.DispatcherServlet - Detected org.springframework.web.servlet.view.DefaultRequestToViewNameTranslator@1dd5e8e
2026-02-15 15:27:15.732 [http-nio-8080-exec-1] DEBUG o.s.web.servlet.DispatcherServlet - Detected org.springframework.web.servlet.support.SessionFlashMapManager@68cc2ef0
2026-02-15 15:27:15.733 [http-nio-8080-exec-1] DEBUG o.s.web.servlet.DispatcherServlet - enableLoggingRequestDetails='false': request parameters and headers will be masked to prevent unsafe logging of potentially sensitive data
2026-02-15 15:27:15.733 [http-nio-8080-exec-1] INFO  o.s.web.servlet.DispatcherServlet - Completed initialization in 3 ms
2026-02-15 15:43:33.066 [restartedMain] INFO  c.e.P.ProyectoBackEndApplication - Starting ProyectoBackEndApplication using Java 17.0.17 with PID 10908 (C:\Users\leofr\OneDrive\Escritorio\ESPECIALIZACION EN JAVA(CIBERTEC) Y OTRAS\JAVA BACK END\PROYECTO FINAL\ProyectoBackEnd (1)\ProyectoBackEnd\target\classes started by leofr in C:\Users\leofr\OneDrive\Escritorio\ESPECIALIZACION EN JAVA(CIBERTEC) Y OTRAS\JAVA BACK END\PROYECTO FINAL\ProyectoBackEnd (1)\ProyectoBackEnd)
2026-02-15 15:43:33.070 [restartedMain] DEBUG c.e.P.ProyectoBackEndApplication - Running with Spring Boot v3.5.10, Spring v6.2.15
2026-02-15 15:43:33.071 [restartedMain] INFO  c.e.P.ProyectoBackEndApplication - No active profile set, falling back to 1 default profile: "default"
2026-02-15 15:43:33.124 [restartedMain] INFO  o.s.b.d.e.DevToolsPropertyDefaultsPostProcessor - Devtools property defaults active! Set 'spring.devtools.add-properties' to 'false' to disable
2026-02-15 15:43:33.124 [restartedMain] INFO  o.s.b.d.e.DevToolsPropertyDefaultsPostProcessor - For additional web related logging consider setting the 'logging.level.web' property to 'DEBUG'
2026-02-15 15:43:33.882 [restartedMain] INFO  o.s.d.r.c.RepositoryConfigurationDelegate - Bootstrapping Spring Data JPA repositories in DEFAULT mode.
2026-02-15 15:43:33.965 [restartedMain] INFO  o.s.d.r.c.RepositoryConfigurationDelegate - Finished Spring Data repository scanning in 73 ms. Found 3 JPA repository interfaces.
2026-02-15 15:43:34.898 [restartedMain] INFO  o.s.b.w.e.tomcat.TomcatWebServer - Tomcat initialized with port 8080 (http)
2026-02-15 15:43:34.911 [restartedMain] INFO  o.a.coyote.http11.Http11NioProtocol - Initializing ProtocolHandler ["http-nio-8080"]
2026-02-15 15:43:34.914 [restartedMain] INFO  o.a.catalina.core.StandardService - Starting service [Tomcat]
2026-02-15 15:43:34.915 [restartedMain] INFO  o.a.catalina.core.StandardEngine - Starting Servlet engine: [Apache Tomcat/10.1.50]
2026-02-15 15:43:34.977 [restartedMain] INFO  o.a.c.c.C.[Tomcat].[localhost].[/] - Initializing Spring embedded WebApplicationContext
2026-02-15 15:43:34.978 [restartedMain] INFO  o.s.b.w.s.c.ServletWebServerApplicationContext - Root WebApplicationContext: initialization completed in 1852 ms
2026-02-15 15:43:35.234 [restartedMain] INFO  o.h.jpa.internal.util.LogHelper - HHH000204: Processing PersistenceUnitInfo [name: default]
2026-02-15 15:43:35.298 [restartedMain] INFO  org.hibernate.Version - HHH000412: Hibernate ORM core version 6.6.41.Final
2026-02-15 15:43:35.340 [restartedMain] INFO  o.h.c.i.RegionFactoryInitiator - HHH000026: Second-level cache disabled
2026-02-15 15:43:35.639 [restartedMain] INFO  o.s.o.j.p.SpringPersistenceUnitInfo - No LoadTimeWeaver setup: ignoring JPA class transformer
2026-02-15 15:43:35.684 [restartedMain] INFO  com.zaxxer.hikari.HikariDataSource - HikariPool-1 - Starting...
2026-02-15 15:43:35.867 [restartedMain] INFO  com.zaxxer.hikari.pool.HikariPool - HikariPool-1 - Added connection com.mysql.cj.jdbc.ConnectionImpl@2cc2653d
2026-02-15 15:43:35.869 [restartedMain] INFO  com.zaxxer.hikari.HikariDataSource - HikariPool-1 - Start completed.
2026-02-15 15:43:35.923 [restartedMain] WARN  org.hibernate.orm.deprecation - HHH90000025: MySQLDialect does not need to be specified explicitly using 'hibernate.dialect' (remove the property setting and it will be selected by default)
2026-02-15 15:43:35.943 [restartedMain] INFO  o.hibernate.orm.connections.pooling - HHH10001005: Database info:
	Database JDBC URL [Connecting through datasource 'HikariDataSource (HikariPool-1)']
	Database driver: undefined/unknown
	Database version: 8.0.32
	Autocommit mode: undefined/unknown
	Isolation level: undefined/unknown
	Minimum pool size: undefined/unknown
	Maximum pool size: undefined/unknown
2026-02-15 15:43:36.909 [restartedMain] INFO  o.h.e.t.j.p.i.JtaPlatformInitiator - HHH000489: No JTA platform available (set 'hibernate.transaction.jta.platform' to enable JTA platform integration)
2026-02-15 15:43:37.015 [restartedMain] INFO  o.s.o.j.LocalContainerEntityManagerFactoryBean - Initialized JPA EntityManagerFactory for persistence unit 'default'
2026-02-15 15:43:37.591 [restartedMain] INFO  o.s.d.j.r.query.QueryEnhancerFactory - Hibernate is in classpath; If applicable, HQL parser will be used.
2026-02-15 15:43:38.375 [restartedMain] WARN  o.s.b.a.o.j.JpaBaseConfiguration$JpaWebConfiguration - spring.jpa.open-in-view is enabled by default. Therefore, database queries may be performed during view rendering. Explicitly configure spring.jpa.open-in-view to disable this warning
2026-02-15 15:43:38.750 [restartedMain] DEBUG o.s.w.s.m.m.a.RequestMappingHandlerMapping - 15 mappings in 'requestMappingHandlerMapping'
2026-02-15 15:43:38.938 [restartedMain] DEBUG o.s.w.s.h.SimpleUrlHandlerMapping - Patterns [/webjars/**, /**] in 'resourceHandlerMapping'
2026-02-15 15:43:39.022 [restartedMain] INFO  o.s.s.c.a.a.c.InitializeUserDetailsBeanManagerConfigurer$InitializeUserDetailsManagerConfigurer - Global AuthenticationManager configured with UserDetailsService bean with name securityService
2026-02-15 15:43:39.301 [restartedMain] DEBUG o.s.w.s.m.m.a.RequestMappingHandlerAdapter - ControllerAdvice beans: 0 @ModelAttribute, 0 @InitBinder, 1 RequestBodyAdvice, 1 ResponseBodyAdvice
2026-02-15 15:43:39.377 [restartedMain] WARN  o.s.b.a.t.ThymeleafAutoConfiguration$DefaultTemplateResolverConfiguration - Cannot find template location: classpath:/templates/ (please add some templates, check your Thymeleaf configuration, or set spring.thymeleaf.check-template-location=false)
2026-02-15 15:43:39.420 [restartedMain] DEBUG o.s.w.s.m.m.a.ExceptionHandlerExceptionResolver - ControllerAdvice beans: 1 @ExceptionHandler, 1 ResponseBodyAdvice
2026-02-15 15:43:39.477 [restartedMain] DEBUG o.s.w.s.m.m.a.ExceptionHandlerExceptionResolver - ControllerAdvice beans: 1 @ExceptionHandler, 0 ResponseBodyAdvice
2026-02-15 15:43:39.791 [restartedMain] INFO  o.s.b.d.a.OptionalLiveReloadServer - LiveReload server is running on port 35729
2026-02-15 15:43:39.810 [restartedMain] INFO  o.a.coyote.http11.Http11NioProtocol - Starting ProtocolHandler ["http-nio-8080"]
2026-02-15 15:43:39.843 [restartedMain] INFO  o.s.b.w.e.tomcat.TomcatWebServer - Tomcat started on port 8080 (http) with context path '/'
2026-02-15 15:43:39.855 [restartedMain] INFO  c.e.P.ProyectoBackEndApplication - Started ProyectoBackEndApplication in 7.137 seconds (process running for 7.701)
2026-02-15 15:43:40.036 [http-nio-8080-exec-2] INFO  o.a.c.c.C.[Tomcat].[localhost].[/] - Initializing Spring DispatcherServlet 'dispatcherServlet'
2026-02-15 15:43:40.036 [http-nio-8080-exec-2] INFO  o.s.web.servlet.DispatcherServlet - Initializing Servlet 'dispatcherServlet'
2026-02-15 15:43:40.036 [http-nio-8080-exec-2] DEBUG o.s.web.servlet.DispatcherServlet - Detected StandardServletMultipartResolver
2026-02-15 15:43:40.036 [http-nio-8080-exec-2] DEBUG o.s.web.servlet.DispatcherServlet - Detected AcceptHeaderLocaleResolver
2026-02-15 15:43:40.037 [http-nio-8080-exec-2] DEBUG o.s.web.servlet.DispatcherServlet - Detected FixedThemeResolver
2026-02-15 15:43:40.038 [http-nio-8080-exec-2] DEBUG o.s.web.servlet.DispatcherServlet - Detected org.springframework.web.servlet.view.DefaultRequestToViewNameTranslator@9bd7f02
2026-02-15 15:43:40.038 [http-nio-8080-exec-2] DEBUG o.s.web.servlet.DispatcherServlet - Detected org.springframework.web.servlet.support.SessionFlashMapManager@4743e1dd
2026-02-15 15:43:40.038 [http-nio-8080-exec-2] DEBUG o.s.web.servlet.DispatcherServlet - enableLoggingRequestDetails='false': request parameters and headers will be masked to prevent unsafe logging of potentially sensitive data
2026-02-15 15:43:40.038 [http-nio-8080-exec-2] INFO  o.s.web.servlet.DispatcherServlet - Completed initialization in 2 ms
2026-02-15 15:43:45.159 [http-nio-8080-exec-1] DEBUG o.s.web.servlet.DispatcherServlet - POST "/api/auth-rest/loginAccion", parameters={}
2026-02-15 15:43:45.160 [http-nio-8080-exec-1] DEBUG o.s.w.s.m.m.a.RequestMappingHandlerMapping - Mapped to com.example.ProyectoBackEnd.controller.LoginController#loginAccion(UsuarioEntity, HttpSession)
2026-02-15 15:43:45.258 [http-nio-8080-exec-1] DEBUG o.s.w.s.m.m.a.RequestResponseBodyMethodProcessor - Read "application/json;charset=UTF-8" to [UsuarioEntity(idUsuario=null, usuario=admin, contraseña=1234, fechaCreacion=null, estado=null, fecha (truncated)...]
2026-02-15 15:43:45.273 [http-nio-8080-exec-1] INFO  c.e.P.controller.LoginController - AUDITORIA: Intento de login para usuario: admin
2026-02-15 15:43:45.536 [http-nio-8080-exec-1] INFO  c.e.P.aspect.LogginAspect - Operación buscarPorNombre completada en 159 ms
2026-02-15 15:43:45.548 [http-nio-8080-exec-1] INFO  c.e.P.aspect.LogginAspect - Operación validarLogin completada en 4 ms
2026-02-15 15:43:45.550 [http-nio-8080-exec-1] INFO  c.e.P.controller.LoginController - Login exitoso. Derivando a principal.
2026-02-15 15:43:45.690 [http-nio-8080-exec-1] DEBUG o.s.w.s.m.m.a.RequestResponseBodyMethodProcessor - Using 'application/json', given [application/json, text/plain, */*] and supported [application/hal+json, application/vnd.hal+json, application/json, application/schema+json, application/json-patch+json, application/merge-patch+json, application/x-spring-data-verbose+json, application/x-spring-data-compact+json, application/prs.hal-forms+json, application/*+json]
2026-02-15 15:43:45.692 [http-nio-8080-exec-1] DEBUG o.s.w.s.m.m.a.RequestResponseBodyMethodProcessor - Writing [EntityModel { content: UsuarioEntity(idUsuario=1, usuario=admin, contraseña=1234, fechaCreacion=2026 (truncated)...]
2026-02-15 15:43:45.726 [http-nio-8080-exec-1] DEBUG o.s.web.servlet.DispatcherServlet - Completed 200 OK
2026-02-15 15:43:52.405 [http-nio-8080-exec-3] DEBUG o.s.web.servlet.DispatcherServlet - POST "/api/auth-rest/loginAccion", parameters={}
2026-02-15 15:43:52.406 [http-nio-8080-exec-3] DEBUG o.s.w.s.m.m.a.RequestMappingHandlerMapping - Mapped to com.example.ProyectoBackEnd.controller.LoginController#loginAccion(UsuarioEntity, HttpSession)
2026-02-15 15:43:52.407 [http-nio-8080-exec-3] DEBUG o.s.w.s.m.m.a.RequestResponseBodyMethodProcessor - Read "application/json;charset=UTF-8" to [UsuarioEntity(idUsuario=null, usuario=yaddif, contraseña=12345, fechaCreacion=null, estado=null, fec (truncated)...]
2026-02-15 15:43:52.408 [http-nio-8080-exec-3] INFO  c.e.P.controller.LoginController - AUDITORIA: Intento de login para usuario: yaddif
2026-02-15 15:43:52.416 [http-nio-8080-exec-3] INFO  c.e.P.aspect.LogginAspect - Operación buscarPorNombre completada en 3 ms
2026-02-15 15:43:52.424 [http-nio-8080-exec-3] INFO  c.e.P.aspect.LogginAspect - Operación validarLogin completada en 2 ms
2026-02-15 15:43:52.424 [http-nio-8080-exec-3] INFO  c.e.P.controller.LoginController - Login exitoso. Derivando a principal.
2026-02-15 15:43:52.436 [http-nio-8080-exec-3] DEBUG o.s.w.s.m.m.a.RequestResponseBodyMethodProcessor - Using 'application/json', given [application/json, text/plain, */*] and supported [application/hal+json, application/vnd.hal+json, application/json, application/schema+json, application/json-patch+json, application/merge-patch+json, application/x-spring-data-verbose+json, application/x-spring-data-compact+json, application/prs.hal-forms+json, application/*+json]
2026-02-15 15:43:52.437 [http-nio-8080-exec-3] DEBUG o.s.w.s.m.m.a.RequestResponseBodyMethodProcessor - Writing [EntityModel { content: UsuarioEntity(idUsuario=2, usuario=yaddif, contraseña=12345, fechaCreacion=20 (truncated)...]
2026-02-15 15:43:52.438 [http-nio-8080-exec-3] DEBUG o.s.web.servlet.DispatcherServlet - Completed 200 OK
2026-02-15 15:44:39.734 [http-nio-8080-exec-5] DEBUG o.s.web.servlet.DispatcherServlet - GET "/", parameters={}
2026-02-15 15:44:39.736 [http-nio-8080-exec-5] DEBUG o.s.w.s.h.SimpleUrlHandlerMapping - Mapped to ResourceHttpRequestHandler [classpath [META-INF/resources/], classpath [resources/], classpath [static/], classpath [public/], ServletContext [/]]
2026-02-15 15:44:39.738 [http-nio-8080-exec-5] DEBUG o.s.w.s.r.ResourceHttpRequestHandler - Resource not found
2026-02-15 15:44:39.741 [http-nio-8080-exec-5] DEBUG o.s.w.s.m.s.DefaultHandlerExceptionResolver - Resolved [org.springframework.web.servlet.resource.NoResourceFoundException: No static resource .]
2026-02-15 15:44:39.742 [http-nio-8080-exec-5] DEBUG o.s.web.servlet.DispatcherServlet - Completed 404 NOT_FOUND
2026-02-15 15:44:39.743 [http-nio-8080-exec-5] DEBUG o.s.web.servlet.DispatcherServlet - "ERROR" dispatch for GET "/error", parameters={}
2026-02-15 15:44:39.743 [http-nio-8080-exec-5] DEBUG o.s.w.s.m.m.a.RequestMappingHandlerMapping - Mapped to org.springframework.boot.autoconfigure.web.servlet.error.BasicErrorController#errorHtml(HttpServletRequest, HttpServletResponse)
2026-02-15 15:44:39.763 [http-nio-8080-exec-5] DEBUG o.s.w.s.v.ContentNegotiatingViewResolver - Selected 'text/html' given [text/html, text/html;q=0.8]
2026-02-15 15:44:39.771 [http-nio-8080-exec-5] DEBUG o.s.web.servlet.DispatcherServlet - Exiting from "ERROR" dispatch, status 404
2026-02-15 15:44:39.817 [http-nio-8080-exec-6] DEBUG o.s.web.servlet.DispatcherServlet - GET "/favicon.ico", parameters={}
2026-02-15 15:44:39.818 [http-nio-8080-exec-6] DEBUG o.s.w.s.h.SimpleUrlHandlerMapping - Mapped to ResourceHttpRequestHandler [classpath [META-INF/resources/], classpath [resources/], classpath [static/], classpath [public/], ServletContext [/]]
2026-02-15 15:44:39.820 [http-nio-8080-exec-6] DEBUG o.s.w.s.r.ResourceHttpRequestHandler - Resource not found
2026-02-15 15:44:39.821 [http-nio-8080-exec-6] DEBUG o.s.w.s.m.s.DefaultHandlerExceptionResolver - Resolved [org.springframework.web.servlet.resource.NoResourceFoundException: No static resource favicon.ico.]
2026-02-15 15:44:39.821 [http-nio-8080-exec-6] DEBUG o.s.web.servlet.DispatcherServlet - Completed 404 NOT_FOUND
2026-02-15 15:44:39.822 [http-nio-8080-exec-6] DEBUG o.s.web.servlet.DispatcherServlet - "ERROR" dispatch for GET "/error", parameters={}
2026-02-15 15:44:39.823 [http-nio-8080-exec-6] DEBUG o.s.w.s.m.m.a.RequestMappingHandlerMapping - Mapped to org.springframework.boot.autoconfigure.web.servlet.error.BasicErrorController#error(HttpServletRequest)
2026-02-15 15:44:39.830 [http-nio-8080-exec-6] DEBUG o.s.w.s.m.m.a.HttpEntityMethodProcessor - Using 'application/json;q=0.8', given [image/avif, image/webp, image/apng, image/svg+xml, image/*, */*;q=0.8] and supported [application/json, application/*+json]
2026-02-15 15:44:39.830 [http-nio-8080-exec-6] DEBUG o.s.w.s.m.m.a.HttpEntityMethodProcessor - Writing [{timestamp=Sun Feb 15 15:44:39 CET 2026, status=404, error=Not Found, trace=org.springframework.web. (truncated)...]
2026-02-15 15:44:39.837 [http-nio-8080-exec-6] DEBUG o.s.web.servlet.DispatcherServlet - Exiting from "ERROR" dispatch, status 404
2026-02-15 15:46:32.678 [http-nio-8080-exec-2] DEBUG o.s.web.servlet.DispatcherServlet - POST "/api/auth-rest/loginAccion", parameters={}
2026-02-15 15:46:32.678 [http-nio-8080-exec-2] DEBUG o.s.w.s.m.m.a.RequestMappingHandlerMapping - Mapped to com.example.ProyectoBackEnd.controller.LoginController#loginAccion(UsuarioEntity, HttpSession)
2026-02-15 15:46:32.680 [http-nio-8080-exec-2] DEBUG o.s.w.s.m.m.a.RequestResponseBodyMethodProcessor - Read "application/json;charset=UTF-8" to [UsuarioEntity(idUsuario=null, usuario=admin, contraseña=1234, fechaCreacion=null, estado=null, fecha (truncated)...]
2026-02-15 15:46:32.681 [http-nio-8080-exec-2] INFO  c.e.P.controller.LoginController - AUDITORIA: Intento de login para usuario: admin
2026-02-15 15:46:32.691 [http-nio-8080-exec-2] INFO  c.e.P.aspect.LogginAspect - Operación buscarPorNombre completada en 4 ms
2026-02-15 15:46:32.699 [http-nio-8080-exec-2] INFO  c.e.P.aspect.LogginAspect - Operación validarLogin completada en 2 ms
2026-02-15 15:46:32.699 [http-nio-8080-exec-2] INFO  c.e.P.controller.LoginController - Login exitoso. Derivando a principal.
2026-02-15 15:46:32.712 [http-nio-8080-exec-2] DEBUG o.s.w.s.m.m.a.RequestResponseBodyMethodProcessor - Using 'application/json', given [application/json, text/plain, */*] and supported [application/hal+json, application/vnd.hal+json, application/json, application/schema+json, application/json-patch+json, application/merge-patch+json, application/x-spring-data-verbose+json, application/x-spring-data-compact+json, application/prs.hal-forms+json, application/*+json]
2026-02-15 15:46:32.712 [http-nio-8080-exec-2] DEBUG o.s.w.s.m.m.a.RequestResponseBodyMethodProcessor - Writing [EntityModel { content: UsuarioEntity(idUsuario=1, usuario=admin, contraseña=1234, fechaCreacion=2026 (truncated)...]
2026-02-15 15:46:32.715 [http-nio-8080-exec-2] DEBUG o.s.web.servlet.DispatcherServlet - Completed 200 OK
2026-02-15 15:51:13.911 [restartedMain] INFO  c.e.P.ProyectoBackEndApplication - Starting ProyectoBackEndApplication using Java 17.0.17 with PID 18444 (C:\Users\leofr\OneDrive\Escritorio\ESPECIALIZACION EN JAVA(CIBERTEC) Y OTRAS\JAVA BACK END\PROYECTO FINAL\ProyectoBackEnd (1)\ProyectoBackEnd\target\classes started by leofr in C:\Users\leofr\OneDrive\Escritorio\ESPECIALIZACION EN JAVA(CIBERTEC) Y OTRAS\JAVA BACK END\PROYECTO FINAL\ProyectoBackEnd (1)\ProyectoBackEnd)
2026-02-15 15:51:13.913 [restartedMain] DEBUG c.e.P.ProyectoBackEndApplication - Running with Spring Boot v3.5.10, Spring v6.2.15
2026-02-15 15:51:13.913 [restartedMain] INFO  c.e.P.ProyectoBackEndApplication - No active profile set, falling back to 1 default profile: "default"
2026-02-15 15:51:13.951 [restartedMain] INFO  o.s.b.d.e.DevToolsPropertyDefaultsPostProcessor - Devtools property defaults active! Set 'spring.devtools.add-properties' to 'false' to disable
2026-02-15 15:51:13.951 [restartedMain] INFO  o.s.b.d.e.DevToolsPropertyDefaultsPostProcessor - For additional web related logging consider setting the 'logging.level.web' property to 'DEBUG'
2026-02-15 15:51:14.691 [restartedMain] INFO  o.s.d.r.c.RepositoryConfigurationDelegate - Bootstrapping Spring Data JPA repositories in DEFAULT mode.
2026-02-15 15:51:14.769 [restartedMain] INFO  o.s.d.r.c.RepositoryConfigurationDelegate - Finished Spring Data repository scanning in 67 ms. Found 3 JPA repository interfaces.
2026-02-15 15:51:15.673 [restartedMain] INFO  o.s.b.w.e.tomcat.TomcatWebServer - Tomcat initialized with port 8080 (http)
2026-02-15 15:51:15.686 [restartedMain] INFO  o.a.coyote.http11.Http11NioProtocol - Initializing ProtocolHandler ["http-nio-8080"]
2026-02-15 15:51:15.688 [restartedMain] INFO  o.a.catalina.core.StandardService - Starting service [Tomcat]
2026-02-15 15:51:15.688 [restartedMain] INFO  o.a.catalina.core.StandardEngine - Starting Servlet engine: [Apache Tomcat/10.1.50]
2026-02-15 15:51:15.743 [restartedMain] INFO  o.a.c.c.C.[Tomcat].[localhost].[/] - Initializing Spring embedded WebApplicationContext
2026-02-15 15:51:15.744 [restartedMain] INFO  o.s.b.w.s.c.ServletWebServerApplicationContext - Root WebApplicationContext: initialization completed in 1792 ms
2026-02-15 15:51:15.970 [restartedMain] INFO  o.h.jpa.internal.util.LogHelper - HHH000204: Processing PersistenceUnitInfo [name: default]
2026-02-15 15:51:16.023 [restartedMain] INFO  org.hibernate.Version - HHH000412: Hibernate ORM core version 6.6.41.Final
2026-02-15 15:51:16.057 [restartedMain] INFO  o.h.c.i.RegionFactoryInitiator - HHH000026: Second-level cache disabled
2026-02-15 15:51:16.349 [restartedMain] INFO  o.s.o.j.p.SpringPersistenceUnitInfo - No LoadTimeWeaver setup: ignoring JPA class transformer
2026-02-15 15:51:16.384 [restartedMain] INFO  com.zaxxer.hikari.HikariDataSource - HikariPool-1 - Starting...
2026-02-15 15:51:16.531 [restartedMain] INFO  com.zaxxer.hikari.pool.HikariPool - HikariPool-1 - Added connection com.mysql.cj.jdbc.ConnectionImpl@3d23ae33
2026-02-15 15:51:16.533 [restartedMain] INFO  com.zaxxer.hikari.HikariDataSource - HikariPool-1 - Start completed.
2026-02-15 15:51:16.571 [restartedMain] WARN  org.hibernate.orm.deprecation - HHH90000025: MySQLDialect does not need to be specified explicitly using 'hibernate.dialect' (remove the property setting and it will be selected by default)
2026-02-15 15:51:16.587 [restartedMain] INFO  o.hibernate.orm.connections.pooling - HHH10001005: Database info:
	Database JDBC URL [Connecting through datasource 'HikariDataSource (HikariPool-1)']
	Database driver: undefined/unknown
	Database version: 8.0.32
	Autocommit mode: undefined/unknown
	Isolation level: undefined/unknown
	Minimum pool size: undefined/unknown
	Maximum pool size: undefined/unknown
2026-02-15 15:51:17.379 [restartedMain] INFO  o.h.e.t.j.p.i.JtaPlatformInitiator - HHH000489: No JTA platform available (set 'hibernate.transaction.jta.platform' to enable JTA platform integration)
2026-02-15 15:51:17.461 [restartedMain] INFO  o.s.o.j.LocalContainerEntityManagerFactoryBean - Initialized JPA EntityManagerFactory for persistence unit 'default'
2026-02-15 15:51:17.970 [restartedMain] INFO  o.s.d.j.r.query.QueryEnhancerFactory - Hibernate is in classpath; If applicable, HQL parser will be used.
2026-02-15 15:51:18.667 [restartedMain] WARN  o.s.b.a.o.j.JpaBaseConfiguration$JpaWebConfiguration - spring.jpa.open-in-view is enabled by default. Therefore, database queries may be performed during view rendering. Explicitly configure spring.jpa.open-in-view to disable this warning
2026-02-15 15:51:19.063 [restartedMain] DEBUG o.s.w.s.m.m.a.RequestMappingHandlerMapping - 15 mappings in 'requestMappingHandlerMapping'
2026-02-15 15:51:19.255 [restartedMain] DEBUG o.s.w.s.h.SimpleUrlHandlerMapping - Patterns [/webjars/**, /**] in 'resourceHandlerMapping'
2026-02-15 15:51:19.342 [restartedMain] INFO  o.s.s.c.a.a.c.InitializeUserDetailsBeanManagerConfigurer$InitializeUserDetailsManagerConfigurer - Global AuthenticationManager configured with UserDetailsService bean with name securityService
2026-02-15 15:51:19.610 [restartedMain] DEBUG o.s.w.s.m.m.a.RequestMappingHandlerAdapter - ControllerAdvice beans: 0 @ModelAttribute, 0 @InitBinder, 1 RequestBodyAdvice, 1 ResponseBodyAdvice
2026-02-15 15:51:19.686 [restartedMain] WARN  o.s.b.a.t.ThymeleafAutoConfiguration$DefaultTemplateResolverConfiguration - Cannot find template location: classpath:/templates/ (please add some templates, check your Thymeleaf configuration, or set spring.thymeleaf.check-template-location=false)
2026-02-15 15:51:19.728 [restartedMain] DEBUG o.s.w.s.m.m.a.ExceptionHandlerExceptionResolver - ControllerAdvice beans: 1 @ExceptionHandler, 1 ResponseBodyAdvice
2026-02-15 15:51:19.781 [restartedMain] DEBUG o.s.w.s.m.m.a.ExceptionHandlerExceptionResolver - ControllerAdvice beans: 1 @ExceptionHandler, 0 ResponseBodyAdvice
2026-02-15 15:51:20.065 [restartedMain] INFO  o.s.b.d.a.OptionalLiveReloadServer - LiveReload server is running on port 35729
2026-02-15 15:51:20.084 [restartedMain] INFO  o.a.coyote.http11.Http11NioProtocol - Starting ProtocolHandler ["http-nio-8080"]
2026-02-15 15:51:20.112 [restartedMain] INFO  o.s.b.w.e.tomcat.TomcatWebServer - Tomcat started on port 8080 (http) with context path '/'
2026-02-15 15:51:20.122 [restartedMain] INFO  c.e.P.ProyectoBackEndApplication - Started ProyectoBackEndApplication in 6.537 seconds (process running for 7.036)
2026-02-15 15:51:22.296 [http-nio-8080-exec-1] INFO  o.a.c.c.C.[Tomcat].[localhost].[/] - Initializing Spring DispatcherServlet 'dispatcherServlet'
2026-02-15 15:51:22.296 [http-nio-8080-exec-1] INFO  o.s.web.servlet.DispatcherServlet - Initializing Servlet 'dispatcherServlet'
2026-02-15 15:51:22.296 [http-nio-8080-exec-1] DEBUG o.s.web.servlet.DispatcherServlet - Detected StandardServletMultipartResolver
2026-02-15 15:51:22.296 [http-nio-8080-exec-1] DEBUG o.s.web.servlet.DispatcherServlet - Detected AcceptHeaderLocaleResolver
2026-02-15 15:51:22.297 [http-nio-8080-exec-1] DEBUG o.s.web.servlet.DispatcherServlet - Detected FixedThemeResolver
2026-02-15 15:51:22.298 [http-nio-8080-exec-1] DEBUG o.s.web.servlet.DispatcherServlet - Detected org.springframework.web.servlet.view.DefaultRequestToViewNameTranslator@17995b6d
2026-02-15 15:51:22.298 [http-nio-8080-exec-1] DEBUG o.s.web.servlet.DispatcherServlet - Detected org.springframework.web.servlet.support.SessionFlashMapManager@615c8c7a
2026-02-15 15:51:22.299 [http-nio-8080-exec-1] DEBUG o.s.web.servlet.DispatcherServlet - enableLoggingRequestDetails='false': request parameters and headers will be masked to prevent unsafe logging of potentially sensitive data
2026-02-15 15:51:22.299 [http-nio-8080-exec-1] INFO  o.s.web.servlet.DispatcherServlet - Completed initialization in 3 ms
2026-02-15 15:51:22.365 [http-nio-8080-exec-1] DEBUG o.s.web.servlet.DispatcherServlet - POST "/api/auth-rest/loginAccion", parameters={}
2026-02-15 15:51:22.367 [http-nio-8080-exec-1] DEBUG o.s.w.s.m.m.a.RequestMappingHandlerMapping - Mapped to com.example.ProyectoBackEnd.controller.LoginController#loginAccion(UsuarioEntity, HttpSession)
2026-02-15 15:51:22.460 [http-nio-8080-exec-1] DEBUG o.s.w.s.m.m.a.RequestResponseBodyMethodProcessor - Read "application/json;charset=UTF-8" to [UsuarioEntity(idUsuario=null, usuario=admin, contraseña=1234, fechaCreacion=null, estado=null, fecha (truncated)...]
2026-02-15 15:51:22.531 [http-nio-8080-exec-1] INFO  c.e.P.controller.LoginController - AUDITORIA: Intento de login para usuario: admin
2026-02-15 15:51:22.777 [http-nio-8080-exec-1] INFO  c.e.P.aspect.LogginAspect - Operación buscarPorNombre completada en 169 ms
2026-02-15 15:51:22.787 [http-nio-8080-exec-1] INFO  c.e.P.aspect.LogginAspect - Operación validarLogin completada en 4 ms
2026-02-15 15:51:22.787 [http-nio-8080-exec-1] INFO  c.e.P.controller.LoginController - Login exitoso. Derivando a principal.
2026-02-15 15:51:22.922 [http-nio-8080-exec-1] DEBUG o.s.w.s.m.m.a.RequestResponseBodyMethodProcessor - Using 'application/json', given [application/json, text/plain, */*] and supported [application/hal+json, application/vnd.hal+json, application/json, application/schema+json, application/json-patch+json, application/merge-patch+json, application/x-spring-data-verbose+json, application/x-spring-data-compact+json, application/prs.hal-forms+json, application/*+json]
2026-02-15 15:51:22.924 [http-nio-8080-exec-1] DEBUG o.s.w.s.m.m.a.RequestResponseBodyMethodProcessor - Writing [EntityModel { content: UsuarioEntity(idUsuario=1, usuario=admin, contraseña=1234, fechaCreacion=2026 (truncated)...]
2026-02-15 15:51:22.953 [http-nio-8080-exec-1] DEBUG o.s.web.servlet.DispatcherServlet - Completed 200 OK
2026-02-15 15:53:12.993 [http-nio-8080-exec-2] DEBUG o.s.web.servlet.DispatcherServlet - GET "/api/usuarios", parameters={}
2026-02-15 15:53:12.994 [http-nio-8080-exec-2] DEBUG o.s.w.s.m.m.a.RequestMappingHandlerMapping - Mapped to com.example.ProyectoBackEnd.controller.UsuarioController#listarTodos()
2026-02-15 15:53:12.995 [http-nio-8080-exec-2] INFO  c.e.P.controller.UsuarioController - API: Listando todos los usuarios registrados
2026-02-15 15:53:13.028 [http-nio-8080-exec-2] INFO  c.e.P.aspect.LogginAspect - Operación listarTodos completada en 24 ms
2026-02-15 15:53:13.030 [http-nio-8080-exec-2] DEBUG o.s.w.s.m.m.a.RequestResponseBodyMethodProcessor - Using 'application/json;q=0.8', given [text/html, application/xhtml+xml, image/avif, image/webp, image/apng, application/xml;q=0.9, */*;q=0.8, application/signed-exchange;v=b3;q=0.7] and supported [application/json, application/*+json]
2026-02-15 15:53:13.031 [http-nio-8080-exec-2] DEBUG o.s.w.s.m.m.a.RequestResponseBodyMethodProcessor - Writing [[UsuarioEntity(idUsuario=1, usuario=admin, contraseña=1234, fechaCreacion=2026-01-25T22:48:25, estad (truncated)...]
2026-02-15 15:53:13.044 [http-nio-8080-exec-2] DEBUG o.s.web.servlet.DispatcherServlet - Completed 200 OK
2026-02-15 15:54:29.500 [restartedMain] INFO  c.e.P.ProyectoBackEndApplication - Starting ProyectoBackEndApplication using Java 17.0.17 with PID 6420 (C:\Users\leofr\OneDrive\Escritorio\ESPECIALIZACION EN JAVA(CIBERTEC) Y OTRAS\JAVA BACK END\PROYECTO FINAL\ProyectoBackEnd (1)\ProyectoBackEnd\target\classes started by leofr in C:\Users\leofr\OneDrive\Escritorio\ESPECIALIZACION EN JAVA(CIBERTEC) Y OTRAS\JAVA BACK END\PROYECTO FINAL\ProyectoBackEnd (1)\ProyectoBackEnd)
2026-02-15 15:54:29.503 [restartedMain] DEBUG c.e.P.ProyectoBackEndApplication - Running with Spring Boot v3.5.10, Spring v6.2.15
2026-02-15 15:54:29.503 [restartedMain] INFO  c.e.P.ProyectoBackEndApplication - No active profile set, falling back to 1 default profile: "default"
2026-02-15 15:54:29.553 [restartedMain] INFO  o.s.b.d.e.DevToolsPropertyDefaultsPostProcessor - Devtools property defaults active! Set 'spring.devtools.add-properties' to 'false' to disable
2026-02-15 15:54:29.554 [restartedMain] INFO  o.s.b.d.e.DevToolsPropertyDefaultsPostProcessor - For additional web related logging consider setting the 'logging.level.web' property to 'DEBUG'
2026-02-15 15:54:30.259 [restartedMain] INFO  o.s.d.r.c.RepositoryConfigurationDelegate - Bootstrapping Spring Data JPA repositories in DEFAULT mode.
2026-02-15 15:54:30.347 [restartedMain] INFO  o.s.d.r.c.RepositoryConfigurationDelegate - Finished Spring Data repository scanning in 79 ms. Found 3 JPA repository interfaces.
2026-02-15 15:54:31.174 [restartedMain] INFO  o.s.b.w.e.tomcat.TomcatWebServer - Tomcat initialized with port 8080 (http)
2026-02-15 15:54:31.186 [restartedMain] INFO  o.a.coyote.http11.Http11NioProtocol - Initializing ProtocolHandler ["http-nio-8080"]
2026-02-15 15:54:31.188 [restartedMain] INFO  o.a.catalina.core.StandardService - Starting service [Tomcat]
2026-02-15 15:54:31.189 [restartedMain] INFO  o.a.catalina.core.StandardEngine - Starting Servlet engine: [Apache Tomcat/10.1.50]
2026-02-15 15:54:31.240 [restartedMain] INFO  o.a.c.c.C.[Tomcat].[localhost].[/] - Initializing Spring embedded WebApplicationContext
2026-02-15 15:54:31.241 [restartedMain] INFO  o.s.b.w.s.c.ServletWebServerApplicationContext - Root WebApplicationContext: initialization completed in 1686 ms
2026-02-15 15:54:31.472 [restartedMain] INFO  o.h.jpa.internal.util.LogHelper - HHH000204: Processing PersistenceUnitInfo [name: default]
2026-02-15 15:54:31.524 [restartedMain] INFO  org.hibernate.Version - HHH000412: Hibernate ORM core version 6.6.41.Final
2026-02-15 15:54:31.561 [restartedMain] INFO  o.h.c.i.RegionFactoryInitiator - HHH000026: Second-level cache disabled
2026-02-15 15:54:31.935 [restartedMain] INFO  o.s.o.j.p.SpringPersistenceUnitInfo - No LoadTimeWeaver setup: ignoring JPA class transformer
2026-02-15 15:54:31.984 [restartedMain] INFO  com.zaxxer.hikari.HikariDataSource - HikariPool-1 - Starting...
2026-02-15 15:54:32.171 [restartedMain] INFO  com.zaxxer.hikari.pool.HikariPool - HikariPool-1 - Added connection com.mysql.cj.jdbc.ConnectionImpl@52fe8929
2026-02-15 15:54:32.173 [restartedMain] INFO  com.zaxxer.hikari.HikariDataSource - HikariPool-1 - Start completed.
2026-02-15 15:54:32.223 [restartedMain] WARN  org.hibernate.orm.deprecation - HHH90000025: MySQLDialect does not need to be specified explicitly using 'hibernate.dialect' (remove the property setting and it will be selected by default)
2026-02-15 15:54:32.247 [restartedMain] INFO  o.hibernate.orm.connections.pooling - HHH10001005: Database info:
	Database JDBC URL [Connecting through datasource 'HikariDataSource (HikariPool-1)']
	Database driver: undefined/unknown
	Database version: 8.0.32
	Autocommit mode: undefined/unknown
	Isolation level: undefined/unknown
	Minimum pool size: undefined/unknown
	Maximum pool size: undefined/unknown
2026-02-15 15:54:33.182 [restartedMain] INFO  o.h.e.t.j.p.i.JtaPlatformInitiator - HHH000489: No JTA platform available (set 'hibernate.transaction.jta.platform' to enable JTA platform integration)
2026-02-15 15:54:33.264 [restartedMain] INFO  o.s.o.j.LocalContainerEntityManagerFactoryBean - Initialized JPA EntityManagerFactory for persistence unit 'default'
2026-02-15 15:54:33.748 [restartedMain] INFO  o.s.d.j.r.query.QueryEnhancerFactory - Hibernate is in classpath; If applicable, HQL parser will be used.
2026-02-15 15:54:34.479 [restartedMain] WARN  o.s.b.a.o.j.JpaBaseConfiguration$JpaWebConfiguration - spring.jpa.open-in-view is enabled by default. Therefore, database queries may be performed during view rendering. Explicitly configure spring.jpa.open-in-view to disable this warning
2026-02-15 15:54:34.837 [restartedMain] DEBUG o.s.w.s.m.m.a.RequestMappingHandlerMapping - 15 mappings in 'requestMappingHandlerMapping'
2026-02-15 15:54:35.034 [restartedMain] DEBUG o.s.w.s.h.SimpleUrlHandlerMapping - Patterns [/webjars/**, /**] in 'resourceHandlerMapping'
2026-02-15 15:54:35.116 [restartedMain] INFO  o.s.s.c.a.a.c.InitializeUserDetailsBeanManagerConfigurer$InitializeUserDetailsManagerConfigurer - Global AuthenticationManager configured with UserDetailsService bean with name securityService
2026-02-15 15:54:35.372 [restartedMain] DEBUG o.s.w.s.m.m.a.RequestMappingHandlerAdapter - ControllerAdvice beans: 0 @ModelAttribute, 0 @InitBinder, 1 RequestBodyAdvice, 1 ResponseBodyAdvice
2026-02-15 15:54:35.432 [restartedMain] WARN  o.s.b.a.t.ThymeleafAutoConfiguration$DefaultTemplateResolverConfiguration - Cannot find template location: classpath:/templates/ (please add some templates, check your Thymeleaf configuration, or set spring.thymeleaf.check-template-location=false)
2026-02-15 15:54:35.470 [restartedMain] DEBUG o.s.w.s.m.m.a.ExceptionHandlerExceptionResolver - ControllerAdvice beans: 1 @ExceptionHandler, 1 ResponseBodyAdvice
2026-02-15 15:54:35.519 [restartedMain] DEBUG o.s.w.s.m.m.a.ExceptionHandlerExceptionResolver - ControllerAdvice beans: 1 @ExceptionHandler, 0 ResponseBodyAdvice
2026-02-15 15:54:35.783 [restartedMain] INFO  o.s.b.d.a.OptionalLiveReloadServer - LiveReload server is running on port 35729
2026-02-15 15:54:35.801 [restartedMain] INFO  o.a.coyote.http11.Http11NioProtocol - Starting ProtocolHandler ["http-nio-8080"]
2026-02-15 15:54:35.831 [restartedMain] INFO  o.s.b.w.e.tomcat.TomcatWebServer - Tomcat started on port 8080 (http) with context path '/'
2026-02-15 15:54:35.840 [restartedMain] INFO  c.e.P.ProyectoBackEndApplication - Started ProyectoBackEndApplication in 6.683 seconds (process running for 7.207)
2026-02-15 15:55:26.836 [restartedMain] INFO  c.e.P.ProyectoBackEndApplication - Starting ProyectoBackEndApplication using Java 17.0.17 with PID 4132 (C:\Users\leofr\OneDrive\Escritorio\ESPECIALIZACION EN JAVA(CIBERTEC) Y OTRAS\JAVA BACK END\PROYECTO FINAL\ProyectoBackEnd (1)\ProyectoBackEnd\target\classes started by leofr in C:\Users\leofr\OneDrive\Escritorio\ESPECIALIZACION EN JAVA(CIBERTEC) Y OTRAS\JAVA BACK END\PROYECTO FINAL\ProyectoBackEnd (1)\ProyectoBackEnd)
2026-02-15 15:55:26.839 [restartedMain] DEBUG c.e.P.ProyectoBackEndApplication - Running with Spring Boot v3.5.10, Spring v6.2.15
2026-02-15 15:55:26.839 [restartedMain] INFO  c.e.P.ProyectoBackEndApplication - No active profile set, falling back to 1 default profile: "default"
2026-02-15 15:55:26.886 [restartedMain] INFO  o.s.b.d.e.DevToolsPropertyDefaultsPostProcessor - Devtools property defaults active! Set 'spring.devtools.add-properties' to 'false' to disable
2026-02-15 15:55:26.886 [restartedMain] INFO  o.s.b.d.e.DevToolsPropertyDefaultsPostProcessor - For additional web related logging consider setting the 'logging.level.web' property to 'DEBUG'
2026-02-15 15:55:27.607 [restartedMain] INFO  o.s.d.r.c.RepositoryConfigurationDelegate - Bootstrapping Spring Data JPA repositories in DEFAULT mode.
2026-02-15 15:55:27.703 [restartedMain] INFO  o.s.d.r.c.RepositoryConfigurationDelegate - Finished Spring Data repository scanning in 86 ms. Found 3 JPA repository interfaces.
2026-02-15 15:55:28.532 [restartedMain] INFO  o.s.b.w.e.tomcat.TomcatWebServer - Tomcat initialized with port 8080 (http)
2026-02-15 15:55:28.554 [restartedMain] INFO  o.a.coyote.http11.Http11NioProtocol - Initializing ProtocolHandler ["http-nio-8080"]
2026-02-15 15:55:28.558 [restartedMain] INFO  o.a.catalina.core.StandardService - Starting service [Tomcat]
2026-02-15 15:55:28.559 [restartedMain] INFO  o.a.catalina.core.StandardEngine - Starting Servlet engine: [Apache Tomcat/10.1.50]
2026-02-15 15:55:28.647 [restartedMain] INFO  o.a.c.c.C.[Tomcat].[localhost].[/] - Initializing Spring embedded WebApplicationContext
2026-02-15 15:55:28.648 [restartedMain] INFO  o.s.b.w.s.c.ServletWebServerApplicationContext - Root WebApplicationContext: initialization completed in 1761 ms
2026-02-15 15:55:28.929 [restartedMain] INFO  o.h.jpa.internal.util.LogHelper - HHH000204: Processing PersistenceUnitInfo [name: default]
2026-02-15 15:55:28.994 [restartedMain] INFO  org.hibernate.Version - HHH000412: Hibernate ORM core version 6.6.41.Final
2026-02-15 15:55:29.046 [restartedMain] INFO  o.h.c.i.RegionFactoryInitiator - HHH000026: Second-level cache disabled
2026-02-15 15:55:29.462 [restartedMain] INFO  o.s.o.j.p.SpringPersistenceUnitInfo - No LoadTimeWeaver setup: ignoring JPA class transformer
2026-02-15 15:55:29.508 [restartedMain] INFO  com.zaxxer.hikari.HikariDataSource - HikariPool-1 - Starting...
2026-02-15 15:55:29.721 [restartedMain] INFO  com.zaxxer.hikari.pool.HikariPool - HikariPool-1 - Added connection com.mysql.cj.jdbc.ConnectionImpl@1c70b807
2026-02-15 15:55:29.724 [restartedMain] INFO  com.zaxxer.hikari.HikariDataSource - HikariPool-1 - Start completed.
2026-02-15 15:55:29.764 [restartedMain] WARN  org.hibernate.orm.deprecation - HHH90000025: MySQLDialect does not need to be specified explicitly using 'hibernate.dialect' (remove the property setting and it will be selected by default)
2026-02-15 15:55:29.784 [restartedMain] INFO  o.hibernate.orm.connections.pooling - HHH10001005: Database info:
	Database JDBC URL [Connecting through datasource 'HikariDataSource (HikariPool-1)']
	Database driver: undefined/unknown
	Database version: 8.0.32
	Autocommit mode: undefined/unknown
	Isolation level: undefined/unknown
	Minimum pool size: undefined/unknown
	Maximum pool size: undefined/unknown
2026-02-15 15:55:30.595 [restartedMain] INFO  o.h.e.t.j.p.i.JtaPlatformInitiator - HHH000489: No JTA platform available (set 'hibernate.transaction.jta.platform' to enable JTA platform integration)
2026-02-15 15:55:30.683 [restartedMain] INFO  o.s.o.j.LocalContainerEntityManagerFactoryBean - Initialized JPA EntityManagerFactory for persistence unit 'default'
2026-02-15 15:55:31.198 [restartedMain] INFO  o.s.d.j.r.query.QueryEnhancerFactory - Hibernate is in classpath; If applicable, HQL parser will be used.
2026-02-15 15:55:31.931 [restartedMain] WARN  o.s.b.a.o.j.JpaBaseConfiguration$JpaWebConfiguration - spring.jpa.open-in-view is enabled by default. Therefore, database queries may be performed during view rendering. Explicitly configure spring.jpa.open-in-view to disable this warning
2026-02-15 15:55:32.321 [restartedMain] DEBUG o.s.w.s.m.m.a.RequestMappingHandlerMapping - 15 mappings in 'requestMappingHandlerMapping'
2026-02-15 15:55:32.500 [restartedMain] DEBUG o.s.w.s.h.SimpleUrlHandlerMapping - Patterns [/webjars/**, /**] in 'resourceHandlerMapping'
2026-02-15 15:55:32.579 [restartedMain] INFO  o.s.s.c.a.a.c.InitializeUserDetailsBeanManagerConfigurer$InitializeUserDetailsManagerConfigurer - Global AuthenticationManager configured with UserDetailsService bean with name securityService
2026-02-15 15:55:32.832 [restartedMain] DEBUG o.s.w.s.m.m.a.RequestMappingHandlerAdapter - ControllerAdvice beans: 0 @ModelAttribute, 0 @InitBinder, 1 RequestBodyAdvice, 1 ResponseBodyAdvice
2026-02-15 15:55:32.902 [restartedMain] WARN  o.s.b.a.t.ThymeleafAutoConfiguration$DefaultTemplateResolverConfiguration - Cannot find template location: classpath:/templates/ (please add some templates, check your Thymeleaf configuration, or set spring.thymeleaf.check-template-location=false)
2026-02-15 15:55:32.942 [restartedMain] DEBUG o.s.w.s.m.m.a.ExceptionHandlerExceptionResolver - ControllerAdvice beans: 1 @ExceptionHandler, 1 ResponseBodyAdvice
2026-02-15 15:55:32.999 [restartedMain] DEBUG o.s.w.s.m.m.a.ExceptionHandlerExceptionResolver - ControllerAdvice beans: 1 @ExceptionHandler, 0 ResponseBodyAdvice
2026-02-15 15:55:33.298 [restartedMain] INFO  o.s.b.d.a.OptionalLiveReloadServer - LiveReload server is running on port 35729
2026-02-15 15:55:33.321 [restartedMain] INFO  o.a.coyote.http11.Http11NioProtocol - Starting ProtocolHandler ["http-nio-8080"]
2026-02-15 15:55:33.348 [restartedMain] INFO  o.s.b.w.e.tomcat.TomcatWebServer - Tomcat started on port 8080 (http) with context path '/'
2026-02-15 15:55:33.360 [restartedMain] INFO  c.e.P.ProyectoBackEndApplication - Started ProyectoBackEndApplication in 6.861 seconds (process running for 7.367)
2026-02-15 15:55:39.671 [http-nio-8080-exec-1] INFO  o.a.c.c.C.[Tomcat].[localhost].[/] - Initializing Spring DispatcherServlet 'dispatcherServlet'
2026-02-15 15:55:39.672 [http-nio-8080-exec-1] INFO  o.s.web.servlet.DispatcherServlet - Initializing Servlet 'dispatcherServlet'
2026-02-15 15:55:39.672 [http-nio-8080-exec-1] DEBUG o.s.web.servlet.DispatcherServlet - Detected StandardServletMultipartResolver
2026-02-15 15:55:39.672 [http-nio-8080-exec-1] DEBUG o.s.web.servlet.DispatcherServlet - Detected AcceptHeaderLocaleResolver
2026-02-15 15:55:39.672 [http-nio-8080-exec-1] DEBUG o.s.web.servlet.DispatcherServlet - Detected FixedThemeResolver
2026-02-15 15:55:39.673 [http-nio-8080-exec-1] DEBUG o.s.web.servlet.DispatcherServlet - Detected org.springframework.web.servlet.view.DefaultRequestToViewNameTranslator@4fa0ccec
2026-02-15 15:55:39.673 [http-nio-8080-exec-1] DEBUG o.s.web.servlet.DispatcherServlet - Detected org.springframework.web.servlet.support.SessionFlashMapManager@23556605
2026-02-15 15:55:39.673 [http-nio-8080-exec-1] DEBUG o.s.web.servlet.DispatcherServlet - enableLoggingRequestDetails='false': request parameters and headers will be masked to prevent unsafe logging of potentially sensitive data
2026-02-15 15:55:39.674 [http-nio-8080-exec-1] INFO  o.s.web.servlet.DispatcherServlet - Completed initialization in 2 ms
2026-02-15 15:55:39.715 [http-nio-8080-exec-1] DEBUG o.s.web.servlet.DispatcherServlet - POST "/api/auth-rest/loginAccion", parameters={}
2026-02-15 15:55:39.716 [http-nio-8080-exec-1] DEBUG o.s.w.s.m.m.a.RequestMappingHandlerMapping - Mapped to com.example.ProyectoBackEnd.controller.LoginController#loginAccion(UsuarioEntity, HttpSession)
2026-02-15 15:55:39.829 [http-nio-8080-exec-1] DEBUG o.s.w.s.m.m.a.RequestResponseBodyMethodProcessor - Read "application/json;charset=UTF-8" to [UsuarioEntity(idUsuario=null, usuario=admin, contraseña=1234, fechaCreacion=null, estado=null, fecha (truncated)...]
2026-02-15 15:55:39.897 [http-nio-8080-exec-1] INFO  c.e.P.controller.LoginController - AUDITORIA: Intento de login para usuario: admin
2026-02-15 15:55:40.130 [http-nio-8080-exec-1] INFO  c.e.P.aspect.LogginAspect - Operación buscarPorNombre completada en 158 ms
2026-02-15 15:55:40.139 [http-nio-8080-exec-1] INFO  c.e.P.aspect.LogginAspect - Operación validarLogin completada en 3 ms
2026-02-15 15:55:40.140 [http-nio-8080-exec-1] INFO  c.e.P.controller.LoginController - Login exitoso. Derivando a principal.
2026-02-15 15:55:40.320 [http-nio-8080-exec-1] DEBUG o.s.w.s.m.m.a.RequestResponseBodyMethodProcessor - Using 'application/json', given [application/json, text/plain, */*] and supported [application/hal+json, application/vnd.hal+json, application/json, application/schema+json, application/json-patch+json, application/merge-patch+json, application/x-spring-data-verbose+json, application/x-spring-data-compact+json, application/prs.hal-forms+json, application/*+json]
2026-02-15 15:55:40.321 [http-nio-8080-exec-1] DEBUG o.s.w.s.m.m.a.RequestResponseBodyMethodProcessor - Writing [EntityModel { content: UsuarioEntity(idUsuario=1, usuario=admin, contraseña=1234, fechaCreacion=2026 (truncated)...]
2026-02-15 15:55:40.354 [http-nio-8080-exec-1] DEBUG o.s.web.servlet.DispatcherServlet - Completed 200 OK
2026-02-15 15:56:04.294 [main] INFO  o.s.t.c.s.AnnotationConfigContextLoaderUtils - Could not detect default configuration classes for test class [com.example.ProyectoBackEnd.ProyectoBackEndApplicationTests]: ProyectoBackEndApplicationTests does not declare any static, non-private, non-final, nested classes annotated with @Configuration.
2026-02-15 15:56:04.407 [main] INFO  o.s.b.t.c.SpringBootTestContextBootstrapper - Found @SpringBootConfiguration com.example.ProyectoBackEnd.ProyectoBackEndApplication for test class com.example.ProyectoBackEnd.ProyectoBackEndApplicationTests
2026-02-15 15:56:04.564 [main] INFO  o.s.b.d.r.RestartApplicationListener - Restart disabled due to context in which it is running
2026-02-15 15:56:04.795 [main] INFO  c.e.P.ProyectoBackEndApplicationTests - Starting ProyectoBackEndApplicationTests using Java 17.0.17 with PID 28544 (started by leofr in C:\Users\leofr\OneDrive\Escritorio\ESPECIALIZACION EN JAVA(CIBERTEC) Y OTRAS\JAVA BACK END\PROYECTO FINAL\ProyectoBackEnd (1)\ProyectoBackEnd)
2026-02-15 15:56:04.796 [main] DEBUG c.e.P.ProyectoBackEndApplicationTests - Running with Spring Boot v3.5.10, Spring v6.2.15
2026-02-15 15:56:04.797 [main] INFO  c.e.P.ProyectoBackEndApplicationTests - No active profile set, falling back to 1 default profile: "default"
2026-02-15 15:56:04.827 [main] DEBUG o.s.w.c.s.GenericWebApplicationContext - Refreshing org.springframework.web.context.support.GenericWebApplicationContext@31ddd4a4
2026-02-15 15:56:05.475 [main] INFO  o.s.d.r.c.RepositoryConfigurationDelegate - Bootstrapping Spring Data JPA repositories in DEFAULT mode.
2026-02-15 15:56:05.554 [main] INFO  o.s.d.r.c.RepositoryConfigurationDelegate - Finished Spring Data repository scanning in 70 ms. Found 3 JPA repository interfaces.
2026-02-15 15:56:06.259 [main] INFO  o.h.jpa.internal.util.LogHelper - HHH000204: Processing PersistenceUnitInfo [name: default]
2026-02-15 15:56:06.329 [main] INFO  org.hibernate.Version - HHH000412: Hibernate ORM core version 6.6.41.Final
2026-02-15 15:56:06.377 [main] INFO  o.h.c.i.RegionFactoryInitiator - HHH000026: Second-level cache disabled
2026-02-15 15:56:06.742 [main] INFO  o.s.o.j.p.SpringPersistenceUnitInfo - No LoadTimeWeaver setup: ignoring JPA class transformer
2026-02-15 15:56:06.781 [main] INFO  com.zaxxer.hikari.HikariDataSource - HikariPool-1 - Starting...
2026-02-15 15:56:06.966 [main] INFO  com.zaxxer.hikari.pool.HikariPool - HikariPool-1 - Added connection com.mysql.cj.jdbc.ConnectionImpl@3c910acd
2026-02-15 15:56:06.968 [main] INFO  com.zaxxer.hikari.HikariDataSource - HikariPool-1 - Start completed.
2026-02-15 15:56:07.019 [main] WARN  org.hibernate.orm.deprecation - HHH90000025: MySQLDialect does not need to be specified explicitly using 'hibernate.dialect' (remove the property setting and it will be selected by default)
2026-02-15 15:56:07.041 [main] INFO  o.hibernate.orm.connections.pooling - HHH10001005: Database info:
	Database JDBC URL [Connecting through datasource 'HikariDataSource (HikariPool-1)']
	Database driver: undefined/unknown
	Database version: 8.0.32
	Autocommit mode: undefined/unknown
	Isolation level: undefined/unknown
	Minimum pool size: undefined/unknown
	Maximum pool size: undefined/unknown
2026-02-15 15:56:07.742 [main] INFO  o.h.e.t.j.p.i.JtaPlatformInitiator - HHH000489: No JTA platform available (set 'hibernate.transaction.jta.platform' to enable JTA platform integration)
2026-02-15 15:56:07.806 [main] INFO  o.s.o.j.LocalContainerEntityManagerFactoryBean - Initialized JPA EntityManagerFactory for persistence unit 'default'
2026-02-15 15:56:08.214 [main] INFO  o.s.d.j.r.query.QueryEnhancerFactory - Hibernate is in classpath; If applicable, HQL parser will be used.
2026-02-15 15:56:08.787 [main] WARN  o.s.b.a.o.j.JpaBaseConfiguration$JpaWebConfiguration - spring.jpa.open-in-view is enabled by default. Therefore, database queries may be performed during view rendering. Explicitly configure spring.jpa.open-in-view to disable this warning
2026-02-15 15:56:09.055 [main] DEBUG o.s.w.s.m.m.a.RequestMappingHandlerMapping - 15 mappings in 'requestMappingHandlerMapping'
2026-02-15 15:56:09.191 [main] DEBUG o.s.w.s.h.SimpleUrlHandlerMapping - Patterns [/webjars/**, /**] in 'resourceHandlerMapping'
2026-02-15 15:56:09.254 [main] INFO  o.s.s.c.a.a.c.InitializeUserDetailsBeanManagerConfigurer$InitializeUserDetailsManagerConfigurer - Global AuthenticationManager configured with UserDetailsService bean with name securityService
2026-02-15 15:56:09.557 [main] DEBUG o.s.w.s.m.m.a.RequestMappingHandlerAdapter - ControllerAdvice beans: 0 @ModelAttribute, 0 @InitBinder, 1 RequestBodyAdvice, 1 ResponseBodyAdvice
2026-02-15 15:56:09.611 [main] WARN  o.s.b.a.t.ThymeleafAutoConfiguration$DefaultTemplateResolverConfiguration - Cannot find template location: classpath:/templates/ (please add some templates, check your Thymeleaf configuration, or set spring.thymeleaf.check-template-location=false)
2026-02-15 15:56:09.638 [main] DEBUG o.s.w.s.m.m.a.ExceptionHandlerExceptionResolver - ControllerAdvice beans: 1 @ExceptionHandler, 1 ResponseBodyAdvice
2026-02-15 15:56:09.671 [main] DEBUG o.s.w.s.m.m.a.ExceptionHandlerExceptionResolver - ControllerAdvice beans: 1 @ExceptionHandler, 0 ResponseBodyAdvice
2026-02-15 15:56:09.860 [main] INFO  c.e.P.ProyectoBackEndApplicationTests - Started ProyectoBackEndApplicationTests in 5.31 seconds (process running for 6.308)
2026-02-15 15:56:09.879 [main] WARN  o.s.test.context.TestContextManager - Caught exception while allowing TestExecutionListener [org.springframework.test.context.support.DependencyInjectionTestExecutionListener] to prepare test instance [com.example.ProyectoBackEnd.ProyectoBackEndApplicationTests@3c304c7a]
org.springframework.beans.factory.UnsatisfiedDependencyException: Error creating bean with name 'com.example.ProyectoBackEnd.ProyectoBackEndApplicationTests': Unsatisfied dependency expressed through field 'codificador': No qualifying bean of type 'org.springframework.security.crypto.bcrypt.BCryptPasswordEncoder' available: expected at least 1 bean which qualifies as autowire candidate. Dependency annotations: {@org.springframework.beans.factory.annotation.Autowired(required=true)}
	at org.springframework.beans.factory.annotation.AutowiredAnnotationBeanPostProcessor$AutowiredFieldElement.resolveFieldValue(AutowiredAnnotationBeanPostProcessor.java:787)
	at org.springframework.beans.factory.annotation.AutowiredAnnotationBeanPostProcessor$AutowiredFieldElement.inject(AutowiredAnnotationBeanPostProcessor.java:767)
	at org.springframework.beans.factory.annotation.InjectionMetadata.inject(InjectionMetadata.java:146)
	at org.springframework.beans.factory.annotation.AutowiredAnnotationBeanPostProcessor.postProcessProperties(AutowiredAnnotationBeanPostProcessor.java:509)
	at org.springframework.beans.factory.support.AbstractAutowireCapableBeanFactory.populateBean(AbstractAutowireCapableBeanFactory.java:1459)
	at org.springframework.beans.factory.support.AbstractAutowireCapableBeanFactory.autowireBeanProperties(AbstractAutowireCapableBeanFactory.java:405)
	at org.springframework.test.context.support.DependencyInjectionTestExecutionListener.injectDependencies(DependencyInjectionTestExecutionListener.java:156)
	at org.springframework.test.context.support.DependencyInjectionTestExecutionListener.prepareTestInstance(DependencyInjectionTestExecutionListener.java:111)
	at org.springframework.test.context.TestContextManager.prepareTestInstance(TestContextManager.java:260)
	at org.springframework.test.context.junit.jupiter.SpringExtension.postProcessTestInstance(SpringExtension.java:159)
	at org.junit.jupiter.engine.descriptor.ClassBasedTestDescriptor.lambda$invokeTestInstancePostProcessors$10(ClassBasedTestDescriptor.java:383)
	at org.junit.jupiter.engine.descriptor.ClassBasedTestDescriptor.executeAndMaskThrowable(ClassBasedTestDescriptor.java:388)
	at org.junit.jupiter.engine.descriptor.ClassBasedTestDescriptor.lambda$invokeTestInstancePostProcessors$11(ClassBasedTestDescriptor.java:382)
	at java.base/java.util.stream.ForEachOps$ForEachOp$OfRef.accept(ForEachOps.java:183)
	at java.base/java.util.stream.ReferencePipeline$3$1.accept(ReferencePipeline.java:197)
	at java.base/java.util.stream.ReferencePipeline$2$1.accept(ReferencePipeline.java:179)
	at java.base/java.util.stream.ReferencePipeline$3$1.accept(ReferencePipeline.java:197)
	at java.base/java.util.ArrayList$ArrayListSpliterator.forEachRemaining(ArrayList.java:1625)
	at java.base/java.util.stream.AbstractPipeline.copyInto(AbstractPipeline.java:509)
	at java.base/java.util.stream.AbstractPipeline.wrapAndCopyInto(AbstractPipeline.java:499)
	at java.base/java.util.stream.ForEachOps$ForEachOp.evaluateSequential(ForEachOps.java:150)
	at java.base/java.util.stream.ForEachOps$ForEachOp$OfRef.evaluateSequential(ForEachOps.java:173)
	at java.base/java.util.stream.AbstractPipeline.evaluate(AbstractPipeline.java:234)
	at java.base/java.util.stream.ReferencePipeline.forEach(ReferencePipeline.java:596)
	at org.junit.jupiter.engine.descriptor.ClassBasedTestDescriptor.invokeTestInstancePostProcessors(ClassBasedTestDescriptor.java:382)
	at org.junit.jupiter.engine.descriptor.ClassBasedTestDescriptor.lambda$instantiateAndPostProcessTestInstance$6(ClassBasedTestDescriptor.java:293)
	at org.junit.platform.engine.support.hierarchical.ThrowableCollector.execute(ThrowableCollector.java:73)
	at org.junit.jupiter.engine.descriptor.ClassBasedTestDescriptor.instantiateAndPostProcessTestInstance(ClassBasedTestDescriptor.java:292)
	at org.junit.jupiter.engine.descriptor.ClassBasedTestDescriptor.lambda$testInstancesProvider$4(ClassBasedTestDescriptor.java:281)
	at java.base/java.util.Optional.orElseGet(Optional.java:364)
	at org.junit.jupiter.engine.descriptor.ClassBasedTestDescriptor.lambda$testInstancesProvider$5(ClassBasedTestDescriptor.java:280)
	at org.junit.jupiter.engine.execution.TestInstancesProvider.getTestInstances(TestInstancesProvider.java:27)
	at org.junit.jupiter.engine.descriptor.TestMethodTestDescriptor.lambda$prepare$0(TestMethodTestDescriptor.java:112)
	at org.junit.platform.engine.support.hierarchical.ThrowableCollector.execute(ThrowableCollector.java:73)
	at org.junit.jupiter.engine.descriptor.TestMethodTestDescriptor.prepare(TestMethodTestDescriptor.java:111)
	at org.junit.jupiter.engine.descriptor.TestMethodTestDescriptor.prepare(TestMethodTestDescriptor.java:69)
	at org.junit.platform.engine.support.hierarchical.NodeTestTask.lambda$prepare$2(NodeTestTask.java:128)
	at org.junit.platform.engine.support.hierarchical.ThrowableCollector.execute(ThrowableCollector.java:73)
	at org.junit.platform.engine.support.hierarchical.NodeTestTask.prepare(NodeTestTask.java:128)
	at org.junit.platform.engine.support.hierarchical.NodeTestTask.execute(NodeTestTask.java:95)
	at java.base/java.util.ArrayList.forEach(ArrayList.java:1511)
	at org.junit.platform.engine.support.hierarchical.SameThreadHierarchicalTestExecutorService.invokeAll(SameThreadHierarchicalTestExecutorService.java:41)
	at org.junit.platform.engine.support.hierarchical.NodeTestTask.lambda$executeRecursively$6(NodeTestTask.java:160)
	at org.junit.platform.engine.support.hierarchical.ThrowableCollector.execute(ThrowableCollector.java:73)
	at org.junit.platform.engine.support.hierarchical.NodeTestTask.lambda$executeRecursively$8(NodeTestTask.java:146)
	at org.junit.platform.engine.support.hierarchical.Node.around(Node.java:137)
	at org.junit.platform.engine.support.hierarchical.NodeTestTask.lambda$executeRecursively$9(NodeTestTask.java:144)
	at org.junit.platform.engine.support.hierarchical.ThrowableCollector.execute(ThrowableCollector.java:73)
	at org.junit.platform.engine.support.hierarchical.NodeTestTask.executeRecursively(NodeTestTask.java:143)
	at org.junit.platform.engine.support.hierarchical.NodeTestTask.execute(NodeTestTask.java:100)
	at java.base/java.util.ArrayList.forEach(ArrayList.java:1511)
	at org.junit.platform.engine.support.hierarchical.SameThreadHierarchicalTestExecutorService.invokeAll(SameThreadHierarchicalTestExecutorService.java:41)
	at org.junit.platform.engine.support.hierarchical.NodeTestTask.lambda$executeRecursively$6(NodeTestTask.java:160)
	at org.junit.platform.engine.support.hierarchical.ThrowableCollector.execute(ThrowableCollector.java:73)
	at org.junit.platform.engine.support.hierarchical.NodeTestTask.lambda$executeRecursively$8(NodeTestTask.java:146)
	at org.junit.platform.engine.support.hierarchical.Node.around(Node.java:137)
	at org.junit.platform.engine.support.hierarchical.NodeTestTask.lambda$executeRecursively$9(NodeTestTask.java:144)
	at org.junit.platform.engine.support.hierarchical.ThrowableCollector.execute(ThrowableCollector.java:73)
	at org.junit.platform.engine.support.hierarchical.NodeTestTask.executeRecursively(NodeTestTask.java:143)
	at org.junit.platform.engine.support.hierarchical.NodeTestTask.execute(NodeTestTask.java:100)
	at org.junit.platform.engine.support.hierarchical.SameThreadHierarchicalTestExecutorService.submit(SameThreadHierarchicalTestExecutorService.java:35)
	at org.junit.platform.engine.support.hierarchical.HierarchicalTestExecutor.execute(HierarchicalTestExecutor.java:57)
	at org.junit.platform.engine.support.hierarchical.HierarchicalTestEngine.execute(HierarchicalTestEngine.java:54)
	at org.junit.platform.launcher.core.EngineExecutionOrchestrator.execute(EngineExecutionOrchestrator.java:201)
	at org.junit.platform.launcher.core.EngineExecutionOrchestrator.execute(EngineExecutionOrchestrator.java:170)
	at org.junit.platform.launcher.core.EngineExecutionOrchestrator.execute(EngineExecutionOrchestrator.java:94)
	at org.junit.platform.launcher.core.EngineExecutionOrchestrator.lambda$execute$0(EngineExecutionOrchestrator.java:59)
	at org.junit.platform.launcher.core.EngineExecutionOrchestrator.withInterceptedStreams(EngineExecutionOrchestrator.java:142)
	at org.junit.platform.launcher.core.EngineExecutionOrchestrator.execute(EngineExecutionOrchestrator.java:58)
	at org.junit.platform.launcher.core.DefaultLauncher.execute(DefaultLauncher.java:103)
	at org.junit.platform.launcher.core.DefaultLauncher.execute(DefaultLauncher.java:85)
	at org.junit.platform.launcher.core.DelegatingLauncher.execute(DelegatingLauncher.java:47)
	at org.junit.platform.launcher.core.InterceptingLauncher.lambda$execute$1(InterceptingLauncher.java:39)
	at org.junit.platform.launcher.core.ClasspathAlignmentCheckingLauncherInterceptor.intercept(ClasspathAlignmentCheckingLauncherInterceptor.java:25)
	at org.junit.platform.launcher.core.InterceptingLauncher.execute(InterceptingLauncher.java:38)
	at org.junit.platform.launcher.core.DelegatingLauncher.execute(DelegatingLauncher.java:47)
	at org.apache.maven.surefire.junitplatform.LauncherAdapter.executeWithoutCancellationToken(LauncherAdapter.java:60)
	at org.apache.maven.surefire.junitplatform.LauncherAdapter.execute(LauncherAdapter.java:52)
	at org.apache.maven.surefire.junitplatform.JUnitPlatformProvider.execute(JUnitPlatformProvider.java:203)
	at org.apache.maven.surefire.junitplatform.JUnitPlatformProvider.invokeAllTests(JUnitPlatformProvider.java:168)
	at org.apache.maven.surefire.junitplatform.JUnitPlatformProvider.invoke(JUnitPlatformProvider.java:136)
	at org.apache.maven.surefire.booter.ForkedBooter.runSuitesInProcess(ForkedBooter.java:385)
	at org.apache.maven.surefire.booter.ForkedBooter.execute(ForkedBooter.java:162)
	at org.apache.maven.surefire.booter.ForkedBooter.run(ForkedBooter.java:507)
	at org.apache.maven.surefire.booter.ForkedBooter.main(ForkedBooter.java:495)
Caused by: org.springframework.beans.factory.NoSuchBeanDefinitionException: No qualifying bean of type 'org.springframework.security.crypto.bcrypt.BCryptPasswordEncoder' available: expected at least 1 bean which qualifies as autowire candidate. Dependency annotations: {@org.springframework.beans.factory.annotation.Autowired(required=true)}
	at org.springframework.beans.factory.support.DefaultListableBeanFactory.raiseNoMatchingBeanFound(DefaultListableBeanFactory.java:2315)
	at org.springframework.beans.factory.support.DefaultListableBeanFactory.doResolveDependency(DefaultListableBeanFactory.java:1733)
	at org.springframework.beans.factory.support.DefaultListableBeanFactory.resolveDependency(DefaultListableBeanFactory.java:1653)
	at org.springframework.beans.factory.annotation.AutowiredAnnotationBeanPostProcessor$AutowiredFieldElement.resolveFieldValue(AutowiredAnnotationBeanPostProcessor.java:784)
	... 84 common frames omitted
2026-02-15 15:56:09.936 [SpringApplicationShutdownHook] DEBUG o.s.w.c.s.GenericWebApplicationContext - Closing org.springframework.web.context.support.GenericWebApplicationContext@31ddd4a4, started on Sun Feb 15 15:56:04 CET 2026
2026-02-15 15:56:09.941 [SpringApplicationShutdownHook] INFO  o.s.o.j.LocalContainerEntityManagerFactoryBean - Closing JPA EntityManagerFactory for persistence unit 'default'
2026-02-15 15:56:09.945 [SpringApplicationShutdownHook] INFO  com.zaxxer.hikari.HikariDataSource - HikariPool-1 - Shutdown initiated...
2026-02-15 15:56:09.951 [SpringApplicationShutdownHook] INFO  com.zaxxer.hikari.HikariDataSource - HikariPool-1 - Shutdown completed.
2026-02-15 15:56:27.114 [main] INFO  o.s.t.c.s.AnnotationConfigContextLoaderUtils - Could not detect default configuration classes for test class [com.example.ProyectoBackEnd.ProyectoBackEndApplicationTests]: ProyectoBackEndApplicationTests does not declare any static, non-private, non-final, nested classes annotated with @Configuration.
2026-02-15 15:56:27.223 [main] INFO  o.s.b.t.c.SpringBootTestContextBootstrapper - Found @SpringBootConfiguration com.example.ProyectoBackEnd.ProyectoBackEndApplication for test class com.example.ProyectoBackEnd.ProyectoBackEndApplicationTests
2026-02-15 15:56:27.369 [main] INFO  o.s.b.d.r.RestartApplicationListener - Restart disabled due to context in which it is running
2026-02-15 15:56:27.599 [main] INFO  c.e.P.ProyectoBackEndApplicationTests - Starting ProyectoBackEndApplicationTests using Java 17.0.17 with PID 1868 (started by leofr in C:\Users\leofr\OneDrive\Escritorio\ESPECIALIZACION EN JAVA(CIBERTEC) Y OTRAS\JAVA BACK END\PROYECTO FINAL\ProyectoBackEnd (1)\ProyectoBackEnd)
2026-02-15 15:56:27.600 [main] DEBUG c.e.P.ProyectoBackEndApplicationTests - Running with Spring Boot v3.5.10, Spring v6.2.15
2026-02-15 15:56:27.601 [main] INFO  c.e.P.ProyectoBackEndApplicationTests - No active profile set, falling back to 1 default profile: "default"
2026-02-15 15:56:27.632 [main] DEBUG o.s.w.c.s.GenericWebApplicationContext - Refreshing org.springframework.web.context.support.GenericWebApplicationContext@31ddd4a4
2026-02-15 15:56:28.296 [main] INFO  o.s.d.r.c.RepositoryConfigurationDelegate - Bootstrapping Spring Data JPA repositories in DEFAULT mode.
2026-02-15 15:56:28.375 [main] INFO  o.s.d.r.c.RepositoryConfigurationDelegate - Finished Spring Data repository scanning in 69 ms. Found 3 JPA repository interfaces.
2026-02-15 15:56:29.064 [main] INFO  o.h.jpa.internal.util.LogHelper - HHH000204: Processing PersistenceUnitInfo [name: default]
2026-02-15 15:56:29.123 [main] INFO  org.hibernate.Version - HHH000412: Hibernate ORM core version 6.6.41.Final
2026-02-15 15:56:29.169 [main] INFO  o.h.c.i.RegionFactoryInitiator - HHH000026: Second-level cache disabled
2026-02-15 15:56:29.504 [main] INFO  o.s.o.j.p.SpringPersistenceUnitInfo - No LoadTimeWeaver setup: ignoring JPA class transformer
2026-02-15 15:56:29.536 [main] INFO  com.zaxxer.hikari.HikariDataSource - HikariPool-1 - Starting...
2026-02-15 15:56:29.684 [main] INFO  com.zaxxer.hikari.pool.HikariPool - HikariPool-1 - Added connection com.mysql.cj.jdbc.ConnectionImpl@40d10264
2026-02-15 15:56:29.685 [main] INFO  com.zaxxer.hikari.HikariDataSource - HikariPool-1 - Start completed.
2026-02-15 15:56:29.731 [main] WARN  org.hibernate.orm.deprecation - HHH90000025: MySQLDialect does not need to be specified explicitly using 'hibernate.dialect' (remove the property setting and it will be selected by default)
2026-02-15 15:56:29.751 [main] INFO  o.hibernate.orm.connections.pooling - HHH10001005: Database info:
	Database JDBC URL [Connecting through datasource 'HikariDataSource (HikariPool-1)']
	Database driver: undefined/unknown
	Database version: 8.0.32
	Autocommit mode: undefined/unknown
	Isolation level: undefined/unknown
	Minimum pool size: undefined/unknown
	Maximum pool size: undefined/unknown
2026-02-15 15:56:30.434 [main] INFO  o.h.e.t.j.p.i.JtaPlatformInitiator - HHH000489: No JTA platform available (set 'hibernate.transaction.jta.platform' to enable JTA platform integration)
2026-02-15 15:56:30.494 [main] INFO  o.s.o.j.LocalContainerEntityManagerFactoryBean - Initialized JPA EntityManagerFactory for persistence unit 'default'
2026-02-15 15:56:30.895 [main] INFO  o.s.d.j.r.query.QueryEnhancerFactory - Hibernate is in classpath; If applicable, HQL parser will be used.
2026-02-15 15:56:31.421 [main] WARN  o.s.b.a.o.j.JpaBaseConfiguration$JpaWebConfiguration - spring.jpa.open-in-view is enabled by default. Therefore, database queries may be performed during view rendering. Explicitly configure spring.jpa.open-in-view to disable this warning
2026-02-15 15:56:31.707 [main] DEBUG o.s.w.s.m.m.a.RequestMappingHandlerMapping - 15 mappings in 'requestMappingHandlerMapping'
2026-02-15 15:56:31.845 [main] DEBUG o.s.w.s.h.SimpleUrlHandlerMapping - Patterns [/webjars/**, /**] in 'resourceHandlerMapping'
2026-02-15 15:56:31.908 [main] INFO  o.s.s.c.a.a.c.InitializeUserDetailsBeanManagerConfigurer$InitializeUserDetailsManagerConfigurer - Global AuthenticationManager configured with UserDetailsService bean with name securityService
2026-02-15 15:56:32.221 [main] DEBUG o.s.w.s.m.m.a.RequestMappingHandlerAdapter - ControllerAdvice beans: 0 @ModelAttribute, 0 @InitBinder, 1 RequestBodyAdvice, 1 ResponseBodyAdvice
2026-02-15 15:56:32.271 [main] WARN  o.s.b.a.t.ThymeleafAutoConfiguration$DefaultTemplateResolverConfiguration - Cannot find template location: classpath:/templates/ (please add some templates, check your Thymeleaf configuration, or set spring.thymeleaf.check-template-location=false)
2026-02-15 15:56:32.300 [main] DEBUG o.s.w.s.m.m.a.ExceptionHandlerExceptionResolver - ControllerAdvice beans: 1 @ExceptionHandler, 1 ResponseBodyAdvice
2026-02-15 15:56:32.334 [main] DEBUG o.s.w.s.m.m.a.ExceptionHandlerExceptionResolver - ControllerAdvice beans: 1 @ExceptionHandler, 0 ResponseBodyAdvice
2026-02-15 15:56:32.521 [main] INFO  c.e.P.ProyectoBackEndApplicationTests - Started ProyectoBackEndApplicationTests in 5.163 seconds (process running for 6.17)
2026-02-15 15:56:32.539 [main] WARN  o.s.test.context.TestContextManager - Caught exception while allowing TestExecutionListener [org.springframework.test.context.support.DependencyInjectionTestExecutionListener] to prepare test instance [com.example.ProyectoBackEnd.ProyectoBackEndApplicationTests@43dc6864]
org.springframework.beans.factory.UnsatisfiedDependencyException: Error creating bean with name 'com.example.ProyectoBackEnd.ProyectoBackEndApplicationTests': Unsatisfied dependency expressed through field 'codificador': No qualifying bean of type 'org.springframework.security.crypto.bcrypt.BCryptPasswordEncoder' available: expected at least 1 bean which qualifies as autowire candidate. Dependency annotations: {@org.springframework.beans.factory.annotation.Autowired(required=true)}
	at org.springframework.beans.factory.annotation.AutowiredAnnotationBeanPostProcessor$AutowiredFieldElement.resolveFieldValue(AutowiredAnnotationBeanPostProcessor.java:787)
	at org.springframework.beans.factory.annotation.AutowiredAnnotationBeanPostProcessor$AutowiredFieldElement.inject(AutowiredAnnotationBeanPostProcessor.java:767)
	at org.springframework.beans.factory.annotation.InjectionMetadata.inject(InjectionMetadata.java:146)
	at org.springframework.beans.factory.annotation.AutowiredAnnotationBeanPostProcessor.postProcessProperties(AutowiredAnnotationBeanPostProcessor.java:509)
	at org.springframework.beans.factory.support.AbstractAutowireCapableBeanFactory.populateBean(AbstractAutowireCapableBeanFactory.java:1459)
	at org.springframework.beans.factory.support.AbstractAutowireCapableBeanFactory.autowireBeanProperties(AbstractAutowireCapableBeanFactory.java:405)
	at org.springframework.test.context.support.DependencyInjectionTestExecutionListener.injectDependencies(DependencyInjectionTestExecutionListener.java:156)
	at org.springframework.test.context.support.DependencyInjectionTestExecutionListener.prepareTestInstance(DependencyInjectionTestExecutionListener.java:111)
	at org.springframework.test.context.TestContextManager.prepareTestInstance(TestContextManager.java:260)
	at org.springframework.test.context.junit.jupiter.SpringExtension.postProcessTestInstance(SpringExtension.java:159)
	at org.junit.jupiter.engine.descriptor.ClassBasedTestDescriptor.lambda$invokeTestInstancePostProcessors$10(ClassBasedTestDescriptor.java:383)
	at org.junit.jupiter.engine.descriptor.ClassBasedTestDescriptor.executeAndMaskThrowable(ClassBasedTestDescriptor.java:388)
	at org.junit.jupiter.engine.descriptor.ClassBasedTestDescriptor.lambda$invokeTestInstancePostProcessors$11(ClassBasedTestDescriptor.java:382)
	at java.base/java.util.stream.ForEachOps$ForEachOp$OfRef.accept(ForEachOps.java:183)
	at java.base/java.util.stream.ReferencePipeline$3$1.accept(ReferencePipeline.java:197)
	at java.base/java.util.stream.ReferencePipeline$2$1.accept(ReferencePipeline.java:179)
	at java.base/java.util.stream.ReferencePipeline$3$1.accept(ReferencePipeline.java:197)
	at java.base/java.util.ArrayList$ArrayListSpliterator.forEachRemaining(ArrayList.java:1625)
	at java.base/java.util.stream.AbstractPipeline.copyInto(AbstractPipeline.java:509)
	at java.base/java.util.stream.AbstractPipeline.wrapAndCopyInto(AbstractPipeline.java:499)
	at java.base/java.util.stream.ForEachOps$ForEachOp.evaluateSequential(ForEachOps.java:150)
	at java.base/java.util.stream.ForEachOps$ForEachOp$OfRef.evaluateSequential(ForEachOps.java:173)
	at java.base/java.util.stream.AbstractPipeline.evaluate(AbstractPipeline.java:234)
	at java.base/java.util.stream.ReferencePipeline.forEach(ReferencePipeline.java:596)
	at org.junit.jupiter.engine.descriptor.ClassBasedTestDescriptor.invokeTestInstancePostProcessors(ClassBasedTestDescriptor.java:382)
	at org.junit.jupiter.engine.descriptor.ClassBasedTestDescriptor.lambda$instantiateAndPostProcessTestInstance$6(ClassBasedTestDescriptor.java:293)
	at org.junit.platform.engine.support.hierarchical.ThrowableCollector.execute(ThrowableCollector.java:73)
	at org.junit.jupiter.engine.descriptor.ClassBasedTestDescriptor.instantiateAndPostProcessTestInstance(ClassBasedTestDescriptor.java:292)
	at org.junit.jupiter.engine.descriptor.ClassBasedTestDescriptor.lambda$testInstancesProvider$4(ClassBasedTestDescriptor.java:281)
	at java.base/java.util.Optional.orElseGet(Optional.java:364)
	at org.junit.jupiter.engine.descriptor.ClassBasedTestDescriptor.lambda$testInstancesProvider$5(ClassBasedTestDescriptor.java:280)
	at org.junit.jupiter.engine.execution.TestInstancesProvider.getTestInstances(TestInstancesProvider.java:27)
	at org.junit.jupiter.engine.descriptor.TestMethodTestDescriptor.lambda$prepare$0(TestMethodTestDescriptor.java:112)
	at org.junit.platform.engine.support.hierarchical.ThrowableCollector.execute(ThrowableCollector.java:73)
	at org.junit.jupiter.engine.descriptor.TestMethodTestDescriptor.prepare(TestMethodTestDescriptor.java:111)
	at org.junit.jupiter.engine.descriptor.TestMethodTestDescriptor.prepare(TestMethodTestDescriptor.java:69)
	at org.junit.platform.engine.support.hierarchical.NodeTestTask.lambda$prepare$2(NodeTestTask.java:128)
	at org.junit.platform.engine.support.hierarchical.ThrowableCollector.execute(ThrowableCollector.java:73)
	at org.junit.platform.engine.support.hierarchical.NodeTestTask.prepare(NodeTestTask.java:128)
	at org.junit.platform.engine.support.hierarchical.NodeTestTask.execute(NodeTestTask.java:95)
	at java.base/java.util.ArrayList.forEach(ArrayList.java:1511)
	at org.junit.platform.engine.support.hierarchical.SameThreadHierarchicalTestExecutorService.invokeAll(SameThreadHierarchicalTestExecutorService.java:41)
	at org.junit.platform.engine.support.hierarchical.NodeTestTask.lambda$executeRecursively$6(NodeTestTask.java:160)
	at org.junit.platform.engine.support.hierarchical.ThrowableCollector.execute(ThrowableCollector.java:73)
	at org.junit.platform.engine.support.hierarchical.NodeTestTask.lambda$executeRecursively$8(NodeTestTask.java:146)
	at org.junit.platform.engine.support.hierarchical.Node.around(Node.java:137)
	at org.junit.platform.engine.support.hierarchical.NodeTestTask.lambda$executeRecursively$9(NodeTestTask.java:144)
	at org.junit.platform.engine.support.hierarchical.ThrowableCollector.execute(ThrowableCollector.java:73)
	at org.junit.platform.engine.support.hierarchical.NodeTestTask.executeRecursively(NodeTestTask.java:143)
	at org.junit.platform.engine.support.hierarchical.NodeTestTask.execute(NodeTestTask.java:100)
	at java.base/java.util.ArrayList.forEach(ArrayList.java:1511)
	at org.junit.platform.engine.support.hierarchical.SameThreadHierarchicalTestExecutorService.invokeAll(SameThreadHierarchicalTestExecutorService.java:41)
	at org.junit.platform.engine.support.hierarchical.NodeTestTask.lambda$executeRecursively$6(NodeTestTask.java:160)
	at org.junit.platform.engine.support.hierarchical.ThrowableCollector.execute(ThrowableCollector.java:73)
	at org.junit.platform.engine.support.hierarchical.NodeTestTask.lambda$executeRecursively$8(NodeTestTask.java:146)
	at org.junit.platform.engine.support.hierarchical.Node.around(Node.java:137)
	at org.junit.platform.engine.support.hierarchical.NodeTestTask.lambda$executeRecursively$9(NodeTestTask.java:144)
	at org.junit.platform.engine.support.hierarchical.ThrowableCollector.execute(ThrowableCollector.java:73)
	at org.junit.platform.engine.support.hierarchical.NodeTestTask.executeRecursively(NodeTestTask.java:143)
	at org.junit.platform.engine.support.hierarchical.NodeTestTask.execute(NodeTestTask.java:100)
	at org.junit.platform.engine.support.hierarchical.SameThreadHierarchicalTestExecutorService.submit(SameThreadHierarchicalTestExecutorService.java:35)
	at org.junit.platform.engine.support.hierarchical.HierarchicalTestExecutor.execute(HierarchicalTestExecutor.java:57)
	at org.junit.platform.engine.support.hierarchical.HierarchicalTestEngine.execute(HierarchicalTestEngine.java:54)
	at org.junit.platform.launcher.core.EngineExecutionOrchestrator.execute(EngineExecutionOrchestrator.java:201)
	at org.junit.platform.launcher.core.EngineExecutionOrchestrator.execute(EngineExecutionOrchestrator.java:170)
	at org.junit.platform.launcher.core.EngineExecutionOrchestrator.execute(EngineExecutionOrchestrator.java:94)
	at org.junit.platform.launcher.core.EngineExecutionOrchestrator.lambda$execute$0(EngineExecutionOrchestrator.java:59)
	at org.junit.platform.launcher.core.EngineExecutionOrchestrator.withInterceptedStreams(EngineExecutionOrchestrator.java:142)
	at org.junit.platform.launcher.core.EngineExecutionOrchestrator.execute(EngineExecutionOrchestrator.java:58)
	at org.junit.platform.launcher.core.DefaultLauncher.execute(DefaultLauncher.java:103)
	at org.junit.platform.launcher.core.DefaultLauncher.execute(DefaultLauncher.java:85)
	at org.junit.platform.launcher.core.DelegatingLauncher.execute(DelegatingLauncher.java:47)
	at org.junit.platform.launcher.core.InterceptingLauncher.lambda$execute$1(InterceptingLauncher.java:39)
	at org.junit.platform.launcher.core.ClasspathAlignmentCheckingLauncherInterceptor.intercept(ClasspathAlignmentCheckingLauncherInterceptor.java:25)
	at org.junit.platform.launcher.core.InterceptingLauncher.execute(InterceptingLauncher.java:38)
	at org.junit.platform.launcher.core.DelegatingLauncher.execute(DelegatingLauncher.java:47)
	at org.apache.maven.surefire.junitplatform.LauncherAdapter.executeWithoutCancellationToken(LauncherAdapter.java:60)
	at org.apache.maven.surefire.junitplatform.LauncherAdapter.execute(LauncherAdapter.java:52)
	at org.apache.maven.surefire.junitplatform.JUnitPlatformProvider.execute(JUnitPlatformProvider.java:203)
	at org.apache.maven.surefire.junitplatform.JUnitPlatformProvider.invokeAllTests(JUnitPlatformProvider.java:168)
	at org.apache.maven.surefire.junitplatform.JUnitPlatformProvider.invoke(JUnitPlatformProvider.java:136)
	at org.apache.maven.surefire.booter.ForkedBooter.runSuitesInProcess(ForkedBooter.java:385)
	at org.apache.maven.surefire.booter.ForkedBooter.execute(ForkedBooter.java:162)
	at org.apache.maven.surefire.booter.ForkedBooter.run(ForkedBooter.java:507)
	at org.apache.maven.surefire.booter.ForkedBooter.main(ForkedBooter.java:495)
Caused by: org.springframework.beans.factory.NoSuchBeanDefinitionException: No qualifying bean of type 'org.springframework.security.crypto.bcrypt.BCryptPasswordEncoder' available: expected at least 1 bean which qualifies as autowire candidate. Dependency annotations: {@org.springframework.beans.factory.annotation.Autowired(required=true)}
	at org.springframework.beans.factory.support.DefaultListableBeanFactory.raiseNoMatchingBeanFound(DefaultListableBeanFactory.java:2315)
	at org.springframework.beans.factory.support.DefaultListableBeanFactory.doResolveDependency(DefaultListableBeanFactory.java:1733)
	at org.springframework.beans.factory.support.DefaultListableBeanFactory.resolveDependency(DefaultListableBeanFactory.java:1653)
	at org.springframework.beans.factory.annotation.AutowiredAnnotationBeanPostProcessor$AutowiredFieldElement.resolveFieldValue(AutowiredAnnotationBeanPostProcessor.java:784)
	... 84 common frames omitted
2026-02-15 15:56:32.604 [SpringApplicationShutdownHook] DEBUG o.s.w.c.s.GenericWebApplicationContext - Closing org.springframework.web.context.support.GenericWebApplicationContext@31ddd4a4, started on Sun Feb 15 15:56:27 CET 2026
2026-02-15 15:56:32.608 [SpringApplicationShutdownHook] INFO  o.s.o.j.LocalContainerEntityManagerFactoryBean - Closing JPA EntityManagerFactory for persistence unit 'default'
2026-02-15 15:56:32.612 [SpringApplicationShutdownHook] INFO  com.zaxxer.hikari.HikariDataSource - HikariPool-1 - Shutdown initiated...
2026-02-15 15:56:32.619 [SpringApplicationShutdownHook] INFO  com.zaxxer.hikari.HikariDataSource - HikariPool-1 - Shutdown completed.
2026-02-15 15:57:34.523 [main] INFO  o.s.t.c.s.AnnotationConfigContextLoaderUtils - Could not detect default configuration classes for test class [com.example.ProyectoBackEnd.ProyectoBackEndApplicationTests]: ProyectoBackEndApplicationTests does not declare any static, non-private, non-final, nested classes annotated with @Configuration.
2026-02-15 15:57:34.635 [main] INFO  o.s.b.t.c.SpringBootTestContextBootstrapper - Found @SpringBootConfiguration com.example.ProyectoBackEnd.ProyectoBackEndApplication for test class com.example.ProyectoBackEnd.ProyectoBackEndApplicationTests
2026-02-15 15:57:34.783 [main] INFO  o.s.b.d.r.RestartApplicationListener - Restart disabled due to context in which it is running
2026-02-15 15:57:35.022 [main] INFO  c.e.P.ProyectoBackEndApplicationTests - Starting ProyectoBackEndApplicationTests using Java 17.0.17 with PID 21912 (started by leofr in C:\Users\leofr\OneDrive\Escritorio\ESPECIALIZACION EN JAVA(CIBERTEC) Y OTRAS\JAVA BACK END\PROYECTO FINAL\ProyectoBackEnd (1)\ProyectoBackEnd)
2026-02-15 15:57:35.024 [main] DEBUG c.e.P.ProyectoBackEndApplicationTests - Running with Spring Boot v3.5.10, Spring v6.2.15
2026-02-15 15:57:35.025 [main] INFO  c.e.P.ProyectoBackEndApplicationTests - No active profile set, falling back to 1 default profile: "default"
2026-02-15 15:57:35.055 [main] DEBUG o.s.w.c.s.GenericWebApplicationContext - Refreshing org.springframework.web.context.support.GenericWebApplicationContext@15923407
2026-02-15 15:57:35.729 [main] INFO  o.s.d.r.c.RepositoryConfigurationDelegate - Bootstrapping Spring Data JPA repositories in DEFAULT mode.
2026-02-15 15:57:35.811 [main] INFO  o.s.d.r.c.RepositoryConfigurationDelegate - Finished Spring Data repository scanning in 72 ms. Found 3 JPA repository interfaces.
2026-02-15 15:57:36.479 [main] INFO  o.h.jpa.internal.util.LogHelper - HHH000204: Processing PersistenceUnitInfo [name: default]
2026-02-15 15:57:36.553 [main] INFO  org.hibernate.Version - HHH000412: Hibernate ORM core version 6.6.41.Final
2026-02-15 15:57:36.595 [main] INFO  o.h.c.i.RegionFactoryInitiator - HHH000026: Second-level cache disabled
2026-02-15 15:57:37.022 [main] INFO  o.s.o.j.p.SpringPersistenceUnitInfo - No LoadTimeWeaver setup: ignoring JPA class transformer
2026-02-15 15:57:37.057 [main] INFO  com.zaxxer.hikari.HikariDataSource - HikariPool-1 - Starting...
2026-02-15 15:57:37.232 [main] INFO  com.zaxxer.hikari.pool.HikariPool - HikariPool-1 - Added connection com.mysql.cj.jdbc.ConnectionImpl@4ea48b2e
2026-02-15 15:57:37.233 [main] INFO  com.zaxxer.hikari.HikariDataSource - HikariPool-1 - Start completed.
2026-02-15 15:57:37.280 [main] WARN  org.hibernate.orm.deprecation - HHH90000025: MySQLDialect does not need to be specified explicitly using 'hibernate.dialect' (remove the property setting and it will be selected by default)
2026-02-15 15:57:37.300 [main] INFO  o.hibernate.orm.connections.pooling - HHH10001005: Database info:
	Database JDBC URL [Connecting through datasource 'HikariDataSource (HikariPool-1)']
	Database driver: undefined/unknown
	Database version: 8.0.32
	Autocommit mode: undefined/unknown
	Isolation level: undefined/unknown
	Minimum pool size: undefined/unknown
	Maximum pool size: undefined/unknown
2026-02-15 15:57:38.011 [main] INFO  o.h.e.t.j.p.i.JtaPlatformInitiator - HHH000489: No JTA platform available (set 'hibernate.transaction.jta.platform' to enable JTA platform integration)
2026-02-15 15:57:38.076 [main] INFO  o.s.o.j.LocalContainerEntityManagerFactoryBean - Initialized JPA EntityManagerFactory for persistence unit 'default'
2026-02-15 15:57:38.450 [main] INFO  o.s.d.j.r.query.QueryEnhancerFactory - Hibernate is in classpath; If applicable, HQL parser will be used.
2026-02-15 15:57:38.996 [main] WARN  o.s.b.a.o.j.JpaBaseConfiguration$JpaWebConfiguration - spring.jpa.open-in-view is enabled by default. Therefore, database queries may be performed during view rendering. Explicitly configure spring.jpa.open-in-view to disable this warning
2026-02-15 15:57:39.269 [main] DEBUG o.s.w.s.m.m.a.RequestMappingHandlerMapping - 15 mappings in 'requestMappingHandlerMapping'
2026-02-15 15:57:39.398 [main] DEBUG o.s.w.s.h.SimpleUrlHandlerMapping - Patterns [/webjars/**, /**] in 'resourceHandlerMapping'
2026-02-15 15:57:39.462 [main] INFO  o.s.s.c.a.a.c.InitializeUserDetailsBeanManagerConfigurer$InitializeUserDetailsManagerConfigurer - Global AuthenticationManager configured with UserDetailsService bean with name securityService
2026-02-15 15:57:39.779 [main] DEBUG o.s.w.s.m.m.a.RequestMappingHandlerAdapter - ControllerAdvice beans: 0 @ModelAttribute, 0 @InitBinder, 1 RequestBodyAdvice, 1 ResponseBodyAdvice
2026-02-15 15:57:39.832 [main] WARN  o.s.b.a.t.ThymeleafAutoConfiguration$DefaultTemplateResolverConfiguration - Cannot find template location: classpath:/templates/ (please add some templates, check your Thymeleaf configuration, or set spring.thymeleaf.check-template-location=false)
2026-02-15 15:57:39.864 [main] DEBUG o.s.w.s.m.m.a.ExceptionHandlerExceptionResolver - ControllerAdvice beans: 1 @ExceptionHandler, 1 ResponseBodyAdvice
2026-02-15 15:57:39.898 [main] DEBUG o.s.w.s.m.m.a.ExceptionHandlerExceptionResolver - ControllerAdvice beans: 1 @ExceptionHandler, 0 ResponseBodyAdvice
2026-02-15 15:57:40.077 [main] INFO  c.e.P.ProyectoBackEndApplicationTests - Started ProyectoBackEndApplicationTests in 5.306 seconds (process running for 6.299)
2026-02-15 15:57:40.516 [SpringApplicationShutdownHook] DEBUG o.s.w.c.s.GenericWebApplicationContext - Closing org.springframework.web.context.support.GenericWebApplicationContext@15923407, started on Sun Feb 15 15:57:35 CET 2026
2026-02-15 15:57:40.520 [SpringApplicationShutdownHook] INFO  o.s.o.j.LocalContainerEntityManagerFactoryBean - Closing JPA EntityManagerFactory for persistence unit 'default'
2026-02-15 15:57:40.522 [SpringApplicationShutdownHook] INFO  com.zaxxer.hikari.HikariDataSource - HikariPool-1 - Shutdown initiated...
2026-02-15 15:57:40.528 [SpringApplicationShutdownHook] INFO  com.zaxxer.hikari.HikariDataSource - HikariPool-1 - Shutdown completed.
2026-02-15 15:57:49.600 [restartedMain] INFO  c.e.P.ProyectoBackEndApplication - Starting ProyectoBackEndApplication using Java 17.0.17 with PID 18204 (C:\Users\leofr\OneDrive\Escritorio\ESPECIALIZACION EN JAVA(CIBERTEC) Y OTRAS\JAVA BACK END\PROYECTO FINAL\ProyectoBackEnd (1)\ProyectoBackEnd\target\classes started by leofr in C:\Users\leofr\OneDrive\Escritorio\ESPECIALIZACION EN JAVA(CIBERTEC) Y OTRAS\JAVA BACK END\PROYECTO FINAL\ProyectoBackEnd (1)\ProyectoBackEnd)
2026-02-15 15:57:49.602 [restartedMain] DEBUG c.e.P.ProyectoBackEndApplication - Running with Spring Boot v3.5.10, Spring v6.2.15
2026-02-15 15:57:49.603 [restartedMain] INFO  c.e.P.ProyectoBackEndApplication - No active profile set, falling back to 1 default profile: "default"
2026-02-15 15:57:49.649 [restartedMain] INFO  o.s.b.d.e.DevToolsPropertyDefaultsPostProcessor - Devtools property defaults active! Set 'spring.devtools.add-properties' to 'false' to disable
2026-02-15 15:57:49.650 [restartedMain] INFO  o.s.b.d.e.DevToolsPropertyDefaultsPostProcessor - For additional web related logging consider setting the 'logging.level.web' property to 'DEBUG'
2026-02-15 15:57:50.357 [restartedMain] INFO  o.s.d.r.c.RepositoryConfigurationDelegate - Bootstrapping Spring Data JPA repositories in DEFAULT mode.
2026-02-15 15:57:50.442 [restartedMain] INFO  o.s.d.r.c.RepositoryConfigurationDelegate - Finished Spring Data repository scanning in 75 ms. Found 3 JPA repository interfaces.
2026-02-15 15:57:51.284 [restartedMain] INFO  o.s.b.w.e.tomcat.TomcatWebServer - Tomcat initialized with port 8080 (http)
2026-02-15 15:57:51.298 [restartedMain] INFO  o.a.coyote.http11.Http11NioProtocol - Initializing ProtocolHandler ["http-nio-8080"]
2026-02-15 15:57:51.300 [restartedMain] INFO  o.a.catalina.core.StandardService - Starting service [Tomcat]
2026-02-15 15:57:51.301 [restartedMain] INFO  o.a.catalina.core.StandardEngine - Starting Servlet engine: [Apache Tomcat/10.1.50]
2026-02-15 15:57:51.359 [restartedMain] INFO  o.a.c.c.C.[Tomcat].[localhost].[/] - Initializing Spring embedded WebApplicationContext
2026-02-15 15:57:51.360 [restartedMain] INFO  o.s.b.w.s.c.ServletWebServerApplicationContext - Root WebApplicationContext: initialization completed in 1709 ms
2026-02-15 15:57:51.609 [restartedMain] INFO  o.h.jpa.internal.util.LogHelper - HHH000204: Processing PersistenceUnitInfo [name: default]
2026-02-15 15:57:51.661 [restartedMain] INFO  org.hibernate.Version - HHH000412: Hibernate ORM core version 6.6.41.Final
2026-02-15 15:57:51.699 [restartedMain] INFO  o.h.c.i.RegionFactoryInitiator - HHH000026: Second-level cache disabled
2026-02-15 15:57:51.960 [restartedMain] INFO  o.s.o.j.p.SpringPersistenceUnitInfo - No LoadTimeWeaver setup: ignoring JPA class transformer
2026-02-15 15:57:51.993 [restartedMain] INFO  com.zaxxer.hikari.HikariDataSource - HikariPool-1 - Starting...
2026-02-15 15:57:52.145 [restartedMain] INFO  com.zaxxer.hikari.pool.HikariPool - HikariPool-1 - Added connection com.mysql.cj.jdbc.ConnectionImpl@6fa93aae
2026-02-15 15:57:52.147 [restartedMain] INFO  com.zaxxer.hikari.HikariDataSource - HikariPool-1 - Start completed.
2026-02-15 15:57:52.183 [restartedMain] WARN  org.hibernate.orm.deprecation - HHH90000025: MySQLDialect does not need to be specified explicitly using 'hibernate.dialect' (remove the property setting and it will be selected by default)
2026-02-15 15:57:52.199 [restartedMain] INFO  o.hibernate.orm.connections.pooling - HHH10001005: Database info:
	Database JDBC URL [Connecting through datasource 'HikariDataSource (HikariPool-1)']
	Database driver: undefined/unknown
	Database version: 8.0.32
	Autocommit mode: undefined/unknown
	Isolation level: undefined/unknown
	Minimum pool size: undefined/unknown
	Maximum pool size: undefined/unknown
2026-02-15 15:57:52.885 [restartedMain] INFO  o.h.e.t.j.p.i.JtaPlatformInitiator - HHH000489: No JTA platform available (set 'hibernate.transaction.jta.platform' to enable JTA platform integration)
2026-02-15 15:57:52.953 [restartedMain] INFO  o.s.o.j.LocalContainerEntityManagerFactoryBean - Initialized JPA EntityManagerFactory for persistence unit 'default'
2026-02-15 15:57:53.345 [restartedMain] INFO  o.s.d.j.r.query.QueryEnhancerFactory - Hibernate is in classpath; If applicable, HQL parser will be used.
2026-02-15 15:57:53.885 [restartedMain] WARN  o.s.b.a.o.j.JpaBaseConfiguration$JpaWebConfiguration - spring.jpa.open-in-view is enabled by default. Therefore, database queries may be performed during view rendering. Explicitly configure spring.jpa.open-in-view to disable this warning
2026-02-15 15:57:54.269 [restartedMain] DEBUG o.s.w.s.m.m.a.RequestMappingHandlerMapping - 15 mappings in 'requestMappingHandlerMapping'
2026-02-15 15:57:54.454 [restartedMain] DEBUG o.s.w.s.h.SimpleUrlHandlerMapping - Patterns [/webjars/**, /**] in 'resourceHandlerMapping'
2026-02-15 15:57:54.539 [restartedMain] INFO  o.s.s.c.a.a.c.InitializeUserDetailsBeanManagerConfigurer$InitializeUserDetailsManagerConfigurer - Global AuthenticationManager configured with UserDetailsService bean with name securityService
2026-02-15 15:57:54.782 [restartedMain] DEBUG o.s.w.s.m.m.a.RequestMappingHandlerAdapter - ControllerAdvice beans: 0 @ModelAttribute, 0 @InitBinder, 1 RequestBodyAdvice, 1 ResponseBodyAdvice
2026-02-15 15:57:54.866 [restartedMain] WARN  o.s.b.a.t.ThymeleafAutoConfiguration$DefaultTemplateResolverConfiguration - Cannot find template location: classpath:/templates/ (please add some templates, check your Thymeleaf configuration, or set spring.thymeleaf.check-template-location=false)
2026-02-15 15:57:54.914 [restartedMain] DEBUG o.s.w.s.m.m.a.ExceptionHandlerExceptionResolver - ControllerAdvice beans: 1 @ExceptionHandler, 1 ResponseBodyAdvice
2026-02-15 15:57:54.966 [restartedMain] DEBUG o.s.w.s.m.m.a.ExceptionHandlerExceptionResolver - ControllerAdvice beans: 1 @ExceptionHandler, 0 ResponseBodyAdvice
2026-02-15 15:57:55.238 [restartedMain] INFO  o.s.b.d.a.OptionalLiveReloadServer - LiveReload server is running on port 35729
2026-02-15 15:57:55.257 [restartedMain] INFO  o.a.coyote.http11.Http11NioProtocol - Starting ProtocolHandler ["http-nio-8080"]
2026-02-15 15:57:55.282 [restartedMain] INFO  o.s.b.w.e.tomcat.TomcatWebServer - Tomcat started on port 8080 (http) with context path '/'
2026-02-15 15:57:55.292 [restartedMain] INFO  c.e.P.ProyectoBackEndApplication - Started ProyectoBackEndApplication in 6.029 seconds (process running for 6.527)
2026-02-15 15:58:03.069 [http-nio-8080-exec-1] INFO  o.a.c.c.C.[Tomcat].[localhost].[/] - Initializing Spring DispatcherServlet 'dispatcherServlet'
2026-02-15 15:58:03.069 [http-nio-8080-exec-1] INFO  o.s.web.servlet.DispatcherServlet - Initializing Servlet 'dispatcherServlet'
2026-02-15 15:58:03.070 [http-nio-8080-exec-1] DEBUG o.s.web.servlet.DispatcherServlet - Detected StandardServletMultipartResolver
2026-02-15 15:58:03.070 [http-nio-8080-exec-1] DEBUG o.s.web.servlet.DispatcherServlet - Detected AcceptHeaderLocaleResolver
2026-02-15 15:58:03.070 [http-nio-8080-exec-1] DEBUG o.s.web.servlet.DispatcherServlet - Detected FixedThemeResolver
2026-02-15 15:58:03.071 [http-nio-8080-exec-1] DEBUG o.s.web.servlet.DispatcherServlet - Detected org.springframework.web.servlet.view.DefaultRequestToViewNameTranslator@48a15ae7
2026-02-15 15:58:03.071 [http-nio-8080-exec-1] DEBUG o.s.web.servlet.DispatcherServlet - Detected org.springframework.web.servlet.support.SessionFlashMapManager@4477dfc9
2026-02-15 15:58:03.071 [http-nio-8080-exec-1] DEBUG o.s.web.servlet.DispatcherServlet - enableLoggingRequestDetails='false': request parameters and headers will be masked to prevent unsafe logging of potentially sensitive data
2026-02-15 15:58:03.071 [http-nio-8080-exec-1] INFO  o.s.web.servlet.DispatcherServlet - Completed initialization in 1 ms
2026-02-15 15:58:03.128 [http-nio-8080-exec-2] DEBUG o.s.web.servlet.DispatcherServlet - POST "/api/auth-rest/loginAccion", parameters={}
2026-02-15 15:58:03.129 [http-nio-8080-exec-2] DEBUG o.s.w.s.m.m.a.RequestMappingHandlerMapping - Mapped to com.example.ProyectoBackEnd.controller.LoginController#loginAccion(UsuarioEntity, HttpSession)
2026-02-15 15:58:03.218 [http-nio-8080-exec-2] DEBUG o.s.w.s.m.m.a.RequestResponseBodyMethodProcessor - Read "application/json;charset=UTF-8" to [UsuarioEntity(idUsuario=null, usuario=admin, contraseña=1234, fechaCreacion=null, estado=null, fecha (truncated)...]
2026-02-15 15:58:03.296 [http-nio-8080-exec-2] INFO  c.e.P.controller.LoginController - AUDITORIA: Intento de login para usuario: admin
2026-02-15 15:58:03.544 [http-nio-8080-exec-2] INFO  c.e.P.aspect.LogginAspect - Operación buscarPorNombre completada en 169 ms
2026-02-15 15:58:03.553 [http-nio-8080-exec-2] INFO  c.e.P.aspect.LogginAspect - Operación validarLogin completada en 4 ms
2026-02-15 15:58:03.554 [http-nio-8080-exec-2] INFO  c.e.P.controller.LoginController - Login exitoso. Derivando a principal.
2026-02-15 15:58:03.690 [http-nio-8080-exec-2] DEBUG o.s.w.s.m.m.a.RequestResponseBodyMethodProcessor - Using 'application/json', given [application/json, text/plain, */*] and supported [application/hal+json, application/vnd.hal+json, application/json, application/schema+json, application/json-patch+json, application/merge-patch+json, application/x-spring-data-verbose+json, application/x-spring-data-compact+json, application/prs.hal-forms+json, application/*+json]
2026-02-15 15:58:03.691 [http-nio-8080-exec-2] DEBUG o.s.w.s.m.m.a.RequestResponseBodyMethodProcessor - Writing [EntityModel { content: UsuarioEntity(idUsuario=1, usuario=admin, contraseña=1234, fechaCreacion=2026 (truncated)...]
2026-02-15 15:58:03.726 [http-nio-8080-exec-2] DEBUG o.s.web.servlet.DispatcherServlet - Completed 200 OK
2026-02-15 16:10:32.557 [restartedMain] INFO  c.e.P.ProyectoBackEndApplication - Starting ProyectoBackEndApplication using Java 17.0.17 with PID 18380 (C:\Users\leofr\OneDrive\Escritorio\ESPECIALIZACION EN JAVA(CIBERTEC) Y OTRAS\JAVA BACK END\PROYECTO FINAL\ProyectoBackEnd (1)\ProyectoBackEnd\target\classes started by leofr in C:\Users\leofr\OneDrive\Escritorio\ESPECIALIZACION EN JAVA(CIBERTEC) Y OTRAS\JAVA BACK END\PROYECTO FINAL\ProyectoBackEnd (1)\ProyectoBackEnd)
2026-02-15 16:10:32.559 [restartedMain] DEBUG c.e.P.ProyectoBackEndApplication - Running with Spring Boot v3.5.10, Spring v6.2.15
2026-02-15 16:10:32.560 [restartedMain] INFO  c.e.P.ProyectoBackEndApplication - No active profile set, falling back to 1 default profile: "default"
2026-02-15 16:10:32.607 [restartedMain] INFO  o.s.b.d.e.DevToolsPropertyDefaultsPostProcessor - Devtools property defaults active! Set 'spring.devtools.add-properties' to 'false' to disable
2026-02-15 16:10:32.608 [restartedMain] INFO  o.s.b.d.e.DevToolsPropertyDefaultsPostProcessor - For additional web related logging consider setting the 'logging.level.web' property to 'DEBUG'
2026-02-15 16:10:33.312 [restartedMain] INFO  o.s.d.r.c.RepositoryConfigurationDelegate - Bootstrapping Spring Data JPA repositories in DEFAULT mode.
2026-02-15 16:10:33.393 [restartedMain] INFO  o.s.d.r.c.RepositoryConfigurationDelegate - Finished Spring Data repository scanning in 71 ms. Found 3 JPA repository interfaces.
2026-02-15 16:10:34.255 [restartedMain] INFO  o.s.b.w.e.tomcat.TomcatWebServer - Tomcat initialized with port 8080 (http)
2026-02-15 16:10:34.268 [restartedMain] INFO  o.a.coyote.http11.Http11NioProtocol - Initializing ProtocolHandler ["http-nio-8080"]
2026-02-15 16:10:34.270 [restartedMain] INFO  o.a.catalina.core.StandardService - Starting service [Tomcat]
2026-02-15 16:10:34.270 [restartedMain] INFO  o.a.catalina.core.StandardEngine - Starting Servlet engine: [Apache Tomcat/10.1.50]
2026-02-15 16:10:34.323 [restartedMain] INFO  o.a.c.c.C.[Tomcat].[localhost].[/] - Initializing Spring embedded WebApplicationContext
2026-02-15 16:10:34.324 [restartedMain] INFO  o.s.b.w.s.c.ServletWebServerApplicationContext - Root WebApplicationContext: initialization completed in 1715 ms
2026-02-15 16:10:34.565 [restartedMain] INFO  o.h.jpa.internal.util.LogHelper - HHH000204: Processing PersistenceUnitInfo [name: default]
2026-02-15 16:10:34.619 [restartedMain] INFO  org.hibernate.Version - HHH000412: Hibernate ORM core version 6.6.41.Final
2026-02-15 16:10:34.667 [restartedMain] INFO  o.h.c.i.RegionFactoryInitiator - HHH000026: Second-level cache disabled
2026-02-15 16:10:35.022 [restartedMain] INFO  o.s.o.j.p.SpringPersistenceUnitInfo - No LoadTimeWeaver setup: ignoring JPA class transformer
2026-02-15 16:10:35.063 [restartedMain] INFO  com.zaxxer.hikari.HikariDataSource - HikariPool-1 - Starting...
2026-02-15 16:10:35.215 [restartedMain] INFO  com.zaxxer.hikari.pool.HikariPool - HikariPool-1 - Added connection com.mysql.cj.jdbc.ConnectionImpl@7d6a6755
2026-02-15 16:10:35.219 [restartedMain] INFO  com.zaxxer.hikari.HikariDataSource - HikariPool-1 - Start completed.
2026-02-15 16:10:35.264 [restartedMain] WARN  org.hibernate.orm.deprecation - HHH90000025: MySQLDialect does not need to be specified explicitly using 'hibernate.dialect' (remove the property setting and it will be selected by default)
2026-02-15 16:10:35.290 [restartedMain] INFO  o.hibernate.orm.connections.pooling - HHH10001005: Database info:
	Database JDBC URL [Connecting through datasource 'HikariDataSource (HikariPool-1)']
	Database driver: undefined/unknown
	Database version: 8.0.32
	Autocommit mode: undefined/unknown
	Isolation level: undefined/unknown
	Minimum pool size: undefined/unknown
	Maximum pool size: undefined/unknown
2026-02-15 16:10:36.033 [restartedMain] INFO  o.h.e.t.j.p.i.JtaPlatformInitiator - HHH000489: No JTA platform available (set 'hibernate.transaction.jta.platform' to enable JTA platform integration)
2026-02-15 16:10:36.098 [restartedMain] INFO  o.s.o.j.LocalContainerEntityManagerFactoryBean - Initialized JPA EntityManagerFactory for persistence unit 'default'
2026-02-15 16:10:36.564 [restartedMain] INFO  o.s.d.j.r.query.QueryEnhancerFactory - Hibernate is in classpath; If applicable, HQL parser will be used.
2026-02-15 16:10:37.310 [restartedMain] WARN  o.s.b.a.o.j.JpaBaseConfiguration$JpaWebConfiguration - spring.jpa.open-in-view is enabled by default. Therefore, database queries may be performed during view rendering. Explicitly configure spring.jpa.open-in-view to disable this warning
2026-02-15 16:10:37.658 [restartedMain] DEBUG o.s.w.s.m.m.a.RequestMappingHandlerMapping - 15 mappings in 'requestMappingHandlerMapping'
2026-02-15 16:10:37.837 [restartedMain] DEBUG o.s.w.s.h.SimpleUrlHandlerMapping - Patterns [/webjars/**, /**] in 'resourceHandlerMapping'
2026-02-15 16:10:37.925 [restartedMain] INFO  o.s.s.c.a.a.c.InitializeUserDetailsBeanManagerConfigurer$InitializeUserDetailsManagerConfigurer - Global AuthenticationManager configured with UserDetailsService bean with name securityService
2026-02-15 16:10:38.191 [restartedMain] DEBUG o.s.w.s.m.m.a.RequestMappingHandlerAdapter - ControllerAdvice beans: 0 @ModelAttribute, 0 @InitBinder, 1 RequestBodyAdvice, 1 ResponseBodyAdvice
2026-02-15 16:10:38.250 [restartedMain] WARN  o.s.b.a.t.ThymeleafAutoConfiguration$DefaultTemplateResolverConfiguration - Cannot find template location: classpath:/templates/ (please add some templates, check your Thymeleaf configuration, or set spring.thymeleaf.check-template-location=false)
2026-02-15 16:10:38.294 [restartedMain] DEBUG o.s.w.s.m.m.a.ExceptionHandlerExceptionResolver - ControllerAdvice beans: 1 @ExceptionHandler, 1 ResponseBodyAdvice
2026-02-15 16:10:38.344 [restartedMain] DEBUG o.s.w.s.m.m.a.ExceptionHandlerExceptionResolver - ControllerAdvice beans: 1 @ExceptionHandler, 0 ResponseBodyAdvice
2026-02-15 16:10:38.590 [restartedMain] INFO  o.s.b.d.a.OptionalLiveReloadServer - LiveReload server is running on port 35729
2026-02-15 16:10:38.607 [restartedMain] INFO  o.a.coyote.http11.Http11NioProtocol - Starting ProtocolHandler ["http-nio-8080"]
2026-02-15 16:10:38.635 [restartedMain] INFO  o.s.b.w.e.tomcat.TomcatWebServer - Tomcat started on port 8080 (http) with context path '/'
2026-02-15 16:10:38.646 [restartedMain] INFO  c.e.P.ProyectoBackEndApplication - Started ProyectoBackEndApplication in 6.421 seconds (process running for 6.92)
2026-02-15 16:10:40.656 [http-nio-8080-exec-1] INFO  o.a.c.c.C.[Tomcat].[localhost].[/] - Initializing Spring DispatcherServlet 'dispatcherServlet'
2026-02-15 16:10:40.656 [http-nio-8080-exec-1] INFO  o.s.web.servlet.DispatcherServlet - Initializing Servlet 'dispatcherServlet'
2026-02-15 16:10:40.656 [http-nio-8080-exec-1] DEBUG o.s.web.servlet.DispatcherServlet - Detected StandardServletMultipartResolver
2026-02-15 16:10:40.657 [http-nio-8080-exec-1] DEBUG o.s.web.servlet.DispatcherServlet - Detected AcceptHeaderLocaleResolver
2026-02-15 16:10:40.657 [http-nio-8080-exec-1] DEBUG o.s.web.servlet.DispatcherServlet - Detected FixedThemeResolver
2026-02-15 16:10:40.658 [http-nio-8080-exec-1] DEBUG o.s.web.servlet.DispatcherServlet - Detected org.springframework.web.servlet.view.DefaultRequestToViewNameTranslator@19c8efe2
2026-02-15 16:10:40.658 [http-nio-8080-exec-1] DEBUG o.s.web.servlet.DispatcherServlet - Detected org.springframework.web.servlet.support.SessionFlashMapManager@655c82d8
2026-02-15 16:10:40.659 [http-nio-8080-exec-1] DEBUG o.s.web.servlet.DispatcherServlet - enableLoggingRequestDetails='false': request parameters and headers will be masked to prevent unsafe logging of potentially sensitive data
2026-02-15 16:10:40.659 [http-nio-8080-exec-1] INFO  o.s.web.servlet.DispatcherServlet - Completed initialization in 3 ms
2026-02-15 16:10:40.844 [http-nio-8080-exec-1] DEBUG o.s.web.servlet.DispatcherServlet - GET "/api/usuarios-rest", parameters={}
2026-02-15 16:10:41.004 [http-nio-8080-exec-1] DEBUG o.s.w.s.m.m.a.RequestResponseBodyMethodProcessor - Using 'application/hal+json;q=0.8', given [text/html, application/xhtml+xml, image/avif, image/webp, image/apng, application/xml;q=0.9, */*;q=0.8, application/signed-exchange;v=b3;q=0.7] and supported [application/hal+json]
2026-02-15 16:10:41.051 [http-nio-8080-exec-1] DEBUG o.s.w.s.m.m.a.RequestResponseBodyMethodProcessor - Writing [PagedModel { content: [EntityModel { content: UsuarioEntity(idUsuario=1, usuario=admin, contraseña=1 (truncated)...]
2026-02-15 16:10:41.136 [http-nio-8080-exec-1] DEBUG o.s.web.servlet.DispatcherServlet - Completed 200 OK
2026-02-15 16:10:47.252 [http-nio-8080-exec-4] DEBUG o.s.web.servlet.DispatcherServlet - POST "/api/auth-rest/loginAccion", parameters={}
2026-02-15 16:10:47.253 [http-nio-8080-exec-4] DEBUG o.s.w.s.m.m.a.RequestMappingHandlerMapping - Mapped to com.example.ProyectoBackEnd.controller.LoginController#loginAccion(UsuarioEntity, HttpSession)
2026-02-15 16:10:47.296 [http-nio-8080-exec-4] DEBUG o.s.w.s.m.m.a.RequestResponseBodyMethodProcessor - Read "application/json;charset=UTF-8" to [UsuarioEntity(idUsuario=null, usuario=admin, contraseña=1234, fechaCreacion=null, estado=null, fecha (truncated)...]
2026-02-15 16:10:47.358 [http-nio-8080-exec-4] INFO  c.e.P.controller.LoginController - AUDITORIA: Intento de login para usuario: admin
2026-02-15 16:10:47.419 [http-nio-8080-exec-4] INFO  c.e.P.aspect.LogginAspect - Operación buscarPorNombre completada en 4 ms
2026-02-15 16:10:47.429 [http-nio-8080-exec-4] INFO  c.e.P.aspect.LogginAspect - Operación validarLogin completada en 3 ms
2026-02-15 16:10:47.429 [http-nio-8080-exec-4] INFO  c.e.P.controller.LoginController - Login exitoso. Derivando a principal.
2026-02-15 16:10:47.539 [http-nio-8080-exec-4] DEBUG o.s.w.s.m.m.a.RequestResponseBodyMethodProcessor - Using 'application/json', given [application/json, text/plain, */*] and supported [application/hal+json, application/vnd.hal+json, application/json, application/schema+json, application/json-patch+json, application/merge-patch+json, application/x-spring-data-verbose+json, application/x-spring-data-compact+json, application/prs.hal-forms+json, application/*+json]
2026-02-15 16:10:47.539 [http-nio-8080-exec-4] DEBUG o.s.w.s.m.m.a.RequestResponseBodyMethodProcessor - Writing [EntityModel { content: UsuarioEntity(idUsuario=1, usuario=admin, contraseña=1234, fechaCreacion=2026 (truncated)...]
2026-02-15 16:10:47.541 [http-nio-8080-exec-4] DEBUG o.s.web.servlet.DispatcherServlet - Completed 200 OK
2026-02-15 16:14:49.701 [restartedMain] INFO  c.e.P.ProyectoBackEndApplication - Starting ProyectoBackEndApplication using Java 17.0.17 with PID 720 (C:\Users\leofr\OneDrive\Escritorio\ESPECIALIZACION EN JAVA(CIBERTEC) Y OTRAS\JAVA BACK END\PROYECTO FINAL\ProyectoBackEnd (1)\ProyectoBackEnd\target\classes started by leofr in C:\Users\leofr\OneDrive\Escritorio\ESPECIALIZACION EN JAVA(CIBERTEC) Y OTRAS\JAVA BACK END\PROYECTO FINAL\ProyectoBackEnd (1)\ProyectoBackEnd)
2026-02-15 16:14:49.703 [restartedMain] DEBUG c.e.P.ProyectoBackEndApplication - Running with Spring Boot v3.5.10, Spring v6.2.15
2026-02-15 16:14:49.704 [restartedMain] INFO  c.e.P.ProyectoBackEndApplication - No active profile set, falling back to 1 default profile: "default"
2026-02-15 16:14:49.750 [restartedMain] INFO  o.s.b.d.e.DevToolsPropertyDefaultsPostProcessor - Devtools property defaults active! Set 'spring.devtools.add-properties' to 'false' to disable
2026-02-15 16:14:49.750 [restartedMain] INFO  o.s.b.d.e.DevToolsPropertyDefaultsPostProcessor - For additional web related logging consider setting the 'logging.level.web' property to 'DEBUG'
2026-02-15 16:14:50.453 [restartedMain] INFO  o.s.d.r.c.RepositoryConfigurationDelegate - Bootstrapping Spring Data JPA repositories in DEFAULT mode.
2026-02-15 16:14:50.534 [restartedMain] INFO  o.s.d.r.c.RepositoryConfigurationDelegate - Finished Spring Data repository scanning in 72 ms. Found 3 JPA repository interfaces.
2026-02-15 16:14:51.439 [restartedMain] INFO  o.s.b.w.e.tomcat.TomcatWebServer - Tomcat initialized with port 8080 (http)
2026-02-15 16:14:51.450 [restartedMain] INFO  o.a.coyote.http11.Http11NioProtocol - Initializing ProtocolHandler ["http-nio-8080"]
2026-02-15 16:14:51.452 [restartedMain] INFO  o.a.catalina.core.StandardService - Starting service [Tomcat]
2026-02-15 16:14:51.452 [restartedMain] INFO  o.a.catalina.core.StandardEngine - Starting Servlet engine: [Apache Tomcat/10.1.50]
2026-02-15 16:14:51.507 [restartedMain] INFO  o.a.c.c.C.[Tomcat].[localhost].[/] - Initializing Spring embedded WebApplicationContext
2026-02-15 16:14:51.508 [restartedMain] INFO  o.s.b.w.s.c.ServletWebServerApplicationContext - Root WebApplicationContext: initialization completed in 1757 ms
2026-02-15 16:14:51.735 [restartedMain] INFO  o.h.jpa.internal.util.LogHelper - HHH000204: Processing PersistenceUnitInfo [name: default]
2026-02-15 16:14:51.786 [restartedMain] INFO  org.hibernate.Version - HHH000412: Hibernate ORM core version 6.6.41.Final
2026-02-15 16:14:51.827 [restartedMain] INFO  o.h.c.i.RegionFactoryInitiator - HHH000026: Second-level cache disabled
2026-02-15 16:14:52.106 [restartedMain] INFO  o.s.o.j.p.SpringPersistenceUnitInfo - No LoadTimeWeaver setup: ignoring JPA class transformer
2026-02-15 16:14:52.137 [restartedMain] INFO  com.zaxxer.hikari.HikariDataSource - HikariPool-1 - Starting...
2026-02-15 16:14:52.283 [restartedMain] INFO  com.zaxxer.hikari.pool.HikariPool - HikariPool-1 - Added connection com.mysql.cj.jdbc.ConnectionImpl@69c5eba3
2026-02-15 16:14:52.285 [restartedMain] INFO  com.zaxxer.hikari.HikariDataSource - HikariPool-1 - Start completed.
2026-02-15 16:14:52.330 [restartedMain] WARN  org.hibernate.orm.deprecation - HHH90000025: MySQLDialect does not need to be specified explicitly using 'hibernate.dialect' (remove the property setting and it will be selected by default)
2026-02-15 16:14:52.351 [restartedMain] INFO  o.hibernate.orm.connections.pooling - HHH10001005: Database info:
	Database JDBC URL [Connecting through datasource 'HikariDataSource (HikariPool-1)']
	Database driver: undefined/unknown
	Database version: 8.0.32
	Autocommit mode: undefined/unknown
	Isolation level: undefined/unknown
	Minimum pool size: undefined/unknown
	Maximum pool size: undefined/unknown
2026-02-15 16:14:53.050 [restartedMain] INFO  o.h.e.t.j.p.i.JtaPlatformInitiator - HHH000489: No JTA platform available (set 'hibernate.transaction.jta.platform' to enable JTA platform integration)
2026-02-15 16:14:53.119 [restartedMain] INFO  o.s.o.j.LocalContainerEntityManagerFactoryBean - Initialized JPA EntityManagerFactory for persistence unit 'default'
2026-02-15 16:14:53.512 [restartedMain] INFO  o.s.d.j.r.query.QueryEnhancerFactory - Hibernate is in classpath; If applicable, HQL parser will be used.
2026-02-15 16:14:54.077 [restartedMain] WARN  o.s.b.a.o.j.JpaBaseConfiguration$JpaWebConfiguration - spring.jpa.open-in-view is enabled by default. Therefore, database queries may be performed during view rendering. Explicitly configure spring.jpa.open-in-view to disable this warning
2026-02-15 16:14:54.386 [restartedMain] DEBUG o.s.w.s.m.m.a.RequestMappingHandlerMapping - 15 mappings in 'requestMappingHandlerMapping'
2026-02-15 16:14:54.535 [restartedMain] DEBUG o.s.w.s.h.SimpleUrlHandlerMapping - Patterns [/webjars/**, /**] in 'resourceHandlerMapping'
2026-02-15 16:14:54.573 [restartedMain] DEBUG o.s.w.s.m.m.a.RequestMappingHandlerAdapter - ControllerAdvice beans: 0 @ModelAttribute, 0 @InitBinder, 1 RequestBodyAdvice, 1 ResponseBodyAdvice
2026-02-15 16:14:54.635 [restartedMain] WARN  o.s.b.a.t.ThymeleafAutoConfiguration$DefaultTemplateResolverConfiguration - Cannot find template location: classpath:/templates/ (please add some templates, check your Thymeleaf configuration, or set spring.thymeleaf.check-template-location=false)
2026-02-15 16:14:54.668 [restartedMain] DEBUG o.s.w.s.m.m.a.ExceptionHandlerExceptionResolver - ControllerAdvice beans: 1 @ExceptionHandler, 1 ResponseBodyAdvice
2026-02-15 16:14:54.708 [restartedMain] DEBUG o.s.w.s.m.m.a.ExceptionHandlerExceptionResolver - ControllerAdvice beans: 1 @ExceptionHandler, 0 ResponseBodyAdvice
2026-02-15 16:14:54.963 [restartedMain] WARN  o.s.b.a.s.s.UserDetailsServiceAutoConfiguration - 

Using generated security password: a6af971b-d359-45af-afe9-d938533e759e

This generated password is for development use only. Your security configuration must be updated before running your application in production.

2026-02-15 16:14:54.971 [restartedMain] INFO  o.s.s.c.a.a.c.InitializeUserDetailsBeanManagerConfigurer$InitializeUserDetailsManagerConfigurer - Global AuthenticationManager configured with UserDetailsService bean with name inMemoryUserDetailsManager
2026-02-15 16:14:55.161 [restartedMain] INFO  o.s.b.d.a.OptionalLiveReloadServer - LiveReload server is running on port 35729
2026-02-15 16:14:55.177 [restartedMain] INFO  o.a.coyote.http11.Http11NioProtocol - Starting ProtocolHandler ["http-nio-8080"]
2026-02-15 16:14:55.206 [restartedMain] INFO  o.s.b.w.e.tomcat.TomcatWebServer - Tomcat started on port 8080 (http) with context path '/'
2026-02-15 16:14:55.214 [restartedMain] INFO  c.e.P.ProyectoBackEndApplication - Started ProyectoBackEndApplication in 5.854 seconds (process running for 6.359)
2026-02-15 16:15:00.024 [http-nio-8080-exec-1] INFO  o.a.c.c.C.[Tomcat].[localhost].[/] - Initializing Spring DispatcherServlet 'dispatcherServlet'
2026-02-15 16:15:00.025 [http-nio-8080-exec-1] INFO  o.s.web.servlet.DispatcherServlet - Initializing Servlet 'dispatcherServlet'
2026-02-15 16:15:00.025 [http-nio-8080-exec-1] DEBUG o.s.web.servlet.DispatcherServlet - Detected StandardServletMultipartResolver
2026-02-15 16:15:00.025 [http-nio-8080-exec-1] DEBUG o.s.web.servlet.DispatcherServlet - Detected AcceptHeaderLocaleResolver
2026-02-15 16:15:00.025 [http-nio-8080-exec-1] DEBUG o.s.web.servlet.DispatcherServlet - Detected FixedThemeResolver
2026-02-15 16:15:00.026 [http-nio-8080-exec-1] DEBUG o.s.web.servlet.DispatcherServlet - Detected org.springframework.web.servlet.view.DefaultRequestToViewNameTranslator@40784aae
2026-02-15 16:15:00.026 [http-nio-8080-exec-1] DEBUG o.s.web.servlet.DispatcherServlet - Detected org.springframework.web.servlet.support.SessionFlashMapManager@3c792fa6
2026-02-15 16:15:00.026 [http-nio-8080-exec-1] DEBUG o.s.web.servlet.DispatcherServlet - enableLoggingRequestDetails='false': request parameters and headers will be masked to prevent unsafe logging of potentially sensitive data
2026-02-15 16:15:00.026 [http-nio-8080-exec-1] INFO  o.s.web.servlet.DispatcherServlet - Completed initialization in 1 ms
2026-02-15 16:15:48.008 [http-nio-8080-exec-9] DEBUG o.s.web.servlet.DispatcherServlet - "ERROR" dispatch for GET "/error?continue", parameters={masked}
2026-02-15 16:15:48.011 [http-nio-8080-exec-9] DEBUG o.s.w.s.m.m.a.RequestMappingHandlerMapping - Mapped to org.springframework.boot.autoconfigure.web.servlet.error.BasicErrorController#errorHtml(HttpServletRequest, HttpServletResponse)
2026-02-15 16:15:48.053 [http-nio-8080-exec-9] DEBUG o.s.w.s.v.ContentNegotiatingViewResolver - Selected 'text/html' given [text/html, text/html;q=0.8]
2026-02-15 16:15:48.056 [http-nio-8080-exec-9] DEBUG o.s.web.servlet.DispatcherServlet - Exiting from "ERROR" dispatch, status 401
2026-02-15 16:15:51.725 [http-nio-8080-exec-6] DEBUG o.s.web.servlet.DispatcherServlet - "ERROR" dispatch for GET "/error?continue", parameters={masked}
2026-02-15 16:15:51.725 [http-nio-8080-exec-6] DEBUG o.s.w.s.m.m.a.RequestMappingHandlerMapping - Mapped to org.springframework.boot.autoconfigure.web.servlet.error.BasicErrorController#errorHtml(HttpServletRequest, HttpServletResponse)
2026-02-15 16:15:51.729 [http-nio-8080-exec-6] DEBUG o.s.w.s.v.ContentNegotiatingViewResolver - Selected 'text/html' given [text/html, text/html;q=0.8]
2026-02-15 16:15:51.730 [http-nio-8080-exec-6] DEBUG o.s.web.servlet.DispatcherServlet - Exiting from "ERROR" dispatch, status 401
2026-02-15 16:15:54.716 [http-nio-8080-exec-10] DEBUG o.s.web.servlet.DispatcherServlet - GET "/error?continue", parameters={masked}
2026-02-15 16:15:54.717 [http-nio-8080-exec-10] DEBUG o.s.w.s.m.m.a.RequestMappingHandlerMapping - Mapped to org.springframework.boot.autoconfigure.web.servlet.error.BasicErrorController#errorHtml(HttpServletRequest, HttpServletResponse)
2026-02-15 16:15:54.723 [http-nio-8080-exec-10] DEBUG o.s.w.s.v.ContentNegotiatingViewResolver - Selected 'text/html' given [text/html, text/html;q=0.8]
2026-02-15 16:15:54.724 [http-nio-8080-exec-10] DEBUG o.s.web.servlet.DispatcherServlet - Completed 500 INTERNAL_SERVER_ERROR
2026-02-15 16:16:32.532 [restartedMain] INFO  c.e.P.ProyectoBackEndApplication - Starting ProyectoBackEndApplication using Java 17.0.17 with PID 28036 (C:\Users\leofr\OneDrive\Escritorio\ESPECIALIZACION EN JAVA(CIBERTEC) Y OTRAS\JAVA BACK END\PROYECTO FINAL\ProyectoBackEnd (1)\ProyectoBackEnd\target\classes started by leofr in C:\Users\leofr\OneDrive\Escritorio\ESPECIALIZACION EN JAVA(CIBERTEC) Y OTRAS\JAVA BACK END\PROYECTO FINAL\ProyectoBackEnd (1)\ProyectoBackEnd)
2026-02-15 16:16:32.535 [restartedMain] DEBUG c.e.P.ProyectoBackEndApplication - Running with Spring Boot v3.5.10, Spring v6.2.15
2026-02-15 16:16:32.536 [restartedMain] INFO  c.e.P.ProyectoBackEndApplication - No active profile set, falling back to 1 default profile: "default"
2026-02-15 16:16:32.586 [restartedMain] INFO  o.s.b.d.e.DevToolsPropertyDefaultsPostProcessor - Devtools property defaults active! Set 'spring.devtools.add-properties' to 'false' to disable
2026-02-15 16:16:32.587 [restartedMain] INFO  o.s.b.d.e.DevToolsPropertyDefaultsPostProcessor - For additional web related logging consider setting the 'logging.level.web' property to 'DEBUG'
2026-02-15 16:16:33.227 [restartedMain] INFO  o.s.d.r.c.RepositoryConfigurationDelegate - Bootstrapping Spring Data JPA repositories in DEFAULT mode.
2026-02-15 16:16:33.304 [restartedMain] INFO  o.s.d.r.c.RepositoryConfigurationDelegate - Finished Spring Data repository scanning in 68 ms. Found 3 JPA repository interfaces.
2026-02-15 16:16:34.057 [restartedMain] INFO  o.s.b.w.e.tomcat.TomcatWebServer - Tomcat initialized with port 8080 (http)
2026-02-15 16:16:34.074 [restartedMain] INFO  o.a.coyote.http11.Http11NioProtocol - Initializing ProtocolHandler ["http-nio-8080"]
2026-02-15 16:16:34.077 [restartedMain] INFO  o.a.catalina.core.StandardService - Starting service [Tomcat]
2026-02-15 16:16:34.077 [restartedMain] INFO  o.a.catalina.core.StandardEngine - Starting Servlet engine: [Apache Tomcat/10.1.50]
2026-02-15 16:16:34.129 [restartedMain] INFO  o.a.c.c.C.[Tomcat].[localhost].[/] - Initializing Spring embedded WebApplicationContext
2026-02-15 16:16:34.131 [restartedMain] INFO  o.s.b.w.s.c.ServletWebServerApplicationContext - Root WebApplicationContext: initialization completed in 1543 ms
2026-02-15 16:16:34.331 [restartedMain] INFO  o.h.jpa.internal.util.LogHelper - HHH000204: Processing PersistenceUnitInfo [name: default]
2026-02-15 16:16:34.387 [restartedMain] INFO  org.hibernate.Version - HHH000412: Hibernate ORM core version 6.6.41.Final
2026-02-15 16:16:34.425 [restartedMain] INFO  o.h.c.i.RegionFactoryInitiator - HHH000026: Second-level cache disabled
2026-02-15 16:16:34.702 [restartedMain] INFO  o.s.o.j.p.SpringPersistenceUnitInfo - No LoadTimeWeaver setup: ignoring JPA class transformer
2026-02-15 16:16:34.744 [restartedMain] INFO  com.zaxxer.hikari.HikariDataSource - HikariPool-1 - Starting...
2026-02-15 16:16:34.891 [restartedMain] INFO  com.zaxxer.hikari.pool.HikariPool - HikariPool-1 - Added connection com.mysql.cj.jdbc.ConnectionImpl@461ba074
2026-02-15 16:16:34.893 [restartedMain] INFO  com.zaxxer.hikari.HikariDataSource - HikariPool-1 - Start completed.
2026-02-15 16:16:34.938 [restartedMain] WARN  org.hibernate.orm.deprecation - HHH90000025: MySQLDialect does not need to be specified explicitly using 'hibernate.dialect' (remove the property setting and it will be selected by default)
2026-02-15 16:16:34.957 [restartedMain] INFO  o.hibernate.orm.connections.pooling - HHH10001005: Database info:
	Database JDBC URL [Connecting through datasource 'HikariDataSource (HikariPool-1)']
	Database driver: undefined/unknown
	Database version: 8.0.32
	Autocommit mode: undefined/unknown
	Isolation level: undefined/unknown
	Minimum pool size: undefined/unknown
	Maximum pool size: undefined/unknown
2026-02-15 16:16:35.631 [restartedMain] INFO  o.h.e.t.j.p.i.JtaPlatformInitiator - HHH000489: No JTA platform available (set 'hibernate.transaction.jta.platform' to enable JTA platform integration)
2026-02-15 16:16:35.708 [restartedMain] INFO  o.s.o.j.LocalContainerEntityManagerFactoryBean - Initialized JPA EntityManagerFactory for persistence unit 'default'
2026-02-15 16:16:36.062 [restartedMain] INFO  o.s.d.j.r.query.QueryEnhancerFactory - Hibernate is in classpath; If applicable, HQL parser will be used.
2026-02-15 16:16:36.651 [restartedMain] WARN  o.s.b.a.o.j.JpaBaseConfiguration$JpaWebConfiguration - spring.jpa.open-in-view is enabled by default. Therefore, database queries may be performed during view rendering. Explicitly configure spring.jpa.open-in-view to disable this warning
2026-02-15 16:16:36.932 [restartedMain] DEBUG o.s.w.s.m.m.a.RequestMappingHandlerMapping - 15 mappings in 'requestMappingHandlerMapping'
2026-02-15 16:16:37.077 [restartedMain] DEBUG o.s.w.s.h.SimpleUrlHandlerMapping - Patterns [/webjars/**, /**] in 'resourceHandlerMapping'
2026-02-15 16:16:37.112 [restartedMain] DEBUG o.s.w.s.m.m.a.RequestMappingHandlerAdapter - ControllerAdvice beans: 0 @ModelAttribute, 0 @InitBinder, 1 RequestBodyAdvice, 1 ResponseBodyAdvice
2026-02-15 16:16:37.165 [restartedMain] WARN  o.s.b.a.t.ThymeleafAutoConfiguration$DefaultTemplateResolverConfiguration - Cannot find template location: classpath:/templates/ (please add some templates, check your Thymeleaf configuration, or set spring.thymeleaf.check-template-location=false)
2026-02-15 16:16:37.203 [restartedMain] DEBUG o.s.w.s.m.m.a.ExceptionHandlerExceptionResolver - ControllerAdvice beans: 1 @ExceptionHandler, 1 ResponseBodyAdvice
2026-02-15 16:16:37.243 [restartedMain] DEBUG o.s.w.s.m.m.a.ExceptionHandlerExceptionResolver - ControllerAdvice beans: 1 @ExceptionHandler, 0 ResponseBodyAdvice
2026-02-15 16:16:37.478 [restartedMain] INFO  o.s.b.d.a.OptionalLiveReloadServer - LiveReload server is running on port 35729
2026-02-15 16:16:37.492 [restartedMain] INFO  o.a.coyote.http11.Http11NioProtocol - Starting ProtocolHandler ["http-nio-8080"]
2026-02-15 16:16:37.515 [restartedMain] INFO  o.s.b.w.e.tomcat.TomcatWebServer - Tomcat started on port 8080 (http) with context path '/'
2026-02-15 16:16:37.523 [restartedMain] INFO  c.e.P.ProyectoBackEndApplication - Started ProyectoBackEndApplication in 5.324 seconds (process running for 5.826)
2026-02-15 16:16:45.431 [http-nio-8080-exec-1] INFO  o.a.c.c.C.[Tomcat].[localhost].[/] - Initializing Spring DispatcherServlet 'dispatcherServlet'
2026-02-15 16:16:45.431 [http-nio-8080-exec-1] INFO  o.s.web.servlet.DispatcherServlet - Initializing Servlet 'dispatcherServlet'
2026-02-15 16:16:45.432 [http-nio-8080-exec-1] DEBUG o.s.web.servlet.DispatcherServlet - Detected StandardServletMultipartResolver
2026-02-15 16:16:45.432 [http-nio-8080-exec-1] DEBUG o.s.web.servlet.DispatcherServlet - Detected AcceptHeaderLocaleResolver
2026-02-15 16:16:45.432 [http-nio-8080-exec-1] DEBUG o.s.web.servlet.DispatcherServlet - Detected FixedThemeResolver
2026-02-15 16:16:45.433 [http-nio-8080-exec-1] DEBUG o.s.web.servlet.DispatcherServlet - Detected org.springframework.web.servlet.view.DefaultRequestToViewNameTranslator@7411b1a9
2026-02-15 16:16:45.433 [http-nio-8080-exec-1] DEBUG o.s.web.servlet.DispatcherServlet - Detected org.springframework.web.servlet.support.SessionFlashMapManager@364f0ff6
2026-02-15 16:16:45.433 [http-nio-8080-exec-1] DEBUG o.s.web.servlet.DispatcherServlet - enableLoggingRequestDetails='false': request parameters and headers will be masked to prevent unsafe logging of potentially sensitive data
2026-02-15 16:16:45.433 [http-nio-8080-exec-1] INFO  o.s.web.servlet.DispatcherServlet - Completed initialization in 2 ms
2026-02-15 16:16:45.444 [http-nio-8080-exec-1] DEBUG o.s.web.servlet.DispatcherServlet - OPTIONS "/api/auth-rest/loginAccion", parameters={}
2026-02-15 16:16:45.458 [http-nio-8080-exec-1] DEBUG o.s.w.s.m.m.a.RequestMappingHandlerMapping - Mapped to com.example.ProyectoBackEnd.controller.LoginController#loginAccion(UsuarioEntity, HttpSession)
2026-02-15 16:16:45.478 [http-nio-8080-exec-1] DEBUG o.s.web.servlet.DispatcherServlet - Completed 200 OK
2026-02-15 16:16:45.484 [http-nio-8080-exec-2] DEBUG o.s.web.servlet.DispatcherServlet - POST "/api/auth-rest/loginAccion", parameters={}
2026-02-15 16:16:45.484 [http-nio-8080-exec-2] DEBUG o.s.w.s.m.m.a.RequestMappingHandlerMapping - Mapped to com.example.ProyectoBackEnd.controller.LoginController#loginAccion(UsuarioEntity, HttpSession)
2026-02-15 16:16:45.597 [http-nio-8080-exec-2] DEBUG o.s.w.s.m.m.a.RequestResponseBodyMethodProcessor - Read "application/json;charset=UTF-8" to [UsuarioEntity(idUsuario=null, usuario=admin, contraseña=1234, fechaCreacion=null, estado=null, fecha (truncated)...]
2026-02-15 16:16:45.667 [http-nio-8080-exec-2] INFO  c.e.P.controller.LoginController - AUDITORIA: Intento de login para usuario: admin
2026-02-15 16:16:45.866 [http-nio-8080-exec-2] INFO  c.e.P.aspect.LogginAspect - Operación buscarPorNombre completada en 135 ms
2026-02-15 16:16:45.878 [http-nio-8080-exec-2] INFO  c.e.P.aspect.LogginAspect - Operación validarLogin completada en 3 ms
2026-02-15 16:16:45.879 [http-nio-8080-exec-2] INFO  c.e.P.controller.LoginController - Login exitoso. Derivando a principal.
2026-02-15 16:16:46.014 [http-nio-8080-exec-2] DEBUG o.s.w.s.m.m.a.RequestResponseBodyMethodProcessor - Using 'application/json', given [application/json, text/plain, */*] and supported [application/hal+json, application/vnd.hal+json, application/json, application/schema+json, application/json-patch+json, application/merge-patch+json, application/x-spring-data-verbose+json, application/x-spring-data-compact+json, application/prs.hal-forms+json, application/*+json]
2026-02-15 16:16:46.015 [http-nio-8080-exec-2] DEBUG o.s.w.s.m.m.a.RequestResponseBodyMethodProcessor - Writing [EntityModel { content: UsuarioEntity(idUsuario=1, usuario=admin, contraseña=1234, fechaCreacion=2026 (truncated)...]
2026-02-15 16:16:46.047 [http-nio-8080-exec-2] DEBUG o.s.web.servlet.DispatcherServlet - Completed 200 OK
2026-02-15 16:16:47.719 [http-nio-8080-exec-3] DEBUG o.s.web.servlet.DispatcherServlet - OPTIONS "/api/tareas-rest/search/porUsuario?id=1&size=100", parameters={masked}
2026-02-15 16:16:47.719 [http-nio-8080-exec-4] DEBUG o.s.web.servlet.DispatcherServlet - OPTIONS "/api/tareas-rest/search/porUsuario?id=1&size=100", parameters={masked}
2026-02-15 16:16:47.732 [http-nio-8080-exec-4] DEBUG o.s.web.servlet.DispatcherServlet - Completed 200 OK
2026-02-15 16:16:47.732 [http-nio-8080-exec-3] DEBUG o.s.web.servlet.DispatcherServlet - Completed 200 OK
2026-02-15 16:16:47.734 [http-nio-8080-exec-5] DEBUG o.s.web.servlet.DispatcherServlet - GET "/api/tareas-rest/search/porUsuario?id=1&size=100", parameters={masked}
2026-02-15 16:16:47.818 [http-nio-8080-exec-5] DEBUG o.s.w.s.m.m.a.HttpEntityMethodProcessor - Using 'application/json', given [application/json, text/plain, */*] and supported [application/hal+json, application/json]
2026-02-15 16:16:47.826 [http-nio-8080-exec-5] DEBUG o.s.w.s.m.m.a.HttpEntityMethodProcessor - Writing [PagedModel { content: [EntityModel { content: TaskEntity(idTarea=1, titulo=Configurar el entorno de  (truncated)...]
2026-02-15 16:16:47.863 [http-nio-8080-exec-5] DEBUG o.s.web.servlet.DispatcherServlet - Completed 200 OK
2026-02-15 16:16:47.864 [http-nio-8080-exec-10] DEBUG o.s.web.servlet.DispatcherServlet - GET "/api/tareas-rest/search/porUsuario?id=1&size=100", parameters={masked}
2026-02-15 16:16:47.882 [http-nio-8080-exec-10] DEBUG o.s.w.s.m.m.a.HttpEntityMethodProcessor - Using 'application/json', given [application/json, text/plain, */*] and supported [application/hal+json, application/json]
2026-02-15 16:16:47.883 [http-nio-8080-exec-10] DEBUG o.s.w.s.m.m.a.HttpEntityMethodProcessor - Writing [PagedModel { content: [EntityModel { content: TaskEntity(idTarea=1, titulo=Configurar el entorno de  (truncated)...]
2026-02-15 16:16:47.901 [http-nio-8080-exec-10] DEBUG o.s.web.servlet.DispatcherServlet - Completed 200 OK
2026-02-15 16:16:52.284 [http-nio-8080-exec-7] DEBUG o.s.web.servlet.DispatcherServlet - GET "/api/auditoria?size=100&sort=fechaHora,desc", parameters={masked}
2026-02-15 16:16:52.367 [http-nio-8080-exec-7] DEBUG o.s.w.s.m.m.a.RequestResponseBodyMethodProcessor - Using 'application/json', given [application/json, text/plain, */*] and supported [application/hal+json, application/json]
2026-02-15 16:16:52.370 [http-nio-8080-exec-7] DEBUG o.s.w.s.m.m.a.RequestResponseBodyMethodProcessor - Writing [PagedModel { content: [EntityModel { content: AuditoriaEntity(idauditoria=2467, fechaHora=2026-02-15 (truncated)...]
2026-02-15 16:16:52.395 [http-nio-8080-exec-8] DEBUG o.s.web.servlet.DispatcherServlet - GET "/api/auditoria?size=100&sort=fechaHora,desc", parameters={masked}
2026-02-15 16:16:52.420 [http-nio-8080-exec-7] DEBUG o.s.web.servlet.DispatcherServlet - Completed 200 OK
2026-02-15 16:16:52.442 [http-nio-8080-exec-8] DEBUG o.s.w.s.m.m.a.RequestResponseBodyMethodProcessor - Using 'application/json', given [application/json, text/plain, */*] and supported [application/hal+json, application/json]
2026-02-15 16:16:52.443 [http-nio-8080-exec-8] DEBUG o.s.w.s.m.m.a.RequestResponseBodyMethodProcessor - Writing [PagedModel { content: [EntityModel { content: AuditoriaEntity(idauditoria=2467, fechaHora=2026-02-15 (truncated)...]
2026-02-15 16:16:52.487 [http-nio-8080-exec-8] DEBUG o.s.web.servlet.DispatcherServlet - Completed 200 OK
2026-02-15 16:16:54.709 [http-nio-8080-exec-9] DEBUG o.s.web.servlet.DispatcherServlet - GET "/api/usuarios-rest?size=100", parameters={masked}
2026-02-15 16:16:54.738 [http-nio-8080-exec-9] DEBUG o.s.w.s.m.m.a.RequestResponseBodyMethodProcessor - Using 'application/json', given [application/json, text/plain, */*] and supported [application/hal+json, application/json]
2026-02-15 16:16:54.739 [http-nio-8080-exec-9] DEBUG o.s.w.s.m.m.a.RequestResponseBodyMethodProcessor - Writing [PagedModel { content: [EntityModel { content: UsuarioEntity(idUsuario=1, usuario=admin, contraseña=1 (truncated)...]
2026-02-15 16:16:54.752 [http-nio-8080-exec-6] DEBUG o.s.web.servlet.DispatcherServlet - GET "/api/usuarios-rest?size=100", parameters={masked}
2026-02-15 16:16:54.754 [http-nio-8080-exec-9] DEBUG o.s.web.servlet.DispatcherServlet - Completed 200 OK
2026-02-15 16:16:54.770 [http-nio-8080-exec-6] DEBUG o.s.w.s.m.m.a.RequestResponseBodyMethodProcessor - Using 'application/json', given [application/json, text/plain, */*] and supported [application/hal+json, application/json]
2026-02-15 16:16:54.771 [http-nio-8080-exec-6] DEBUG o.s.w.s.m.m.a.RequestResponseBodyMethodProcessor - Writing [PagedModel { content: [EntityModel { content: UsuarioEntity(idUsuario=1, usuario=admin, contraseña=1 (truncated)...]
2026-02-15 16:16:54.784 [http-nio-8080-exec-6] DEBUG o.s.web.servlet.DispatcherServlet - Completed 200 OK
2026-02-15 16:16:58.813 [http-nio-8080-exec-1] DEBUG o.s.web.servlet.DispatcherServlet - GET "/api/usuarios-rest?page=0&size=5", parameters={masked}
2026-02-15 16:16:58.824 [http-nio-8080-exec-1] DEBUG o.s.w.s.m.m.a.RequestResponseBodyMethodProcessor - Using 'application/json', given [application/json, text/plain, */*] and supported [application/hal+json, application/json]
2026-02-15 16:16:58.824 [http-nio-8080-exec-1] DEBUG o.s.w.s.m.m.a.RequestResponseBodyMethodProcessor - Writing [PagedModel { content: [EntityModel { content: UsuarioEntity(idUsuario=1, usuario=admin, contraseña=1 (truncated)...]
2026-02-15 16:16:58.827 [http-nio-8080-exec-1] DEBUG o.s.web.servlet.DispatcherServlet - Completed 200 OK
2026-02-15 16:16:58.828 [http-nio-8080-exec-2] DEBUG o.s.web.servlet.DispatcherServlet - GET "/api/usuarios-rest?page=0&size=5", parameters={masked}
2026-02-15 16:16:58.842 [http-nio-8080-exec-2] DEBUG o.s.w.s.m.m.a.RequestResponseBodyMethodProcessor - Using 'application/json', given [application/json, text/plain, */*] and supported [application/hal+json, application/json]
2026-02-15 16:16:58.842 [http-nio-8080-exec-2] DEBUG o.s.w.s.m.m.a.RequestResponseBodyMethodProcessor - Writing [PagedModel { content: [EntityModel { content: UsuarioEntity(idUsuario=1, usuario=admin, contraseña=1 (truncated)...]
2026-02-15 16:16:58.845 [http-nio-8080-exec-2] DEBUG o.s.web.servlet.DispatcherServlet - Completed 200 OK
2026-02-15 16:17:00.843 [http-nio-8080-exec-4] DEBUG o.s.web.servlet.DispatcherServlet - GET "/api/usuarios-rest?page=0&size=5", parameters={masked}
2026-02-15 16:17:00.855 [http-nio-8080-exec-4] DEBUG o.s.w.s.m.m.a.RequestResponseBodyMethodProcessor - Using 'application/json', given [application/json, text/plain, */*] and supported [application/hal+json, application/json]
2026-02-15 16:17:00.855 [http-nio-8080-exec-4] DEBUG o.s.w.s.m.m.a.RequestResponseBodyMethodProcessor - Writing [PagedModel { content: [EntityModel { content: UsuarioEntity(idUsuario=1, usuario=admin, contraseña=1 (truncated)...]
2026-02-15 16:17:00.858 [http-nio-8080-exec-4] DEBUG o.s.web.servlet.DispatcherServlet - Completed 200 OK
2026-02-15 16:17:00.860 [http-nio-8080-exec-3] DEBUG o.s.web.servlet.DispatcherServlet - GET "/api/usuarios-rest?page=0&size=5", parameters={masked}
2026-02-15 16:17:00.871 [http-nio-8080-exec-3] DEBUG o.s.w.s.m.m.a.RequestResponseBodyMethodProcessor - Using 'application/json', given [application/json, text/plain, */*] and supported [application/hal+json, application/json]
2026-02-15 16:17:00.872 [http-nio-8080-exec-3] DEBUG o.s.w.s.m.m.a.RequestResponseBodyMethodProcessor - Writing [PagedModel { content: [EntityModel { content: UsuarioEntity(idUsuario=1, usuario=admin, contraseña=1 (truncated)...]
2026-02-15 16:17:00.874 [http-nio-8080-exec-3] DEBUG o.s.web.servlet.DispatcherServlet - Completed 200 OK
2026-02-15 16:17:49.194 [http-nio-8080-exec-10] DEBUG o.s.web.servlet.DispatcherServlet - OPTIONS "/api/auditoria?size=100&sort=fechaHora,desc", parameters={masked}
2026-02-15 16:17:49.194 [http-nio-8080-exec-5] DEBUG o.s.web.servlet.DispatcherServlet - OPTIONS "/api/auditoria?size=100&sort=fechaHora,desc", parameters={masked}
2026-02-15 16:17:49.197 [http-nio-8080-exec-10] DEBUG o.s.web.servlet.DispatcherServlet - Completed 200 OK
2026-02-15 16:17:49.197 [http-nio-8080-exec-5] DEBUG o.s.web.servlet.DispatcherServlet - Completed 200 OK
2026-02-15 16:17:49.200 [http-nio-8080-exec-7] DEBUG o.s.web.servlet.DispatcherServlet - GET "/api/auditoria?size=100&sort=fechaHora,desc", parameters={masked}
2026-02-15 16:17:49.229 [http-nio-8080-exec-7] DEBUG o.s.w.s.m.m.a.RequestResponseBodyMethodProcessor - Using 'application/json', given [application/json, text/plain, */*] and supported [application/hal+json, application/json]
2026-02-15 16:17:49.230 [http-nio-8080-exec-7] DEBUG o.s.w.s.m.m.a.RequestResponseBodyMethodProcessor - Writing [PagedModel { content: [EntityModel { content: AuditoriaEntity(idauditoria=2467, fechaHora=2026-02-15 (truncated)...]
2026-02-15 16:17:49.240 [http-nio-8080-exec-8] DEBUG o.s.web.servlet.DispatcherServlet - GET "/api/auditoria?size=100&sort=fechaHora,desc", parameters={masked}
2026-02-15 16:17:49.253 [http-nio-8080-exec-7] DEBUG o.s.web.servlet.DispatcherServlet - Completed 200 OK
2026-02-15 16:17:49.272 [http-nio-8080-exec-8] DEBUG o.s.w.s.m.m.a.RequestResponseBodyMethodProcessor - Using 'application/json', given [application/json, text/plain, */*] and supported [application/hal+json, application/json]
2026-02-15 16:17:49.273 [http-nio-8080-exec-8] DEBUG o.s.w.s.m.m.a.RequestResponseBodyMethodProcessor - Writing [PagedModel { content: [EntityModel { content: AuditoriaEntity(idauditoria=2467, fechaHora=2026-02-15 (truncated)...]
2026-02-15 16:17:49.298 [http-nio-8080-exec-8] DEBUG o.s.web.servlet.DispatcherServlet - Completed 200 OK
2026-02-15 16:25:46.335 [http-nio-8080-exec-1] DEBUG o.s.web.servlet.DispatcherServlet - POST "/api/auth-rest/loginAccion", parameters={}
2026-02-15 16:25:46.336 [http-nio-8080-exec-1] DEBUG o.s.w.s.m.m.a.RequestMappingHandlerMapping - Mapped to com.example.ProyectoBackEnd.controller.LoginController#loginAccion(UsuarioEntity, HttpSession)
2026-02-15 16:25:46.337 [http-nio-8080-exec-1] DEBUG o.s.w.s.m.m.a.RequestResponseBodyMethodProcessor - Read "application/json;charset=UTF-8" to [UsuarioEntity(idUsuario=null, usuario=ADMIN, contraseña=1234, fechaCreacion=null, estado=null, fecha (truncated)...]
2026-02-15 16:25:46.337 [http-nio-8080-exec-1] INFO  c.e.P.controller.LoginController - AUDITORIA: Intento de login para usuario: ADMIN
2026-02-15 16:25:46.349 [http-nio-8080-exec-1] INFO  c.e.P.aspect.LogginAspect - Operación buscarPorNombre completada en 4 ms
2026-02-15 16:25:46.359 [http-nio-8080-exec-1] INFO  c.e.P.aspect.LogginAspect - Operación validarLogin completada en 2 ms
2026-02-15 16:25:46.359 [http-nio-8080-exec-1] INFO  c.e.P.controller.LoginController - Login exitoso. Derivando a principal.
2026-02-15 16:25:46.373 [http-nio-8080-exec-1] DEBUG o.s.w.s.m.m.a.RequestResponseBodyMethodProcessor - Using 'application/json', given [application/json, text/plain, */*] and supported [application/hal+json, application/vnd.hal+json, application/json, application/schema+json, application/json-patch+json, application/merge-patch+json, application/x-spring-data-verbose+json, application/x-spring-data-compact+json, application/prs.hal-forms+json, application/*+json]
2026-02-15 16:25:46.373 [http-nio-8080-exec-1] DEBUG o.s.w.s.m.m.a.RequestResponseBodyMethodProcessor - Writing [EntityModel { content: UsuarioEntity(idUsuario=1, usuario=admin, contraseña=1234, fechaCreacion=2026 (truncated)...]
2026-02-15 16:25:46.375 [http-nio-8080-exec-1] DEBUG o.s.web.servlet.DispatcherServlet - Completed 200 OK
2026-02-15 16:28:45.650 [http-nio-8080-exec-4] DEBUG o.s.web.servlet.DispatcherServlet - POST "/api/auth-rest/loginAccion", parameters={}
2026-02-15 16:28:45.652 [http-nio-8080-exec-4] DEBUG o.s.w.s.m.m.a.RequestMappingHandlerMapping - Mapped to com.example.ProyectoBackEnd.controller.LoginController#loginAccion(UsuarioEntity, HttpSession)
2026-02-15 16:28:45.653 [http-nio-8080-exec-4] DEBUG o.s.w.s.m.m.a.RequestResponseBodyMethodProcessor - Read "application/json;charset=UTF-8" to [UsuarioEntity(idUsuario=null, usuario=ADMIN, contraseña=1234, fechaCreacion=null, estado=null, fecha (truncated)...]
2026-02-15 16:28:45.653 [http-nio-8080-exec-4] INFO  c.e.P.controller.LoginController - AUDITORIA: Intento de login para usuario: ADMIN
2026-02-15 16:28:45.664 [http-nio-8080-exec-4] INFO  c.e.P.aspect.LogginAspect - Operación buscarPorNombre completada en 4 ms
2026-02-15 16:28:45.671 [http-nio-8080-exec-4] INFO  c.e.P.aspect.LogginAspect - Operación validarLogin completada en 2 ms
2026-02-15 16:28:45.671 [http-nio-8080-exec-4] INFO  c.e.P.controller.LoginController - Login exitoso. Derivando a principal.
2026-02-15 16:28:45.681 [http-nio-8080-exec-4] DEBUG o.s.w.s.m.m.a.RequestResponseBodyMethodProcessor - Using 'application/json', given [application/json, text/plain, */*] and supported [application/hal+json, application/vnd.hal+json, application/json, application/schema+json, application/json-patch+json, application/merge-patch+json, application/x-spring-data-verbose+json, application/x-spring-data-compact+json, application/prs.hal-forms+json, application/*+json]
2026-02-15 16:28:45.681 [http-nio-8080-exec-4] DEBUG o.s.w.s.m.m.a.RequestResponseBodyMethodProcessor - Writing [EntityModel { content: UsuarioEntity(idUsuario=1, usuario=admin, contraseña=1234, fechaCreacion=2026 (truncated)...]
2026-02-15 16:28:45.682 [http-nio-8080-exec-4] DEBUG o.s.web.servlet.DispatcherServlet - Completed 200 OK
2026-02-15 16:28:48.433 [http-nio-8080-exec-3] DEBUG o.s.web.servlet.DispatcherServlet - GET "/api/tareas-rest/search/porUsuario?id=1&size=100", parameters={masked}
2026-02-15 16:28:48.447 [http-nio-8080-exec-3] DEBUG o.s.w.s.m.m.a.HttpEntityMethodProcessor - Using 'application/json', given [application/json, text/plain, */*] and supported [application/hal+json, application/json]
2026-02-15 16:28:48.448 [http-nio-8080-exec-3] DEBUG o.s.w.s.m.m.a.HttpEntityMethodProcessor - Writing [PagedModel { content: [EntityModel { content: TaskEntity(idTarea=1, titulo=Configurar el entorno de  (truncated)...]
2026-02-15 16:28:48.453 [http-nio-8080-exec-3] DEBUG o.s.web.servlet.DispatcherServlet - Completed 200 OK
2026-02-15 16:28:48.454 [http-nio-8080-exec-10] DEBUG o.s.web.servlet.DispatcherServlet - GET "/api/tareas-rest/search/porUsuario?id=1&size=100", parameters={masked}
2026-02-15 16:28:48.464 [http-nio-8080-exec-10] DEBUG o.s.w.s.m.m.a.HttpEntityMethodProcessor - Using 'application/json', given [application/json, text/plain, */*] and supported [application/hal+json, application/json]
2026-02-15 16:28:48.464 [http-nio-8080-exec-10] DEBUG o.s.w.s.m.m.a.HttpEntityMethodProcessor - Writing [PagedModel { content: [EntityModel { content: TaskEntity(idTarea=1, titulo=Configurar el entorno de  (truncated)...]
2026-02-15 16:28:48.468 [http-nio-8080-exec-10] DEBUG o.s.web.servlet.DispatcherServlet - Completed 200 OK
2026-02-15 16:28:56.553 [http-nio-8080-exec-5] DEBUG o.s.web.servlet.DispatcherServlet - POST "/api/auth-rest/loginAccion", parameters={}
2026-02-15 16:28:56.554 [http-nio-8080-exec-5] DEBUG o.s.w.s.m.m.a.RequestMappingHandlerMapping - Mapped to com.example.ProyectoBackEnd.controller.LoginController#loginAccion(UsuarioEntity, HttpSession)
2026-02-15 16:28:56.555 [http-nio-8080-exec-5] DEBUG o.s.w.s.m.m.a.RequestResponseBodyMethodProcessor - Read "application/json;charset=UTF-8" to [UsuarioEntity(idUsuario=null, usuario=admin, contraseña=1234, fechaCreacion=null, estado=null, fecha (truncated)...]
2026-02-15 16:28:56.555 [http-nio-8080-exec-5] INFO  c.e.P.controller.LoginController - AUDITORIA: Intento de login para usuario: admin
2026-02-15 16:28:56.564 [http-nio-8080-exec-5] INFO  c.e.P.aspect.LogginAspect - Operación buscarPorNombre completada en 3 ms
2026-02-15 16:28:56.572 [http-nio-8080-exec-5] INFO  c.e.P.aspect.LogginAspect - Operación validarLogin completada en 2 ms
2026-02-15 16:28:56.573 [http-nio-8080-exec-5] INFO  c.e.P.controller.LoginController - Login exitoso. Derivando a principal.
2026-02-15 16:28:56.580 [http-nio-8080-exec-5] DEBUG o.s.w.s.m.m.a.RequestResponseBodyMethodProcessor - Using 'application/json', given [application/json, text/plain, */*] and supported [application/hal+json, application/vnd.hal+json, application/json, application/schema+json, application/json-patch+json, application/merge-patch+json, application/x-spring-data-verbose+json, application/x-spring-data-compact+json, application/prs.hal-forms+json, application/*+json]
2026-02-15 16:28:56.581 [http-nio-8080-exec-5] DEBUG o.s.w.s.m.m.a.RequestResponseBodyMethodProcessor - Writing [EntityModel { content: UsuarioEntity(idUsuario=1, usuario=admin, contraseña=1234, fechaCreacion=2026 (truncated)...]
2026-02-15 16:28:56.581 [http-nio-8080-exec-5] DEBUG o.s.web.servlet.DispatcherServlet - Completed 200 OK
2026-02-15 16:28:58.057 [http-nio-8080-exec-7] DEBUG o.s.web.servlet.DispatcherServlet - GET "/api/tareas-rest/search/porUsuario?id=1&size=100", parameters={masked}
2026-02-15 16:28:58.066 [http-nio-8080-exec-7] DEBUG o.s.w.s.m.m.a.HttpEntityMethodProcessor - Using 'application/json', given [application/json, text/plain, */*] and supported [application/hal+json, application/json]
2026-02-15 16:28:58.067 [http-nio-8080-exec-7] DEBUG o.s.w.s.m.m.a.HttpEntityMethodProcessor - Writing [PagedModel { content: [EntityModel { content: TaskEntity(idTarea=1, titulo=Configurar el entorno de  (truncated)...]
2026-02-15 16:28:58.071 [http-nio-8080-exec-7] DEBUG o.s.web.servlet.DispatcherServlet - Completed 200 OK
2026-02-15 16:28:58.073 [http-nio-8080-exec-8] DEBUG o.s.web.servlet.DispatcherServlet - GET "/api/tareas-rest/search/porUsuario?id=1&size=100", parameters={masked}
2026-02-15 16:28:58.085 [http-nio-8080-exec-8] DEBUG o.s.w.s.m.m.a.HttpEntityMethodProcessor - Using 'application/json', given [application/json, text/plain, */*] and supported [application/hal+json, application/json]
2026-02-15 16:28:58.085 [http-nio-8080-exec-8] DEBUG o.s.w.s.m.m.a.HttpEntityMethodProcessor - Writing [PagedModel { content: [EntityModel { content: TaskEntity(idTarea=1, titulo=Configurar el entorno de  (truncated)...]
2026-02-15 16:28:58.089 [http-nio-8080-exec-8] DEBUG o.s.web.servlet.DispatcherServlet - Completed 200 OK
2026-02-15 16:29:14.991 [http-nio-8080-exec-9] DEBUG o.s.web.servlet.DispatcherServlet - GET "/api/tareas-rest/search/porUsuario?id=1&size=100", parameters={masked}
2026-02-15 16:29:15.000 [http-nio-8080-exec-9] DEBUG o.s.w.s.m.m.a.HttpEntityMethodProcessor - Using 'application/json', given [application/json, text/plain, */*] and supported [application/hal+json, application/json]
2026-02-15 16:29:15.001 [http-nio-8080-exec-9] DEBUG o.s.w.s.m.m.a.HttpEntityMethodProcessor - Writing [PagedModel { content: [EntityModel { content: TaskEntity(idTarea=1, titulo=Configurar el entorno de  (truncated)...]
2026-02-15 16:29:15.006 [http-nio-8080-exec-9] DEBUG o.s.web.servlet.DispatcherServlet - Completed 200 OK
2026-02-15 16:29:15.006 [http-nio-8080-exec-6] DEBUG o.s.web.servlet.DispatcherServlet - GET "/api/tareas-rest/search/porUsuario?id=1&size=100", parameters={masked}
2026-02-15 16:29:15.018 [http-nio-8080-exec-6] DEBUG o.s.w.s.m.m.a.HttpEntityMethodProcessor - Using 'application/json', given [application/json, text/plain, */*] and supported [application/hal+json, application/json]
2026-02-15 16:29:15.018 [http-nio-8080-exec-6] DEBUG o.s.w.s.m.m.a.HttpEntityMethodProcessor - Writing [PagedModel { content: [EntityModel { content: TaskEntity(idTarea=1, titulo=Configurar el entorno de  (truncated)...]
2026-02-15 16:29:15.026 [http-nio-8080-exec-6] DEBUG o.s.web.servlet.DispatcherServlet - Completed 200 OK
2026-02-15 16:29:19.473 [http-nio-8080-exec-1] DEBUG o.s.web.servlet.DispatcherServlet - POST "/api/auth-rest/loginAccion", parameters={}
2026-02-15 16:29:19.473 [http-nio-8080-exec-1] DEBUG o.s.w.s.m.m.a.RequestMappingHandlerMapping - Mapped to com.example.ProyectoBackEnd.controller.LoginController#loginAccion(UsuarioEntity, HttpSession)
2026-02-15 16:29:19.474 [http-nio-8080-exec-1] DEBUG o.s.w.s.m.m.a.RequestResponseBodyMethodProcessor - Read "application/json;charset=UTF-8" to [UsuarioEntity(idUsuario=null, usuario=admin, contraseña=1234, fechaCreacion=null, estado=null, fecha (truncated)...]
2026-02-15 16:29:19.474 [http-nio-8080-exec-1] INFO  c.e.P.controller.LoginController - AUDITORIA: Intento de login para usuario: admin
2026-02-15 16:29:19.483 [http-nio-8080-exec-1] INFO  c.e.P.aspect.LogginAspect - Operación buscarPorNombre completada en 3 ms
2026-02-15 16:29:19.490 [http-nio-8080-exec-1] INFO  c.e.P.aspect.LogginAspect - Operación validarLogin completada en 3 ms
2026-02-15 16:29:19.491 [http-nio-8080-exec-1] INFO  c.e.P.controller.LoginController - Login exitoso. Derivando a principal.
2026-02-15 16:29:19.501 [http-nio-8080-exec-1] DEBUG o.s.w.s.m.m.a.RequestResponseBodyMethodProcessor - Using 'application/json', given [application/json, text/plain, */*] and supported [application/hal+json, application/vnd.hal+json, application/json, application/schema+json, application/json-patch+json, application/merge-patch+json, application/x-spring-data-verbose+json, application/x-spring-data-compact+json, application/prs.hal-forms+json, application/*+json]
2026-02-15 16:29:19.501 [http-nio-8080-exec-1] DEBUG o.s.w.s.m.m.a.RequestResponseBodyMethodProcessor - Writing [EntityModel { content: UsuarioEntity(idUsuario=1, usuario=admin, contraseña=1234, fechaCreacion=2026 (truncated)...]
2026-02-15 16:29:19.502 [http-nio-8080-exec-1] DEBUG o.s.web.servlet.DispatcherServlet - Completed 200 OK
2026-02-15 16:29:21.406 [http-nio-8080-exec-2] DEBUG o.s.web.servlet.DispatcherServlet - GET "/api/tareas-rest/search/porUsuario?id=1&size=100", parameters={masked}
2026-02-15 16:29:21.414 [http-nio-8080-exec-2] DEBUG o.s.w.s.m.m.a.HttpEntityMethodProcessor - Using 'application/json', given [application/json, text/plain, */*] and supported [application/hal+json, application/json]
2026-02-15 16:29:21.415 [http-nio-8080-exec-2] DEBUG o.s.w.s.m.m.a.HttpEntityMethodProcessor - Writing [PagedModel { content: [EntityModel { content: TaskEntity(idTarea=1, titulo=Configurar el entorno de  (truncated)...]
2026-02-15 16:29:21.419 [http-nio-8080-exec-2] DEBUG o.s.web.servlet.DispatcherServlet - Completed 200 OK
2026-02-15 16:29:21.421 [http-nio-8080-exec-4] DEBUG o.s.web.servlet.DispatcherServlet - GET "/api/tareas-rest/search/porUsuario?id=1&size=100", parameters={masked}
2026-02-15 16:29:21.430 [http-nio-8080-exec-4] DEBUG o.s.w.s.m.m.a.HttpEntityMethodProcessor - Using 'application/json', given [application/json, text/plain, */*] and supported [application/hal+json, application/json]
2026-02-15 16:29:21.431 [http-nio-8080-exec-4] DEBUG o.s.w.s.m.m.a.HttpEntityMethodProcessor - Writing [PagedModel { content: [EntityModel { content: TaskEntity(idTarea=1, titulo=Configurar el entorno de  (truncated)...]
2026-02-15 16:29:21.435 [http-nio-8080-exec-4] DEBUG o.s.web.servlet.DispatcherServlet - Completed 200 OK
2026-02-15 16:29:27.376 [http-nio-8080-exec-3] DEBUG o.s.web.servlet.DispatcherServlet - POST "/api/auth-rest/loginAccion", parameters={}
2026-02-15 16:29:27.376 [http-nio-8080-exec-3] DEBUG o.s.w.s.m.m.a.RequestMappingHandlerMapping - Mapped to com.example.ProyectoBackEnd.controller.LoginController#loginAccion(UsuarioEntity, HttpSession)
2026-02-15 16:29:27.378 [http-nio-8080-exec-3] DEBUG o.s.w.s.m.m.a.RequestResponseBodyMethodProcessor - Read "application/json;charset=UTF-8" to [UsuarioEntity(idUsuario=null, usuario=ADMIN, contraseña=1234, fechaCreacion=null, estado=null, fecha (truncated)...]
2026-02-15 16:29:27.378 [http-nio-8080-exec-3] INFO  c.e.P.controller.LoginController - AUDITORIA: Intento de login para usuario: ADMIN
2026-02-15 16:29:27.388 [http-nio-8080-exec-3] INFO  c.e.P.aspect.LogginAspect - Operación buscarPorNombre completada en 4 ms
2026-02-15 16:29:27.395 [http-nio-8080-exec-3] INFO  c.e.P.aspect.LogginAspect - Operación validarLogin completada en 3 ms
2026-02-15 16:29:27.395 [http-nio-8080-exec-3] INFO  c.e.P.controller.LoginController - Login exitoso. Derivando a principal.
2026-02-15 16:29:27.403 [http-nio-8080-exec-3] DEBUG o.s.w.s.m.m.a.RequestResponseBodyMethodProcessor - Using 'application/json', given [application/json, text/plain, */*] and supported [application/hal+json, application/vnd.hal+json, application/json, application/schema+json, application/json-patch+json, application/merge-patch+json, application/x-spring-data-verbose+json, application/x-spring-data-compact+json, application/prs.hal-forms+json, application/*+json]
2026-02-15 16:29:27.403 [http-nio-8080-exec-3] DEBUG o.s.w.s.m.m.a.RequestResponseBodyMethodProcessor - Writing [EntityModel { content: UsuarioEntity(idUsuario=1, usuario=admin, contraseña=1234, fechaCreacion=2026 (truncated)...]
2026-02-15 16:29:27.404 [http-nio-8080-exec-3] DEBUG o.s.web.servlet.DispatcherServlet - Completed 200 OK
2026-02-15 16:29:28.971 [http-nio-8080-exec-10] DEBUG o.s.web.servlet.DispatcherServlet - GET "/api/tareas-rest/search/porUsuario?id=1&size=100", parameters={masked}
2026-02-15 16:29:28.981 [http-nio-8080-exec-10] DEBUG o.s.w.s.m.m.a.HttpEntityMethodProcessor - Using 'application/json', given [application/json, text/plain, */*] and supported [application/hal+json, application/json]
2026-02-15 16:29:28.982 [http-nio-8080-exec-10] DEBUG o.s.w.s.m.m.a.HttpEntityMethodProcessor - Writing [PagedModel { content: [EntityModel { content: TaskEntity(idTarea=1, titulo=Configurar el entorno de  (truncated)...]
2026-02-15 16:29:28.986 [http-nio-8080-exec-10] DEBUG o.s.web.servlet.DispatcherServlet - Completed 200 OK
2026-02-15 16:29:28.987 [http-nio-8080-exec-5] DEBUG o.s.web.servlet.DispatcherServlet - GET "/api/tareas-rest/search/porUsuario?id=1&size=100", parameters={masked}
2026-02-15 16:29:28.995 [http-nio-8080-exec-5] DEBUG o.s.w.s.m.m.a.HttpEntityMethodProcessor - Using 'application/json', given [application/json, text/plain, */*] and supported [application/hal+json, application/json]
2026-02-15 16:29:28.995 [http-nio-8080-exec-5] DEBUG o.s.w.s.m.m.a.HttpEntityMethodProcessor - Writing [PagedModel { content: [EntityModel { content: TaskEntity(idTarea=1, titulo=Configurar el entorno de  (truncated)...]
2026-02-15 16:29:28.998 [http-nio-8080-exec-5] DEBUG o.s.web.servlet.DispatcherServlet - Completed 200 OK
2026-02-15 16:31:29.820 [main] INFO  o.s.t.c.s.AnnotationConfigContextLoaderUtils - Could not detect default configuration classes for test class [com.example.ProyectoBackEnd.ProyectoBackEndApplicationTests]: ProyectoBackEndApplicationTests does not declare any static, non-private, non-final, nested classes annotated with @Configuration.
2026-02-15 16:31:29.928 [main] INFO  o.s.b.t.c.SpringBootTestContextBootstrapper - Found @SpringBootConfiguration com.example.ProyectoBackEnd.ProyectoBackEndApplication for test class com.example.ProyectoBackEnd.ProyectoBackEndApplicationTests
2026-02-15 16:31:30.069 [main] INFO  o.s.b.d.r.RestartApplicationListener - Restart disabled due to context in which it is running
2026-02-15 16:31:30.299 [main] INFO  c.e.P.ProyectoBackEndApplicationTests - Starting ProyectoBackEndApplicationTests using Java 17.0.17 with PID 28588 (started by leofr in C:\Users\leofr\OneDrive\Escritorio\ESPECIALIZACION EN JAVA(CIBERTEC) Y OTRAS\JAVA BACK END\PROYECTO FINAL\ProyectoBackEnd (1)\ProyectoBackEnd)
2026-02-15 16:31:30.299 [main] DEBUG c.e.P.ProyectoBackEndApplicationTests - Running with Spring Boot v3.5.10, Spring v6.2.15
2026-02-15 16:31:30.300 [main] INFO  c.e.P.ProyectoBackEndApplicationTests - No active profile set, falling back to 1 default profile: "default"
2026-02-15 16:31:30.332 [main] DEBUG o.s.w.c.s.GenericWebApplicationContext - Refreshing org.springframework.web.context.support.GenericWebApplicationContext@25d3cfc8
2026-02-15 16:31:30.956 [main] INFO  o.s.d.r.c.RepositoryConfigurationDelegate - Bootstrapping Spring Data JPA repositories in DEFAULT mode.
2026-02-15 16:31:31.037 [main] INFO  o.s.d.r.c.RepositoryConfigurationDelegate - Finished Spring Data repository scanning in 70 ms. Found 3 JPA repository interfaces.
2026-02-15 16:31:31.866 [main] INFO  o.h.jpa.internal.util.LogHelper - HHH000204: Processing PersistenceUnitInfo [name: default]
2026-02-15 16:31:31.942 [main] INFO  org.hibernate.Version - HHH000412: Hibernate ORM core version 6.6.41.Final
2026-02-15 16:31:31.996 [main] INFO  o.h.c.i.RegionFactoryInitiator - HHH000026: Second-level cache disabled
2026-02-15 16:31:32.355 [main] INFO  o.s.o.j.p.SpringPersistenceUnitInfo - No LoadTimeWeaver setup: ignoring JPA class transformer
2026-02-15 16:31:32.388 [main] INFO  com.zaxxer.hikari.HikariDataSource - HikariPool-1 - Starting...
2026-02-15 16:31:32.557 [main] INFO  com.zaxxer.hikari.pool.HikariPool - HikariPool-1 - Added connection com.mysql.cj.jdbc.ConnectionImpl@670a4738
2026-02-15 16:31:32.561 [main] INFO  com.zaxxer.hikari.HikariDataSource - HikariPool-1 - Start completed.
2026-02-15 16:31:32.601 [main] WARN  org.hibernate.orm.deprecation - HHH90000025: MySQLDialect does not need to be specified explicitly using 'hibernate.dialect' (remove the property setting and it will be selected by default)
2026-02-15 16:31:32.619 [main] INFO  o.hibernate.orm.connections.pooling - HHH10001005: Database info:
	Database JDBC URL [Connecting through datasource 'HikariDataSource (HikariPool-1)']
	Database driver: undefined/unknown
	Database version: 8.0.32
	Autocommit mode: undefined/unknown
	Isolation level: undefined/unknown
	Minimum pool size: undefined/unknown
	Maximum pool size: undefined/unknown
2026-02-15 16:31:33.319 [main] INFO  o.h.e.t.j.p.i.JtaPlatformInitiator - HHH000489: No JTA platform available (set 'hibernate.transaction.jta.platform' to enable JTA platform integration)
2026-02-15 16:31:33.394 [main] INFO  o.s.o.j.LocalContainerEntityManagerFactoryBean - Initialized JPA EntityManagerFactory for persistence unit 'default'
2026-02-15 16:31:33.776 [main] INFO  o.s.d.j.r.query.QueryEnhancerFactory - Hibernate is in classpath; If applicable, HQL parser will be used.
2026-02-15 16:31:34.483 [main] WARN  o.s.b.a.o.j.JpaBaseConfiguration$JpaWebConfiguration - spring.jpa.open-in-view is enabled by default. Therefore, database queries may be performed during view rendering. Explicitly configure spring.jpa.open-in-view to disable this warning
2026-02-15 16:31:34.746 [main] DEBUG o.s.w.s.m.m.a.RequestMappingHandlerMapping - 15 mappings in 'requestMappingHandlerMapping'
2026-02-15 16:31:34.862 [main] DEBUG o.s.w.s.h.SimpleUrlHandlerMapping - Patterns [/webjars/**, /**] in 'resourceHandlerMapping'
2026-02-15 16:31:34.891 [main] DEBUG o.s.w.s.m.m.a.RequestMappingHandlerAdapter - ControllerAdvice beans: 0 @ModelAttribute, 0 @InitBinder, 1 RequestBodyAdvice, 1 ResponseBodyAdvice
2026-02-15 16:31:34.949 [main] WARN  o.s.b.a.t.ThymeleafAutoConfiguration$DefaultTemplateResolverConfiguration - Cannot find template location: classpath:/templates/ (please add some templates, check your Thymeleaf configuration, or set spring.thymeleaf.check-template-location=false)
2026-02-15 16:31:34.979 [main] DEBUG o.s.w.s.m.m.a.ExceptionHandlerExceptionResolver - ControllerAdvice beans: 1 @ExceptionHandler, 1 ResponseBodyAdvice
2026-02-15 16:31:35.016 [main] DEBUG o.s.w.s.m.m.a.ExceptionHandlerExceptionResolver - ControllerAdvice beans: 1 @ExceptionHandler, 0 ResponseBodyAdvice
2026-02-15 16:31:35.239 [main] INFO  c.e.P.ProyectoBackEndApplicationTests - Started ProyectoBackEndApplicationTests in 5.18 seconds (process running for 6.164)
2026-02-15 16:31:35.653 [SpringApplicationShutdownHook] DEBUG o.s.w.c.s.GenericWebApplicationContext - Closing org.springframework.web.context.support.GenericWebApplicationContext@25d3cfc8, started on Sun Feb 15 16:31:30 CET 2026
2026-02-15 16:31:35.656 [SpringApplicationShutdownHook] INFO  o.s.o.j.LocalContainerEntityManagerFactoryBean - Closing JPA EntityManagerFactory for persistence unit 'default'
2026-02-15 16:31:35.659 [SpringApplicationShutdownHook] INFO  com.zaxxer.hikari.HikariDataSource - HikariPool-1 - Shutdown initiated...
2026-02-15 16:31:35.668 [SpringApplicationShutdownHook] INFO  com.zaxxer.hikari.HikariDataSource - HikariPool-1 - Shutdown completed.
2026-02-15 16:31:56.069 [restartedMain] INFO  c.e.P.ProyectoBackEndApplication - Starting ProyectoBackEndApplication using Java 17.0.17 with PID 7508 (C:\Users\leofr\OneDrive\Escritorio\ESPECIALIZACION EN JAVA(CIBERTEC) Y OTRAS\JAVA BACK END\PROYECTO FINAL\ProyectoBackEnd (1)\ProyectoBackEnd\target\classes started by leofr in C:\Users\leofr\OneDrive\Escritorio\ESPECIALIZACION EN JAVA(CIBERTEC) Y OTRAS\JAVA BACK END\PROYECTO FINAL\ProyectoBackEnd (1)\ProyectoBackEnd)
2026-02-15 16:31:56.071 [restartedMain] DEBUG c.e.P.ProyectoBackEndApplication - Running with Spring Boot v3.5.10, Spring v6.2.15
2026-02-15 16:31:56.072 [restartedMain] INFO  c.e.P.ProyectoBackEndApplication - No active profile set, falling back to 1 default profile: "default"
2026-02-15 16:31:56.119 [restartedMain] INFO  o.s.b.d.e.DevToolsPropertyDefaultsPostProcessor - Devtools property defaults active! Set 'spring.devtools.add-properties' to 'false' to disable
2026-02-15 16:31:56.119 [restartedMain] INFO  o.s.b.d.e.DevToolsPropertyDefaultsPostProcessor - For additional web related logging consider setting the 'logging.level.web' property to 'DEBUG'
2026-02-15 16:31:56.808 [restartedMain] INFO  o.s.d.r.c.RepositoryConfigurationDelegate - Bootstrapping Spring Data JPA repositories in DEFAULT mode.
2026-02-15 16:31:56.896 [restartedMain] INFO  o.s.d.r.c.RepositoryConfigurationDelegate - Finished Spring Data repository scanning in 77 ms. Found 3 JPA repository interfaces.
2026-02-15 16:31:57.688 [restartedMain] INFO  o.s.b.w.e.tomcat.TomcatWebServer - Tomcat initialized with port 8080 (http)
2026-02-15 16:31:57.703 [restartedMain] INFO  o.a.coyote.http11.Http11NioProtocol - Initializing ProtocolHandler ["http-nio-8080"]
2026-02-15 16:31:57.706 [restartedMain] INFO  o.a.catalina.core.StandardService - Starting service [Tomcat]
2026-02-15 16:31:57.707 [restartedMain] INFO  o.a.catalina.core.StandardEngine - Starting Servlet engine: [Apache Tomcat/10.1.50]
2026-02-15 16:31:57.757 [restartedMain] INFO  o.a.c.c.C.[Tomcat].[localhost].[/] - Initializing Spring embedded WebApplicationContext
2026-02-15 16:31:57.758 [restartedMain] INFO  o.s.b.w.s.c.ServletWebServerApplicationContext - Root WebApplicationContext: initialization completed in 1639 ms
2026-02-15 16:31:58.011 [restartedMain] INFO  o.h.jpa.internal.util.LogHelper - HHH000204: Processing PersistenceUnitInfo [name: default]
2026-02-15 16:31:58.060 [restartedMain] INFO  org.hibernate.Version - HHH000412: Hibernate ORM core version 6.6.41.Final
2026-02-15 16:31:58.093 [restartedMain] INFO  o.h.c.i.RegionFactoryInitiator - HHH000026: Second-level cache disabled
2026-02-15 16:31:58.415 [restartedMain] INFO  o.s.o.j.p.SpringPersistenceUnitInfo - No LoadTimeWeaver setup: ignoring JPA class transformer
2026-02-15 16:31:58.452 [restartedMain] INFO  com.zaxxer.hikari.HikariDataSource - HikariPool-1 - Starting...
2026-02-15 16:31:58.639 [restartedMain] INFO  com.zaxxer.hikari.pool.HikariPool - HikariPool-1 - Added connection com.mysql.cj.jdbc.ConnectionImpl@451b252
2026-02-15 16:31:58.641 [restartedMain] INFO  com.zaxxer.hikari.HikariDataSource - HikariPool-1 - Start completed.
2026-02-15 16:31:58.694 [restartedMain] WARN  org.hibernate.orm.deprecation - HHH90000025: MySQLDialect does not need to be specified explicitly using 'hibernate.dialect' (remove the property setting and it will be selected by default)
2026-02-15 16:31:58.715 [restartedMain] INFO  o.hibernate.orm.connections.pooling - HHH10001005: Database info:
	Database JDBC URL [Connecting through datasource 'HikariDataSource (HikariPool-1)']
	Database driver: undefined/unknown
	Database version: 8.0.32
	Autocommit mode: undefined/unknown
	Isolation level: undefined/unknown
	Minimum pool size: undefined/unknown
	Maximum pool size: undefined/unknown
2026-02-15 16:31:59.565 [restartedMain] INFO  o.h.e.t.j.p.i.JtaPlatformInitiator - HHH000489: No JTA platform available (set 'hibernate.transaction.jta.platform' to enable JTA platform integration)
2026-02-15 16:31:59.665 [restartedMain] INFO  o.s.o.j.LocalContainerEntityManagerFactoryBean - Initialized JPA EntityManagerFactory for persistence unit 'default'
2026-02-15 16:32:00.181 [restartedMain] INFO  o.s.d.j.r.query.QueryEnhancerFactory - Hibernate is in classpath; If applicable, HQL parser will be used.
2026-02-15 16:32:01.006 [restartedMain] WARN  o.s.b.a.o.j.JpaBaseConfiguration$JpaWebConfiguration - spring.jpa.open-in-view is enabled by default. Therefore, database queries may be performed during view rendering. Explicitly configure spring.jpa.open-in-view to disable this warning
2026-02-15 16:32:01.371 [restartedMain] DEBUG o.s.w.s.m.m.a.RequestMappingHandlerMapping - 15 mappings in 'requestMappingHandlerMapping'
2026-02-15 16:32:01.551 [restartedMain] DEBUG o.s.w.s.h.SimpleUrlHandlerMapping - Patterns [/webjars/**, /**] in 'resourceHandlerMapping'
2026-02-15 16:32:01.599 [restartedMain] DEBUG o.s.w.s.m.m.a.RequestMappingHandlerAdapter - ControllerAdvice beans: 0 @ModelAttribute, 0 @InitBinder, 1 RequestBodyAdvice, 1 ResponseBodyAdvice
2026-02-15 16:32:01.669 [restartedMain] WARN  o.s.b.a.t.ThymeleafAutoConfiguration$DefaultTemplateResolverConfiguration - Cannot find template location: classpath:/templates/ (please add some templates, check your Thymeleaf configuration, or set spring.thymeleaf.check-template-location=false)
2026-02-15 16:32:01.714 [restartedMain] DEBUG o.s.w.s.m.m.a.ExceptionHandlerExceptionResolver - ControllerAdvice beans: 1 @ExceptionHandler, 1 ResponseBodyAdvice
2026-02-15 16:32:01.765 [restartedMain] DEBUG o.s.w.s.m.m.a.ExceptionHandlerExceptionResolver - ControllerAdvice beans: 1 @ExceptionHandler, 0 ResponseBodyAdvice
2026-02-15 16:32:02.110 [restartedMain] INFO  o.s.b.d.a.OptionalLiveReloadServer - LiveReload server is running on port 35729
2026-02-15 16:32:02.131 [restartedMain] INFO  o.a.coyote.http11.Http11NioProtocol - Starting ProtocolHandler ["http-nio-8080"]
2026-02-15 16:32:02.161 [restartedMain] INFO  o.s.b.w.e.tomcat.TomcatWebServer - Tomcat started on port 8080 (http) with context path '/'
2026-02-15 16:32:02.173 [restartedMain] INFO  c.e.P.ProyectoBackEndApplication - Started ProyectoBackEndApplication in 6.437 seconds (process running for 6.941)
2026-02-15 16:32:07.992 [http-nio-8080-exec-1] INFO  o.a.c.c.C.[Tomcat].[localhost].[/] - Initializing Spring DispatcherServlet 'dispatcherServlet'
2026-02-15 16:32:07.992 [http-nio-8080-exec-1] INFO  o.s.web.servlet.DispatcherServlet - Initializing Servlet 'dispatcherServlet'
2026-02-15 16:32:07.992 [http-nio-8080-exec-1] DEBUG o.s.web.servlet.DispatcherServlet - Detected StandardServletMultipartResolver
2026-02-15 16:32:07.992 [http-nio-8080-exec-1] DEBUG o.s.web.servlet.DispatcherServlet - Detected AcceptHeaderLocaleResolver
2026-02-15 16:32:07.992 [http-nio-8080-exec-1] DEBUG o.s.web.servlet.DispatcherServlet - Detected FixedThemeResolver
2026-02-15 16:32:07.995 [http-nio-8080-exec-1] DEBUG o.s.web.servlet.DispatcherServlet - Detected org.springframework.web.servlet.view.DefaultRequestToViewNameTranslator@46ca0244
2026-02-15 16:32:07.995 [http-nio-8080-exec-1] DEBUG o.s.web.servlet.DispatcherServlet - Detected org.springframework.web.servlet.support.SessionFlashMapManager@171fd710
2026-02-15 16:32:07.995 [http-nio-8080-exec-1] DEBUG o.s.web.servlet.DispatcherServlet - enableLoggingRequestDetails='false': request parameters and headers will be masked to prevent unsafe logging of potentially sensitive data
2026-02-15 16:32:07.995 [http-nio-8080-exec-1] INFO  o.s.web.servlet.DispatcherServlet - Completed initialization in 3 ms
2026-02-15 16:32:08.010 [http-nio-8080-exec-1] DEBUG o.s.web.servlet.DispatcherServlet - POST "/api/auth-rest/loginAccion", parameters={}
2026-02-15 16:32:08.021 [http-nio-8080-exec-1] DEBUG o.s.w.s.m.m.a.RequestMappingHandlerMapping - Mapped to com.example.ProyectoBackEnd.controller.LoginController#loginAccion(UsuarioEntity, HttpSession)
2026-02-15 16:32:08.139 [http-nio-8080-exec-1] DEBUG o.s.w.s.m.m.a.RequestResponseBodyMethodProcessor - Read "application/json;charset=UTF-8" to [UsuarioEntity(idUsuario=null, usuario=yaddif, contraseña=12345, fechaCreacion=null, estado=null, fec (truncated)...]
2026-02-15 16:32:08.203 [http-nio-8080-exec-1] INFO  c.e.P.controller.LoginController - AUDITORIA: Intento de login para usuario: yaddif
2026-02-15 16:32:08.406 [http-nio-8080-exec-1] INFO  c.e.P.aspect.LogginAspect - Operación buscarPorNombre completada en 152 ms
2026-02-15 16:32:08.414 [http-nio-8080-exec-1] INFO  c.e.P.aspect.LogginAspect - Operación validarLogin completada en 3 ms
2026-02-15 16:32:08.415 [http-nio-8080-exec-1] INFO  c.e.P.controller.LoginController - Login exitoso. Derivando a principal.
2026-02-15 16:32:08.575 [http-nio-8080-exec-1] DEBUG o.s.w.s.m.m.a.RequestResponseBodyMethodProcessor - Using 'application/json', given [application/json, text/plain, */*] and supported [application/hal+json, application/vnd.hal+json, application/json, application/schema+json, application/json-patch+json, application/merge-patch+json, application/x-spring-data-verbose+json, application/x-spring-data-compact+json, application/prs.hal-forms+json, application/*+json]
2026-02-15 16:32:08.575 [http-nio-8080-exec-1] DEBUG o.s.w.s.m.m.a.RequestResponseBodyMethodProcessor - Writing [EntityModel { content: UsuarioEntity(idUsuario=2, usuario=yaddif, contraseña=12345, fechaCreacion=20 (truncated)...]
2026-02-15 16:32:08.610 [http-nio-8080-exec-1] DEBUG o.s.web.servlet.DispatcherServlet - Completed 200 OK
2026-02-15 16:32:09.471 [http-nio-8080-exec-2] DEBUG o.s.web.servlet.DispatcherServlet - OPTIONS "/api/tareas-rest/search/porUsuario?id=2&size=100", parameters={masked}
2026-02-15 16:32:09.471 [http-nio-8080-exec-3] DEBUG o.s.web.servlet.DispatcherServlet - OPTIONS "/api/tareas-rest/search/porUsuario?id=2&size=100", parameters={masked}
2026-02-15 16:32:09.480 [http-nio-8080-exec-2] DEBUG o.s.web.servlet.DispatcherServlet - Completed 200 OK
2026-02-15 16:32:09.480 [http-nio-8080-exec-3] DEBUG o.s.web.servlet.DispatcherServlet - Completed 200 OK
2026-02-15 16:32:09.486 [http-nio-8080-exec-4] DEBUG o.s.web.servlet.DispatcherServlet - GET "/api/tareas-rest/search/porUsuario?id=2&size=100", parameters={masked}
2026-02-15 16:32:09.570 [http-nio-8080-exec-4] DEBUG o.s.w.s.m.m.a.HttpEntityMethodProcessor - Using 'application/json', given [application/json, text/plain, */*] and supported [application/hal+json, application/json]
2026-02-15 16:32:09.575 [http-nio-8080-exec-4] DEBUG o.s.w.s.m.m.a.HttpEntityMethodProcessor - Writing [PagedModel { content: [EntityModel { content: TaskEntity(idTarea=7, titulo=Prueba, estado=Pendiente, (truncated)...]
2026-02-15 16:32:09.597 [http-nio-8080-exec-4] DEBUG o.s.web.servlet.DispatcherServlet - Completed 200 OK
2026-02-15 16:32:09.600 [http-nio-8080-exec-5] DEBUG o.s.web.servlet.DispatcherServlet - GET "/api/tareas-rest/search/porUsuario?id=2&size=100", parameters={masked}
2026-02-15 16:32:09.615 [http-nio-8080-exec-5] DEBUG o.s.w.s.m.m.a.HttpEntityMethodProcessor - Using 'application/json', given [application/json, text/plain, */*] and supported [application/hal+json, application/json]
2026-02-15 16:32:09.616 [http-nio-8080-exec-5] DEBUG o.s.w.s.m.m.a.HttpEntityMethodProcessor - Writing [PagedModel { content: [EntityModel { content: TaskEntity(idTarea=7, titulo=Prueba, estado=Pendiente, (truncated)...]
2026-02-15 16:32:09.623 [http-nio-8080-exec-5] DEBUG o.s.web.servlet.DispatcherServlet - Completed 200 OK
2026-02-15 16:32:23.046 [http-nio-8080-exec-6] DEBUG o.s.web.servlet.DispatcherServlet - OPTIONS "/api/tareas-rest", parameters={}
2026-02-15 16:32:23.049 [http-nio-8080-exec-6] DEBUG o.s.web.servlet.DispatcherServlet - Completed 200 OK
2026-02-15 16:32:23.051 [http-nio-8080-exec-7] DEBUG o.s.web.servlet.DispatcherServlet - POST "/api/tareas-rest", parameters={}
2026-02-15 16:32:23.087 [http-nio-8080-exec-7] DEBUG o.s.w.s.m.m.a.HttpEntityMethodProcessor - Using 'application/json', given [application/json, text/plain, */*] and supported [application/hal+json, application/json]
2026-02-15 16:32:23.088 [http-nio-8080-exec-7] DEBUG o.s.w.s.m.m.a.HttpEntityMethodProcessor - Writing [EntityModel { content: TaskEntity(idTarea=44, titulo=Validacion de LOGG (Tareas), estado=Escalado po (truncated)...]
2026-02-15 16:32:23.090 [http-nio-8080-exec-7] DEBUG o.s.web.servlet.DispatcherServlet - Completed 201 CREATED
2026-02-15 16:32:23.094 [http-nio-8080-exec-8] DEBUG o.s.web.servlet.DispatcherServlet - GET "/api/tareas-rest/search/porUsuario?id=2&size=100", parameters={masked}
2026-02-15 16:32:23.104 [http-nio-8080-exec-8] DEBUG o.s.w.s.m.m.a.HttpEntityMethodProcessor - Using 'application/json', given [application/json, text/plain, */*] and supported [application/hal+json, application/json]
2026-02-15 16:32:23.105 [http-nio-8080-exec-8] DEBUG o.s.w.s.m.m.a.HttpEntityMethodProcessor - Writing [PagedModel { content: [EntityModel { content: TaskEntity(idTarea=7, titulo=Prueba, estado=Pendiente, (truncated)...]
2026-02-15 16:32:23.109 [http-nio-8080-exec-8] DEBUG o.s.web.servlet.DispatcherServlet - Completed 200 OK
2026-02-15 16:36:54.042 [restartedMain] INFO  c.e.P.ProyectoBackEndApplication - Starting ProyectoBackEndApplication using Java 17.0.17 with PID 1152 (C:\Users\leofr\OneDrive\Escritorio\ESPECIALIZACION EN JAVA(CIBERTEC) Y OTRAS\JAVA BACK END\PROYECTO FINAL\ProyectoBackEnd (1)\ProyectoBackEnd\target\classes started by leofr in C:\Users\leofr\OneDrive\Escritorio\ESPECIALIZACION EN JAVA(CIBERTEC) Y OTRAS\JAVA BACK END\PROYECTO FINAL\ProyectoBackEnd (1)\ProyectoBackEnd)
2026-02-15 16:36:54.044 [restartedMain] DEBUG c.e.P.ProyectoBackEndApplication - Running with Spring Boot v3.5.10, Spring v6.2.15
2026-02-15 16:36:54.045 [restartedMain] INFO  c.e.P.ProyectoBackEndApplication - No active profile set, falling back to 1 default profile: "default"
2026-02-15 16:36:54.091 [restartedMain] INFO  o.s.b.d.e.DevToolsPropertyDefaultsPostProcessor - Devtools property defaults active! Set 'spring.devtools.add-properties' to 'false' to disable
2026-02-15 16:36:54.091 [restartedMain] INFO  o.s.b.d.e.DevToolsPropertyDefaultsPostProcessor - For additional web related logging consider setting the 'logging.level.web' property to 'DEBUG'
2026-02-15 16:36:54.758 [restartedMain] INFO  o.s.d.r.c.RepositoryConfigurationDelegate - Bootstrapping Spring Data JPA repositories in DEFAULT mode.
2026-02-15 16:36:54.829 [restartedMain] INFO  o.s.d.r.c.RepositoryConfigurationDelegate - Finished Spring Data repository scanning in 60 ms. Found 3 JPA repository interfaces.
2026-02-15 16:36:55.591 [restartedMain] INFO  o.s.b.w.e.tomcat.TomcatWebServer - Tomcat initialized with port 8080 (http)
2026-02-15 16:36:55.606 [restartedMain] INFO  o.a.coyote.http11.Http11NioProtocol - Initializing ProtocolHandler ["http-nio-8080"]
2026-02-15 16:36:55.609 [restartedMain] INFO  o.a.catalina.core.StandardService - Starting service [Tomcat]
2026-02-15 16:36:55.609 [restartedMain] INFO  o.a.catalina.core.StandardEngine - Starting Servlet engine: [Apache Tomcat/10.1.50]
2026-02-15 16:36:55.679 [restartedMain] INFO  o.a.c.c.C.[Tomcat].[localhost].[/] - Initializing Spring embedded WebApplicationContext
2026-02-15 16:36:55.680 [restartedMain] INFO  o.s.b.w.s.c.ServletWebServerApplicationContext - Root WebApplicationContext: initialization completed in 1588 ms
2026-02-15 16:36:55.926 [restartedMain] INFO  o.h.jpa.internal.util.LogHelper - HHH000204: Processing PersistenceUnitInfo [name: default]
2026-02-15 16:36:55.985 [restartedMain] INFO  org.hibernate.Version - HHH000412: Hibernate ORM core version 6.6.41.Final
2026-02-15 16:36:56.015 [restartedMain] INFO  o.h.c.i.RegionFactoryInitiator - HHH000026: Second-level cache disabled
2026-02-15 16:36:56.281 [restartedMain] INFO  o.s.o.j.p.SpringPersistenceUnitInfo - No LoadTimeWeaver setup: ignoring JPA class transformer
2026-02-15 16:36:56.316 [restartedMain] INFO  com.zaxxer.hikari.HikariDataSource - HikariPool-1 - Starting...
2026-02-15 16:36:56.454 [restartedMain] INFO  com.zaxxer.hikari.pool.HikariPool - HikariPool-1 - Added connection com.mysql.cj.jdbc.ConnectionImpl@21d2b44d
2026-02-15 16:36:56.455 [restartedMain] INFO  com.zaxxer.hikari.HikariDataSource - HikariPool-1 - Start completed.
2026-02-15 16:36:56.499 [restartedMain] WARN  org.hibernate.orm.deprecation - HHH90000025: MySQLDialect does not need to be specified explicitly using 'hibernate.dialect' (remove the property setting and it will be selected by default)
2026-02-15 16:36:56.516 [restartedMain] INFO  o.hibernate.orm.connections.pooling - HHH10001005: Database info:
	Database JDBC URL [Connecting through datasource 'HikariDataSource (HikariPool-1)']
	Database driver: undefined/unknown
	Database version: 8.0.32
	Autocommit mode: undefined/unknown
	Isolation level: undefined/unknown
	Minimum pool size: undefined/unknown
	Maximum pool size: undefined/unknown
2026-02-15 16:36:57.179 [restartedMain] INFO  o.h.e.t.j.p.i.JtaPlatformInitiator - HHH000489: No JTA platform available (set 'hibernate.transaction.jta.platform' to enable JTA platform integration)
2026-02-15 16:36:57.250 [restartedMain] INFO  o.s.o.j.LocalContainerEntityManagerFactoryBean - Initialized JPA EntityManagerFactory for persistence unit 'default'
2026-02-15 16:36:57.639 [restartedMain] INFO  o.s.d.j.r.query.QueryEnhancerFactory - Hibernate is in classpath; If applicable, HQL parser will be used.
2026-02-15 16:36:58.196 [restartedMain] WARN  o.s.b.a.o.j.JpaBaseConfiguration$JpaWebConfiguration - spring.jpa.open-in-view is enabled by default. Therefore, database queries may be performed during view rendering. Explicitly configure spring.jpa.open-in-view to disable this warning
2026-02-15 16:36:58.477 [restartedMain] DEBUG o.s.w.s.m.m.a.RequestMappingHandlerMapping - 15 mappings in 'requestMappingHandlerMapping'
2026-02-15 16:36:58.611 [restartedMain] DEBUG o.s.w.s.h.SimpleUrlHandlerMapping - Patterns [/webjars/**, /**] in 'resourceHandlerMapping'
2026-02-15 16:36:58.642 [restartedMain] DEBUG o.s.w.s.m.m.a.RequestMappingHandlerAdapter - ControllerAdvice beans: 0 @ModelAttribute, 0 @InitBinder, 1 RequestBodyAdvice, 1 ResponseBodyAdvice
2026-02-15 16:36:58.696 [restartedMain] WARN  o.s.b.a.t.ThymeleafAutoConfiguration$DefaultTemplateResolverConfiguration - Cannot find template location: classpath:/templates/ (please add some templates, check your Thymeleaf configuration, or set spring.thymeleaf.check-template-location=false)
2026-02-15 16:36:58.726 [restartedMain] DEBUG o.s.w.s.m.m.a.ExceptionHandlerExceptionResolver - ControllerAdvice beans: 1 @ExceptionHandler, 1 ResponseBodyAdvice
2026-02-15 16:36:58.768 [restartedMain] DEBUG o.s.w.s.m.m.a.ExceptionHandlerExceptionResolver - ControllerAdvice beans: 1 @ExceptionHandler, 0 ResponseBodyAdvice
2026-02-15 16:36:59.007 [restartedMain] INFO  o.s.b.d.a.OptionalLiveReloadServer - LiveReload server is running on port 35729
2026-02-15 16:36:59.021 [restartedMain] INFO  o.a.coyote.http11.Http11NioProtocol - Starting ProtocolHandler ["http-nio-8080"]
2026-02-15 16:36:59.044 [restartedMain] INFO  o.s.b.w.e.tomcat.TomcatWebServer - Tomcat started on port 8080 (http) with context path '/'
2026-02-15 16:36:59.054 [restartedMain] INFO  c.e.P.ProyectoBackEndApplication - Started ProyectoBackEndApplication in 5.341 seconds (process running for 5.848)
2026-02-15 16:37:06.190 [http-nio-8080-exec-1] INFO  o.a.c.c.C.[Tomcat].[localhost].[/] - Initializing Spring DispatcherServlet 'dispatcherServlet'
2026-02-15 16:37:06.190 [http-nio-8080-exec-1] INFO  o.s.web.servlet.DispatcherServlet - Initializing Servlet 'dispatcherServlet'
2026-02-15 16:37:06.191 [http-nio-8080-exec-1] DEBUG o.s.web.servlet.DispatcherServlet - Detected StandardServletMultipartResolver
2026-02-15 16:37:06.191 [http-nio-8080-exec-1] DEBUG o.s.web.servlet.DispatcherServlet - Detected AcceptHeaderLocaleResolver
2026-02-15 16:37:06.191 [http-nio-8080-exec-1] DEBUG o.s.web.servlet.DispatcherServlet - Detected FixedThemeResolver
2026-02-15 16:37:06.192 [http-nio-8080-exec-1] DEBUG o.s.web.servlet.DispatcherServlet - Detected org.springframework.web.servlet.view.DefaultRequestToViewNameTranslator@2e694ee4
2026-02-15 16:37:06.192 [http-nio-8080-exec-1] DEBUG o.s.web.servlet.DispatcherServlet - Detected org.springframework.web.servlet.support.SessionFlashMapManager@2251ca31
2026-02-15 16:37:06.192 [http-nio-8080-exec-1] DEBUG o.s.web.servlet.DispatcherServlet - enableLoggingRequestDetails='false': request parameters and headers will be masked to prevent unsafe logging of potentially sensitive data
2026-02-15 16:37:06.193 [http-nio-8080-exec-1] INFO  o.s.web.servlet.DispatcherServlet - Completed initialization in 2 ms
2026-02-15 16:37:06.203 [http-nio-8080-exec-1] DEBUG o.s.web.servlet.DispatcherServlet - GET "/api/tareas-rest/search/porUsuario?id=2&size=100", parameters={masked}
2026-02-15 16:37:06.449 [http-nio-8080-exec-1] DEBUG o.s.w.s.m.m.a.HttpEntityMethodProcessor - Using 'application/json', given [application/json, text/plain, */*] and supported [application/hal+json, application/json]
2026-02-15 16:37:06.492 [http-nio-8080-exec-1] DEBUG o.s.w.s.m.m.a.HttpEntityMethodProcessor - Writing [PagedModel { content: [EntityModel { content: TaskEntity(idTarea=7, titulo=Prueba, estado=Pendiente, (truncated)...]
2026-02-15 16:37:06.564 [http-nio-8080-exec-1] DEBUG o.s.web.servlet.DispatcherServlet - Completed 200 OK
2026-02-15 16:37:06.566 [http-nio-8080-exec-2] DEBUG o.s.web.servlet.DispatcherServlet - GET "/api/tareas-rest/search/porUsuario?id=2&size=100", parameters={masked}
2026-02-15 16:37:06.582 [http-nio-8080-exec-2] DEBUG o.s.w.s.m.m.a.HttpEntityMethodProcessor - Using 'application/json', given [application/json, text/plain, */*] and supported [application/hal+json, application/json]
2026-02-15 16:37:06.583 [http-nio-8080-exec-2] DEBUG o.s.w.s.m.m.a.HttpEntityMethodProcessor - Writing [PagedModel { content: [EntityModel { content: TaskEntity(idTarea=7, titulo=Prueba, estado=Pendiente, (truncated)...]
2026-02-15 16:37:06.588 [http-nio-8080-exec-2] DEBUG o.s.web.servlet.DispatcherServlet - Completed 200 OK
2026-02-15 16:37:21.381 [http-nio-8080-exec-3] DEBUG o.s.web.servlet.DispatcherServlet - POST "/api/tareas-rest", parameters={}
2026-02-15 16:37:21.544 [http-nio-8080-exec-3] DEBUG o.s.w.s.m.m.a.HttpEntityMethodProcessor - Using 'application/json', given [application/json, text/plain, */*] and supported [application/hal+json, application/json]
2026-02-15 16:37:21.545 [http-nio-8080-exec-3] DEBUG o.s.w.s.m.m.a.HttpEntityMethodProcessor - Writing [EntityModel { content: TaskEntity(idTarea=45, titulo=PR LOGSS, estado=En Proceso, fechaCreacion=null (truncated)...]
2026-02-15 16:37:21.546 [http-nio-8080-exec-3] DEBUG o.s.web.servlet.DispatcherServlet - Completed 201 CREATED
2026-02-15 16:37:21.550 [http-nio-8080-exec-4] DEBUG o.s.web.servlet.DispatcherServlet - GET "/api/tareas-rest/search/porUsuario?id=2&size=100", parameters={masked}
2026-02-15 16:37:21.563 [http-nio-8080-exec-4] DEBUG o.s.w.s.m.m.a.HttpEntityMethodProcessor - Using 'application/json', given [application/json, text/plain, */*] and supported [application/hal+json, application/json]
2026-02-15 16:37:21.564 [http-nio-8080-exec-4] DEBUG o.s.w.s.m.m.a.HttpEntityMethodProcessor - Writing [PagedModel { content: [EntityModel { content: TaskEntity(idTarea=7, titulo=Prueba, estado=Pendiente, (truncated)...]
2026-02-15 16:37:21.570 [http-nio-8080-exec-4] DEBUG o.s.web.servlet.DispatcherServlet - Completed 200 OK
2026-02-15 16:38:03.026 [http-nio-8080-exec-10] DEBUG o.s.web.servlet.DispatcherServlet - POST "/api/auth-rest/loginAccion", parameters={}
2026-02-15 16:38:03.027 [http-nio-8080-exec-10] DEBUG o.s.w.s.m.m.a.RequestMappingHandlerMapping - Mapped to com.example.ProyectoBackEnd.controller.LoginController#loginAccion(UsuarioEntity, HttpSession)
2026-02-15 16:38:03.033 [http-nio-8080-exec-10] DEBUG o.s.w.s.m.m.a.RequestResponseBodyMethodProcessor - Read "application/json;charset=UTF-8" to [UsuarioEntity(idUsuario=null, usuario=yaddif, contraseña=12345, fechaCreacion=null, estado=null, fec (truncated)...]
2026-02-15 16:38:03.075 [http-nio-8080-exec-10] INFO  c.e.P.controller.LoginController - AUDITORIA: Intento de login para usuario: yaddif
2026-02-15 16:38:03.099 [http-nio-8080-exec-10] INFO  c.e.P.aspect.LogginAspect - Operación buscarPorNombre completada en 8 ms
2026-02-15 16:38:03.107 [http-nio-8080-exec-10] INFO  c.e.P.aspect.LogginAspect - Operación validarLogin completada en 3 ms
2026-02-15 16:38:03.108 [http-nio-8080-exec-10] INFO  c.e.P.controller.LoginController - Login exitoso. Derivando a principal.
2026-02-15 16:38:03.218 [http-nio-8080-exec-10] DEBUG o.s.w.s.m.m.a.RequestResponseBodyMethodProcessor - Using 'application/json', given [application/json, text/plain, */*] and supported [application/hal+json, application/vnd.hal+json, application/json, application/schema+json, application/json-patch+json, application/merge-patch+json, application/x-spring-data-verbose+json, application/x-spring-data-compact+json, application/prs.hal-forms+json, application/*+json]
2026-02-15 16:38:03.219 [http-nio-8080-exec-10] DEBUG o.s.w.s.m.m.a.RequestResponseBodyMethodProcessor - Writing [EntityModel { content: UsuarioEntity(idUsuario=2, usuario=yaddif, contraseña=12345, fechaCreacion=20 (truncated)...]
2026-02-15 16:38:03.222 [http-nio-8080-exec-10] DEBUG o.s.web.servlet.DispatcherServlet - Completed 200 OK
2026-02-15 16:38:03.913 [http-nio-8080-exec-6] DEBUG o.s.web.servlet.DispatcherServlet - GET "/api/tareas-rest/search/porUsuario?id=2&size=100", parameters={masked}
2026-02-15 16:38:03.926 [http-nio-8080-exec-6] DEBUG o.s.w.s.m.m.a.HttpEntityMethodProcessor - Using 'application/json', given [application/json, text/plain, */*] and supported [application/hal+json, application/json]
2026-02-15 16:38:03.927 [http-nio-8080-exec-6] DEBUG o.s.w.s.m.m.a.HttpEntityMethodProcessor - Writing [PagedModel { content: [EntityModel { content: TaskEntity(idTarea=7, titulo=Prueba, estado=Pendiente, (truncated)...]
2026-02-15 16:38:03.933 [http-nio-8080-exec-6] DEBUG o.s.web.servlet.DispatcherServlet - Completed 200 OK
2026-02-15 16:38:03.934 [http-nio-8080-exec-7] DEBUG o.s.web.servlet.DispatcherServlet - GET "/api/tareas-rest/search/porUsuario?id=2&size=100", parameters={masked}
2026-02-15 16:38:03.946 [http-nio-8080-exec-7] DEBUG o.s.w.s.m.m.a.HttpEntityMethodProcessor - Using 'application/json', given [application/json, text/plain, */*] and supported [application/hal+json, application/json]
2026-02-15 16:38:03.947 [http-nio-8080-exec-7] DEBUG o.s.w.s.m.m.a.HttpEntityMethodProcessor - Writing [PagedModel { content: [EntityModel { content: TaskEntity(idTarea=7, titulo=Prueba, estado=Pendiente, (truncated)...]
2026-02-15 16:38:03.952 [http-nio-8080-exec-7] DEBUG o.s.web.servlet.DispatcherServlet - Completed 200 OK
2026-02-15 16:38:19.477 [http-nio-8080-exec-8] DEBUG o.s.web.servlet.DispatcherServlet - POST "/api/tareas-rest", parameters={}
2026-02-15 16:38:19.495 [http-nio-8080-exec-8] DEBUG o.s.w.s.m.m.a.HttpEntityMethodProcessor - Using 'application/json', given [application/json, text/plain, */*] and supported [application/hal+json, application/json]
2026-02-15 16:38:19.495 [http-nio-8080-exec-8] DEBUG o.s.w.s.m.m.a.HttpEntityMethodProcessor - Writing [EntityModel { content: TaskEntity(idTarea=46, titulo=Revisar Logs en NetBeans, estado=Pendiente, fec (truncated)...]
2026-02-15 16:38:19.497 [http-nio-8080-exec-8] DEBUG o.s.web.servlet.DispatcherServlet - Completed 201 CREATED
2026-02-15 16:38:19.500 [http-nio-8080-exec-9] DEBUG o.s.web.servlet.DispatcherServlet - GET "/api/tareas-rest/search/porUsuario?id=2&size=100", parameters={masked}
2026-02-15 16:38:19.513 [http-nio-8080-exec-9] DEBUG o.s.w.s.m.m.a.HttpEntityMethodProcessor - Using 'application/json', given [application/json, text/plain, */*] and supported [application/hal+json, application/json]
2026-02-15 16:38:19.514 [http-nio-8080-exec-9] DEBUG o.s.w.s.m.m.a.HttpEntityMethodProcessor - Writing [PagedModel { content: [EntityModel { content: TaskEntity(idTarea=7, titulo=Prueba, estado=Pendiente, (truncated)...]
2026-02-15 16:38:19.519 [http-nio-8080-exec-9] DEBUG o.s.web.servlet.DispatcherServlet - Completed 200 OK
2026-02-15 16:42:26.554 [main] INFO  o.s.t.c.s.AnnotationConfigContextLoaderUtils - Could not detect default configuration classes for test class [com.example.ProyectoBackEnd.ProyectoBackEndApplicationTests]: ProyectoBackEndApplicationTests does not declare any static, non-private, non-final, nested classes annotated with @Configuration.
2026-02-15 16:42:26.668 [main] INFO  o.s.b.t.c.SpringBootTestContextBootstrapper - Found @SpringBootConfiguration com.example.ProyectoBackEnd.ProyectoBackEndApplication for test class com.example.ProyectoBackEnd.ProyectoBackEndApplicationTests
2026-02-15 16:42:26.824 [main] INFO  o.s.b.d.r.RestartApplicationListener - Restart disabled due to context in which it is running
2026-02-15 16:42:27.080 [main] INFO  c.e.P.ProyectoBackEndApplicationTests - Starting ProyectoBackEndApplicationTests using Java 17.0.17 with PID 26376 (started by leofr in C:\Users\leofr\OneDrive\Escritorio\ESPECIALIZACION EN JAVA(CIBERTEC) Y OTRAS\JAVA BACK END\PROYECTO FINAL\ProyectoBackEnd (1)\ProyectoBackEnd)
2026-02-15 16:42:27.081 [main] DEBUG c.e.P.ProyectoBackEndApplicationTests - Running with Spring Boot v3.5.10, Spring v6.2.15
2026-02-15 16:42:27.082 [main] INFO  c.e.P.ProyectoBackEndApplicationTests - No active profile set, falling back to 1 default profile: "default"
2026-02-15 16:42:27.122 [main] DEBUG o.s.w.c.s.GenericWebApplicationContext - Refreshing org.springframework.web.context.support.GenericWebApplicationContext@25d3cfc8
2026-02-15 16:42:27.741 [main] INFO  o.s.d.r.c.RepositoryConfigurationDelegate - Bootstrapping Spring Data JPA repositories in DEFAULT mode.
2026-02-15 16:42:27.832 [main] INFO  o.s.d.r.c.RepositoryConfigurationDelegate - Finished Spring Data repository scanning in 79 ms. Found 3 JPA repository interfaces.
2026-02-15 16:42:28.434 [main] INFO  o.h.jpa.internal.util.LogHelper - HHH000204: Processing PersistenceUnitInfo [name: default]
2026-02-15 16:42:28.503 [main] INFO  org.hibernate.Version - HHH000412: Hibernate ORM core version 6.6.41.Final
2026-02-15 16:42:28.555 [main] INFO  o.h.c.i.RegionFactoryInitiator - HHH000026: Second-level cache disabled
2026-02-15 16:42:28.940 [main] INFO  o.s.o.j.p.SpringPersistenceUnitInfo - No LoadTimeWeaver setup: ignoring JPA class transformer
2026-02-15 16:42:28.974 [main] INFO  com.zaxxer.hikari.HikariDataSource - HikariPool-1 - Starting...
2026-02-15 16:42:29.142 [main] INFO  com.zaxxer.hikari.pool.HikariPool - HikariPool-1 - Added connection com.mysql.cj.jdbc.ConnectionImpl@26a33cf
2026-02-15 16:42:29.144 [main] INFO  com.zaxxer.hikari.HikariDataSource - HikariPool-1 - Start completed.
2026-02-15 16:42:29.193 [main] WARN  org.hibernate.orm.deprecation - HHH90000025: MySQLDialect does not need to be specified explicitly using 'hibernate.dialect' (remove the property setting and it will be selected by default)
2026-02-15 16:42:29.222 [main] INFO  o.hibernate.orm.connections.pooling - HHH10001005: Database info:
	Database JDBC URL [Connecting through datasource 'HikariDataSource (HikariPool-1)']
	Database driver: undefined/unknown
	Database version: 8.0.32
	Autocommit mode: undefined/unknown
	Isolation level: undefined/unknown
	Minimum pool size: undefined/unknown
	Maximum pool size: undefined/unknown
2026-02-15 16:42:29.961 [main] INFO  o.h.e.t.j.p.i.JtaPlatformInitiator - HHH000489: No JTA platform available (set 'hibernate.transaction.jta.platform' to enable JTA platform integration)
2026-02-15 16:42:30.039 [main] INFO  o.s.o.j.LocalContainerEntityManagerFactoryBean - Initialized JPA EntityManagerFactory for persistence unit 'default'
2026-02-15 16:42:30.448 [main] INFO  o.s.d.j.r.query.QueryEnhancerFactory - Hibernate is in classpath; If applicable, HQL parser will be used.
2026-02-15 16:42:31.353 [main] WARN  o.s.b.a.o.j.JpaBaseConfiguration$JpaWebConfiguration - spring.jpa.open-in-view is enabled by default. Therefore, database queries may be performed during view rendering. Explicitly configure spring.jpa.open-in-view to disable this warning
2026-02-15 16:42:31.708 [main] DEBUG o.s.w.s.m.m.a.RequestMappingHandlerMapping - 15 mappings in 'requestMappingHandlerMapping'
2026-02-15 16:42:31.882 [main] DEBUG o.s.w.s.h.SimpleUrlHandlerMapping - Patterns [/webjars/**, /**] in 'resourceHandlerMapping'
2026-02-15 16:42:31.925 [main] DEBUG o.s.w.s.m.m.a.RequestMappingHandlerAdapter - ControllerAdvice beans: 0 @ModelAttribute, 0 @InitBinder, 1 RequestBodyAdvice, 1 ResponseBodyAdvice
2026-02-15 16:42:31.988 [main] WARN  o.s.b.a.t.ThymeleafAutoConfiguration$DefaultTemplateResolverConfiguration - Cannot find template location: classpath:/templates/ (please add some templates, check your Thymeleaf configuration, or set spring.thymeleaf.check-template-location=false)
2026-02-15 16:42:32.023 [main] DEBUG o.s.w.s.m.m.a.ExceptionHandlerExceptionResolver - ControllerAdvice beans: 1 @ExceptionHandler, 1 ResponseBodyAdvice
2026-02-15 16:42:32.072 [main] DEBUG o.s.w.s.m.m.a.ExceptionHandlerExceptionResolver - ControllerAdvice beans: 1 @ExceptionHandler, 0 ResponseBodyAdvice
2026-02-15 16:42:32.337 [main] INFO  c.e.P.ProyectoBackEndApplicationTests - Started ProyectoBackEndApplicationTests in 5.527 seconds (process running for 6.538)
2026-02-15 16:42:32.807 [SpringApplicationShutdownHook] DEBUG o.s.w.c.s.GenericWebApplicationContext - Closing org.springframework.web.context.support.GenericWebApplicationContext@25d3cfc8, started on Sun Feb 15 16:42:27 CET 2026
2026-02-15 16:42:32.811 [SpringApplicationShutdownHook] INFO  o.s.o.j.LocalContainerEntityManagerFactoryBean - Closing JPA EntityManagerFactory for persistence unit 'default'
2026-02-15 16:42:32.815 [SpringApplicationShutdownHook] INFO  com.zaxxer.hikari.HikariDataSource - HikariPool-1 - Shutdown initiated...
2026-02-15 16:42:32.823 [SpringApplicationShutdownHook] INFO  com.zaxxer.hikari.HikariDataSource - HikariPool-1 - Shutdown completed.
2026-02-15 16:42:45.072 [restartedMain] INFO  c.e.P.ProyectoBackEndApplication - Starting ProyectoBackEndApplication using Java 17.0.17 with PID 12732 (C:\Users\leofr\OneDrive\Escritorio\ESPECIALIZACION EN JAVA(CIBERTEC) Y OTRAS\JAVA BACK END\PROYECTO FINAL\ProyectoBackEnd (1)\ProyectoBackEnd\target\classes started by leofr in C:\Users\leofr\OneDrive\Escritorio\ESPECIALIZACION EN JAVA(CIBERTEC) Y OTRAS\JAVA BACK END\PROYECTO FINAL\ProyectoBackEnd (1)\ProyectoBackEnd)
2026-02-15 16:42:45.075 [restartedMain] DEBUG c.e.P.ProyectoBackEndApplication - Running with Spring Boot v3.5.10, Spring v6.2.15
2026-02-15 16:42:45.076 [restartedMain] INFO  c.e.P.ProyectoBackEndApplication - No active profile set, falling back to 1 default profile: "default"
2026-02-15 16:42:45.121 [restartedMain] INFO  o.s.b.d.e.DevToolsPropertyDefaultsPostProcessor - Devtools property defaults active! Set 'spring.devtools.add-properties' to 'false' to disable
2026-02-15 16:42:45.122 [restartedMain] INFO  o.s.b.d.e.DevToolsPropertyDefaultsPostProcessor - For additional web related logging consider setting the 'logging.level.web' property to 'DEBUG'
2026-02-15 16:42:45.774 [restartedMain] INFO  o.s.d.r.c.RepositoryConfigurationDelegate - Bootstrapping Spring Data JPA repositories in DEFAULT mode.
2026-02-15 16:42:45.845 [restartedMain] INFO  o.s.d.r.c.RepositoryConfigurationDelegate - Finished Spring Data repository scanning in 61 ms. Found 3 JPA repository interfaces.
2026-02-15 16:42:46.658 [restartedMain] INFO  o.s.b.w.e.tomcat.TomcatWebServer - Tomcat initialized with port 8080 (http)
2026-02-15 16:42:46.670 [restartedMain] INFO  o.a.coyote.http11.Http11NioProtocol - Initializing ProtocolHandler ["http-nio-8080"]
2026-02-15 16:42:46.672 [restartedMain] INFO  o.a.catalina.core.StandardService - Starting service [Tomcat]
2026-02-15 16:42:46.672 [restartedMain] INFO  o.a.catalina.core.StandardEngine - Starting Servlet engine: [Apache Tomcat/10.1.50]
2026-02-15 16:42:46.726 [restartedMain] INFO  o.a.c.c.C.[Tomcat].[localhost].[/] - Initializing Spring embedded WebApplicationContext
2026-02-15 16:42:46.727 [restartedMain] INFO  o.s.b.w.s.c.ServletWebServerApplicationContext - Root WebApplicationContext: initialization completed in 1604 ms
2026-02-15 16:42:46.935 [restartedMain] INFO  o.h.jpa.internal.util.LogHelper - HHH000204: Processing PersistenceUnitInfo [name: default]
2026-02-15 16:42:47.000 [restartedMain] INFO  org.hibernate.Version - HHH000412: Hibernate ORM core version 6.6.41.Final
2026-02-15 16:42:47.039 [restartedMain] INFO  o.h.c.i.RegionFactoryInitiator - HHH000026: Second-level cache disabled
2026-02-15 16:42:47.313 [restartedMain] INFO  o.s.o.j.p.SpringPersistenceUnitInfo - No LoadTimeWeaver setup: ignoring JPA class transformer
2026-02-15 16:42:47.348 [restartedMain] INFO  com.zaxxer.hikari.HikariDataSource - HikariPool-1 - Starting...
2026-02-15 16:42:47.484 [restartedMain] INFO  com.zaxxer.hikari.pool.HikariPool - HikariPool-1 - Added connection com.mysql.cj.jdbc.ConnectionImpl@1d047015
2026-02-15 16:42:47.485 [restartedMain] INFO  com.zaxxer.hikari.HikariDataSource - HikariPool-1 - Start completed.
2026-02-15 16:42:47.522 [restartedMain] WARN  org.hibernate.orm.deprecation - HHH90000025: MySQLDialect does not need to be specified explicitly using 'hibernate.dialect' (remove the property setting and it will be selected by default)
2026-02-15 16:42:47.541 [restartedMain] INFO  o.hibernate.orm.connections.pooling - HHH10001005: Database info:
	Database JDBC URL [Connecting through datasource 'HikariDataSource (HikariPool-1)']
	Database driver: undefined/unknown
	Database version: 8.0.32
	Autocommit mode: undefined/unknown
	Isolation level: undefined/unknown
	Minimum pool size: undefined/unknown
	Maximum pool size: undefined/unknown
2026-02-15 16:42:48.216 [restartedMain] INFO  o.h.e.t.j.p.i.JtaPlatformInitiator - HHH000489: No JTA platform available (set 'hibernate.transaction.jta.platform' to enable JTA platform integration)
2026-02-15 16:42:48.290 [restartedMain] INFO  o.s.o.j.LocalContainerEntityManagerFactoryBean - Initialized JPA EntityManagerFactory for persistence unit 'default'
2026-02-15 16:42:48.687 [restartedMain] INFO  o.s.d.j.r.query.QueryEnhancerFactory - Hibernate is in classpath; If applicable, HQL parser will be used.
2026-02-15 16:42:49.278 [restartedMain] WARN  o.s.b.a.o.j.JpaBaseConfiguration$JpaWebConfiguration - spring.jpa.open-in-view is enabled by default. Therefore, database queries may be performed during view rendering. Explicitly configure spring.jpa.open-in-view to disable this warning
2026-02-15 16:42:49.608 [restartedMain] DEBUG o.s.w.s.m.m.a.RequestMappingHandlerMapping - 15 mappings in 'requestMappingHandlerMapping'
2026-02-15 16:42:49.766 [restartedMain] DEBUG o.s.w.s.h.SimpleUrlHandlerMapping - Patterns [/webjars/**, /**] in 'resourceHandlerMapping'
2026-02-15 16:42:49.801 [restartedMain] DEBUG o.s.w.s.m.m.a.RequestMappingHandlerAdapter - ControllerAdvice beans: 0 @ModelAttribute, 0 @InitBinder, 1 RequestBodyAdvice, 1 ResponseBodyAdvice
2026-02-15 16:42:49.852 [restartedMain] WARN  o.s.b.a.t.ThymeleafAutoConfiguration$DefaultTemplateResolverConfiguration - Cannot find template location: classpath:/templates/ (please add some templates, check your Thymeleaf configuration, or set spring.thymeleaf.check-template-location=false)
2026-02-15 16:42:49.884 [restartedMain] DEBUG o.s.w.s.m.m.a.ExceptionHandlerExceptionResolver - ControllerAdvice beans: 1 @ExceptionHandler, 1 ResponseBodyAdvice
2026-02-15 16:42:49.923 [restartedMain] DEBUG o.s.w.s.m.m.a.ExceptionHandlerExceptionResolver - ControllerAdvice beans: 1 @ExceptionHandler, 0 ResponseBodyAdvice
2026-02-15 16:42:50.156 [restartedMain] INFO  o.s.b.d.a.OptionalLiveReloadServer - LiveReload server is running on port 35729
2026-02-15 16:42:50.172 [restartedMain] INFO  o.a.coyote.http11.Http11NioProtocol - Starting ProtocolHandler ["http-nio-8080"]
2026-02-15 16:42:50.195 [restartedMain] INFO  o.s.b.w.e.tomcat.TomcatWebServer - Tomcat started on port 8080 (http) with context path '/'
2026-02-15 16:42:50.203 [restartedMain] INFO  c.e.P.ProyectoBackEndApplication - Started ProyectoBackEndApplication in 5.466 seconds (process running for 5.966)
2026-02-15 16:43:26.952 [http-nio-8080-exec-1] INFO  o.a.c.c.C.[Tomcat].[localhost].[/] - Initializing Spring DispatcherServlet 'dispatcherServlet'
2026-02-15 16:43:26.954 [http-nio-8080-exec-1] INFO  o.s.web.servlet.DispatcherServlet - Initializing Servlet 'dispatcherServlet'
2026-02-15 16:43:26.954 [http-nio-8080-exec-1] DEBUG o.s.web.servlet.DispatcherServlet - Detected StandardServletMultipartResolver
2026-02-15 16:43:26.954 [http-nio-8080-exec-1] DEBUG o.s.web.servlet.DispatcherServlet - Detected AcceptHeaderLocaleResolver
2026-02-15 16:43:26.954 [http-nio-8080-exec-1] DEBUG o.s.web.servlet.DispatcherServlet - Detected FixedThemeResolver
2026-02-15 16:43:26.956 [http-nio-8080-exec-1] DEBUG o.s.web.servlet.DispatcherServlet - Detected org.springframework.web.servlet.view.DefaultRequestToViewNameTranslator@11037411
2026-02-15 16:43:26.956 [http-nio-8080-exec-1] DEBUG o.s.web.servlet.DispatcherServlet - Detected org.springframework.web.servlet.support.SessionFlashMapManager@361a0abd
2026-02-15 16:43:26.956 [http-nio-8080-exec-1] DEBUG o.s.web.servlet.DispatcherServlet - enableLoggingRequestDetails='false': request parameters and headers will be masked to prevent unsafe logging of potentially sensitive data
2026-02-15 16:43:26.956 [http-nio-8080-exec-1] INFO  o.s.web.servlet.DispatcherServlet - Completed initialization in 2 ms
2026-02-15 16:43:26.965 [http-nio-8080-exec-1] DEBUG o.s.web.servlet.DispatcherServlet - POST "/api/auth-rest/loginAccion", parameters={}
2026-02-15 16:43:26.975 [http-nio-8080-exec-1] DEBUG o.s.w.s.m.m.a.RequestMappingHandlerMapping - Mapped to com.example.ProyectoBackEnd.controller.LoginController#loginAccion(UsuarioEntity, HttpSession)
2026-02-15 16:43:27.101 [http-nio-8080-exec-1] DEBUG o.s.w.s.m.m.a.RequestResponseBodyMethodProcessor - Read "application/json;charset=UTF-8" to [UsuarioEntity(idUsuario=null, usuario=yaddif, contraseña=12345, fechaCreacion=null, estado=null, fec (truncated)...]
2026-02-15 16:43:27.172 [http-nio-8080-exec-1] INFO  c.e.P.controller.LoginController - AUDITORIA: Intento de login para usuario: yaddif
2026-02-15 16:43:27.397 [http-nio-8080-exec-1] INFO  c.e.P.aspect.LogginAspect - Operación buscarPorNombre completada en 162 ms
2026-02-15 16:43:27.411 [http-nio-8080-exec-1] INFO  c.e.P.aspect.LogginAspect - Operación validarLogin completada en 3 ms
2026-02-15 16:43:27.412 [http-nio-8080-exec-1] INFO  c.e.P.controller.LoginController - Login exitoso. Derivando a principal.
2026-02-15 16:43:27.554 [http-nio-8080-exec-1] DEBUG o.s.w.s.m.m.a.RequestResponseBodyMethodProcessor - Using 'application/json', given [application/json, text/plain, */*] and supported [application/hal+json, application/vnd.hal+json, application/json, application/schema+json, application/json-patch+json, application/merge-patch+json, application/x-spring-data-verbose+json, application/x-spring-data-compact+json, application/prs.hal-forms+json, application/*+json]
2026-02-15 16:43:27.556 [http-nio-8080-exec-1] DEBUG o.s.w.s.m.m.a.RequestResponseBodyMethodProcessor - Writing [EntityModel { content: UsuarioEntity(idUsuario=2, usuario=yaddif, contraseña=12345, fechaCreacion=20 (truncated)...]
2026-02-15 16:43:27.589 [http-nio-8080-exec-1] DEBUG o.s.web.servlet.DispatcherServlet - Completed 200 OK
2026-02-15 16:43:28.614 [http-nio-8080-exec-5] DEBUG o.s.web.servlet.DispatcherServlet - GET "/api/tareas-rest/search/porUsuario?id=2&size=100", parameters={masked}
2026-02-15 16:43:28.715 [http-nio-8080-exec-5] DEBUG o.s.w.s.m.m.a.HttpEntityMethodProcessor - Using 'application/json', given [application/json, text/plain, */*] and supported [application/hal+json, application/json]
2026-02-15 16:43:28.722 [http-nio-8080-exec-5] DEBUG o.s.w.s.m.m.a.HttpEntityMethodProcessor - Writing [PagedModel { content: [EntityModel { content: TaskEntity(idTarea=7, titulo=Prueba, estado=Pendiente, (truncated)...]
2026-02-15 16:43:28.752 [http-nio-8080-exec-5] DEBUG o.s.web.servlet.DispatcherServlet - Completed 200 OK
2026-02-15 16:43:28.754 [http-nio-8080-exec-2] DEBUG o.s.web.servlet.DispatcherServlet - GET "/api/tareas-rest/search/porUsuario?id=2&size=100", parameters={masked}
2026-02-15 16:43:28.768 [http-nio-8080-exec-2] DEBUG o.s.w.s.m.m.a.HttpEntityMethodProcessor - Using 'application/json', given [application/json, text/plain, */*] and supported [application/hal+json, application/json]
2026-02-15 16:43:28.769 [http-nio-8080-exec-2] DEBUG o.s.w.s.m.m.a.HttpEntityMethodProcessor - Writing [PagedModel { content: [EntityModel { content: TaskEntity(idTarea=7, titulo=Prueba, estado=Pendiente, (truncated)...]
2026-02-15 16:43:28.776 [http-nio-8080-exec-2] DEBUG o.s.web.servlet.DispatcherServlet - Completed 200 OK
2026-02-15 16:43:46.349 [http-nio-8080-exec-3] DEBUG o.s.web.servlet.DispatcherServlet - POST "/api/tareas-rest", parameters={}
2026-02-15 16:43:46.385 [http-nio-8080-exec-3] DEBUG o.s.w.s.m.m.a.HttpEntityMethodProcessor - Using 'application/json', given [application/json, text/plain, */*] and supported [application/hal+json, application/json]
2026-02-15 16:43:46.386 [http-nio-8080-exec-3] DEBUG o.s.w.s.m.m.a.HttpEntityMethodProcessor - Writing [EntityModel { content: TaskEntity(idTarea=47, titulo=Revision de DEBUG en LogginAspect, estado=Abier (truncated)...]
2026-02-15 16:43:46.388 [http-nio-8080-exec-3] DEBUG o.s.web.servlet.DispatcherServlet - Completed 201 CREATED
2026-02-15 16:43:46.391 [http-nio-8080-exec-4] DEBUG o.s.web.servlet.DispatcherServlet - GET "/api/tareas-rest/search/porUsuario?id=2&size=100", parameters={masked}
2026-02-15 16:43:46.402 [http-nio-8080-exec-4] DEBUG o.s.w.s.m.m.a.HttpEntityMethodProcessor - Using 'application/json', given [application/json, text/plain, */*] and supported [application/hal+json, application/json]
2026-02-15 16:43:46.403 [http-nio-8080-exec-4] DEBUG o.s.w.s.m.m.a.HttpEntityMethodProcessor - Writing [PagedModel { content: [EntityModel { content: TaskEntity(idTarea=7, titulo=Prueba, estado=Pendiente, (truncated)...]
2026-02-15 16:43:46.409 [http-nio-8080-exec-4] DEBUG o.s.web.servlet.DispatcherServlet - Completed 200 OK
2026-02-15 16:44:09.229 [http-nio-8080-exec-7] DEBUG o.s.web.servlet.DispatcherServlet - POST "/api/auth-rest/loginAccion", parameters={}
2026-02-15 16:44:09.229 [http-nio-8080-exec-7] DEBUG o.s.w.s.m.m.a.RequestMappingHandlerMapping - Mapped to com.example.ProyectoBackEnd.controller.LoginController#loginAccion(UsuarioEntity, HttpSession)
2026-02-15 16:44:09.231 [http-nio-8080-exec-7] DEBUG o.s.w.s.m.m.a.RequestResponseBodyMethodProcessor - Read "application/json;charset=UTF-8" to [UsuarioEntity(idUsuario=null, usuario=admin, contraseña=1234, fechaCreacion=null, estado=null, fecha (truncated)...]
2026-02-15 16:44:09.232 [http-nio-8080-exec-7] INFO  c.e.P.controller.LoginController - AUDITORIA: Intento de login para usuario: admin
2026-02-15 16:44:09.241 [http-nio-8080-exec-7] INFO  c.e.P.aspect.LogginAspect - Operación buscarPorNombre completada en 3 ms
2026-02-15 16:44:09.250 [http-nio-8080-exec-7] INFO  c.e.P.aspect.LogginAspect - Operación validarLogin completada en 2 ms
2026-02-15 16:44:09.250 [http-nio-8080-exec-7] INFO  c.e.P.controller.LoginController - Login exitoso. Derivando a principal.
2026-02-15 16:44:09.262 [http-nio-8080-exec-7] DEBUG o.s.w.s.m.m.a.RequestResponseBodyMethodProcessor - Using 'application/json', given [application/json, text/plain, */*] and supported [application/hal+json, application/vnd.hal+json, application/json, application/schema+json, application/json-patch+json, application/merge-patch+json, application/x-spring-data-verbose+json, application/x-spring-data-compact+json, application/prs.hal-forms+json, application/*+json]
2026-02-15 16:44:09.263 [http-nio-8080-exec-7] DEBUG o.s.w.s.m.m.a.RequestResponseBodyMethodProcessor - Writing [EntityModel { content: UsuarioEntity(idUsuario=1, usuario=admin, contraseña=1234, fechaCreacion=2026 (truncated)...]
2026-02-15 16:44:09.264 [http-nio-8080-exec-7] DEBUG o.s.web.servlet.DispatcherServlet - Completed 200 OK
2026-02-15 16:44:11.110 [http-nio-8080-exec-6] DEBUG o.s.web.servlet.DispatcherServlet - GET "/api/auditoria?size=100&sort=fechaHora,desc", parameters={masked}
2026-02-15 16:44:11.181 [http-nio-8080-exec-6] DEBUG o.s.w.s.m.m.a.RequestResponseBodyMethodProcessor - Using 'application/json', given [application/json, text/plain, */*] and supported [application/hal+json, application/json]
2026-02-15 16:44:11.186 [http-nio-8080-exec-6] DEBUG o.s.w.s.m.m.a.RequestResponseBodyMethodProcessor - Writing [PagedModel { content: [EntityModel { content: AuditoriaEntity(idauditoria=2485, fechaHora=2026-02-15 (truncated)...]
2026-02-15 16:44:11.210 [http-nio-8080-exec-8] DEBUG o.s.web.servlet.DispatcherServlet - GET "/api/auditoria?size=100&sort=fechaHora,desc", parameters={masked}
2026-02-15 16:44:11.232 [http-nio-8080-exec-6] DEBUG o.s.web.servlet.DispatcherServlet - Completed 200 OK
2026-02-15 16:44:11.256 [http-nio-8080-exec-8] DEBUG o.s.w.s.m.m.a.RequestResponseBodyMethodProcessor - Using 'application/json', given [application/json, text/plain, */*] and supported [application/hal+json, application/json]
2026-02-15 16:44:11.257 [http-nio-8080-exec-8] DEBUG o.s.w.s.m.m.a.RequestResponseBodyMethodProcessor - Writing [PagedModel { content: [EntityModel { content: AuditoriaEntity(idauditoria=2485, fechaHora=2026-02-15 (truncated)...]
2026-02-15 16:44:11.297 [http-nio-8080-exec-8] DEBUG o.s.web.servlet.DispatcherServlet - Completed 200 OK
2026-02-15 16:46:28.754 [http-nio-8080-exec-1] DEBUG o.s.web.servlet.DispatcherServlet - GET "/api/tareas-rest/search/porUsuario?id=1&size=100", parameters={masked}
2026-02-15 16:46:28.768 [http-nio-8080-exec-1] DEBUG o.s.w.s.m.m.a.HttpEntityMethodProcessor - Using 'application/json', given [application/json, text/plain, */*] and supported [application/hal+json, application/json]
2026-02-15 16:46:28.769 [http-nio-8080-exec-1] DEBUG o.s.w.s.m.m.a.HttpEntityMethodProcessor - Writing [PagedModel { content: [EntityModel { content: TaskEntity(idTarea=1, titulo=Configurar el entorno de  (truncated)...]
2026-02-15 16:46:28.776 [http-nio-8080-exec-1] DEBUG o.s.web.servlet.DispatcherServlet - Completed 200 OK
2026-02-15 16:46:28.778 [http-nio-8080-exec-5] DEBUG o.s.web.servlet.DispatcherServlet - GET "/api/tareas-rest/search/porUsuario?id=1&size=100", parameters={masked}
2026-02-15 16:46:28.789 [http-nio-8080-exec-5] DEBUG o.s.w.s.m.m.a.HttpEntityMethodProcessor - Using 'application/json', given [application/json, text/plain, */*] and supported [application/hal+json, application/json]
2026-02-15 16:46:28.789 [http-nio-8080-exec-5] DEBUG o.s.w.s.m.m.a.HttpEntityMethodProcessor - Writing [PagedModel { content: [EntityModel { content: TaskEntity(idTarea=1, titulo=Configurar el entorno de  (truncated)...]
2026-02-15 16:46:28.795 [http-nio-8080-exec-5] DEBUG o.s.web.servlet.DispatcherServlet - Completed 200 OK
2026-02-15 16:46:32.588 [http-nio-8080-exec-2] DEBUG o.s.web.servlet.DispatcherServlet - OPTIONS "/api/tareas-rest/29", parameters={}
2026-02-15 16:46:32.591 [http-nio-8080-exec-2] DEBUG o.s.web.servlet.DispatcherServlet - Completed 200 OK
2026-02-15 16:46:32.596 [http-nio-8080-exec-3] DEBUG o.s.web.servlet.DispatcherServlet - DELETE "/api/tareas-rest/29", parameters={}
2026-02-15 16:46:32.622 [http-nio-8080-exec-3] DEBUG o.s.w.s.m.m.a.HttpEntityMethodProcessor - Using 'application/json', given [application/json, text/plain, */*] and supported [application/hal+json, application/json]
2026-02-15 16:46:32.623 [http-nio-8080-exec-3] DEBUG o.s.w.s.m.m.a.HttpEntityMethodProcessor - Writing [EntityModel { content: TaskEntity(idTarea=29, titulo=Muestra de usuarios, estado=Escalado por tiempo (truncated)...]
2026-02-15 16:46:32.624 [http-nio-8080-exec-3] DEBUG o.s.web.servlet.DispatcherServlet - Completed 200 OK
2026-02-15 16:46:33.772 [http-nio-8080-exec-4] DEBUG o.s.web.servlet.DispatcherServlet - GET "/api/tareas-rest/search/porUsuario?id=1&size=100", parameters={masked}
2026-02-15 16:46:33.785 [http-nio-8080-exec-4] DEBUG o.s.w.s.m.m.a.HttpEntityMethodProcessor - Using 'application/json', given [application/json, text/plain, */*] and supported [application/hal+json, application/json]
2026-02-15 16:46:33.786 [http-nio-8080-exec-4] DEBUG o.s.w.s.m.m.a.HttpEntityMethodProcessor - Writing [PagedModel { content: [EntityModel { content: TaskEntity(idTarea=1, titulo=Configurar el entorno de  (truncated)...]
2026-02-15 16:46:33.791 [http-nio-8080-exec-4] DEBUG o.s.web.servlet.DispatcherServlet - Completed 200 OK
2026-02-15 16:46:40.988 [http-nio-8080-exec-7] DEBUG o.s.web.servlet.DispatcherServlet - OPTIONS "/api/tareas-rest/5", parameters={}
2026-02-15 16:46:40.991 [http-nio-8080-exec-7] DEBUG o.s.web.servlet.DispatcherServlet - Completed 200 OK
2026-02-15 16:46:40.993 [http-nio-8080-exec-6] DEBUG o.s.web.servlet.DispatcherServlet - DELETE "/api/tareas-rest/5", parameters={}
2026-02-15 16:46:41.006 [http-nio-8080-exec-6] DEBUG o.s.w.s.m.m.a.HttpEntityMethodProcessor - Using 'application/json', given [application/json, text/plain, */*] and supported [application/hal+json, application/json]
2026-02-15 16:46:41.006 [http-nio-8080-exec-6] DEBUG o.s.w.s.m.m.a.HttpEntityMethodProcessor - Writing [EntityModel { content: TaskEntity(idTarea=5, titulo=Optimización de consultas JPA, estado=Escalado p (truncated)...]
2026-02-15 16:46:41.007 [http-nio-8080-exec-6] DEBUG o.s.web.servlet.DispatcherServlet - Completed 200 OK
2026-02-15 16:46:42.315 [http-nio-8080-exec-8] DEBUG o.s.web.servlet.DispatcherServlet - GET "/api/tareas-rest/search/porUsuario?id=1&size=100", parameters={masked}
2026-02-15 16:46:42.326 [http-nio-8080-exec-8] DEBUG o.s.w.s.m.m.a.HttpEntityMethodProcessor - Using 'application/json', given [application/json, text/plain, */*] and supported [application/hal+json, application/json]
2026-02-15 16:46:42.327 [http-nio-8080-exec-8] DEBUG o.s.w.s.m.m.a.HttpEntityMethodProcessor - Writing [PagedModel { content: [EntityModel { content: TaskEntity(idTarea=1, titulo=Configurar el entorno de  (truncated)...]
2026-02-15 16:46:42.333 [http-nio-8080-exec-8] DEBUG o.s.web.servlet.DispatcherServlet - Completed 200 OK
2026-02-15 16:46:45.900 [http-nio-8080-exec-9] DEBUG o.s.web.servlet.DispatcherServlet - OPTIONS "/api/tareas-rest/42", parameters={}
2026-02-15 16:46:45.903 [http-nio-8080-exec-9] DEBUG o.s.web.servlet.DispatcherServlet - Completed 200 OK
2026-02-15 16:46:45.905 [http-nio-8080-exec-10] DEBUG o.s.web.servlet.DispatcherServlet - DELETE "/api/tareas-rest/42", parameters={}
2026-02-15 16:46:45.919 [http-nio-8080-exec-10] DEBUG o.s.w.s.m.m.a.HttpEntityMethodProcessor - Using 'application/json', given [application/json, text/plain, */*] and supported [application/hal+json, application/json]
2026-02-15 16:46:45.919 [http-nio-8080-exec-10] DEBUG o.s.w.s.m.m.a.HttpEntityMethodProcessor - Writing [EntityModel { content: TaskEntity(idTarea=42, titulo=Prueba de Auditoria (Intento 5), estado=Abierto (truncated)...]
2026-02-15 16:46:45.921 [http-nio-8080-exec-10] DEBUG o.s.web.servlet.DispatcherServlet - Completed 200 OK
2026-02-15 16:46:46.580 [http-nio-8080-exec-1] DEBUG o.s.web.servlet.DispatcherServlet - GET "/api/tareas-rest/search/porUsuario?id=1&size=100", parameters={masked}
2026-02-15 16:46:46.590 [http-nio-8080-exec-1] DEBUG o.s.w.s.m.m.a.HttpEntityMethodProcessor - Using 'application/json', given [application/json, text/plain, */*] and supported [application/hal+json, application/json]
2026-02-15 16:46:46.590 [http-nio-8080-exec-1] DEBUG o.s.w.s.m.m.a.HttpEntityMethodProcessor - Writing [PagedModel { content: [EntityModel { content: TaskEntity(idTarea=1, titulo=Configurar el entorno de  (truncated)...]
2026-02-15 16:46:46.596 [http-nio-8080-exec-1] DEBUG o.s.web.servlet.DispatcherServlet - Completed 200 OK
2026-02-15 16:46:51.108 [http-nio-8080-exec-5] DEBUG o.s.web.servlet.DispatcherServlet - OPTIONS "/api/tareas-rest/20", parameters={}
2026-02-15 16:46:51.111 [http-nio-8080-exec-5] DEBUG o.s.web.servlet.DispatcherServlet - Completed 200 OK
2026-02-15 16:46:51.114 [http-nio-8080-exec-2] DEBUG o.s.web.servlet.DispatcherServlet - DELETE "/api/tareas-rest/20", parameters={}
2026-02-15 16:46:51.126 [http-nio-8080-exec-2] DEBUG o.s.w.s.m.m.a.HttpEntityMethodProcessor - Using 'application/json', given [application/json, text/plain, */*] and supported [application/hal+json, application/json]
2026-02-15 16:46:51.127 [http-nio-8080-exec-2] DEBUG o.s.w.s.m.m.a.HttpEntityMethodProcessor - Writing [EntityModel { content: TaskEntity(idTarea=20, titulo=Validación Front y Back (Parte 1), estado=En Pr (truncated)...]
2026-02-15 16:46:51.128 [http-nio-8080-exec-2] DEBUG o.s.web.servlet.DispatcherServlet - Completed 200 OK
2026-02-15 16:46:51.660 [http-nio-8080-exec-3] DEBUG o.s.web.servlet.DispatcherServlet - OPTIONS "/api/tareas-rest/search/porUsuario?id=1&size=100", parameters={masked}
2026-02-15 16:46:51.661 [http-nio-8080-exec-3] DEBUG o.s.web.servlet.DispatcherServlet - Completed 200 OK
2026-02-15 16:46:51.665 [http-nio-8080-exec-4] DEBUG o.s.web.servlet.DispatcherServlet - GET "/api/tareas-rest/search/porUsuario?id=1&size=100", parameters={masked}
2026-02-15 16:46:51.675 [http-nio-8080-exec-4] DEBUG o.s.w.s.m.m.a.HttpEntityMethodProcessor - Using 'application/json', given [application/json, text/plain, */*] and supported [application/hal+json, application/json]
2026-02-15 16:46:51.676 [http-nio-8080-exec-4] DEBUG o.s.w.s.m.m.a.HttpEntityMethodProcessor - Writing [PagedModel { content: [EntityModel { content: TaskEntity(idTarea=1, titulo=Configurar el entorno de  (truncated)...]
2026-02-15 16:46:51.680 [http-nio-8080-exec-4] DEBUG o.s.web.servlet.DispatcherServlet - Completed 200 OK
2026-02-15 16:46:55.812 [http-nio-8080-exec-7] DEBUG o.s.web.servlet.DispatcherServlet - OPTIONS "/api/tareas-rest/21", parameters={}
2026-02-15 16:46:55.814 [http-nio-8080-exec-7] DEBUG o.s.web.servlet.DispatcherServlet - Completed 200 OK
2026-02-15 16:46:55.816 [http-nio-8080-exec-6] DEBUG o.s.web.servlet.DispatcherServlet - DELETE "/api/tareas-rest/21", parameters={}
2026-02-15 16:46:55.828 [http-nio-8080-exec-6] DEBUG o.s.w.s.m.m.a.HttpEntityMethodProcessor - Using 'application/json', given [application/json, text/plain, */*] and supported [application/hal+json, application/json]
2026-02-15 16:46:55.828 [http-nio-8080-exec-6] DEBUG o.s.w.s.m.m.a.HttpEntityMethodProcessor - Writing [EntityModel { content: TaskEntity(idTarea=21, titulo=Crear Proyecto en MicroServicios, estado=Escala (truncated)...]
2026-02-15 16:46:55.829 [http-nio-8080-exec-6] DEBUG o.s.web.servlet.DispatcherServlet - Completed 200 OK
2026-02-15 16:46:56.379 [http-nio-8080-exec-8] DEBUG o.s.web.servlet.DispatcherServlet - GET "/api/tareas-rest/search/porUsuario?id=1&size=100", parameters={masked}
2026-02-15 16:46:56.389 [http-nio-8080-exec-8] DEBUG o.s.w.s.m.m.a.HttpEntityMethodProcessor - Using 'application/json', given [application/json, text/plain, */*] and supported [application/hal+json, application/json]
2026-02-15 16:46:56.389 [http-nio-8080-exec-8] DEBUG o.s.w.s.m.m.a.HttpEntityMethodProcessor - Writing [PagedModel { content: [EntityModel { content: TaskEntity(idTarea=1, titulo=Configurar el entorno de  (truncated)...]
2026-02-15 16:46:56.393 [http-nio-8080-exec-8] DEBUG o.s.web.servlet.DispatcherServlet - Completed 200 OK
2026-02-15 16:47:07.106 [http-nio-8080-exec-9] DEBUG o.s.web.servlet.DispatcherServlet - POST "/api/tareas-rest", parameters={}
2026-02-15 16:47:07.121 [http-nio-8080-exec-9] DEBUG o.s.w.s.m.m.a.HttpEntityMethodProcessor - Using 'application/json', given [application/json, text/plain, */*] and supported [application/hal+json, application/json]
2026-02-15 16:47:07.121 [http-nio-8080-exec-9] DEBUG o.s.w.s.m.m.a.HttpEntityMethodProcessor - Writing [EntityModel { content: TaskEntity(idTarea=48, titulo=Validacion de LOGGS en perfil admin, estado=Pen (truncated)...]
2026-02-15 16:47:07.122 [http-nio-8080-exec-9] DEBUG o.s.web.servlet.DispatcherServlet - Completed 201 CREATED
2026-02-15 16:47:07.125 [http-nio-8080-exec-10] DEBUG o.s.web.servlet.DispatcherServlet - GET "/api/tareas-rest/search/porUsuario?id=1&size=100", parameters={masked}
2026-02-15 16:47:07.133 [http-nio-8080-exec-10] DEBUG o.s.w.s.m.m.a.HttpEntityMethodProcessor - Using 'application/json', given [application/json, text/plain, */*] and supported [application/hal+json, application/json]
2026-02-15 16:47:07.134 [http-nio-8080-exec-10] DEBUG o.s.w.s.m.m.a.HttpEntityMethodProcessor - Writing [PagedModel { content: [EntityModel { content: TaskEntity(idTarea=1, titulo=Configurar el entorno de  (truncated)...]
2026-02-15 16:47:07.137 [http-nio-8080-exec-10] DEBUG o.s.web.servlet.DispatcherServlet - Completed 200 OK
2026-02-15 16:50:38.793 [http-nio-8080-exec-2] DEBUG o.s.web.servlet.DispatcherServlet - OPTIONS "/api/auditoria?size=100&sort=fechaHora,desc", parameters={masked}
2026-02-15 16:50:38.793 [http-nio-8080-exec-3] DEBUG o.s.web.servlet.DispatcherServlet - OPTIONS "/api/auditoria?size=100&sort=fechaHora,desc", parameters={masked}
2026-02-15 16:50:38.795 [http-nio-8080-exec-3] DEBUG o.s.web.servlet.DispatcherServlet - Completed 200 OK
2026-02-15 16:50:38.795 [http-nio-8080-exec-2] DEBUG o.s.web.servlet.DispatcherServlet - Completed 200 OK
2026-02-15 16:50:38.798 [http-nio-8080-exec-4] DEBUG o.s.web.servlet.DispatcherServlet - GET "/api/auditoria?size=100&sort=fechaHora,desc", parameters={masked}
2026-02-15 16:50:38.828 [http-nio-8080-exec-4] DEBUG o.s.w.s.m.m.a.RequestResponseBodyMethodProcessor - Using 'application/json', given [application/json, text/plain, */*] and supported [application/hal+json, application/json]
2026-02-15 16:50:38.829 [http-nio-8080-exec-4] DEBUG o.s.w.s.m.m.a.RequestResponseBodyMethodProcessor - Writing [PagedModel { content: [EntityModel { content: AuditoriaEntity(idauditoria=2485, fechaHora=2026-02-15 (truncated)...]
2026-02-15 16:50:38.839 [http-nio-8080-exec-7] DEBUG o.s.web.servlet.DispatcherServlet - GET "/api/auditoria?size=100&sort=fechaHora,desc", parameters={masked}
2026-02-15 16:50:38.848 [http-nio-8080-exec-4] DEBUG o.s.web.servlet.DispatcherServlet - Completed 200 OK
2026-02-15 16:50:38.867 [http-nio-8080-exec-7] DEBUG o.s.w.s.m.m.a.RequestResponseBodyMethodProcessor - Using 'application/json', given [application/json, text/plain, */*] and supported [application/hal+json, application/json]
2026-02-15 16:50:38.868 [http-nio-8080-exec-7] DEBUG o.s.w.s.m.m.a.RequestResponseBodyMethodProcessor - Writing [PagedModel { content: [EntityModel { content: AuditoriaEntity(idauditoria=2485, fechaHora=2026-02-15 (truncated)...]
2026-02-15 16:50:38.889 [http-nio-8080-exec-7] DEBUG o.s.web.servlet.DispatcherServlet - Completed 200 OK
2026-02-15 16:50:45.556 [http-nio-8080-exec-6] DEBUG o.s.web.servlet.DispatcherServlet - GET "/api/auditoria?size=100&sort=fechaHora,desc", parameters={masked}
2026-02-15 16:50:45.582 [http-nio-8080-exec-6] DEBUG o.s.w.s.m.m.a.RequestResponseBodyMethodProcessor - Using 'application/json', given [application/json, text/plain, */*] and supported [application/hal+json, application/json]
2026-02-15 16:50:45.583 [http-nio-8080-exec-6] DEBUG o.s.w.s.m.m.a.RequestResponseBodyMethodProcessor - Writing [PagedModel { content: [EntityModel { content: AuditoriaEntity(idauditoria=2485, fechaHora=2026-02-15 (truncated)...]
2026-02-15 16:50:45.594 [http-nio-8080-exec-8] DEBUG o.s.web.servlet.DispatcherServlet - GET "/api/auditoria?size=100&sort=fechaHora,desc", parameters={masked}
2026-02-15 16:50:45.602 [http-nio-8080-exec-6] DEBUG o.s.web.servlet.DispatcherServlet - Completed 200 OK
2026-02-15 16:50:45.620 [http-nio-8080-exec-8] DEBUG o.s.w.s.m.m.a.RequestResponseBodyMethodProcessor - Using 'application/json', given [application/json, text/plain, */*] and supported [application/hal+json, application/json]
2026-02-15 16:50:45.621 [http-nio-8080-exec-8] DEBUG o.s.w.s.m.m.a.RequestResponseBodyMethodProcessor - Writing [PagedModel { content: [EntityModel { content: AuditoriaEntity(idauditoria=2485, fechaHora=2026-02-15 (truncated)...]
2026-02-15 16:50:45.640 [http-nio-8080-exec-8] DEBUG o.s.web.servlet.DispatcherServlet - Completed 200 OK
2026-02-15 17:03:00.855 [http-nio-8080-exec-1] DEBUG o.s.web.servlet.DispatcherServlet - GET "/api/auditoria?size=100&sort=fechaHora,desc", parameters={masked}
2026-02-15 17:03:00.883 [http-nio-8080-exec-1] DEBUG o.s.w.s.m.m.a.RequestResponseBodyMethodProcessor - Using 'application/json', given [application/json, text/plain, */*] and supported [application/hal+json, application/json]
2026-02-15 17:03:00.884 [http-nio-8080-exec-1] DEBUG o.s.w.s.m.m.a.RequestResponseBodyMethodProcessor - Writing [PagedModel { content: [EntityModel { content: AuditoriaEntity(idauditoria=2485, fechaHora=2026-02-15 (truncated)...]
2026-02-15 17:03:00.893 [http-nio-8080-exec-5] DEBUG o.s.web.servlet.DispatcherServlet - GET "/api/auditoria?size=100&sort=fechaHora,desc", parameters={masked}
2026-02-15 17:03:00.901 [http-nio-8080-exec-1] DEBUG o.s.web.servlet.DispatcherServlet - Completed 200 OK
2026-02-15 17:03:00.917 [http-nio-8080-exec-5] DEBUG o.s.w.s.m.m.a.RequestResponseBodyMethodProcessor - Using 'application/json', given [application/json, text/plain, */*] and supported [application/hal+json, application/json]
2026-02-15 17:03:00.917 [http-nio-8080-exec-5] DEBUG o.s.w.s.m.m.a.RequestResponseBodyMethodProcessor - Writing [PagedModel { content: [EntityModel { content: AuditoriaEntity(idauditoria=2485, fechaHora=2026-02-15 (truncated)...]
2026-02-15 17:03:00.934 [http-nio-8080-exec-5] DEBUG o.s.web.servlet.DispatcherServlet - Completed 200 OK
2026-02-15 17:03:05.152 [http-nio-8080-exec-3] DEBUG o.s.web.servlet.DispatcherServlet - GET "/api/auditoria?size=100&sort=fechaHora,desc", parameters={masked}
2026-02-15 17:03:05.174 [http-nio-8080-exec-3] DEBUG o.s.w.s.m.m.a.RequestResponseBodyMethodProcessor - Using 'application/json', given [application/json, text/plain, */*] and supported [application/hal+json, application/json]
2026-02-15 17:03:05.175 [http-nio-8080-exec-3] DEBUG o.s.w.s.m.m.a.RequestResponseBodyMethodProcessor - Writing [PagedModel { content: [EntityModel { content: AuditoriaEntity(idauditoria=2485, fechaHora=2026-02-15 (truncated)...]
2026-02-15 17:03:05.184 [http-nio-8080-exec-2] DEBUG o.s.web.servlet.DispatcherServlet - GET "/api/auditoria?size=100&sort=fechaHora,desc", parameters={masked}
2026-02-15 17:03:05.190 [http-nio-8080-exec-3] DEBUG o.s.web.servlet.DispatcherServlet - Completed 200 OK
2026-02-15 17:03:05.204 [http-nio-8080-exec-2] DEBUG o.s.w.s.m.m.a.RequestResponseBodyMethodProcessor - Using 'application/json', given [application/json, text/plain, */*] and supported [application/hal+json, application/json]
2026-02-15 17:03:05.205 [http-nio-8080-exec-2] DEBUG o.s.w.s.m.m.a.RequestResponseBodyMethodProcessor - Writing [PagedModel { content: [EntityModel { content: AuditoriaEntity(idauditoria=2485, fechaHora=2026-02-15 (truncated)...]
2026-02-15 17:03:05.218 [http-nio-8080-exec-2] DEBUG o.s.web.servlet.DispatcherServlet - Completed 200 OK
2026-02-15 17:03:18.314 [http-nio-8080-exec-4] DEBUG o.s.web.servlet.DispatcherServlet - OPTIONS "/api/auth-rest/loginAccion", parameters={}
2026-02-15 17:03:18.314 [http-nio-8080-exec-4] DEBUG o.s.w.s.m.m.a.RequestMappingHandlerMapping - Mapped to com.example.ProyectoBackEnd.controller.LoginController#loginAccion(UsuarioEntity, HttpSession)
2026-02-15 17:03:18.315 [http-nio-8080-exec-4] DEBUG o.s.web.servlet.DispatcherServlet - Completed 200 OK
2026-02-15 17:03:18.317 [http-nio-8080-exec-7] DEBUG o.s.web.servlet.DispatcherServlet - POST "/api/auth-rest/loginAccion", parameters={}
2026-02-15 17:03:18.317 [http-nio-8080-exec-7] DEBUG o.s.w.s.m.m.a.RequestMappingHandlerMapping - Mapped to com.example.ProyectoBackEnd.controller.LoginController#loginAccion(UsuarioEntity, HttpSession)
2026-02-15 17:03:18.318 [http-nio-8080-exec-7] DEBUG o.s.w.s.m.m.a.RequestResponseBodyMethodProcessor - Read "application/json;charset=UTF-8" to [UsuarioEntity(idUsuario=null, usuario=admin, contraseña=1234, fechaCreacion=null, estado=null, fecha (truncated)...]
2026-02-15 17:03:18.319 [http-nio-8080-exec-7] INFO  c.e.P.controller.LoginController - AUDITORIA: Intento de login para usuario: admin
2026-02-15 17:03:18.328 [http-nio-8080-exec-7] INFO  c.e.P.aspect.LogginAspect - Operación buscarPorNombre completada en 2 ms
2026-02-15 17:03:18.335 [http-nio-8080-exec-7] INFO  c.e.P.aspect.LogginAspect - Operación validarLogin completada en 2 ms
2026-02-15 17:03:18.335 [http-nio-8080-exec-7] INFO  c.e.P.controller.LoginController - Login exitoso. Derivando a principal.
2026-02-15 17:03:18.343 [http-nio-8080-exec-7] DEBUG o.s.w.s.m.m.a.RequestResponseBodyMethodProcessor - Using 'application/json', given [application/json, text/plain, */*] and supported [application/hal+json, application/vnd.hal+json, application/json, application/schema+json, application/json-patch+json, application/merge-patch+json, application/x-spring-data-verbose+json, application/x-spring-data-compact+json, application/prs.hal-forms+json, application/*+json]
2026-02-15 17:03:18.343 [http-nio-8080-exec-7] DEBUG o.s.w.s.m.m.a.RequestResponseBodyMethodProcessor - Writing [EntityModel { content: UsuarioEntity(idUsuario=1, usuario=admin, contraseña=1234, fechaCreacion=2026 (truncated)...]
2026-02-15 17:03:18.344 [http-nio-8080-exec-7] DEBUG o.s.web.servlet.DispatcherServlet - Completed 200 OK
2026-02-15 17:03:20.083 [http-nio-8080-exec-6] DEBUG o.s.web.servlet.DispatcherServlet - GET "/api/auditoria?size=100&sort=fechaHora,desc", parameters={masked}
2026-02-15 17:03:20.103 [http-nio-8080-exec-6] DEBUG o.s.w.s.m.m.a.RequestResponseBodyMethodProcessor - Using 'application/json', given [application/json, text/plain, */*] and supported [application/hal+json, application/json]
2026-02-15 17:03:20.104 [http-nio-8080-exec-6] DEBUG o.s.w.s.m.m.a.RequestResponseBodyMethodProcessor - Writing [PagedModel { content: [EntityModel { content: AuditoriaEntity(idauditoria=2487, fechaHora=2026-02-15 (truncated)...]
2026-02-15 17:03:20.116 [http-nio-8080-exec-8] DEBUG o.s.web.servlet.DispatcherServlet - GET "/api/auditoria?size=100&sort=fechaHora,desc", parameters={masked}
2026-02-15 17:03:20.121 [http-nio-8080-exec-6] DEBUG o.s.web.servlet.DispatcherServlet - Completed 200 OK
2026-02-15 17:03:20.135 [http-nio-8080-exec-8] DEBUG o.s.w.s.m.m.a.RequestResponseBodyMethodProcessor - Using 'application/json', given [application/json, text/plain, */*] and supported [application/hal+json, application/json]
2026-02-15 17:03:20.136 [http-nio-8080-exec-8] DEBUG o.s.w.s.m.m.a.RequestResponseBodyMethodProcessor - Writing [PagedModel { content: [EntityModel { content: AuditoriaEntity(idauditoria=2487, fechaHora=2026-02-15 (truncated)...]
2026-02-15 17:03:20.148 [http-nio-8080-exec-8] DEBUG o.s.web.servlet.DispatcherServlet - Completed 200 OK
2026-02-15 17:03:50.949 [http-nio-8080-exec-9] DEBUG o.s.web.servlet.DispatcherServlet - GET "/api/tareas-rest/search/porUsuario?id=1&size=100", parameters={masked}
2026-02-15 17:03:50.958 [http-nio-8080-exec-9] DEBUG o.s.w.s.m.m.a.HttpEntityMethodProcessor - Using 'application/json', given [application/json, text/plain, */*] and supported [application/hal+json, application/json]
2026-02-15 17:03:50.959 [http-nio-8080-exec-9] DEBUG o.s.w.s.m.m.a.HttpEntityMethodProcessor - Writing [PagedModel { content: [EntityModel { content: TaskEntity(idTarea=1, titulo=Configurar el entorno de  (truncated)...]
2026-02-15 17:03:50.962 [http-nio-8080-exec-9] DEBUG o.s.web.servlet.DispatcherServlet - Completed 200 OK
2026-02-15 17:03:50.964 [http-nio-8080-exec-10] DEBUG o.s.web.servlet.DispatcherServlet - GET "/api/tareas-rest/search/porUsuario?id=1&size=100", parameters={masked}
2026-02-15 17:03:50.973 [http-nio-8080-exec-10] DEBUG o.s.w.s.m.m.a.HttpEntityMethodProcessor - Using 'application/json', given [application/json, text/plain, */*] and supported [application/hal+json, application/json]
2026-02-15 17:03:50.974 [http-nio-8080-exec-10] DEBUG o.s.w.s.m.m.a.HttpEntityMethodProcessor - Writing [PagedModel { content: [EntityModel { content: TaskEntity(idTarea=1, titulo=Configurar el entorno de  (truncated)...]
2026-02-15 17:03:50.976 [http-nio-8080-exec-10] DEBUG o.s.web.servlet.DispatcherServlet - Completed 200 OK
2026-02-15 17:03:57.159 [http-nio-8080-exec-1] DEBUG o.s.web.servlet.DispatcherServlet - OPTIONS "/api/tareas-rest", parameters={}
2026-02-15 17:03:57.160 [http-nio-8080-exec-1] DEBUG o.s.web.servlet.DispatcherServlet - Completed 200 OK
2026-02-15 17:03:57.163 [http-nio-8080-exec-5] DEBUG o.s.web.servlet.DispatcherServlet - POST "/api/tareas-rest", parameters={}
2026-02-15 17:03:57.178 [http-nio-8080-exec-5] DEBUG o.s.w.s.m.m.a.HttpEntityMethodProcessor - Using 'application/json', given [application/json, text/plain, */*] and supported [application/hal+json, application/json]
2026-02-15 17:03:57.178 [http-nio-8080-exec-5] DEBUG o.s.w.s.m.m.a.HttpEntityMethodProcessor - Writing [EntityModel { content: TaskEntity(idTarea=49, titulo=TEST DE AUDITORIA, estado=Pendiente, fechaCreac (truncated)...]
2026-02-15 17:03:57.179 [http-nio-8080-exec-5] DEBUG o.s.web.servlet.DispatcherServlet - Completed 201 CREATED
2026-02-15 17:03:57.183 [http-nio-8080-exec-3] DEBUG o.s.web.servlet.DispatcherServlet - GET "/api/tareas-rest/search/porUsuario?id=1&size=100", parameters={masked}
2026-02-15 17:03:57.192 [http-nio-8080-exec-3] DEBUG o.s.w.s.m.m.a.HttpEntityMethodProcessor - Using 'application/json', given [application/json, text/plain, */*] and supported [application/hal+json, application/json]
2026-02-15 17:03:57.193 [http-nio-8080-exec-3] DEBUG o.s.w.s.m.m.a.HttpEntityMethodProcessor - Writing [PagedModel { content: [EntityModel { content: TaskEntity(idTarea=1, titulo=Configurar el entorno de  (truncated)...]
2026-02-15 17:03:57.195 [http-nio-8080-exec-3] DEBUG o.s.web.servlet.DispatcherServlet - Completed 200 OK
2026-02-15 17:04:01.097 [http-nio-8080-exec-2] DEBUG o.s.web.servlet.DispatcherServlet - GET "/api/tareas-rest/search/porUsuario?id=1&size=100", parameters={masked}
2026-02-15 17:04:01.104 [http-nio-8080-exec-2] DEBUG o.s.w.s.m.m.a.HttpEntityMethodProcessor - Using 'application/json', given [application/json, text/plain, */*] and supported [application/hal+json, application/json]
2026-02-15 17:04:01.104 [http-nio-8080-exec-2] DEBUG o.s.w.s.m.m.a.HttpEntityMethodProcessor - Writing [PagedModel { content: [EntityModel { content: TaskEntity(idTarea=1, titulo=Configurar el entorno de  (truncated)...]
2026-02-15 17:04:01.107 [http-nio-8080-exec-2] DEBUG o.s.web.servlet.DispatcherServlet - Completed 200 OK
2026-02-15 17:04:01.109 [http-nio-8080-exec-4] DEBUG o.s.web.servlet.DispatcherServlet - GET "/api/tareas-rest/search/porUsuario?id=1&size=100", parameters={masked}
2026-02-15 17:04:01.119 [http-nio-8080-exec-4] DEBUG o.s.w.s.m.m.a.HttpEntityMethodProcessor - Using 'application/json', given [application/json, text/plain, */*] and supported [application/hal+json, application/json]
2026-02-15 17:04:01.119 [http-nio-8080-exec-4] DEBUG o.s.w.s.m.m.a.HttpEntityMethodProcessor - Writing [PagedModel { content: [EntityModel { content: TaskEntity(idTarea=1, titulo=Configurar el entorno de  (truncated)...]
2026-02-15 17:04:01.122 [http-nio-8080-exec-4] DEBUG o.s.web.servlet.DispatcherServlet - Completed 200 OK
2026-02-15 17:04:03.194 [http-nio-8080-exec-7] DEBUG o.s.web.servlet.DispatcherServlet - GET "/api/auditoria?size=100&sort=fechaHora,desc", parameters={masked}
2026-02-15 17:04:03.213 [http-nio-8080-exec-7] DEBUG o.s.w.s.m.m.a.RequestResponseBodyMethodProcessor - Using 'application/json', given [application/json, text/plain, */*] and supported [application/hal+json, application/json]
2026-02-15 17:04:03.213 [http-nio-8080-exec-7] DEBUG o.s.w.s.m.m.a.RequestResponseBodyMethodProcessor - Writing [PagedModel { content: [EntityModel { content: AuditoriaEntity(idauditoria=2487, fechaHora=2026-02-15 (truncated)...]
2026-02-15 17:04:03.221 [http-nio-8080-exec-6] DEBUG o.s.web.servlet.DispatcherServlet - GET "/api/auditoria?size=100&sort=fechaHora,desc", parameters={masked}
2026-02-15 17:04:03.226 [http-nio-8080-exec-7] DEBUG o.s.web.servlet.DispatcherServlet - Completed 200 OK
2026-02-15 17:04:03.242 [http-nio-8080-exec-6] DEBUG o.s.w.s.m.m.a.RequestResponseBodyMethodProcessor - Using 'application/json', given [application/json, text/plain, */*] and supported [application/hal+json, application/json]
2026-02-15 17:04:03.243 [http-nio-8080-exec-6] DEBUG o.s.w.s.m.m.a.RequestResponseBodyMethodProcessor - Writing [PagedModel { content: [EntityModel { content: AuditoriaEntity(idauditoria=2487, fechaHora=2026-02-15 (truncated)...]
2026-02-15 17:04:03.253 [http-nio-8080-exec-6] DEBUG o.s.web.servlet.DispatcherServlet - Completed 200 OK
2026-02-15 17:10:53.679 [http-nio-8080-exec-10] DEBUG o.s.web.servlet.DispatcherServlet - POST "/api/auth-rest/loginAccion", parameters={}
2026-02-15 17:10:53.680 [http-nio-8080-exec-10] DEBUG o.s.w.s.m.m.a.RequestMappingHandlerMapping - Mapped to com.example.ProyectoBackEnd.controller.LoginController#loginAccion(UsuarioEntity, HttpSession)
2026-02-15 17:10:53.681 [http-nio-8080-exec-10] DEBUG o.s.w.s.m.m.a.RequestResponseBodyMethodProcessor - Read "application/json;charset=UTF-8" to [UsuarioEntity(idUsuario=null, usuario=admin, contraseña=1234, fechaCreacion=null, estado=null, fecha (truncated)...]
2026-02-15 17:10:53.682 [http-nio-8080-exec-10] INFO  c.e.P.controller.LoginController - AUDITORIA: Intento de login para usuario: admin
2026-02-15 17:10:53.692 [http-nio-8080-exec-10] INFO  c.e.P.aspect.LogginAspect - Operación buscarPorNombre completada en 4 ms
2026-02-15 17:10:53.699 [http-nio-8080-exec-10] INFO  c.e.P.aspect.LogginAspect - Operación validarLogin completada en 3 ms
2026-02-15 17:10:53.700 [http-nio-8080-exec-10] INFO  c.e.P.controller.LoginController - Login exitoso. Derivando a principal.
2026-02-15 17:10:53.708 [http-nio-8080-exec-10] DEBUG o.s.w.s.m.m.a.RequestResponseBodyMethodProcessor - Using 'application/json', given [application/json, text/plain, */*] and supported [application/hal+json, application/vnd.hal+json, application/json, application/schema+json, application/json-patch+json, application/merge-patch+json, application/x-spring-data-verbose+json, application/x-spring-data-compact+json, application/prs.hal-forms+json, application/*+json]
2026-02-15 17:10:53.709 [http-nio-8080-exec-10] DEBUG o.s.w.s.m.m.a.RequestResponseBodyMethodProcessor - Writing [EntityModel { content: UsuarioEntity(idUsuario=1, usuario=admin, contraseña=1234, fechaCreacion=2026 (truncated)...]
2026-02-15 17:10:53.710 [http-nio-8080-exec-10] DEBUG o.s.web.servlet.DispatcherServlet - Completed 200 OK
2026-02-15 17:10:55.499 [http-nio-8080-exec-1] DEBUG o.s.web.servlet.DispatcherServlet - GET "/api/tareas-rest/search/porUsuario?id=1&size=100", parameters={masked}
2026-02-15 17:10:55.507 [http-nio-8080-exec-1] DEBUG o.s.w.s.m.m.a.HttpEntityMethodProcessor - Using 'application/json', given [application/json, text/plain, */*] and supported [application/hal+json, application/json]
2026-02-15 17:10:55.508 [http-nio-8080-exec-1] DEBUG o.s.w.s.m.m.a.HttpEntityMethodProcessor - Writing [PagedModel { content: [EntityModel { content: TaskEntity(idTarea=1, titulo=Configurar el entorno de  (truncated)...]
2026-02-15 17:10:55.510 [http-nio-8080-exec-1] DEBUG o.s.web.servlet.DispatcherServlet - Completed 200 OK
2026-02-15 17:10:55.513 [http-nio-8080-exec-5] DEBUG o.s.web.servlet.DispatcherServlet - GET "/api/tareas-rest/search/porUsuario?id=1&size=100", parameters={masked}
2026-02-15 17:10:55.524 [http-nio-8080-exec-5] DEBUG o.s.w.s.m.m.a.HttpEntityMethodProcessor - Using 'application/json', given [application/json, text/plain, */*] and supported [application/hal+json, application/json]
2026-02-15 17:10:55.524 [http-nio-8080-exec-5] DEBUG o.s.w.s.m.m.a.HttpEntityMethodProcessor - Writing [PagedModel { content: [EntityModel { content: TaskEntity(idTarea=1, titulo=Configurar el entorno de  (truncated)...]
2026-02-15 17:10:55.526 [http-nio-8080-exec-5] DEBUG o.s.web.servlet.DispatcherServlet - Completed 200 OK
2026-02-15 17:10:57.331 [http-nio-8080-exec-3] DEBUG o.s.web.servlet.DispatcherServlet - GET "/api/auditoria?size=100&sort=fechaHora,desc", parameters={masked}
2026-02-15 17:10:57.348 [http-nio-8080-exec-3] DEBUG o.s.w.s.m.m.a.RequestResponseBodyMethodProcessor - Using 'application/json', given [application/json, text/plain, */*] and supported [application/hal+json, application/json]
2026-02-15 17:10:57.349 [http-nio-8080-exec-3] DEBUG o.s.w.s.m.m.a.RequestResponseBodyMethodProcessor - Writing [PagedModel { content: [EntityModel { content: AuditoriaEntity(idauditoria=2488, fechaHora=2026-02-15 (truncated)...]
2026-02-15 17:10:57.356 [http-nio-8080-exec-2] DEBUG o.s.web.servlet.DispatcherServlet - GET "/api/auditoria?size=100&sort=fechaHora,desc", parameters={masked}
2026-02-15 17:10:57.359 [http-nio-8080-exec-3] DEBUG o.s.web.servlet.DispatcherServlet - Completed 200 OK
2026-02-15 17:10:57.376 [http-nio-8080-exec-2] DEBUG o.s.w.s.m.m.a.RequestResponseBodyMethodProcessor - Using 'application/json', given [application/json, text/plain, */*] and supported [application/hal+json, application/json]
2026-02-15 17:10:57.377 [http-nio-8080-exec-2] DEBUG o.s.w.s.m.m.a.RequestResponseBodyMethodProcessor - Writing [PagedModel { content: [EntityModel { content: AuditoriaEntity(idauditoria=2488, fechaHora=2026-02-15 (truncated)...]
2026-02-15 17:10:57.387 [http-nio-8080-exec-2] DEBUG o.s.web.servlet.DispatcherServlet - Completed 200 OK
2026-02-15 17:11:09.207 [http-nio-8080-exec-4] DEBUG o.s.web.servlet.DispatcherServlet - GET "/", parameters={}
2026-02-15 17:11:09.213 [http-nio-8080-exec-4] DEBUG o.s.w.s.h.SimpleUrlHandlerMapping - Mapped to ResourceHttpRequestHandler [classpath [META-INF/resources/], classpath [resources/], classpath [static/], classpath [public/], ServletContext [/]]
2026-02-15 17:11:09.213 [http-nio-8080-exec-4] DEBUG o.s.w.s.r.ResourceHttpRequestHandler - Resource not found
2026-02-15 17:11:09.215 [http-nio-8080-exec-4] DEBUG o.s.w.s.m.s.DefaultHandlerExceptionResolver - Resolved [org.springframework.web.servlet.resource.NoResourceFoundException: No static resource .]
2026-02-15 17:11:09.215 [http-nio-8080-exec-4] DEBUG o.s.web.servlet.DispatcherServlet - Completed 404 NOT_FOUND
2026-02-15 17:11:09.221 [http-nio-8080-exec-4] DEBUG o.s.web.servlet.DispatcherServlet - "ERROR" dispatch for GET "/error", parameters={}
2026-02-15 17:11:09.222 [http-nio-8080-exec-4] DEBUG o.s.w.s.m.m.a.RequestMappingHandlerMapping - Mapped to org.springframework.boot.autoconfigure.web.servlet.error.BasicErrorController#errorHtml(HttpServletRequest, HttpServletResponse)
2026-02-15 17:11:09.245 [http-nio-8080-exec-4] DEBUG o.s.w.s.v.ContentNegotiatingViewResolver - Selected 'text/html' given [text/html, text/html;q=0.8]
2026-02-15 17:11:09.255 [http-nio-8080-exec-4] DEBUG o.s.web.servlet.DispatcherServlet - Exiting from "ERROR" dispatch, status 404
2026-02-15 17:11:14.481 [http-nio-8080-exec-7] DEBUG o.s.web.servlet.DispatcherServlet - OPTIONS "/api/auth-rest/loginAccion", parameters={}
2026-02-15 17:11:14.482 [http-nio-8080-exec-7] DEBUG o.s.w.s.m.m.a.RequestMappingHandlerMapping - Mapped to com.example.ProyectoBackEnd.controller.LoginController#loginAccion(UsuarioEntity, HttpSession)
2026-02-15 17:11:14.482 [http-nio-8080-exec-7] DEBUG o.s.web.servlet.DispatcherServlet - Completed 200 OK
2026-02-15 17:11:14.484 [http-nio-8080-exec-6] DEBUG o.s.web.servlet.DispatcherServlet - POST "/api/auth-rest/loginAccion", parameters={}
2026-02-15 17:11:14.484 [http-nio-8080-exec-6] DEBUG o.s.w.s.m.m.a.RequestMappingHandlerMapping - Mapped to com.example.ProyectoBackEnd.controller.LoginController#loginAccion(UsuarioEntity, HttpSession)
2026-02-15 17:11:14.485 [http-nio-8080-exec-6] DEBUG o.s.w.s.m.m.a.RequestResponseBodyMethodProcessor - Read "application/json;charset=UTF-8" to [UsuarioEntity(idUsuario=null, usuario=yaddif, contraseña=12345, fechaCreacion=null, estado=null, fec (truncated)...]
2026-02-15 17:11:14.486 [http-nio-8080-exec-6] INFO  c.e.P.controller.LoginController - AUDITORIA: Intento de login para usuario: yaddif
2026-02-15 17:11:14.495 [http-nio-8080-exec-6] INFO  c.e.P.aspect.LogginAspect - Operación buscarPorNombre completada en 3 ms
2026-02-15 17:11:14.502 [http-nio-8080-exec-6] INFO  c.e.P.aspect.LogginAspect - Operación validarLogin completada en 2 ms
2026-02-15 17:11:14.502 [http-nio-8080-exec-6] INFO  c.e.P.controller.LoginController - Login exitoso. Derivando a principal.
2026-02-15 17:11:14.514 [http-nio-8080-exec-6] DEBUG o.s.w.s.m.m.a.RequestResponseBodyMethodProcessor - Using 'application/json', given [application/json, text/plain, */*] and supported [application/hal+json, application/vnd.hal+json, application/json, application/schema+json, application/json-patch+json, application/merge-patch+json, application/x-spring-data-verbose+json, application/x-spring-data-compact+json, application/prs.hal-forms+json, application/*+json]
2026-02-15 17:11:14.514 [http-nio-8080-exec-6] DEBUG o.s.w.s.m.m.a.RequestResponseBodyMethodProcessor - Writing [EntityModel { content: UsuarioEntity(idUsuario=2, usuario=yaddif, contraseña=12345, fechaCreacion=20 (truncated)...]
2026-02-15 17:11:14.515 [http-nio-8080-exec-6] DEBUG o.s.web.servlet.DispatcherServlet - Completed 200 OK
2026-02-15 17:11:16.311 [http-nio-8080-exec-9] DEBUG o.s.web.servlet.DispatcherServlet - GET "/api/auditoria?size=100&sort=fechaHora,desc", parameters={masked}
2026-02-15 17:11:16.333 [http-nio-8080-exec-9] DEBUG o.s.w.s.m.m.a.RequestResponseBodyMethodProcessor - Using 'application/json', given [application/json, text/plain, */*] and supported [application/hal+json, application/json]
2026-02-15 17:11:16.334 [http-nio-8080-exec-9] DEBUG o.s.w.s.m.m.a.RequestResponseBodyMethodProcessor - Writing [PagedModel { content: [EntityModel { content: AuditoriaEntity(idauditoria=2490, fechaHora=2026-02-15 (truncated)...]
2026-02-15 17:11:16.340 [http-nio-8080-exec-8] DEBUG o.s.web.servlet.DispatcherServlet - GET "/api/auditoria?size=100&sort=fechaHora,desc", parameters={masked}
2026-02-15 17:11:16.344 [http-nio-8080-exec-9] DEBUG o.s.web.servlet.DispatcherServlet - Completed 200 OK
2026-02-15 17:11:16.360 [http-nio-8080-exec-8] DEBUG o.s.w.s.m.m.a.RequestResponseBodyMethodProcessor - Using 'application/json', given [application/json, text/plain, */*] and supported [application/hal+json, application/json]
2026-02-15 17:11:16.361 [http-nio-8080-exec-8] DEBUG o.s.w.s.m.m.a.RequestResponseBodyMethodProcessor - Writing [PagedModel { content: [EntityModel { content: AuditoriaEntity(idauditoria=2490, fechaHora=2026-02-15 (truncated)...]
2026-02-15 17:11:16.372 [http-nio-8080-exec-8] DEBUG o.s.web.servlet.DispatcherServlet - Completed 200 OK
2026-02-15 17:11:21.736 [http-nio-8080-exec-10] DEBUG o.s.web.servlet.DispatcherServlet - OPTIONS "/api/tareas-rest/search/porUsuario?id=2&size=100", parameters={masked}
2026-02-15 17:11:21.737 [http-nio-8080-exec-1] DEBUG o.s.web.servlet.DispatcherServlet - OPTIONS "/api/tareas-rest/search/porUsuario?id=2&size=100", parameters={masked}
2026-02-15 17:11:21.738 [http-nio-8080-exec-1] DEBUG o.s.web.servlet.DispatcherServlet - Completed 200 OK
2026-02-15 17:11:21.738 [http-nio-8080-exec-10] DEBUG o.s.web.servlet.DispatcherServlet - Completed 200 OK
2026-02-15 17:11:21.739 [http-nio-8080-exec-5] DEBUG o.s.web.servlet.DispatcherServlet - GET "/api/tareas-rest/search/porUsuario?id=2&size=100", parameters={masked}
2026-02-15 17:11:21.749 [http-nio-8080-exec-5] DEBUG o.s.w.s.m.m.a.HttpEntityMethodProcessor - Using 'application/json', given [application/json, text/plain, */*] and supported [application/hal+json, application/json]
2026-02-15 17:11:21.749 [http-nio-8080-exec-5] DEBUG o.s.w.s.m.m.a.HttpEntityMethodProcessor - Writing [PagedModel { content: [EntityModel { content: TaskEntity(idTarea=7, titulo=Prueba, estado=Pendiente, (truncated)...]
2026-02-15 17:11:21.751 [http-nio-8080-exec-5] DEBUG o.s.web.servlet.DispatcherServlet - Completed 200 OK
2026-02-15 17:11:21.751 [http-nio-8080-exec-3] DEBUG o.s.web.servlet.DispatcherServlet - GET "/api/tareas-rest/search/porUsuario?id=2&size=100", parameters={masked}
2026-02-15 17:11:21.759 [http-nio-8080-exec-3] DEBUG o.s.w.s.m.m.a.HttpEntityMethodProcessor - Using 'application/json', given [application/json, text/plain, */*] and supported [application/hal+json, application/json]
2026-02-15 17:11:21.760 [http-nio-8080-exec-3] DEBUG o.s.w.s.m.m.a.HttpEntityMethodProcessor - Writing [PagedModel { content: [EntityModel { content: TaskEntity(idTarea=7, titulo=Prueba, estado=Pendiente, (truncated)...]
2026-02-15 17:11:21.762 [http-nio-8080-exec-3] DEBUG o.s.web.servlet.DispatcherServlet - Completed 200 OK
2026-02-15 17:11:31.836 [http-nio-8080-exec-2] DEBUG o.s.web.servlet.DispatcherServlet - OPTIONS "/api/tareas-rest", parameters={}
2026-02-15 17:11:31.837 [http-nio-8080-exec-2] DEBUG o.s.web.servlet.DispatcherServlet - Completed 200 OK
2026-02-15 17:11:31.839 [http-nio-8080-exec-4] DEBUG o.s.web.servlet.DispatcherServlet - POST "/api/tareas-rest", parameters={}
2026-02-15 17:11:31.852 [http-nio-8080-exec-4] DEBUG o.s.w.s.m.m.a.HttpEntityMethodProcessor - Using 'application/json', given [application/json, text/plain, */*] and supported [application/hal+json, application/json]
2026-02-15 17:11:31.852 [http-nio-8080-exec-4] DEBUG o.s.w.s.m.m.a.HttpEntityMethodProcessor - Writing [EntityModel { content: TaskEntity(idTarea=50, titulo=Prueba de tarea registradas, estado=Cancelado,  (truncated)...]
2026-02-15 17:11:31.853 [http-nio-8080-exec-4] DEBUG o.s.web.servlet.DispatcherServlet - Completed 201 CREATED
2026-02-15 17:11:31.855 [http-nio-8080-exec-7] DEBUG o.s.web.servlet.DispatcherServlet - GET "/api/tareas-rest/search/porUsuario?id=2&size=100", parameters={masked}
2026-02-15 17:11:31.862 [http-nio-8080-exec-7] DEBUG o.s.w.s.m.m.a.HttpEntityMethodProcessor - Using 'application/json', given [application/json, text/plain, */*] and supported [application/hal+json, application/json]
2026-02-15 17:11:31.863 [http-nio-8080-exec-7] DEBUG o.s.w.s.m.m.a.HttpEntityMethodProcessor - Writing [PagedModel { content: [EntityModel { content: TaskEntity(idTarea=7, titulo=Prueba, estado=Pendiente, (truncated)...]
2026-02-15 17:11:31.864 [http-nio-8080-exec-7] DEBUG o.s.web.servlet.DispatcherServlet - Completed 200 OK
2026-02-15 17:11:34.808 [http-nio-8080-exec-6] DEBUG o.s.web.servlet.DispatcherServlet - GET "/api/auditoria?size=100&sort=fechaHora,desc", parameters={masked}
2026-02-15 17:11:34.832 [http-nio-8080-exec-6] DEBUG o.s.w.s.m.m.a.RequestResponseBodyMethodProcessor - Using 'application/json', given [application/json, text/plain, */*] and supported [application/hal+json, application/json]
2026-02-15 17:11:34.832 [http-nio-8080-exec-6] DEBUG o.s.w.s.m.m.a.RequestResponseBodyMethodProcessor - Writing [PagedModel { content: [EntityModel { content: AuditoriaEntity(idauditoria=2490, fechaHora=2026-02-15 (truncated)...]
2026-02-15 17:11:34.840 [http-nio-8080-exec-9] DEBUG o.s.web.servlet.DispatcherServlet - GET "/api/auditoria?size=100&sort=fechaHora,desc", parameters={masked}
2026-02-15 17:11:34.843 [http-nio-8080-exec-6] DEBUG o.s.web.servlet.DispatcherServlet - Completed 200 OK
2026-02-15 17:11:34.858 [http-nio-8080-exec-9] DEBUG o.s.w.s.m.m.a.RequestResponseBodyMethodProcessor - Using 'application/json', given [application/json, text/plain, */*] and supported [application/hal+json, application/json]
2026-02-15 17:11:34.859 [http-nio-8080-exec-9] DEBUG o.s.w.s.m.m.a.RequestResponseBodyMethodProcessor - Writing [PagedModel { content: [EntityModel { content: AuditoriaEntity(idauditoria=2490, fechaHora=2026-02-15 (truncated)...]
2026-02-15 17:11:34.867 [http-nio-8080-exec-9] DEBUG o.s.web.servlet.DispatcherServlet - Completed 200 OK
2026-02-15 17:18:53.620 [http-nio-8080-exec-2] DEBUG o.s.web.servlet.DispatcherServlet - GET "/api/tareas-rest/search/porUsuario?id=2&size=100", parameters={masked}
2026-02-15 17:18:53.634 [http-nio-8080-exec-2] DEBUG o.s.w.s.m.m.a.HttpEntityMethodProcessor - Using 'application/json', given [application/json, text/plain, */*] and supported [application/hal+json, application/json]
2026-02-15 17:18:53.635 [http-nio-8080-exec-2] DEBUG o.s.w.s.m.m.a.HttpEntityMethodProcessor - Writing [PagedModel { content: [EntityModel { content: TaskEntity(idTarea=7, titulo=Prueba, estado=Pendiente, (truncated)...]
2026-02-15 17:18:53.638 [http-nio-8080-exec-2] DEBUG o.s.web.servlet.DispatcherServlet - Completed 200 OK
2026-02-15 17:21:00.606 [http-nio-8080-exec-7] DEBUG o.s.web.servlet.DispatcherServlet - OPTIONS "/api/tareas-rest/search/porUsuario?id=2&size=100", parameters={masked}
2026-02-15 17:21:00.608 [http-nio-8080-exec-7] DEBUG o.s.web.servlet.DispatcherServlet - Completed 200 OK
2026-02-15 17:21:00.610 [http-nio-8080-exec-6] DEBUG o.s.web.servlet.DispatcherServlet - GET "/api/tareas-rest/search/porUsuario?id=2&size=100", parameters={masked}
2026-02-15 17:21:00.618 [http-nio-8080-exec-6] DEBUG o.s.w.s.m.m.a.HttpEntityMethodProcessor - Using 'application/json', given [application/json, text/plain, */*] and supported [application/hal+json, application/json]
2026-02-15 17:21:00.619 [http-nio-8080-exec-6] DEBUG o.s.w.s.m.m.a.HttpEntityMethodProcessor - Writing [PagedModel { content: [EntityModel { content: TaskEntity(idTarea=7, titulo=Prueba, estado=Pendiente, (truncated)...]
2026-02-15 17:21:00.621 [http-nio-8080-exec-6] DEBUG o.s.web.servlet.DispatcherServlet - Completed 200 OK
2026-02-15 17:21:16.593 [http-nio-8080-exec-9] DEBUG o.s.web.servlet.DispatcherServlet - GET "/api/tareas-rest/search/porUsuario?id=2&size=100", parameters={masked}
2026-02-15 17:21:16.600 [http-nio-8080-exec-9] DEBUG o.s.w.s.m.m.a.HttpEntityMethodProcessor - Using 'application/json', given [application/json, text/plain, */*] and supported [application/hal+json, application/json]
2026-02-15 17:21:16.601 [http-nio-8080-exec-9] DEBUG o.s.w.s.m.m.a.HttpEntityMethodProcessor - Writing [PagedModel { content: [EntityModel { content: TaskEntity(idTarea=7, titulo=Prueba, estado=Pendiente, (truncated)...]
2026-02-15 17:21:16.602 [http-nio-8080-exec-9] DEBUG o.s.web.servlet.DispatcherServlet - Completed 200 OK
2026-02-15 17:23:03.110 [restartedMain] INFO  c.e.P.ProyectoBackEndApplication - Starting ProyectoBackEndApplication using Java 17.0.17 with PID 24008 (C:\Users\leofr\OneDrive\Escritorio\ESPECIALIZACION EN JAVA(CIBERTEC) Y OTRAS\JAVA BACK END\PROYECTO FINAL\ProyectoBackEnd (1)\ProyectoBackEnd\target\classes started by leofr in C:\Users\leofr\OneDrive\Escritorio\ESPECIALIZACION EN JAVA(CIBERTEC) Y OTRAS\JAVA BACK END\PROYECTO FINAL\ProyectoBackEnd (1)\ProyectoBackEnd)
2026-02-15 17:23:03.113 [restartedMain] DEBUG c.e.P.ProyectoBackEndApplication - Running with Spring Boot v3.5.10, Spring v6.2.15
2026-02-15 17:23:03.113 [restartedMain] INFO  c.e.P.ProyectoBackEndApplication - No active profile set, falling back to 1 default profile: "default"
2026-02-15 17:23:03.159 [restartedMain] INFO  o.s.b.d.e.DevToolsPropertyDefaultsPostProcessor - Devtools property defaults active! Set 'spring.devtools.add-properties' to 'false' to disable
2026-02-15 17:23:03.159 [restartedMain] INFO  o.s.b.d.e.DevToolsPropertyDefaultsPostProcessor - For additional web related logging consider setting the 'logging.level.web' property to 'DEBUG'
2026-02-15 17:23:03.832 [restartedMain] INFO  o.s.d.r.c.RepositoryConfigurationDelegate - Bootstrapping Spring Data JPA repositories in DEFAULT mode.
2026-02-15 17:23:03.908 [restartedMain] INFO  o.s.d.r.c.RepositoryConfigurationDelegate - Finished Spring Data repository scanning in 67 ms. Found 3 JPA repository interfaces.
2026-02-15 17:23:04.685 [restartedMain] INFO  o.s.b.w.e.tomcat.TomcatWebServer - Tomcat initialized with port 8080 (http)
2026-02-15 17:23:04.698 [restartedMain] INFO  o.a.coyote.http11.Http11NioProtocol - Initializing ProtocolHandler ["http-nio-8080"]
2026-02-15 17:23:04.700 [restartedMain] INFO  o.a.catalina.core.StandardService - Starting service [Tomcat]
2026-02-15 17:23:04.700 [restartedMain] INFO  o.a.catalina.core.StandardEngine - Starting Servlet engine: [Apache Tomcat/10.1.50]
2026-02-15 17:23:04.753 [restartedMain] INFO  o.a.c.c.C.[Tomcat].[localhost].[/] - Initializing Spring embedded WebApplicationContext
2026-02-15 17:23:04.754 [restartedMain] INFO  o.s.b.w.s.c.ServletWebServerApplicationContext - Root WebApplicationContext: initialization completed in 1593 ms
2026-02-15 17:23:04.950 [restartedMain] INFO  o.h.jpa.internal.util.LogHelper - HHH000204: Processing PersistenceUnitInfo [name: default]
2026-02-15 17:23:04.992 [restartedMain] INFO  org.hibernate.Version - HHH000412: Hibernate ORM core version 6.6.41.Final
2026-02-15 17:23:05.031 [restartedMain] INFO  o.h.c.i.RegionFactoryInitiator - HHH000026: Second-level cache disabled
2026-02-15 17:23:05.293 [restartedMain] INFO  o.s.o.j.p.SpringPersistenceUnitInfo - No LoadTimeWeaver setup: ignoring JPA class transformer
2026-02-15 17:23:05.325 [restartedMain] INFO  com.zaxxer.hikari.HikariDataSource - HikariPool-1 - Starting...
2026-02-15 17:23:05.465 [restartedMain] INFO  com.zaxxer.hikari.pool.HikariPool - HikariPool-1 - Added connection com.mysql.cj.jdbc.ConnectionImpl@29c4d741
2026-02-15 17:23:05.467 [restartedMain] INFO  com.zaxxer.hikari.HikariDataSource - HikariPool-1 - Start completed.
2026-02-15 17:23:05.508 [restartedMain] WARN  org.hibernate.orm.deprecation - HHH90000025: MySQLDialect does not need to be specified explicitly using 'hibernate.dialect' (remove the property setting and it will be selected by default)
2026-02-15 17:23:05.528 [restartedMain] INFO  o.hibernate.orm.connections.pooling - HHH10001005: Database info:
	Database JDBC URL [Connecting through datasource 'HikariDataSource (HikariPool-1)']
	Database driver: undefined/unknown
	Database version: 8.0.32
	Autocommit mode: undefined/unknown
	Isolation level: undefined/unknown
	Minimum pool size: undefined/unknown
	Maximum pool size: undefined/unknown
2026-02-15 17:23:06.182 [restartedMain] INFO  o.h.e.t.j.p.i.JtaPlatformInitiator - HHH000489: No JTA platform available (set 'hibernate.transaction.jta.platform' to enable JTA platform integration)
2026-02-15 17:23:06.252 [restartedMain] INFO  o.s.o.j.LocalContainerEntityManagerFactoryBean - Initialized JPA EntityManagerFactory for persistence unit 'default'
2026-02-15 17:23:06.639 [restartedMain] INFO  o.s.d.j.r.query.QueryEnhancerFactory - Hibernate is in classpath; If applicable, HQL parser will be used.
2026-02-15 17:23:07.215 [restartedMain] WARN  o.s.b.a.o.j.JpaBaseConfiguration$JpaWebConfiguration - spring.jpa.open-in-view is enabled by default. Therefore, database queries may be performed during view rendering. Explicitly configure spring.jpa.open-in-view to disable this warning
2026-02-15 17:23:07.508 [restartedMain] DEBUG o.s.w.s.m.m.a.RequestMappingHandlerMapping - 15 mappings in 'requestMappingHandlerMapping'
2026-02-15 17:23:07.653 [restartedMain] DEBUG o.s.w.s.h.SimpleUrlHandlerMapping - Patterns [/webjars/**, /**] in 'resourceHandlerMapping'
2026-02-15 17:23:07.691 [restartedMain] DEBUG o.s.w.s.m.m.a.RequestMappingHandlerAdapter - ControllerAdvice beans: 0 @ModelAttribute, 0 @InitBinder, 1 RequestBodyAdvice, 1 ResponseBodyAdvice
2026-02-15 17:23:07.747 [restartedMain] WARN  o.s.b.a.t.ThymeleafAutoConfiguration$DefaultTemplateResolverConfiguration - Cannot find template location: classpath:/templates/ (please add some templates, check your Thymeleaf configuration, or set spring.thymeleaf.check-template-location=false)
2026-02-15 17:23:07.782 [restartedMain] DEBUG o.s.w.s.m.m.a.ExceptionHandlerExceptionResolver - ControllerAdvice beans: 1 @ExceptionHandler, 1 ResponseBodyAdvice
2026-02-15 17:23:07.822 [restartedMain] DEBUG o.s.w.s.m.m.a.ExceptionHandlerExceptionResolver - ControllerAdvice beans: 1 @ExceptionHandler, 0 ResponseBodyAdvice
2026-02-15 17:23:08.059 [restartedMain] INFO  o.s.b.d.a.OptionalLiveReloadServer - LiveReload server is running on port 35729
2026-02-15 17:23:08.073 [restartedMain] INFO  o.a.coyote.http11.Http11NioProtocol - Starting ProtocolHandler ["http-nio-8080"]
2026-02-15 17:23:08.092 [restartedMain] INFO  o.s.b.w.e.tomcat.TomcatWebServer - Tomcat started on port 8080 (http) with context path '/'
2026-02-15 17:23:08.101 [restartedMain] INFO  c.e.P.ProyectoBackEndApplication - Started ProyectoBackEndApplication in 5.322 seconds (process running for 5.825)
2026-02-15 17:23:39.833 [http-nio-8080-exec-1] INFO  o.a.c.c.C.[Tomcat].[localhost].[/] - Initializing Spring DispatcherServlet 'dispatcherServlet'
2026-02-15 17:23:39.833 [http-nio-8080-exec-1] INFO  o.s.web.servlet.DispatcherServlet - Initializing Servlet 'dispatcherServlet'
2026-02-15 17:23:39.834 [http-nio-8080-exec-1] DEBUG o.s.web.servlet.DispatcherServlet - Detected StandardServletMultipartResolver
2026-02-15 17:23:39.834 [http-nio-8080-exec-1] DEBUG o.s.web.servlet.DispatcherServlet - Detected AcceptHeaderLocaleResolver
2026-02-15 17:23:39.834 [http-nio-8080-exec-1] DEBUG o.s.web.servlet.DispatcherServlet - Detected FixedThemeResolver
2026-02-15 17:23:39.835 [http-nio-8080-exec-1] DEBUG o.s.web.servlet.DispatcherServlet - Detected org.springframework.web.servlet.view.DefaultRequestToViewNameTranslator@68c3fcb7
2026-02-15 17:23:39.836 [http-nio-8080-exec-1] DEBUG o.s.web.servlet.DispatcherServlet - Detected org.springframework.web.servlet.support.SessionFlashMapManager@54061cd
2026-02-15 17:23:39.836 [http-nio-8080-exec-1] DEBUG o.s.web.servlet.DispatcherServlet - enableLoggingRequestDetails='false': request parameters and headers will be masked to prevent unsafe logging of potentially sensitive data
2026-02-15 17:23:39.836 [http-nio-8080-exec-1] INFO  o.s.web.servlet.DispatcherServlet - Completed initialization in 2 ms
2026-02-15 17:23:39.846 [http-nio-8080-exec-1] DEBUG o.s.web.servlet.DispatcherServlet - POST "/api/auth-rest/loginAccion", parameters={}
2026-02-15 17:23:39.856 [http-nio-8080-exec-1] DEBUG o.s.w.s.m.m.a.RequestMappingHandlerMapping - Mapped to com.example.ProyectoBackEnd.controller.LoginController#loginAccion(UsuarioEntity, HttpSession)
2026-02-15 17:23:39.969 [http-nio-8080-exec-1] DEBUG o.s.w.s.m.m.a.RequestResponseBodyMethodProcessor - Read "application/json;charset=UTF-8" to [UsuarioEntity(idUsuario=null, usuario=yaddif, contraseña=12345, fechaCreacion=null, estado=null, fec (truncated)...]
2026-02-15 17:23:40.032 [http-nio-8080-exec-1] INFO  c.e.P.controller.LoginController - AUDITORIA: Intento de login para usuario: yaddif
2026-02-15 17:23:40.252 [http-nio-8080-exec-1] INFO  c.e.P.aspect.LogginAspect - Operación buscarPorNombre completada en 151 ms
2026-02-15 17:23:40.263 [http-nio-8080-exec-1] INFO  c.e.P.aspect.LogginAspect - Operación validarLogin completada en 3 ms
2026-02-15 17:23:40.264 [http-nio-8080-exec-1] INFO  c.e.P.controller.LoginController - Login exitoso. Derivando a principal.
2026-02-15 17:23:40.408 [http-nio-8080-exec-1] DEBUG o.s.w.s.m.m.a.RequestResponseBodyMethodProcessor - Using 'application/json', given [application/json, text/plain, */*] and supported [application/hal+json, application/vnd.hal+json, application/json, application/schema+json, application/json-patch+json, application/merge-patch+json, application/x-spring-data-verbose+json, application/x-spring-data-compact+json, application/prs.hal-forms+json, application/*+json]
2026-02-15 17:23:40.409 [http-nio-8080-exec-1] DEBUG o.s.w.s.m.m.a.RequestResponseBodyMethodProcessor - Writing [EntityModel { content: UsuarioEntity(idUsuario=2, usuario=yaddif, contraseña=12345, fechaCreacion=20 (truncated)...]
2026-02-15 17:23:40.446 [http-nio-8080-exec-1] DEBUG o.s.web.servlet.DispatcherServlet - Completed 200 OK
2026-02-15 17:23:49.375 [http-nio-8080-exec-5] DEBUG o.s.web.servlet.DispatcherServlet - GET "/api/tareas-rest/search/porUsuario?id=2&size=100", parameters={masked}
2026-02-15 17:23:49.473 [http-nio-8080-exec-5] DEBUG o.s.w.s.m.m.a.HttpEntityMethodProcessor - Using 'application/json', given [application/json, text/plain, */*] and supported [application/hal+json, application/json]
2026-02-15 17:23:49.480 [http-nio-8080-exec-5] DEBUG o.s.w.s.m.m.a.HttpEntityMethodProcessor - Writing [PagedModel { content: [EntityModel { content: TaskEntity(idTarea=7, titulo=Prueba, estado=Pendiente, (truncated)...]
2026-02-15 17:23:49.508 [http-nio-8080-exec-5] DEBUG o.s.web.servlet.DispatcherServlet - Completed 200 OK
2026-02-15 17:23:49.510 [http-nio-8080-exec-3] DEBUG o.s.web.servlet.DispatcherServlet - GET "/api/tareas-rest/search/porUsuario?id=2&size=100", parameters={masked}
2026-02-15 17:23:49.525 [http-nio-8080-exec-3] DEBUG o.s.w.s.m.m.a.HttpEntityMethodProcessor - Using 'application/json', given [application/json, text/plain, */*] and supported [application/hal+json, application/json]
2026-02-15 17:23:49.526 [http-nio-8080-exec-3] DEBUG o.s.w.s.m.m.a.HttpEntityMethodProcessor - Writing [PagedModel { content: [EntityModel { content: TaskEntity(idTarea=7, titulo=Prueba, estado=Pendiente, (truncated)...]
2026-02-15 17:23:49.538 [http-nio-8080-exec-3] DEBUG o.s.web.servlet.DispatcherServlet - Completed 200 OK
2026-02-15 17:23:56.313 [http-nio-8080-exec-4] DEBUG o.s.web.servlet.DispatcherServlet - OPTIONS "/api/tareas-rest", parameters={}
2026-02-15 17:23:56.316 [http-nio-8080-exec-4] DEBUG o.s.web.servlet.DispatcherServlet - Completed 200 OK
2026-02-15 17:23:56.320 [http-nio-8080-exec-2] DEBUG o.s.web.servlet.DispatcherServlet - POST "/api/tareas-rest", parameters={}
2026-02-15 17:23:56.365 [http-nio-8080-exec-2] DEBUG o.s.w.s.m.m.a.HttpEntityMethodProcessor - Using 'application/json', given [application/json, text/plain, */*] and supported [application/hal+json, application/json]
2026-02-15 17:23:56.365 [http-nio-8080-exec-2] DEBUG o.s.w.s.m.m.a.HttpEntityMethodProcessor - Writing [EntityModel { content: TaskEntity(idTarea=51, titulo=TEST, estado=Escalado por tiempo, fechaCreacion (truncated)...]
2026-02-15 17:23:56.368 [http-nio-8080-exec-2] DEBUG o.s.web.servlet.DispatcherServlet - Completed 201 CREATED
2026-02-15 17:23:56.371 [http-nio-8080-exec-6] DEBUG o.s.web.servlet.DispatcherServlet - GET "/api/tareas-rest/search/porUsuario?id=2&size=100", parameters={masked}
2026-02-15 17:23:56.385 [http-nio-8080-exec-6] DEBUG o.s.w.s.m.m.a.HttpEntityMethodProcessor - Using 'application/json', given [application/json, text/plain, */*] and supported [application/hal+json, application/json]
2026-02-15 17:23:56.385 [http-nio-8080-exec-6] DEBUG o.s.w.s.m.m.a.HttpEntityMethodProcessor - Writing [PagedModel { content: [EntityModel { content: TaskEntity(idTarea=7, titulo=Prueba, estado=Pendiente, (truncated)...]
2026-02-15 17:23:56.392 [http-nio-8080-exec-6] DEBUG o.s.web.servlet.DispatcherServlet - Completed 200 OK
2026-02-15 17:25:17.549 [http-nio-8080-exec-9] DEBUG o.s.web.servlet.DispatcherServlet - OPTIONS "/api/auditoria?size=100&sort=fechaHora,desc", parameters={masked}
2026-02-15 17:25:17.549 [http-nio-8080-exec-10] DEBUG o.s.web.servlet.DispatcherServlet - OPTIONS "/api/auditoria?size=100&sort=fechaHora,desc", parameters={masked}
2026-02-15 17:25:17.552 [http-nio-8080-exec-9] DEBUG o.s.web.servlet.DispatcherServlet - Completed 200 OK
2026-02-15 17:25:17.553 [http-nio-8080-exec-10] DEBUG o.s.web.servlet.DispatcherServlet - Completed 200 OK
2026-02-15 17:25:17.555 [http-nio-8080-exec-1] DEBUG o.s.web.servlet.DispatcherServlet - GET "/api/auditoria?size=100&sort=fechaHora,desc", parameters={masked}
2026-02-15 17:25:17.627 [http-nio-8080-exec-1] DEBUG o.s.w.s.m.m.a.RequestResponseBodyMethodProcessor - Using 'application/json', given [application/json, text/plain, */*] and supported [application/hal+json, application/json]
2026-02-15 17:25:17.632 [http-nio-8080-exec-1] DEBUG o.s.w.s.m.m.a.RequestResponseBodyMethodProcessor - Writing [PagedModel { content: [EntityModel { content: AuditoriaEntity(idauditoria=2493, fechaHora=2026-02-15 (truncated)...]
2026-02-15 17:25:17.658 [http-nio-8080-exec-5] DEBUG o.s.web.servlet.DispatcherServlet - GET "/api/auditoria?size=100&sort=fechaHora,desc", parameters={masked}
2026-02-15 17:25:17.682 [http-nio-8080-exec-1] DEBUG o.s.web.servlet.DispatcherServlet - Completed 200 OK
2026-02-15 17:25:17.706 [http-nio-8080-exec-5] DEBUG o.s.w.s.m.m.a.RequestResponseBodyMethodProcessor - Using 'application/json', given [application/json, text/plain, */*] and supported [application/hal+json, application/json]
2026-02-15 17:25:17.708 [http-nio-8080-exec-5] DEBUG o.s.w.s.m.m.a.RequestResponseBodyMethodProcessor - Writing [PagedModel { content: [EntityModel { content: AuditoriaEntity(idauditoria=2493, fechaHora=2026-02-15 (truncated)...]
2026-02-15 17:25:17.749 [http-nio-8080-exec-5] DEBUG o.s.web.servlet.DispatcherServlet - Completed 200 OK
2026-02-15 17:25:32.340 [http-nio-8080-exec-3] DEBUG o.s.web.servlet.DispatcherServlet - GET "/api/auditoria?size=100&sort=fechaHora,desc", parameters={masked}
2026-02-15 17:25:32.384 [http-nio-8080-exec-3] DEBUG o.s.w.s.m.m.a.RequestResponseBodyMethodProcessor - Using 'application/json', given [application/json, text/plain, */*] and supported [application/hal+json, application/json]
2026-02-15 17:25:32.386 [http-nio-8080-exec-3] DEBUG o.s.w.s.m.m.a.RequestResponseBodyMethodProcessor - Writing [PagedModel { content: [EntityModel { content: AuditoriaEntity(idauditoria=2493, fechaHora=2026-02-15 (truncated)...]
2026-02-15 17:25:32.401 [http-nio-8080-exec-4] DEBUG o.s.web.servlet.DispatcherServlet - GET "/api/auditoria?size=100&sort=fechaHora,desc", parameters={masked}
2026-02-15 17:25:32.416 [http-nio-8080-exec-3] DEBUG o.s.web.servlet.DispatcherServlet - Completed 200 OK
2026-02-15 17:25:32.440 [http-nio-8080-exec-4] DEBUG o.s.w.s.m.m.a.RequestResponseBodyMethodProcessor - Using 'application/json', given [application/json, text/plain, */*] and supported [application/hal+json, application/json]
2026-02-15 17:25:32.442 [http-nio-8080-exec-4] DEBUG o.s.w.s.m.m.a.RequestResponseBodyMethodProcessor - Writing [PagedModel { content: [EntityModel { content: AuditoriaEntity(idauditoria=2493, fechaHora=2026-02-15 (truncated)...]
2026-02-15 17:25:32.470 [http-nio-8080-exec-4] DEBUG o.s.web.servlet.DispatcherServlet - Completed 200 OK
2026-02-15 17:25:51.507 [http-nio-8080-exec-2] DEBUG o.s.web.servlet.DispatcherServlet - OPTIONS "/api/tareas-rest/43", parameters={}
2026-02-15 17:25:51.509 [http-nio-8080-exec-2] DEBUG o.s.web.servlet.DispatcherServlet - Completed 200 OK
2026-02-15 17:25:51.511 [http-nio-8080-exec-6] DEBUG o.s.web.servlet.DispatcherServlet - DELETE "/api/tareas-rest/43", parameters={}
2026-02-15 17:25:51.539 [http-nio-8080-exec-6] DEBUG o.s.w.s.m.m.a.HttpEntityMethodProcessor - Using 'application/json', given [application/json, text/plain, */*] and supported [application/hal+json, application/json]
2026-02-15 17:25:51.539 [http-nio-8080-exec-6] DEBUG o.s.w.s.m.m.a.HttpEntityMethodProcessor - Writing [EntityModel { content: TaskEntity(idTarea=43, titulo=Auditoria 2, estado=Pendiente, fechaCreacion=20 (truncated)...]
2026-02-15 17:25:51.540 [http-nio-8080-exec-6] DEBUG o.s.web.servlet.DispatcherServlet - Completed 200 OK
2026-02-15 17:25:52.569 [http-nio-8080-exec-7] DEBUG o.s.web.servlet.DispatcherServlet - GET "/api/tareas-rest/search/porUsuario?id=2&size=100", parameters={masked}
2026-02-15 17:25:52.580 [http-nio-8080-exec-7] DEBUG o.s.w.s.m.m.a.HttpEntityMethodProcessor - Using 'application/json', given [application/json, text/plain, */*] and supported [application/hal+json, application/json]
2026-02-15 17:25:52.580 [http-nio-8080-exec-7] DEBUG o.s.w.s.m.m.a.HttpEntityMethodProcessor - Writing [PagedModel { content: [EntityModel { content: TaskEntity(idTarea=7, titulo=Prueba, estado=Pendiente, (truncated)...]
2026-02-15 17:25:52.584 [http-nio-8080-exec-7] DEBUG o.s.web.servlet.DispatcherServlet - Completed 200 OK
2026-02-15 17:26:04.674 [http-nio-8080-exec-8] DEBUG o.s.web.servlet.DispatcherServlet - GET "/api/auditoria?size=100&sort=fechaHora,desc", parameters={masked}
2026-02-15 17:26:04.708 [http-nio-8080-exec-8] DEBUG o.s.w.s.m.m.a.RequestResponseBodyMethodProcessor - Using 'application/json', given [application/json, text/plain, */*] and supported [application/hal+json, application/json]
2026-02-15 17:26:04.713 [http-nio-8080-exec-8] DEBUG o.s.w.s.m.m.a.RequestResponseBodyMethodProcessor - Writing [PagedModel { content: [EntityModel { content: AuditoriaEntity(idauditoria=2493, fechaHora=2026-02-15 (truncated)...]
2026-02-15 17:26:04.725 [http-nio-8080-exec-10] DEBUG o.s.web.servlet.DispatcherServlet - GET "/api/auditoria?size=100&sort=fechaHora,desc", parameters={masked}
2026-02-15 17:26:04.738 [http-nio-8080-exec-8] DEBUG o.s.web.servlet.DispatcherServlet - Completed 200 OK
2026-02-15 17:26:04.757 [http-nio-8080-exec-10] DEBUG o.s.w.s.m.m.a.RequestResponseBodyMethodProcessor - Using 'application/json', given [application/json, text/plain, */*] and supported [application/hal+json, application/json]
2026-02-15 17:26:04.759 [http-nio-8080-exec-10] DEBUG o.s.w.s.m.m.a.RequestResponseBodyMethodProcessor - Writing [PagedModel { content: [EntityModel { content: AuditoriaEntity(idauditoria=2493, fechaHora=2026-02-15 (truncated)...]
2026-02-15 17:26:04.782 [http-nio-8080-exec-10] DEBUG o.s.web.servlet.DispatcherServlet - Completed 200 OK
2026-02-15 17:26:29.639 [http-nio-8080-exec-9] DEBUG o.s.web.servlet.DispatcherServlet - GET "/api/auditoria?size=100&sort=fechaHora,desc", parameters={masked}
2026-02-15 17:26:29.671 [http-nio-8080-exec-9] DEBUG o.s.w.s.m.m.a.RequestResponseBodyMethodProcessor - Using 'application/json', given [application/json, text/plain, */*] and supported [application/hal+json, application/json]
2026-02-15 17:26:29.672 [http-nio-8080-exec-9] DEBUG o.s.w.s.m.m.a.RequestResponseBodyMethodProcessor - Writing [PagedModel { content: [EntityModel { content: AuditoriaEntity(idauditoria=2493, fechaHora=2026-02-15 (truncated)...]
2026-02-15 17:26:29.684 [http-nio-8080-exec-1] DEBUG o.s.web.servlet.DispatcherServlet - GET "/api/auditoria?size=100&sort=fechaHora,desc", parameters={masked}
2026-02-15 17:26:29.693 [http-nio-8080-exec-9] DEBUG o.s.web.servlet.DispatcherServlet - Completed 200 OK
2026-02-15 17:26:29.714 [http-nio-8080-exec-1] DEBUG o.s.w.s.m.m.a.RequestResponseBodyMethodProcessor - Using 'application/json', given [application/json, text/plain, */*] and supported [application/hal+json, application/json]
2026-02-15 17:26:29.715 [http-nio-8080-exec-1] DEBUG o.s.w.s.m.m.a.RequestResponseBodyMethodProcessor - Writing [PagedModel { content: [EntityModel { content: AuditoriaEntity(idauditoria=2493, fechaHora=2026-02-15 (truncated)...]
2026-02-15 17:26:29.732 [http-nio-8080-exec-1] DEBUG o.s.web.servlet.DispatcherServlet - Completed 200 OK
2026-02-15 17:28:58.054 [http-nio-8080-exec-2] DEBUG o.s.web.servlet.DispatcherServlet - POST "/api/auth-rest/loginAccion", parameters={}
2026-02-15 17:28:58.055 [http-nio-8080-exec-2] DEBUG o.s.w.s.m.m.a.RequestMappingHandlerMapping - Mapped to com.example.ProyectoBackEnd.controller.LoginController#loginAccion(UsuarioEntity, HttpSession)
2026-02-15 17:28:58.056 [http-nio-8080-exec-2] DEBUG o.s.w.s.m.m.a.RequestResponseBodyMethodProcessor - Read "application/json;charset=UTF-8" to [UsuarioEntity(idUsuario=null, usuario=USUARIOELIMINADO, contraseña=USER5, fechaCreacion=null, estado (truncated)...]
2026-02-15 17:28:58.056 [http-nio-8080-exec-2] INFO  c.e.P.controller.LoginController - AUDITORIA: Intento de login para usuario: USUARIOELIMINADO
2026-02-15 17:28:58.066 [http-nio-8080-exec-2] INFO  c.e.P.aspect.LogginAspect - Operación buscarPorNombre completada en 2 ms
2026-02-15 17:28:58.066 [http-nio-8080-exec-2] WARN  c.e.P.controller.LoginController - Login FALLIDO: El usuario 'USUARIOELIMINADO' está INACTIVO.
2026-02-15 17:28:58.068 [http-nio-8080-exec-2] DEBUG o.s.web.servlet.DispatcherServlet - Failed to complete request: java.lang.RuntimeException: Usuario inactivo. Contacte al administrador.
2026-02-15 17:28:58.068 [http-nio-8080-exec-2] ERROR o.a.c.c.C.[.[.[.[dispatcherServlet] - Servlet.service() for servlet [dispatcherServlet] in context with path [] threw exception [Request processing failed: java.lang.RuntimeException: Usuario inactivo. Contacte al administrador.] with root cause
java.lang.RuntimeException: Usuario inactivo. Contacte al administrador.
	at com.example.ProyectoBackEnd.controller.LoginController.loginAccion(LoginController.java:35)
	at java.base/jdk.internal.reflect.NativeMethodAccessorImpl.invoke0(Native Method)
	at java.base/jdk.internal.reflect.NativeMethodAccessorImpl.invoke(NativeMethodAccessorImpl.java:77)
	at java.base/jdk.internal.reflect.DelegatingMethodAccessorImpl.invoke(DelegatingMethodAccessorImpl.java:43)
	at java.base/java.lang.reflect.Method.invoke(Method.java:568)
	at org.springframework.web.method.support.InvocableHandlerMethod.doInvoke(InvocableHandlerMethod.java:258)
	at org.springframework.web.method.support.InvocableHandlerMethod.invokeForRequest(InvocableHandlerMethod.java:191)
	at org.springframework.web.servlet.mvc.method.annotation.ServletInvocableHandlerMethod.invokeAndHandle(ServletInvocableHandlerMethod.java:118)
	at org.springframework.web.servlet.mvc.method.annotation.RequestMappingHandlerAdapter.invokeHandlerMethod(RequestMappingHandlerAdapter.java:991)
	at org.springframework.web.servlet.mvc.method.annotation.RequestMappingHandlerAdapter.handleInternal(RequestMappingHandlerAdapter.java:896)
	at org.springframework.web.servlet.mvc.method.AbstractHandlerMethodAdapter.handle(AbstractHandlerMethodAdapter.java:87)
	at org.springframework.web.servlet.DispatcherServlet.doDispatch(DispatcherServlet.java:1089)
	at org.springframework.web.servlet.DispatcherServlet.doService(DispatcherServlet.java:979)
	at org.springframework.web.servlet.FrameworkServlet.processRequest(FrameworkServlet.java:1014)
	at org.springframework.web.servlet.FrameworkServlet.doPost(FrameworkServlet.java:914)
	at jakarta.servlet.http.HttpServlet.service(HttpServlet.java:590)
	at org.springframework.web.servlet.FrameworkServlet.service(FrameworkServlet.java:885)
	at jakarta.servlet.http.HttpServlet.service(HttpServlet.java:658)
	at org.apache.catalina.core.ApplicationFilterChain.internalDoFilter(ApplicationFilterChain.java:193)
	at org.apache.catalina.core.ApplicationFilterChain.doFilter(ApplicationFilterChain.java:138)
	at org.apache.tomcat.websocket.server.WsFilter.doFilter(WsFilter.java:51)
	at org.apache.catalina.core.ApplicationFilterChain.internalDoFilter(ApplicationFilterChain.java:162)
	at org.apache.catalina.core.ApplicationFilterChain.doFilter(ApplicationFilterChain.java:138)
	at org.springframework.web.filter.RequestContextFilter.doFilterInternal(RequestContextFilter.java:100)
	at org.springframework.web.filter.OncePerRequestFilter.doFilter(OncePerRequestFilter.java:116)
	at org.apache.catalina.core.ApplicationFilterChain.internalDoFilter(ApplicationFilterChain.java:162)
	at org.apache.catalina.core.ApplicationFilterChain.doFilter(ApplicationFilterChain.java:138)
	at org.springframework.web.filter.FormContentFilter.doFilterInternal(FormContentFilter.java:93)
	at org.springframework.web.filter.OncePerRequestFilter.doFilter(OncePerRequestFilter.java:116)
	at org.apache.catalina.core.ApplicationFilterChain.internalDoFilter(ApplicationFilterChain.java:162)
	at org.apache.catalina.core.ApplicationFilterChain.doFilter(ApplicationFilterChain.java:138)
	at org.springframework.web.filter.CharacterEncodingFilter.doFilterInternal(CharacterEncodingFilter.java:201)
	at org.springframework.web.filter.OncePerRequestFilter.doFilter(OncePerRequestFilter.java:116)
	at org.apache.catalina.core.ApplicationFilterChain.internalDoFilter(ApplicationFilterChain.java:162)
	at org.apache.catalina.core.ApplicationFilterChain.doFilter(ApplicationFilterChain.java:138)
	at org.apache.catalina.core.StandardWrapperValve.invoke(StandardWrapperValve.java:165)
	at org.apache.catalina.core.StandardContextValve.invoke(StandardContextValve.java:88)
	at org.apache.catalina.authenticator.AuthenticatorBase.invoke(AuthenticatorBase.java:482)
	at org.apache.catalina.core.StandardHostValve.invoke(StandardHostValve.java:113)
	at org.apache.catalina.valves.ErrorReportValve.invoke(ErrorReportValve.java:83)
	at org.apache.catalina.core.StandardEngineValve.invoke(StandardEngineValve.java:72)
	at org.apache.catalina.connector.CoyoteAdapter.service(CoyoteAdapter.java:342)
	at org.apache.coyote.http11.Http11Processor.service(Http11Processor.java:399)
	at org.apache.coyote.AbstractProcessorLight.process(AbstractProcessorLight.java:63)
	at org.apache.coyote.AbstractProtocol$ConnectionHandler.process(AbstractProtocol.java:903)
	at org.apache.tomcat.util.net.NioEndpoint$SocketProcessor.doRun(NioEndpoint.java:1774)
	at org.apache.tomcat.util.net.SocketProcessorBase.run(SocketProcessorBase.java:52)
	at org.apache.tomcat.util.threads.ThreadPoolExecutor.runWorker(ThreadPoolExecutor.java:973)
	at org.apache.tomcat.util.threads.ThreadPoolExecutor$Worker.run(ThreadPoolExecutor.java:491)
	at org.apache.tomcat.util.threads.TaskThread$WrappingRunnable.run(TaskThread.java:63)
	at java.base/java.lang.Thread.run(Thread.java:842)
2026-02-15 17:28:58.074 [http-nio-8080-exec-2] DEBUG o.s.web.servlet.DispatcherServlet - "ERROR" dispatch for POST "/error", parameters={}
2026-02-15 17:28:58.074 [http-nio-8080-exec-2] DEBUG o.s.w.s.m.m.a.RequestMappingHandlerMapping - Mapped to org.springframework.boot.autoconfigure.web.servlet.error.BasicErrorController#error(HttpServletRequest)
2026-02-15 17:28:58.077 [http-nio-8080-exec-2] DEBUG o.s.w.s.m.m.a.HttpEntityMethodProcessor - Using 'application/json', given [application/json, text/plain, */*] and supported [application/json, application/*+json]
2026-02-15 17:28:58.077 [http-nio-8080-exec-2] DEBUG o.s.w.s.m.m.a.HttpEntityMethodProcessor - Writing [{timestamp=Sun Feb 15 17:28:58 CET 2026, status=500, error=Internal Server Error, trace=java.lang.Ru (truncated)...]
2026-02-15 17:28:58.082 [http-nio-8080-exec-2] DEBUG o.s.web.servlet.DispatcherServlet - Exiting from "ERROR" dispatch, status 500
2026-02-15 17:29:21.584 [http-nio-8080-exec-6] DEBUG o.s.web.servlet.DispatcherServlet - POST "/api/auth-rest/loginAccion", parameters={}
2026-02-15 17:29:21.585 [http-nio-8080-exec-6] DEBUG o.s.w.s.m.m.a.RequestMappingHandlerMapping - Mapped to com.example.ProyectoBackEnd.controller.LoginController#loginAccion(UsuarioEntity, HttpSession)
2026-02-15 17:29:21.586 [http-nio-8080-exec-6] DEBUG o.s.w.s.m.m.a.RequestResponseBodyMethodProcessor - Read "application/json;charset=UTF-8" to [UsuarioEntity(idUsuario=null, usuario=ABC, contraseña=ABC, fechaCreacion=null, estado=null, fechaEli (truncated)...]
2026-02-15 17:29:21.587 [http-nio-8080-exec-6] INFO  c.e.P.controller.LoginController - AUDITORIA: Intento de login para usuario: ABC
2026-02-15 17:29:21.597 [http-nio-8080-exec-6] INFO  c.e.P.aspect.LogginAspect - Operación buscarPorNombre completada en 3 ms
2026-02-15 17:29:21.606 [http-nio-8080-exec-6] INFO  c.e.P.aspect.LogginAspect - Operación validarLogin completada en 2 ms
2026-02-15 17:29:21.606 [http-nio-8080-exec-6] INFO  c.e.P.controller.LoginController - Login exitoso. Derivando a principal.
2026-02-15 17:29:21.618 [http-nio-8080-exec-6] DEBUG o.s.w.s.m.m.a.RequestResponseBodyMethodProcessor - Using 'application/json', given [application/json, text/plain, */*] and supported [application/hal+json, application/vnd.hal+json, application/json, application/schema+json, application/json-patch+json, application/merge-patch+json, application/x-spring-data-verbose+json, application/x-spring-data-compact+json, application/prs.hal-forms+json, application/*+json]
2026-02-15 17:29:21.618 [http-nio-8080-exec-6] DEBUG o.s.w.s.m.m.a.RequestResponseBodyMethodProcessor - Writing [EntityModel { content: UsuarioEntity(idUsuario=44, usuario=ABC, contraseña=ABC, fechaCreacion=2026-0 (truncated)...]
2026-02-15 17:29:21.619 [http-nio-8080-exec-6] DEBUG o.s.web.servlet.DispatcherServlet - Completed 200 OK
2026-02-15 17:29:22.852 [http-nio-8080-exec-7] DEBUG o.s.web.servlet.DispatcherServlet - OPTIONS "/api/tareas-rest/search/porUsuario?id=44&size=100", parameters={masked}
2026-02-15 17:29:22.853 [http-nio-8080-exec-8] DEBUG o.s.web.servlet.DispatcherServlet - OPTIONS "/api/tareas-rest/search/porUsuario?id=44&size=100", parameters={masked}
2026-02-15 17:29:22.854 [http-nio-8080-exec-7] DEBUG o.s.web.servlet.DispatcherServlet - Completed 200 OK
2026-02-15 17:29:22.854 [http-nio-8080-exec-8] DEBUG o.s.web.servlet.DispatcherServlet - Completed 200 OK
2026-02-15 17:29:22.856 [http-nio-8080-exec-10] DEBUG o.s.web.servlet.DispatcherServlet - GET "/api/tareas-rest/search/porUsuario?id=44&size=100", parameters={masked}
2026-02-15 17:29:22.864 [http-nio-8080-exec-10] DEBUG o.s.w.s.m.m.a.HttpEntityMethodProcessor - Using 'application/json', given [application/json, text/plain, */*] and supported [application/hal+json, application/json]
2026-02-15 17:29:22.864 [http-nio-8080-exec-10] DEBUG o.s.w.s.m.m.a.HttpEntityMethodProcessor - Writing [PagedModel { content: [EntityModel { content: TaskEntity(idTarea=36, titulo=Probando Auditoria de Ta (truncated)...]
2026-02-15 17:29:22.867 [http-nio-8080-exec-10] DEBUG o.s.web.servlet.DispatcherServlet - Completed 200 OK
2026-02-15 17:29:22.868 [http-nio-8080-exec-9] DEBUG o.s.web.servlet.DispatcherServlet - GET "/api/tareas-rest/search/porUsuario?id=44&size=100", parameters={masked}
2026-02-15 17:29:22.876 [http-nio-8080-exec-9] DEBUG o.s.w.s.m.m.a.HttpEntityMethodProcessor - Using 'application/json', given [application/json, text/plain, */*] and supported [application/hal+json, application/json]
2026-02-15 17:29:22.877 [http-nio-8080-exec-9] DEBUG o.s.w.s.m.m.a.HttpEntityMethodProcessor - Writing [PagedModel { content: [EntityModel { content: TaskEntity(idTarea=36, titulo=Probando Auditoria de Ta (truncated)...]
2026-02-15 17:29:22.879 [http-nio-8080-exec-9] DEBUG o.s.web.servlet.DispatcherServlet - Completed 200 OK
2026-02-15 17:30:28.346 [http-nio-8080-exec-4] DEBUG o.s.web.servlet.DispatcherServlet - GET "/api/auditoria?size=100&sort=fechaHora,desc", parameters={masked}
2026-02-15 17:30:28.370 [http-nio-8080-exec-4] DEBUG o.s.w.s.m.m.a.RequestResponseBodyMethodProcessor - Using 'application/json', given [application/json, text/plain, */*] and supported [application/hal+json, application/json]
2026-02-15 17:30:28.371 [http-nio-8080-exec-4] DEBUG o.s.w.s.m.m.a.RequestResponseBodyMethodProcessor - Writing [PagedModel { content: [EntityModel { content: AuditoriaEntity(idauditoria=2496, fechaHora=2026-02-15 (truncated)...]
2026-02-15 17:30:28.380 [http-nio-8080-exec-3] DEBUG o.s.web.servlet.DispatcherServlet - GET "/api/auditoria?size=100&sort=fechaHora,desc", parameters={masked}
2026-02-15 17:30:28.384 [http-nio-8080-exec-4] DEBUG o.s.web.servlet.DispatcherServlet - Completed 200 OK
2026-02-15 17:30:28.405 [http-nio-8080-exec-3] DEBUG o.s.w.s.m.m.a.RequestResponseBodyMethodProcessor - Using 'application/json', given [application/json, text/plain, */*] and supported [application/hal+json, application/json]
2026-02-15 17:30:28.406 [http-nio-8080-exec-3] DEBUG o.s.w.s.m.m.a.RequestResponseBodyMethodProcessor - Writing [PagedModel { content: [EntityModel { content: AuditoriaEntity(idauditoria=2496, fechaHora=2026-02-15 (truncated)...]
2026-02-15 17:30:28.420 [http-nio-8080-exec-3] DEBUG o.s.web.servlet.DispatcherServlet - Completed 200 OK
2026-02-15 17:34:28.030 [http-nio-8080-exec-8] DEBUG o.s.web.servlet.DispatcherServlet - GET "/api/auditoria?size=100&sort=fechaHora,desc", parameters={masked}
2026-02-15 17:34:28.057 [http-nio-8080-exec-8] DEBUG o.s.w.s.m.m.a.RequestResponseBodyMethodProcessor - Using 'application/json', given [application/json, text/plain, */*] and supported [application/hal+json, application/json]
2026-02-15 17:34:28.058 [http-nio-8080-exec-8] DEBUG o.s.w.s.m.m.a.RequestResponseBodyMethodProcessor - Writing [PagedModel { content: [EntityModel { content: AuditoriaEntity(idauditoria=2496, fechaHora=2026-02-15 (truncated)...]
2026-02-15 17:34:28.068 [http-nio-8080-exec-7] DEBUG o.s.web.servlet.DispatcherServlet - GET "/api/auditoria?size=100&sort=fechaHora,desc", parameters={masked}
2026-02-15 17:34:28.072 [http-nio-8080-exec-8] DEBUG o.s.web.servlet.DispatcherServlet - Completed 200 OK
2026-02-15 17:34:28.092 [http-nio-8080-exec-7] DEBUG o.s.w.s.m.m.a.RequestResponseBodyMethodProcessor - Using 'application/json', given [application/json, text/plain, */*] and supported [application/hal+json, application/json]
2026-02-15 17:34:28.093 [http-nio-8080-exec-7] DEBUG o.s.w.s.m.m.a.RequestResponseBodyMethodProcessor - Writing [PagedModel { content: [EntityModel { content: AuditoriaEntity(idauditoria=2496, fechaHora=2026-02-15 (truncated)...]
2026-02-15 17:34:28.106 [http-nio-8080-exec-7] DEBUG o.s.web.servlet.DispatcherServlet - Completed 200 OK
2026-02-15 17:34:37.116 [http-nio-8080-exec-10] DEBUG o.s.web.servlet.DispatcherServlet - GET "/api/auditoria?size=100&sort=fechaHora,desc", parameters={masked}
2026-02-15 17:34:37.141 [http-nio-8080-exec-10] DEBUG o.s.w.s.m.m.a.RequestResponseBodyMethodProcessor - Using 'application/json', given [application/json, text/plain, */*] and supported [application/hal+json, application/json]
2026-02-15 17:34:37.142 [http-nio-8080-exec-10] DEBUG o.s.w.s.m.m.a.RequestResponseBodyMethodProcessor - Writing [PagedModel { content: [EntityModel { content: AuditoriaEntity(idauditoria=2496, fechaHora=2026-02-15 (truncated)...]
2026-02-15 17:34:37.148 [http-nio-8080-exec-9] DEBUG o.s.web.servlet.DispatcherServlet - GET "/api/auditoria?size=100&sort=fechaHora,desc", parameters={masked}
2026-02-15 17:34:37.153 [http-nio-8080-exec-10] DEBUG o.s.web.servlet.DispatcherServlet - Completed 200 OK
2026-02-15 17:34:37.170 [http-nio-8080-exec-9] DEBUG o.s.w.s.m.m.a.RequestResponseBodyMethodProcessor - Using 'application/json', given [application/json, text/plain, */*] and supported [application/hal+json, application/json]
2026-02-15 17:34:37.171 [http-nio-8080-exec-9] DEBUG o.s.w.s.m.m.a.RequestResponseBodyMethodProcessor - Writing [PagedModel { content: [EntityModel { content: AuditoriaEntity(idauditoria=2496, fechaHora=2026-02-15 (truncated)...]
2026-02-15 17:34:37.184 [http-nio-8080-exec-9] DEBUG o.s.web.servlet.DispatcherServlet - Completed 200 OK
2026-02-15 17:34:57.816 [http-nio-8080-exec-1] DEBUG o.s.web.servlet.DispatcherServlet - POST "/api/auth-rest/loginAccion", parameters={}
2026-02-15 17:34:57.817 [http-nio-8080-exec-1] DEBUG o.s.w.s.m.m.a.RequestMappingHandlerMapping - Mapped to com.example.ProyectoBackEnd.controller.LoginController#loginAccion(UsuarioEntity, HttpSession)
2026-02-15 17:34:57.818 [http-nio-8080-exec-1] DEBUG o.s.w.s.m.m.a.RequestResponseBodyMethodProcessor - Read "application/json;charset=UTF-8" to [UsuarioEntity(idUsuario=null, usuario=prueba128, contraseña=prueba128, fechaCreacion=null, estado=nu (truncated)...]
2026-02-15 17:34:57.818 [http-nio-8080-exec-1] INFO  c.e.P.controller.LoginController - AUDITORIA: Intento de login para usuario: prueba128
2026-02-15 17:34:57.829 [http-nio-8080-exec-1] INFO  c.e.P.aspect.LogginAspect - Operación buscarPorNombre completada en 4 ms
2026-02-15 17:34:57.829 [http-nio-8080-exec-1] WARN  c.e.P.controller.LoginController - Login FALLIDO: El usuario 'prueba128' está INACTIVO.
2026-02-15 17:34:57.830 [http-nio-8080-exec-1] DEBUG o.s.web.servlet.DispatcherServlet - Failed to complete request: java.lang.RuntimeException: Usuario inactivo. Contacte al administrador.
2026-02-15 17:34:57.830 [http-nio-8080-exec-1] ERROR o.a.c.c.C.[.[.[.[dispatcherServlet] - Servlet.service() for servlet [dispatcherServlet] in context with path [] threw exception [Request processing failed: java.lang.RuntimeException: Usuario inactivo. Contacte al administrador.] with root cause
java.lang.RuntimeException: Usuario inactivo. Contacte al administrador.
	at com.example.ProyectoBackEnd.controller.LoginController.loginAccion(LoginController.java:35)
	at java.base/jdk.internal.reflect.NativeMethodAccessorImpl.invoke0(Native Method)
	at java.base/jdk.internal.reflect.NativeMethodAccessorImpl.invoke(NativeMethodAccessorImpl.java:77)
	at java.base/jdk.internal.reflect.DelegatingMethodAccessorImpl.invoke(DelegatingMethodAccessorImpl.java:43)
	at java.base/java.lang.reflect.Method.invoke(Method.java:568)
	at org.springframework.web.method.support.InvocableHandlerMethod.doInvoke(InvocableHandlerMethod.java:258)
	at org.springframework.web.method.support.InvocableHandlerMethod.invokeForRequest(InvocableHandlerMethod.java:191)
	at org.springframework.web.servlet.mvc.method.annotation.ServletInvocableHandlerMethod.invokeAndHandle(ServletInvocableHandlerMethod.java:118)
	at org.springframework.web.servlet.mvc.method.annotation.RequestMappingHandlerAdapter.invokeHandlerMethod(RequestMappingHandlerAdapter.java:991)
	at org.springframework.web.servlet.mvc.method.annotation.RequestMappingHandlerAdapter.handleInternal(RequestMappingHandlerAdapter.java:896)
	at org.springframework.web.servlet.mvc.method.AbstractHandlerMethodAdapter.handle(AbstractHandlerMethodAdapter.java:87)
	at org.springframework.web.servlet.DispatcherServlet.doDispatch(DispatcherServlet.java:1089)
	at org.springframework.web.servlet.DispatcherServlet.doService(DispatcherServlet.java:979)
	at org.springframework.web.servlet.FrameworkServlet.processRequest(FrameworkServlet.java:1014)
	at org.springframework.web.servlet.FrameworkServlet.doPost(FrameworkServlet.java:914)
	at jakarta.servlet.http.HttpServlet.service(HttpServlet.java:590)
	at org.springframework.web.servlet.FrameworkServlet.service(FrameworkServlet.java:885)
	at jakarta.servlet.http.HttpServlet.service(HttpServlet.java:658)
	at org.apache.catalina.core.ApplicationFilterChain.internalDoFilter(ApplicationFilterChain.java:193)
	at org.apache.catalina.core.ApplicationFilterChain.doFilter(ApplicationFilterChain.java:138)
	at org.apache.tomcat.websocket.server.WsFilter.doFilter(WsFilter.java:51)
	at org.apache.catalina.core.ApplicationFilterChain.internalDoFilter(ApplicationFilterChain.java:162)
	at org.apache.catalina.core.ApplicationFilterChain.doFilter(ApplicationFilterChain.java:138)
	at org.springframework.web.filter.RequestContextFilter.doFilterInternal(RequestContextFilter.java:100)
	at org.springframework.web.filter.OncePerRequestFilter.doFilter(OncePerRequestFilter.java:116)
	at org.apache.catalina.core.ApplicationFilterChain.internalDoFilter(ApplicationFilterChain.java:162)
	at org.apache.catalina.core.ApplicationFilterChain.doFilter(ApplicationFilterChain.java:138)
	at org.springframework.web.filter.FormContentFilter.doFilterInternal(FormContentFilter.java:93)
	at org.springframework.web.filter.OncePerRequestFilter.doFilter(OncePerRequestFilter.java:116)
	at org.apache.catalina.core.ApplicationFilterChain.internalDoFilter(ApplicationFilterChain.java:162)
	at org.apache.catalina.core.ApplicationFilterChain.doFilter(ApplicationFilterChain.java:138)
	at org.springframework.web.filter.CharacterEncodingFilter.doFilterInternal(CharacterEncodingFilter.java:201)
	at org.springframework.web.filter.OncePerRequestFilter.doFilter(OncePerRequestFilter.java:116)
	at org.apache.catalina.core.ApplicationFilterChain.internalDoFilter(ApplicationFilterChain.java:162)
	at org.apache.catalina.core.ApplicationFilterChain.doFilter(ApplicationFilterChain.java:138)
	at org.apache.catalina.core.StandardWrapperValve.invoke(StandardWrapperValve.java:165)
	at org.apache.catalina.core.StandardContextValve.invoke(StandardContextValve.java:88)
	at org.apache.catalina.authenticator.AuthenticatorBase.invoke(AuthenticatorBase.java:482)
	at org.apache.catalina.core.StandardHostValve.invoke(StandardHostValve.java:113)
	at org.apache.catalina.valves.ErrorReportValve.invoke(ErrorReportValve.java:83)
	at org.apache.catalina.core.StandardEngineValve.invoke(StandardEngineValve.java:72)
	at org.apache.catalina.connector.CoyoteAdapter.service(CoyoteAdapter.java:342)
	at org.apache.coyote.http11.Http11Processor.service(Http11Processor.java:399)
	at org.apache.coyote.AbstractProcessorLight.process(AbstractProcessorLight.java:63)
	at org.apache.coyote.AbstractProtocol$ConnectionHandler.process(AbstractProtocol.java:903)
	at org.apache.tomcat.util.net.NioEndpoint$SocketProcessor.doRun(NioEndpoint.java:1774)
	at org.apache.tomcat.util.net.SocketProcessorBase.run(SocketProcessorBase.java:52)
	at org.apache.tomcat.util.threads.ThreadPoolExecutor.runWorker(ThreadPoolExecutor.java:973)
	at org.apache.tomcat.util.threads.ThreadPoolExecutor$Worker.run(ThreadPoolExecutor.java:491)
	at org.apache.tomcat.util.threads.TaskThread$WrappingRunnable.run(TaskThread.java:63)
	at java.base/java.lang.Thread.run(Thread.java:842)
2026-02-15 17:34:57.831 [http-nio-8080-exec-1] DEBUG o.s.web.servlet.DispatcherServlet - "ERROR" dispatch for POST "/error", parameters={}
2026-02-15 17:34:57.831 [http-nio-8080-exec-1] DEBUG o.s.w.s.m.m.a.RequestMappingHandlerMapping - Mapped to org.springframework.boot.autoconfigure.web.servlet.error.BasicErrorController#error(HttpServletRequest)
2026-02-15 17:34:57.832 [http-nio-8080-exec-1] DEBUG o.s.w.s.m.m.a.HttpEntityMethodProcessor - Using 'application/json', given [application/json, text/plain, */*] and supported [application/json, application/*+json]
2026-02-15 17:34:57.832 [http-nio-8080-exec-1] DEBUG o.s.w.s.m.m.a.HttpEntityMethodProcessor - Writing [{timestamp=Sun Feb 15 17:34:57 CET 2026, status=500, error=Internal Server Error, trace=java.lang.Ru (truncated)...]
2026-02-15 17:34:57.833 [http-nio-8080-exec-1] DEBUG o.s.web.servlet.DispatcherServlet - Exiting from "ERROR" dispatch, status 500
2026-02-15 17:35:04.570 [http-nio-8080-exec-5] DEBUG o.s.web.servlet.DispatcherServlet - POST "/api/auth-rest/loginAccion", parameters={}
2026-02-15 17:35:04.571 [http-nio-8080-exec-5] DEBUG o.s.w.s.m.m.a.RequestMappingHandlerMapping - Mapped to com.example.ProyectoBackEnd.controller.LoginController#loginAccion(UsuarioEntity, HttpSession)
2026-02-15 17:35:04.572 [http-nio-8080-exec-5] DEBUG o.s.w.s.m.m.a.RequestResponseBodyMethodProcessor - Read "application/json;charset=UTF-8" to [UsuarioEntity(idUsuario=null, usuario=prueba128, contraseña=123456789, fechaCreacion=null, estado=nu (truncated)...]
2026-02-15 17:35:04.572 [http-nio-8080-exec-5] INFO  c.e.P.controller.LoginController - AUDITORIA: Intento de login para usuario: prueba128
2026-02-15 17:35:04.584 [http-nio-8080-exec-5] INFO  c.e.P.aspect.LogginAspect - Operación buscarPorNombre completada en 4 ms
2026-02-15 17:35:04.584 [http-nio-8080-exec-5] WARN  c.e.P.controller.LoginController - Login FALLIDO: El usuario 'prueba128' está INACTIVO.
2026-02-15 17:35:04.584 [http-nio-8080-exec-5] DEBUG o.s.web.servlet.DispatcherServlet - Failed to complete request: java.lang.RuntimeException: Usuario inactivo. Contacte al administrador.
2026-02-15 17:35:04.585 [http-nio-8080-exec-5] ERROR o.a.c.c.C.[.[.[.[dispatcherServlet] - Servlet.service() for servlet [dispatcherServlet] in context with path [] threw exception [Request processing failed: java.lang.RuntimeException: Usuario inactivo. Contacte al administrador.] with root cause
java.lang.RuntimeException: Usuario inactivo. Contacte al administrador.
	at com.example.ProyectoBackEnd.controller.LoginController.loginAccion(LoginController.java:35)
	at java.base/jdk.internal.reflect.NativeMethodAccessorImpl.invoke0(Native Method)
	at java.base/jdk.internal.reflect.NativeMethodAccessorImpl.invoke(NativeMethodAccessorImpl.java:77)
	at java.base/jdk.internal.reflect.DelegatingMethodAccessorImpl.invoke(DelegatingMethodAccessorImpl.java:43)
	at java.base/java.lang.reflect.Method.invoke(Method.java:568)
	at org.springframework.web.method.support.InvocableHandlerMethod.doInvoke(InvocableHandlerMethod.java:258)
	at org.springframework.web.method.support.InvocableHandlerMethod.invokeForRequest(InvocableHandlerMethod.java:191)
	at org.springframework.web.servlet.mvc.method.annotation.ServletInvocableHandlerMethod.invokeAndHandle(ServletInvocableHandlerMethod.java:118)
	at org.springframework.web.servlet.mvc.method.annotation.RequestMappingHandlerAdapter.invokeHandlerMethod(RequestMappingHandlerAdapter.java:991)
	at org.springframework.web.servlet.mvc.method.annotation.RequestMappingHandlerAdapter.handleInternal(RequestMappingHandlerAdapter.java:896)
	at org.springframework.web.servlet.mvc.method.AbstractHandlerMethodAdapter.handle(AbstractHandlerMethodAdapter.java:87)
	at org.springframework.web.servlet.DispatcherServlet.doDispatch(DispatcherServlet.java:1089)
	at org.springframework.web.servlet.DispatcherServlet.doService(DispatcherServlet.java:979)
	at org.springframework.web.servlet.FrameworkServlet.processRequest(FrameworkServlet.java:1014)
	at org.springframework.web.servlet.FrameworkServlet.doPost(FrameworkServlet.java:914)
	at jakarta.servlet.http.HttpServlet.service(HttpServlet.java:590)
	at org.springframework.web.servlet.FrameworkServlet.service(FrameworkServlet.java:885)
	at jakarta.servlet.http.HttpServlet.service(HttpServlet.java:658)
	at org.apache.catalina.core.ApplicationFilterChain.internalDoFilter(ApplicationFilterChain.java:193)
	at org.apache.catalina.core.ApplicationFilterChain.doFilter(ApplicationFilterChain.java:138)
	at org.apache.tomcat.websocket.server.WsFilter.doFilter(WsFilter.java:51)
	at org.apache.catalina.core.ApplicationFilterChain.internalDoFilter(ApplicationFilterChain.java:162)
	at org.apache.catalina.core.ApplicationFilterChain.doFilter(ApplicationFilterChain.java:138)
	at org.springframework.web.filter.RequestContextFilter.doFilterInternal(RequestContextFilter.java:100)
	at org.springframework.web.filter.OncePerRequestFilter.doFilter(OncePerRequestFilter.java:116)
	at org.apache.catalina.core.ApplicationFilterChain.internalDoFilter(ApplicationFilterChain.java:162)
	at org.apache.catalina.core.ApplicationFilterChain.doFilter(ApplicationFilterChain.java:138)
	at org.springframework.web.filter.FormContentFilter.doFilterInternal(FormContentFilter.java:93)
	at org.springframework.web.filter.OncePerRequestFilter.doFilter(OncePerRequestFilter.java:116)
	at org.apache.catalina.core.ApplicationFilterChain.internalDoFilter(ApplicationFilterChain.java:162)
	at org.apache.catalina.core.ApplicationFilterChain.doFilter(ApplicationFilterChain.java:138)
	at org.springframework.web.filter.CharacterEncodingFilter.doFilterInternal(CharacterEncodingFilter.java:201)
	at org.springframework.web.filter.OncePerRequestFilter.doFilter(OncePerRequestFilter.java:116)
	at org.apache.catalina.core.ApplicationFilterChain.internalDoFilter(ApplicationFilterChain.java:162)
	at org.apache.catalina.core.ApplicationFilterChain.doFilter(ApplicationFilterChain.java:138)
	at org.apache.catalina.core.StandardWrapperValve.invoke(StandardWrapperValve.java:165)
	at org.apache.catalina.core.StandardContextValve.invoke(StandardContextValve.java:88)
	at org.apache.catalina.authenticator.AuthenticatorBase.invoke(AuthenticatorBase.java:482)
	at org.apache.catalina.core.StandardHostValve.invoke(StandardHostValve.java:113)
	at org.apache.catalina.valves.ErrorReportValve.invoke(ErrorReportValve.java:83)
	at org.apache.catalina.core.StandardEngineValve.invoke(StandardEngineValve.java:72)
	at org.apache.catalina.connector.CoyoteAdapter.service(CoyoteAdapter.java:342)
	at org.apache.coyote.http11.Http11Processor.service(Http11Processor.java:399)
	at org.apache.coyote.AbstractProcessorLight.process(AbstractProcessorLight.java:63)
	at org.apache.coyote.AbstractProtocol$ConnectionHandler.process(AbstractProtocol.java:903)
	at org.apache.tomcat.util.net.NioEndpoint$SocketProcessor.doRun(NioEndpoint.java:1774)
	at org.apache.tomcat.util.net.SocketProcessorBase.run(SocketProcessorBase.java:52)
	at org.apache.tomcat.util.threads.ThreadPoolExecutor.runWorker(ThreadPoolExecutor.java:973)
	at org.apache.tomcat.util.threads.ThreadPoolExecutor$Worker.run(ThreadPoolExecutor.java:491)
	at org.apache.tomcat.util.threads.TaskThread$WrappingRunnable.run(TaskThread.java:63)
	at java.base/java.lang.Thread.run(Thread.java:842)
2026-02-15 17:35:04.585 [http-nio-8080-exec-5] DEBUG o.s.web.servlet.DispatcherServlet - "ERROR" dispatch for POST "/error", parameters={}
2026-02-15 17:35:04.585 [http-nio-8080-exec-5] DEBUG o.s.w.s.m.m.a.RequestMappingHandlerMapping - Mapped to org.springframework.boot.autoconfigure.web.servlet.error.BasicErrorController#error(HttpServletRequest)
2026-02-15 17:35:04.586 [http-nio-8080-exec-5] DEBUG o.s.w.s.m.m.a.HttpEntityMethodProcessor - Using 'application/json', given [application/json, text/plain, */*] and supported [application/json, application/*+json]
2026-02-15 17:35:04.586 [http-nio-8080-exec-5] DEBUG o.s.w.s.m.m.a.HttpEntityMethodProcessor - Writing [{timestamp=Sun Feb 15 17:35:04 CET 2026, status=500, error=Internal Server Error, trace=java.lang.Ru (truncated)...]
2026-02-15 17:35:04.587 [http-nio-8080-exec-5] DEBUG o.s.web.servlet.DispatcherServlet - Exiting from "ERROR" dispatch, status 500
2026-02-15 17:35:14.269 [http-nio-8080-exec-4] DEBUG o.s.web.servlet.DispatcherServlet - POST "/api/auth-rest/loginAccion", parameters={}
2026-02-15 17:35:14.270 [http-nio-8080-exec-4] DEBUG o.s.w.s.m.m.a.RequestMappingHandlerMapping - Mapped to com.example.ProyectoBackEnd.controller.LoginController#loginAccion(UsuarioEntity, HttpSession)
2026-02-15 17:35:14.270 [http-nio-8080-exec-4] DEBUG o.s.w.s.m.m.a.RequestResponseBodyMethodProcessor - Read "application/json;charset=UTF-8" to [UsuarioEntity(idUsuario=null, usuario=prueba128, contraseña=123456789, fechaCreacion=null, estado=nu (truncated)...]
2026-02-15 17:35:14.271 [http-nio-8080-exec-4] INFO  c.e.P.controller.LoginController - AUDITORIA: Intento de login para usuario: prueba128
2026-02-15 17:35:14.282 [http-nio-8080-exec-4] INFO  c.e.P.aspect.LogginAspect - Operación buscarPorNombre completada en 2 ms
2026-02-15 17:35:14.282 [http-nio-8080-exec-4] WARN  c.e.P.controller.LoginController - Login FALLIDO: El usuario 'prueba128' está INACTIVO.
2026-02-15 17:35:14.282 [http-nio-8080-exec-4] DEBUG o.s.web.servlet.DispatcherServlet - Failed to complete request: java.lang.RuntimeException: Usuario inactivo. Contacte al administrador.
2026-02-15 17:35:14.283 [http-nio-8080-exec-4] ERROR o.a.c.c.C.[.[.[.[dispatcherServlet] - Servlet.service() for servlet [dispatcherServlet] in context with path [] threw exception [Request processing failed: java.lang.RuntimeException: Usuario inactivo. Contacte al administrador.] with root cause
java.lang.RuntimeException: Usuario inactivo. Contacte al administrador.
	at com.example.ProyectoBackEnd.controller.LoginController.loginAccion(LoginController.java:35)
	at java.base/jdk.internal.reflect.NativeMethodAccessorImpl.invoke0(Native Method)
	at java.base/jdk.internal.reflect.NativeMethodAccessorImpl.invoke(NativeMethodAccessorImpl.java:77)
	at java.base/jdk.internal.reflect.DelegatingMethodAccessorImpl.invoke(DelegatingMethodAccessorImpl.java:43)
	at java.base/java.lang.reflect.Method.invoke(Method.java:568)
	at org.springframework.web.method.support.InvocableHandlerMethod.doInvoke(InvocableHandlerMethod.java:258)
	at org.springframework.web.method.support.InvocableHandlerMethod.invokeForRequest(InvocableHandlerMethod.java:191)
	at org.springframework.web.servlet.mvc.method.annotation.ServletInvocableHandlerMethod.invokeAndHandle(ServletInvocableHandlerMethod.java:118)
	at org.springframework.web.servlet.mvc.method.annotation.RequestMappingHandlerAdapter.invokeHandlerMethod(RequestMappingHandlerAdapter.java:991)
	at org.springframework.web.servlet.mvc.method.annotation.RequestMappingHandlerAdapter.handleInternal(RequestMappingHandlerAdapter.java:896)
	at org.springframework.web.servlet.mvc.method.AbstractHandlerMethodAdapter.handle(AbstractHandlerMethodAdapter.java:87)
	at org.springframework.web.servlet.DispatcherServlet.doDispatch(DispatcherServlet.java:1089)
	at org.springframework.web.servlet.DispatcherServlet.doService(DispatcherServlet.java:979)
	at org.springframework.web.servlet.FrameworkServlet.processRequest(FrameworkServlet.java:1014)
	at org.springframework.web.servlet.FrameworkServlet.doPost(FrameworkServlet.java:914)
	at jakarta.servlet.http.HttpServlet.service(HttpServlet.java:590)
	at org.springframework.web.servlet.FrameworkServlet.service(FrameworkServlet.java:885)
	at jakarta.servlet.http.HttpServlet.service(HttpServlet.java:658)
	at org.apache.catalina.core.ApplicationFilterChain.internalDoFilter(ApplicationFilterChain.java:193)
	at org.apache.catalina.core.ApplicationFilterChain.doFilter(ApplicationFilterChain.java:138)
	at org.apache.tomcat.websocket.server.WsFilter.doFilter(WsFilter.java:51)
	at org.apache.catalina.core.ApplicationFilterChain.internalDoFilter(ApplicationFilterChain.java:162)
	at org.apache.catalina.core.ApplicationFilterChain.doFilter(ApplicationFilterChain.java:138)
	at org.springframework.web.filter.RequestContextFilter.doFilterInternal(RequestContextFilter.java:100)
	at org.springframework.web.filter.OncePerRequestFilter.doFilter(OncePerRequestFilter.java:116)
	at org.apache.catalina.core.ApplicationFilterChain.internalDoFilter(ApplicationFilterChain.java:162)
	at org.apache.catalina.core.ApplicationFilterChain.doFilter(ApplicationFilterChain.java:138)
	at org.springframework.web.filter.FormContentFilter.doFilterInternal(FormContentFilter.java:93)
	at org.springframework.web.filter.OncePerRequestFilter.doFilter(OncePerRequestFilter.java:116)
	at org.apache.catalina.core.ApplicationFilterChain.internalDoFilter(ApplicationFilterChain.java:162)
	at org.apache.catalina.core.ApplicationFilterChain.doFilter(ApplicationFilterChain.java:138)
	at org.springframework.web.filter.CharacterEncodingFilter.doFilterInternal(CharacterEncodingFilter.java:201)
	at org.springframework.web.filter.OncePerRequestFilter.doFilter(OncePerRequestFilter.java:116)
	at org.apache.catalina.core.ApplicationFilterChain.internalDoFilter(ApplicationFilterChain.java:162)
	at org.apache.catalina.core.ApplicationFilterChain.doFilter(ApplicationFilterChain.java:138)
	at org.apache.catalina.core.StandardWrapperValve.invoke(StandardWrapperValve.java:165)
	at org.apache.catalina.core.StandardContextValve.invoke(StandardContextValve.java:88)
	at org.apache.catalina.authenticator.AuthenticatorBase.invoke(AuthenticatorBase.java:482)
	at org.apache.catalina.core.StandardHostValve.invoke(StandardHostValve.java:113)
	at org.apache.catalina.valves.ErrorReportValve.invoke(ErrorReportValve.java:83)
	at org.apache.catalina.core.StandardEngineValve.invoke(StandardEngineValve.java:72)
	at org.apache.catalina.connector.CoyoteAdapter.service(CoyoteAdapter.java:342)
	at org.apache.coyote.http11.Http11Processor.service(Http11Processor.java:399)
	at org.apache.coyote.AbstractProcessorLight.process(AbstractProcessorLight.java:63)
	at org.apache.coyote.AbstractProtocol$ConnectionHandler.process(AbstractProtocol.java:903)
	at org.apache.tomcat.util.net.NioEndpoint$SocketProcessor.doRun(NioEndpoint.java:1774)
	at org.apache.tomcat.util.net.SocketProcessorBase.run(SocketProcessorBase.java:52)
	at org.apache.tomcat.util.threads.ThreadPoolExecutor.runWorker(ThreadPoolExecutor.java:973)
	at org.apache.tomcat.util.threads.ThreadPoolExecutor$Worker.run(ThreadPoolExecutor.java:491)
	at org.apache.tomcat.util.threads.TaskThread$WrappingRunnable.run(TaskThread.java:63)
	at java.base/java.lang.Thread.run(Thread.java:842)
2026-02-15 17:35:14.283 [http-nio-8080-exec-4] DEBUG o.s.web.servlet.DispatcherServlet - "ERROR" dispatch for POST "/error", parameters={}
2026-02-15 17:35:14.283 [http-nio-8080-exec-4] DEBUG o.s.w.s.m.m.a.RequestMappingHandlerMapping - Mapped to org.springframework.boot.autoconfigure.web.servlet.error.BasicErrorController#error(HttpServletRequest)
2026-02-15 17:35:14.284 [http-nio-8080-exec-4] DEBUG o.s.w.s.m.m.a.HttpEntityMethodProcessor - Using 'application/json', given [application/json, text/plain, */*] and supported [application/json, application/*+json]
2026-02-15 17:35:14.284 [http-nio-8080-exec-4] DEBUG o.s.w.s.m.m.a.HttpEntityMethodProcessor - Writing [{timestamp=Sun Feb 15 17:35:14 CET 2026, status=500, error=Internal Server Error, trace=java.lang.Ru (truncated)...]
2026-02-15 17:35:14.285 [http-nio-8080-exec-4] DEBUG o.s.web.servlet.DispatcherServlet - Exiting from "ERROR" dispatch, status 500
2026-02-15 17:35:19.456 [http-nio-8080-exec-3] DEBUG o.s.web.servlet.DispatcherServlet - POST "/api/auth-rest/loginAccion", parameters={}
2026-02-15 17:35:19.456 [http-nio-8080-exec-3] DEBUG o.s.w.s.m.m.a.RequestMappingHandlerMapping - Mapped to com.example.ProyectoBackEnd.controller.LoginController#loginAccion(UsuarioEntity, HttpSession)
2026-02-15 17:35:19.457 [http-nio-8080-exec-3] DEBUG o.s.w.s.m.m.a.RequestResponseBodyMethodProcessor - Read "application/json;charset=UTF-8" to [UsuarioEntity(idUsuario=null, usuario=Prueba128, contraseña=123456789, fechaCreacion=null, estado=nu (truncated)...]
2026-02-15 17:35:19.457 [http-nio-8080-exec-3] INFO  c.e.P.controller.LoginController - AUDITORIA: Intento de login para usuario: Prueba128
2026-02-15 17:35:19.465 [http-nio-8080-exec-3] INFO  c.e.P.aspect.LogginAspect - Operación buscarPorNombre completada en 3 ms
2026-02-15 17:35:19.465 [http-nio-8080-exec-3] WARN  c.e.P.controller.LoginController - Login FALLIDO: El usuario 'prueba128' está INACTIVO.
2026-02-15 17:35:19.465 [http-nio-8080-exec-3] DEBUG o.s.web.servlet.DispatcherServlet - Failed to complete request: java.lang.RuntimeException: Usuario inactivo. Contacte al administrador.
2026-02-15 17:35:19.466 [http-nio-8080-exec-3] ERROR o.a.c.c.C.[.[.[.[dispatcherServlet] - Servlet.service() for servlet [dispatcherServlet] in context with path [] threw exception [Request processing failed: java.lang.RuntimeException: Usuario inactivo. Contacte al administrador.] with root cause
java.lang.RuntimeException: Usuario inactivo. Contacte al administrador.
	at com.example.ProyectoBackEnd.controller.LoginController.loginAccion(LoginController.java:35)
	at java.base/jdk.internal.reflect.NativeMethodAccessorImpl.invoke0(Native Method)
	at java.base/jdk.internal.reflect.NativeMethodAccessorImpl.invoke(NativeMethodAccessorImpl.java:77)
	at java.base/jdk.internal.reflect.DelegatingMethodAccessorImpl.invoke(DelegatingMethodAccessorImpl.java:43)
	at java.base/java.lang.reflect.Method.invoke(Method.java:568)
	at org.springframework.web.method.support.InvocableHandlerMethod.doInvoke(InvocableHandlerMethod.java:258)
	at org.springframework.web.method.support.InvocableHandlerMethod.invokeForRequest(InvocableHandlerMethod.java:191)
	at org.springframework.web.servlet.mvc.method.annotation.ServletInvocableHandlerMethod.invokeAndHandle(ServletInvocableHandlerMethod.java:118)
	at org.springframework.web.servlet.mvc.method.annotation.RequestMappingHandlerAdapter.invokeHandlerMethod(RequestMappingHandlerAdapter.java:991)
	at org.springframework.web.servlet.mvc.method.annotation.RequestMappingHandlerAdapter.handleInternal(RequestMappingHandlerAdapter.java:896)
	at org.springframework.web.servlet.mvc.method.AbstractHandlerMethodAdapter.handle(AbstractHandlerMethodAdapter.java:87)
	at org.springframework.web.servlet.DispatcherServlet.doDispatch(DispatcherServlet.java:1089)
	at org.springframework.web.servlet.DispatcherServlet.doService(DispatcherServlet.java:979)
	at org.springframework.web.servlet.FrameworkServlet.processRequest(FrameworkServlet.java:1014)
	at org.springframework.web.servlet.FrameworkServlet.doPost(FrameworkServlet.java:914)
	at jakarta.servlet.http.HttpServlet.service(HttpServlet.java:590)
	at org.springframework.web.servlet.FrameworkServlet.service(FrameworkServlet.java:885)
	at jakarta.servlet.http.HttpServlet.service(HttpServlet.java:658)
	at org.apache.catalina.core.ApplicationFilterChain.internalDoFilter(ApplicationFilterChain.java:193)
	at org.apache.catalina.core.ApplicationFilterChain.doFilter(ApplicationFilterChain.java:138)
	at org.apache.tomcat.websocket.server.WsFilter.doFilter(WsFilter.java:51)
	at org.apache.catalina.core.ApplicationFilterChain.internalDoFilter(ApplicationFilterChain.java:162)
	at org.apache.catalina.core.ApplicationFilterChain.doFilter(ApplicationFilterChain.java:138)
	at org.springframework.web.filter.RequestContextFilter.doFilterInternal(RequestContextFilter.java:100)
	at org.springframework.web.filter.OncePerRequestFilter.doFilter(OncePerRequestFilter.java:116)
	at org.apache.catalina.core.ApplicationFilterChain.internalDoFilter(ApplicationFilterChain.java:162)
	at org.apache.catalina.core.ApplicationFilterChain.doFilter(ApplicationFilterChain.java:138)
	at org.springframework.web.filter.FormContentFilter.doFilterInternal(FormContentFilter.java:93)
	at org.springframework.web.filter.OncePerRequestFilter.doFilter(OncePerRequestFilter.java:116)
	at org.apache.catalina.core.ApplicationFilterChain.internalDoFilter(ApplicationFilterChain.java:162)
	at org.apache.catalina.core.ApplicationFilterChain.doFilter(ApplicationFilterChain.java:138)
	at org.springframework.web.filter.CharacterEncodingFilter.doFilterInternal(CharacterEncodingFilter.java:201)
	at org.springframework.web.filter.OncePerRequestFilter.doFilter(OncePerRequestFilter.java:116)
	at org.apache.catalina.core.ApplicationFilterChain.internalDoFilter(ApplicationFilterChain.java:162)
	at org.apache.catalina.core.ApplicationFilterChain.doFilter(ApplicationFilterChain.java:138)
	at org.apache.catalina.core.StandardWrapperValve.invoke(StandardWrapperValve.java:165)
	at org.apache.catalina.core.StandardContextValve.invoke(StandardContextValve.java:88)
	at org.apache.catalina.authenticator.AuthenticatorBase.invoke(AuthenticatorBase.java:482)
	at org.apache.catalina.core.StandardHostValve.invoke(StandardHostValve.java:113)
	at org.apache.catalina.valves.ErrorReportValve.invoke(ErrorReportValve.java:83)
	at org.apache.catalina.core.StandardEngineValve.invoke(StandardEngineValve.java:72)
	at org.apache.catalina.connector.CoyoteAdapter.service(CoyoteAdapter.java:342)
	at org.apache.coyote.http11.Http11Processor.service(Http11Processor.java:399)
	at org.apache.coyote.AbstractProcessorLight.process(AbstractProcessorLight.java:63)
	at org.apache.coyote.AbstractProtocol$ConnectionHandler.process(AbstractProtocol.java:903)
	at org.apache.tomcat.util.net.NioEndpoint$SocketProcessor.doRun(NioEndpoint.java:1774)
	at org.apache.tomcat.util.net.SocketProcessorBase.run(SocketProcessorBase.java:52)
	at org.apache.tomcat.util.threads.ThreadPoolExecutor.runWorker(ThreadPoolExecutor.java:973)
	at org.apache.tomcat.util.threads.ThreadPoolExecutor$Worker.run(ThreadPoolExecutor.java:491)
	at org.apache.tomcat.util.threads.TaskThread$WrappingRunnable.run(TaskThread.java:63)
	at java.base/java.lang.Thread.run(Thread.java:842)
2026-02-15 17:35:19.466 [http-nio-8080-exec-3] DEBUG o.s.web.servlet.DispatcherServlet - "ERROR" dispatch for POST "/error", parameters={}
2026-02-15 17:35:19.466 [http-nio-8080-exec-3] DEBUG o.s.w.s.m.m.a.RequestMappingHandlerMapping - Mapped to org.springframework.boot.autoconfigure.web.servlet.error.BasicErrorController#error(HttpServletRequest)
2026-02-15 17:35:19.467 [http-nio-8080-exec-3] DEBUG o.s.w.s.m.m.a.HttpEntityMethodProcessor - Using 'application/json', given [application/json, text/plain, */*] and supported [application/json, application/*+json]
2026-02-15 17:35:19.467 [http-nio-8080-exec-3] DEBUG o.s.w.s.m.m.a.HttpEntityMethodProcessor - Writing [{timestamp=Sun Feb 15 17:35:19 CET 2026, status=500, error=Internal Server Error, trace=java.lang.Ru (truncated)...]
2026-02-15 17:35:19.468 [http-nio-8080-exec-3] DEBUG o.s.web.servlet.DispatcherServlet - Exiting from "ERROR" dispatch, status 500
2026-02-15 17:35:37.866 [http-nio-8080-exec-8] DEBUG o.s.web.servlet.DispatcherServlet - POST "/api/auth-rest/loginAccion", parameters={}
2026-02-15 17:35:37.866 [http-nio-8080-exec-8] DEBUG o.s.w.s.m.m.a.RequestMappingHandlerMapping - Mapped to com.example.ProyectoBackEnd.controller.LoginController#loginAccion(UsuarioEntity, HttpSession)
2026-02-15 17:35:37.867 [http-nio-8080-exec-8] DEBUG o.s.w.s.m.m.a.RequestResponseBodyMethodProcessor - Read "application/json;charset=UTF-8" to [UsuarioEntity(idUsuario=null, usuario=Prueba, contraseña=123456789, fechaCreacion=null, estado=null, (truncated)...]
2026-02-15 17:35:37.867 [http-nio-8080-exec-8] INFO  c.e.P.controller.LoginController - AUDITORIA: Intento de login para usuario: Prueba
2026-02-15 17:35:37.876 [http-nio-8080-exec-8] INFO  c.e.P.aspect.LogginAspect - Operación buscarPorNombre completada en 2 ms
2026-02-15 17:35:37.883 [http-nio-8080-exec-8] INFO  c.e.P.aspect.LogginAspect - Operación validarLogin completada en 1 ms
2026-02-15 17:35:37.883 [http-nio-8080-exec-8] INFO  c.e.P.controller.LoginController - Login exitoso. Derivando a principal.
2026-02-15 17:35:37.891 [http-nio-8080-exec-8] DEBUG o.s.w.s.m.m.a.RequestResponseBodyMethodProcessor - Using 'application/json', given [application/json, text/plain, */*] and supported [application/hal+json, application/vnd.hal+json, application/json, application/schema+json, application/json-patch+json, application/merge-patch+json, application/x-spring-data-verbose+json, application/x-spring-data-compact+json, application/prs.hal-forms+json, application/*+json]
2026-02-15 17:35:37.891 [http-nio-8080-exec-8] DEBUG o.s.w.s.m.m.a.RequestResponseBodyMethodProcessor - Writing [EntityModel { content: UsuarioEntity(idUsuario=41, usuario=Prueba, contraseña=123456789, fechaCreaci (truncated)...]
2026-02-15 17:35:37.892 [http-nio-8080-exec-8] DEBUG o.s.web.servlet.DispatcherServlet - Completed 200 OK
2026-02-15 17:35:39.025 [http-nio-8080-exec-7] DEBUG o.s.web.servlet.DispatcherServlet - OPTIONS "/api/tareas-rest/search/porUsuario?id=41&size=100", parameters={masked}
2026-02-15 17:35:39.026 [http-nio-8080-exec-10] DEBUG o.s.web.servlet.DispatcherServlet - OPTIONS "/api/tareas-rest/search/porUsuario?id=41&size=100", parameters={masked}
2026-02-15 17:35:39.027 [http-nio-8080-exec-10] DEBUG o.s.web.servlet.DispatcherServlet - Completed 200 OK
2026-02-15 17:35:39.027 [http-nio-8080-exec-7] DEBUG o.s.web.servlet.DispatcherServlet - Completed 200 OK
2026-02-15 17:35:39.029 [http-nio-8080-exec-9] DEBUG o.s.web.servlet.DispatcherServlet - GET "/api/tareas-rest/search/porUsuario?id=41&size=100", parameters={masked}
2026-02-15 17:35:39.038 [http-nio-8080-exec-9] DEBUG o.s.w.s.m.m.a.HttpEntityMethodProcessor - Using 'application/json', given [application/json, text/plain, */*] and supported [application/hal+json, application/json]
2026-02-15 17:35:39.038 [http-nio-8080-exec-9] DEBUG o.s.w.s.m.m.a.HttpEntityMethodProcessor - Writing [PagedModel { content: [EntityModel { content: TaskEntity(idTarea=39, titulo=Revisión de VM´s, estado (truncated)...]
2026-02-15 17:35:39.040 [http-nio-8080-exec-9] DEBUG o.s.web.servlet.DispatcherServlet - Completed 200 OK
2026-02-15 17:35:39.041 [http-nio-8080-exec-1] DEBUG o.s.web.servlet.DispatcherServlet - GET "/api/tareas-rest/search/porUsuario?id=41&size=100", parameters={masked}
2026-02-15 17:35:39.048 [http-nio-8080-exec-1] DEBUG o.s.w.s.m.m.a.HttpEntityMethodProcessor - Using 'application/json', given [application/json, text/plain, */*] and supported [application/hal+json, application/json]
2026-02-15 17:35:39.049 [http-nio-8080-exec-1] DEBUG o.s.w.s.m.m.a.HttpEntityMethodProcessor - Writing [PagedModel { content: [EntityModel { content: TaskEntity(idTarea=39, titulo=Revisión de VM´s, estado (truncated)...]
2026-02-15 17:35:39.050 [http-nio-8080-exec-1] DEBUG o.s.web.servlet.DispatcherServlet - Completed 200 OK
2026-02-15 17:35:45.389 [http-nio-8080-exec-5] DEBUG o.s.web.servlet.DispatcherServlet - POST "/api/tareas-rest", parameters={}
2026-02-15 17:35:45.402 [http-nio-8080-exec-5] DEBUG o.s.w.s.m.m.a.HttpEntityMethodProcessor - Using 'application/json', given [application/json, text/plain, */*] and supported [application/hal+json, application/json]
2026-02-15 17:35:45.403 [http-nio-8080-exec-5] DEBUG o.s.w.s.m.m.a.HttpEntityMethodProcessor - Writing [EntityModel { content: TaskEntity(idTarea=52, titulo=Prueba en React, estado=Pendiente, fechaCreacio (truncated)...]
2026-02-15 17:35:45.404 [http-nio-8080-exec-5] DEBUG o.s.web.servlet.DispatcherServlet - Completed 201 CREATED
2026-02-15 17:35:45.406 [http-nio-8080-exec-4] DEBUG o.s.web.servlet.DispatcherServlet - GET "/api/tareas-rest/search/porUsuario?id=41&size=100", parameters={masked}
2026-02-15 17:35:45.412 [http-nio-8080-exec-4] DEBUG o.s.w.s.m.m.a.HttpEntityMethodProcessor - Using 'application/json', given [application/json, text/plain, */*] and supported [application/hal+json, application/json]
2026-02-15 17:35:45.412 [http-nio-8080-exec-4] DEBUG o.s.w.s.m.m.a.HttpEntityMethodProcessor - Writing [PagedModel { content: [EntityModel { content: TaskEntity(idTarea=39, titulo=Revisión de VM´s, estado (truncated)...]
2026-02-15 17:35:45.414 [http-nio-8080-exec-4] DEBUG o.s.web.servlet.DispatcherServlet - Completed 200 OK
2026-02-15 17:35:49.759 [http-nio-8080-exec-3] DEBUG o.s.web.servlet.DispatcherServlet - GET "/api/auditoria?size=100&sort=fechaHora,desc", parameters={masked}
2026-02-15 17:35:49.785 [http-nio-8080-exec-3] DEBUG o.s.w.s.m.m.a.RequestResponseBodyMethodProcessor - Using 'application/json', given [application/json, text/plain, */*] and supported [application/hal+json, application/json]
2026-02-15 17:35:49.786 [http-nio-8080-exec-3] DEBUG o.s.w.s.m.m.a.RequestResponseBodyMethodProcessor - Writing [PagedModel { content: [EntityModel { content: AuditoriaEntity(idauditoria=2502, fechaHora=2026-02-15 (truncated)...]
2026-02-15 17:35:49.794 [http-nio-8080-exec-2] DEBUG o.s.web.servlet.DispatcherServlet - GET "/api/auditoria?size=100&sort=fechaHora,desc", parameters={masked}
2026-02-15 17:35:49.798 [http-nio-8080-exec-3] DEBUG o.s.web.servlet.DispatcherServlet - Completed 200 OK
2026-02-15 17:35:49.819 [http-nio-8080-exec-2] DEBUG o.s.w.s.m.m.a.RequestResponseBodyMethodProcessor - Using 'application/json', given [application/json, text/plain, */*] and supported [application/hal+json, application/json]
2026-02-15 17:35:49.819 [http-nio-8080-exec-2] DEBUG o.s.w.s.m.m.a.RequestResponseBodyMethodProcessor - Writing [PagedModel { content: [EntityModel { content: AuditoriaEntity(idauditoria=2502, fechaHora=2026-02-15 (truncated)...]
2026-02-15 17:35:49.832 [http-nio-8080-exec-2] DEBUG o.s.web.servlet.DispatcherServlet - Completed 200 OK
2026-02-15 17:46:22.411 [restartedMain] INFO  c.e.P.ProyectoBackEndApplication - Starting ProyectoBackEndApplication using Java 17.0.17 with PID 14432 (C:\Users\leofr\OneDrive\Escritorio\ESPECIALIZACION EN JAVA(CIBERTEC) Y OTRAS\JAVA BACK END\PROYECTO FINAL\ProyectoBackEnd (1)\ProyectoBackEnd\target\classes started by leofr in C:\Users\leofr\OneDrive\Escritorio\ESPECIALIZACION EN JAVA(CIBERTEC) Y OTRAS\JAVA BACK END\PROYECTO FINAL\ProyectoBackEnd (1)\ProyectoBackEnd)
2026-02-15 17:46:22.413 [restartedMain] DEBUG c.e.P.ProyectoBackEndApplication - Running with Spring Boot v3.5.10, Spring v6.2.15
2026-02-15 17:46:22.414 [restartedMain] INFO  c.e.P.ProyectoBackEndApplication - No active profile set, falling back to 1 default profile: "default"
2026-02-15 17:46:22.454 [restartedMain] INFO  o.s.b.d.e.DevToolsPropertyDefaultsPostProcessor - Devtools property defaults active! Set 'spring.devtools.add-properties' to 'false' to disable
2026-02-15 17:46:22.454 [restartedMain] INFO  o.s.b.d.e.DevToolsPropertyDefaultsPostProcessor - For additional web related logging consider setting the 'logging.level.web' property to 'DEBUG'
2026-02-15 17:46:23.115 [restartedMain] INFO  o.s.d.r.c.RepositoryConfigurationDelegate - Bootstrapping Spring Data JPA repositories in DEFAULT mode.
2026-02-15 17:46:23.178 [restartedMain] INFO  o.s.d.r.c.RepositoryConfigurationDelegate - Finished Spring Data repository scanning in 54 ms. Found 3 JPA repository interfaces.
2026-02-15 17:46:23.945 [restartedMain] INFO  o.s.b.w.e.tomcat.TomcatWebServer - Tomcat initialized with port 8080 (http)
2026-02-15 17:46:23.958 [restartedMain] INFO  o.a.coyote.http11.Http11NioProtocol - Initializing ProtocolHandler ["http-nio-8080"]
2026-02-15 17:46:23.961 [restartedMain] INFO  o.a.catalina.core.StandardService - Starting service [Tomcat]
2026-02-15 17:46:23.961 [restartedMain] INFO  o.a.catalina.core.StandardEngine - Starting Servlet engine: [Apache Tomcat/10.1.50]
2026-02-15 17:46:24.013 [restartedMain] INFO  o.a.c.c.C.[Tomcat].[localhost].[/] - Initializing Spring embedded WebApplicationContext
2026-02-15 17:46:24.014 [restartedMain] INFO  o.s.b.w.s.c.ServletWebServerApplicationContext - Root WebApplicationContext: initialization completed in 1558 ms
2026-02-15 17:46:24.221 [restartedMain] INFO  o.h.jpa.internal.util.LogHelper - HHH000204: Processing PersistenceUnitInfo [name: default]
2026-02-15 17:46:24.278 [restartedMain] INFO  org.hibernate.Version - HHH000412: Hibernate ORM core version 6.6.41.Final
2026-02-15 17:46:24.324 [restartedMain] INFO  o.h.c.i.RegionFactoryInitiator - HHH000026: Second-level cache disabled
2026-02-15 17:46:24.639 [restartedMain] INFO  o.s.o.j.p.SpringPersistenceUnitInfo - No LoadTimeWeaver setup: ignoring JPA class transformer
2026-02-15 17:46:24.675 [restartedMain] INFO  com.zaxxer.hikari.HikariDataSource - HikariPool-1 - Starting...
2026-02-15 17:46:24.824 [restartedMain] INFO  com.zaxxer.hikari.pool.HikariPool - HikariPool-1 - Added connection com.mysql.cj.jdbc.ConnectionImpl@2217e2f8
2026-02-15 17:46:24.826 [restartedMain] INFO  com.zaxxer.hikari.HikariDataSource - HikariPool-1 - Start completed.
2026-02-15 17:46:24.863 [restartedMain] WARN  org.hibernate.orm.deprecation - HHH90000025: MySQLDialect does not need to be specified explicitly using 'hibernate.dialect' (remove the property setting and it will be selected by default)
2026-02-15 17:46:24.882 [restartedMain] INFO  o.hibernate.orm.connections.pooling - HHH10001005: Database info:
	Database JDBC URL [Connecting through datasource 'HikariDataSource (HikariPool-1)']
	Database driver: undefined/unknown
	Database version: 8.0.32
	Autocommit mode: undefined/unknown
	Isolation level: undefined/unknown
	Minimum pool size: undefined/unknown
	Maximum pool size: undefined/unknown
2026-02-15 17:46:25.544 [restartedMain] INFO  o.h.e.t.j.p.i.JtaPlatformInitiator - HHH000489: No JTA platform available (set 'hibernate.transaction.jta.platform' to enable JTA platform integration)
2026-02-15 17:46:25.620 [restartedMain] INFO  o.s.o.j.LocalContainerEntityManagerFactoryBean - Initialized JPA EntityManagerFactory for persistence unit 'default'
2026-02-15 17:46:26.003 [restartedMain] INFO  o.s.d.j.r.query.QueryEnhancerFactory - Hibernate is in classpath; If applicable, HQL parser will be used.
2026-02-15 17:46:26.562 [restartedMain] WARN  o.s.b.a.o.j.JpaBaseConfiguration$JpaWebConfiguration - spring.jpa.open-in-view is enabled by default. Therefore, database queries may be performed during view rendering. Explicitly configure spring.jpa.open-in-view to disable this warning
2026-02-15 17:46:26.865 [restartedMain] DEBUG o.s.w.s.m.m.a.RequestMappingHandlerMapping - 15 mappings in 'requestMappingHandlerMapping'
2026-02-15 17:46:26.999 [restartedMain] DEBUG o.s.w.s.h.SimpleUrlHandlerMapping - Patterns [/webjars/**, /**] in 'resourceHandlerMapping'
2026-02-15 17:46:27.032 [restartedMain] DEBUG o.s.w.s.m.m.a.RequestMappingHandlerAdapter - ControllerAdvice beans: 0 @ModelAttribute, 0 @InitBinder, 1 RequestBodyAdvice, 1 ResponseBodyAdvice
2026-02-15 17:46:27.088 [restartedMain] WARN  o.s.b.a.t.ThymeleafAutoConfiguration$DefaultTemplateResolverConfiguration - Cannot find template location: classpath:/templates/ (please add some templates, check your Thymeleaf configuration, or set spring.thymeleaf.check-template-location=false)
2026-02-15 17:46:27.124 [restartedMain] DEBUG o.s.w.s.m.m.a.ExceptionHandlerExceptionResolver - ControllerAdvice beans: 1 @ExceptionHandler, 1 ResponseBodyAdvice
2026-02-15 17:46:27.165 [restartedMain] DEBUG o.s.w.s.m.m.a.ExceptionHandlerExceptionResolver - ControllerAdvice beans: 1 @ExceptionHandler, 0 ResponseBodyAdvice
2026-02-15 17:46:27.415 [restartedMain] INFO  o.s.b.d.a.OptionalLiveReloadServer - LiveReload server is running on port 35729
2026-02-15 17:46:27.429 [restartedMain] INFO  o.a.coyote.http11.Http11NioProtocol - Starting ProtocolHandler ["http-nio-8080"]
2026-02-15 17:46:27.452 [restartedMain] INFO  o.s.b.w.e.tomcat.TomcatWebServer - Tomcat started on port 8080 (http) with context path '/'
2026-02-15 17:46:27.460 [restartedMain] INFO  c.e.P.ProyectoBackEndApplication - Started ProyectoBackEndApplication in 5.393 seconds (process running for 5.896)
2026-02-15 17:46:34.670 [http-nio-8080-exec-1] INFO  o.a.c.c.C.[Tomcat].[localhost].[/] - Initializing Spring DispatcherServlet 'dispatcherServlet'
2026-02-15 17:46:34.670 [http-nio-8080-exec-1] INFO  o.s.web.servlet.DispatcherServlet - Initializing Servlet 'dispatcherServlet'
2026-02-15 17:46:34.670 [http-nio-8080-exec-1] DEBUG o.s.web.servlet.DispatcherServlet - Detected StandardServletMultipartResolver
2026-02-15 17:46:34.670 [http-nio-8080-exec-1] DEBUG o.s.web.servlet.DispatcherServlet - Detected AcceptHeaderLocaleResolver
2026-02-15 17:46:34.670 [http-nio-8080-exec-1] DEBUG o.s.web.servlet.DispatcherServlet - Detected FixedThemeResolver
2026-02-15 17:46:34.671 [http-nio-8080-exec-1] DEBUG o.s.web.servlet.DispatcherServlet - Detected org.springframework.web.servlet.view.DefaultRequestToViewNameTranslator@6003b484
2026-02-15 17:46:34.671 [http-nio-8080-exec-1] DEBUG o.s.web.servlet.DispatcherServlet - Detected org.springframework.web.servlet.support.SessionFlashMapManager@2d99e408
2026-02-15 17:46:34.672 [http-nio-8080-exec-1] DEBUG o.s.web.servlet.DispatcherServlet - enableLoggingRequestDetails='false': request parameters and headers will be masked to prevent unsafe logging of potentially sensitive data
2026-02-15 17:46:34.672 [http-nio-8080-exec-1] INFO  o.s.web.servlet.DispatcherServlet - Completed initialization in 2 ms
2026-02-15 17:46:34.681 [http-nio-8080-exec-1] DEBUG o.s.web.servlet.DispatcherServlet - GET "/", parameters={}
2026-02-15 17:46:34.693 [http-nio-8080-exec-1] DEBUG o.s.w.s.h.SimpleUrlHandlerMapping - Mapped to ResourceHttpRequestHandler [classpath [META-INF/resources/], classpath [resources/], classpath [static/], classpath [public/], ServletContext [/]]
2026-02-15 17:46:34.703 [http-nio-8080-exec-1] DEBUG o.s.w.s.r.ResourceHttpRequestHandler - Resource not found
2026-02-15 17:46:34.708 [http-nio-8080-exec-1] DEBUG o.s.w.s.m.s.DefaultHandlerExceptionResolver - Resolved [org.springframework.web.servlet.resource.NoResourceFoundException: No static resource .]
2026-02-15 17:46:34.709 [http-nio-8080-exec-1] DEBUG o.s.web.servlet.DispatcherServlet - Completed 404 NOT_FOUND
2026-02-15 17:46:34.714 [http-nio-8080-exec-1] DEBUG o.s.web.servlet.DispatcherServlet - "ERROR" dispatch for GET "/error", parameters={}
2026-02-15 17:46:34.715 [http-nio-8080-exec-1] DEBUG o.s.w.s.m.m.a.RequestMappingHandlerMapping - Mapped to org.springframework.boot.autoconfigure.web.servlet.error.BasicErrorController#errorHtml(HttpServletRequest, HttpServletResponse)
2026-02-15 17:46:34.745 [http-nio-8080-exec-1] DEBUG o.s.w.s.v.ContentNegotiatingViewResolver - Selected 'text/html' given [text/html, text/html;q=0.8]
2026-02-15 17:46:34.752 [http-nio-8080-exec-1] DEBUG o.s.web.servlet.DispatcherServlet - Exiting from "ERROR" dispatch, status 404
2026-02-15 17:46:43.216 [http-nio-8080-exec-2] DEBUG o.s.web.servlet.DispatcherServlet - OPTIONS "/api/auth-rest/loginAccion", parameters={}
2026-02-15 17:46:43.217 [http-nio-8080-exec-2] DEBUG o.s.w.s.m.m.a.RequestMappingHandlerMapping - Mapped to com.example.ProyectoBackEnd.controller.LoginController#loginAccion(UsuarioEntity, HttpSession)
2026-02-15 17:46:43.227 [http-nio-8080-exec-2] DEBUG o.s.web.servlet.DispatcherServlet - Completed 200 OK
2026-02-15 17:46:43.231 [http-nio-8080-exec-3] DEBUG o.s.web.servlet.DispatcherServlet - POST "/api/auth-rest/loginAccion", parameters={}
2026-02-15 17:46:43.231 [http-nio-8080-exec-3] DEBUG o.s.w.s.m.m.a.RequestMappingHandlerMapping - Mapped to com.example.ProyectoBackEnd.controller.LoginController#loginAccion(UsuarioEntity, HttpSession)
2026-02-15 17:46:43.302 [http-nio-8080-exec-3] DEBUG o.s.w.s.m.m.a.RequestResponseBodyMethodProcessor - Read "application/json;charset=UTF-8" to [UsuarioEntity(idUsuario=null, usuario=yaddif, contraseña=12345, fechaCreacion=null, estado=null, fec (truncated)...]
2026-02-15 17:46:43.371 [http-nio-8080-exec-3] INFO  c.e.P.controller.LoginController - AUDITORIA: Intento de login para usuario: yaddif
2026-02-15 17:46:48.481 [http-nio-8080-exec-4] DEBUG o.s.web.servlet.DispatcherServlet - POST "/api/auth-rest/loginAccion", parameters={}
2026-02-15 17:46:48.481 [http-nio-8080-exec-4] DEBUG o.s.w.s.m.m.a.RequestMappingHandlerMapping - Mapped to com.example.ProyectoBackEnd.controller.LoginController#loginAccion(UsuarioEntity, HttpSession)
2026-02-15 17:46:48.482 [http-nio-8080-exec-4] DEBUG o.s.w.s.m.m.a.RequestResponseBodyMethodProcessor - Read "application/json;charset=UTF-8" to [UsuarioEntity(idUsuario=null, usuario=yaddif, contraseña=12345, fechaCreacion=null, estado=null, fec (truncated)...]
2026-02-15 17:46:48.483 [http-nio-8080-exec-4] INFO  c.e.P.controller.LoginController - AUDITORIA: Intento de login para usuario: yaddif
2026-02-15 17:49:33.317 [restartedMain] INFO  c.e.P.ProyectoBackEndApplication - Starting ProyectoBackEndApplication using Java 17.0.17 with PID 11348 (C:\Users\leofr\OneDrive\Escritorio\ESPECIALIZACION EN JAVA(CIBERTEC) Y OTRAS\JAVA BACK END\PROYECTO FINAL\ProyectoBackEnd (1)\ProyectoBackEnd\target\classes started by leofr in C:\Users\leofr\OneDrive\Escritorio\ESPECIALIZACION EN JAVA(CIBERTEC) Y OTRAS\JAVA BACK END\PROYECTO FINAL\ProyectoBackEnd (1)\ProyectoBackEnd)
2026-02-15 17:49:33.321 [restartedMain] DEBUG c.e.P.ProyectoBackEndApplication - Running with Spring Boot v3.5.10, Spring v6.2.15
2026-02-15 17:49:33.322 [restartedMain] INFO  c.e.P.ProyectoBackEndApplication - No active profile set, falling back to 1 default profile: "default"
2026-02-15 17:49:33.371 [restartedMain] INFO  o.s.b.d.e.DevToolsPropertyDefaultsPostProcessor - Devtools property defaults active! Set 'spring.devtools.add-properties' to 'false' to disable
2026-02-15 17:49:33.371 [restartedMain] INFO  o.s.b.d.e.DevToolsPropertyDefaultsPostProcessor - For additional web related logging consider setting the 'logging.level.web' property to 'DEBUG'
2026-02-15 17:49:34.045 [restartedMain] INFO  o.s.d.r.c.RepositoryConfigurationDelegate - Bootstrapping Spring Data JPA repositories in DEFAULT mode.
2026-02-15 17:49:34.115 [restartedMain] INFO  o.s.d.r.c.RepositoryConfigurationDelegate - Finished Spring Data repository scanning in 60 ms. Found 3 JPA repository interfaces.
2026-02-15 17:49:34.897 [restartedMain] INFO  o.s.b.w.e.tomcat.TomcatWebServer - Tomcat initialized with port 8080 (http)
2026-02-15 17:49:34.911 [restartedMain] INFO  o.a.coyote.http11.Http11NioProtocol - Initializing ProtocolHandler ["http-nio-8080"]
2026-02-15 17:49:34.913 [restartedMain] INFO  o.a.catalina.core.StandardService - Starting service [Tomcat]
2026-02-15 17:49:34.914 [restartedMain] INFO  o.a.catalina.core.StandardEngine - Starting Servlet engine: [Apache Tomcat/10.1.50]
2026-02-15 17:49:34.963 [restartedMain] INFO  o.a.c.c.C.[Tomcat].[localhost].[/] - Initializing Spring embedded WebApplicationContext
2026-02-15 17:49:34.964 [restartedMain] INFO  o.s.b.w.s.c.ServletWebServerApplicationContext - Root WebApplicationContext: initialization completed in 1592 ms
2026-02-15 17:49:35.198 [restartedMain] INFO  o.h.jpa.internal.util.LogHelper - HHH000204: Processing PersistenceUnitInfo [name: default]
2026-02-15 17:49:35.252 [restartedMain] INFO  org.hibernate.Version - HHH000412: Hibernate ORM core version 6.6.41.Final
2026-02-15 17:49:35.286 [restartedMain] INFO  o.h.c.i.RegionFactoryInitiator - HHH000026: Second-level cache disabled
2026-02-15 17:49:35.608 [restartedMain] INFO  o.s.o.j.p.SpringPersistenceUnitInfo - No LoadTimeWeaver setup: ignoring JPA class transformer
2026-02-15 17:49:35.646 [restartedMain] INFO  com.zaxxer.hikari.HikariDataSource - HikariPool-1 - Starting...
2026-02-15 17:49:35.798 [restartedMain] INFO  com.zaxxer.hikari.pool.HikariPool - HikariPool-1 - Added connection com.mysql.cj.jdbc.ConnectionImpl@73e1131b
2026-02-15 17:49:35.799 [restartedMain] INFO  com.zaxxer.hikari.HikariDataSource - HikariPool-1 - Start completed.
2026-02-15 17:49:35.838 [restartedMain] WARN  org.hibernate.orm.deprecation - HHH90000025: MySQLDialect does not need to be specified explicitly using 'hibernate.dialect' (remove the property setting and it will be selected by default)
2026-02-15 17:49:35.855 [restartedMain] INFO  o.hibernate.orm.connections.pooling - HHH10001005: Database info:
	Database JDBC URL [Connecting through datasource 'HikariDataSource (HikariPool-1)']
	Database driver: undefined/unknown
	Database version: 8.0.32
	Autocommit mode: undefined/unknown
	Isolation level: undefined/unknown
	Minimum pool size: undefined/unknown
	Maximum pool size: undefined/unknown
2026-02-15 17:49:36.520 [restartedMain] INFO  o.h.e.t.j.p.i.JtaPlatformInitiator - HHH000489: No JTA platform available (set 'hibernate.transaction.jta.platform' to enable JTA platform integration)
2026-02-15 17:49:36.601 [restartedMain] INFO  o.s.o.j.LocalContainerEntityManagerFactoryBean - Initialized JPA EntityManagerFactory for persistence unit 'default'
2026-02-15 17:49:36.978 [restartedMain] INFO  o.s.d.j.r.query.QueryEnhancerFactory - Hibernate is in classpath; If applicable, HQL parser will be used.
2026-02-15 17:49:37.602 [restartedMain] WARN  o.s.b.a.o.j.JpaBaseConfiguration$JpaWebConfiguration - spring.jpa.open-in-view is enabled by default. Therefore, database queries may be performed during view rendering. Explicitly configure spring.jpa.open-in-view to disable this warning
2026-02-15 17:49:37.880 [restartedMain] DEBUG o.s.w.s.m.m.a.RequestMappingHandlerMapping - 15 mappings in 'requestMappingHandlerMapping'
2026-02-15 17:49:38.019 [restartedMain] DEBUG o.s.w.s.h.SimpleUrlHandlerMapping - Patterns [/webjars/**, /**] in 'resourceHandlerMapping'
2026-02-15 17:49:38.053 [restartedMain] DEBUG o.s.w.s.m.m.a.RequestMappingHandlerAdapter - ControllerAdvice beans: 0 @ModelAttribute, 0 @InitBinder, 1 RequestBodyAdvice, 1 ResponseBodyAdvice
2026-02-15 17:49:38.109 [restartedMain] WARN  o.s.b.a.t.ThymeleafAutoConfiguration$DefaultTemplateResolverConfiguration - Cannot find template location: classpath:/templates/ (please add some templates, check your Thymeleaf configuration, or set spring.thymeleaf.check-template-location=false)
2026-02-15 17:49:38.142 [restartedMain] DEBUG o.s.w.s.m.m.a.ExceptionHandlerExceptionResolver - ControllerAdvice beans: 1 @ExceptionHandler, 1 ResponseBodyAdvice
2026-02-15 17:49:38.186 [restartedMain] DEBUG o.s.w.s.m.m.a.ExceptionHandlerExceptionResolver - ControllerAdvice beans: 1 @ExceptionHandler, 0 ResponseBodyAdvice
2026-02-15 17:49:38.425 [restartedMain] INFO  o.s.b.d.a.OptionalLiveReloadServer - LiveReload server is running on port 35729
2026-02-15 17:49:38.439 [restartedMain] INFO  o.a.coyote.http11.Http11NioProtocol - Starting ProtocolHandler ["http-nio-8080"]
2026-02-15 17:49:38.460 [restartedMain] INFO  o.s.b.w.e.tomcat.TomcatWebServer - Tomcat started on port 8080 (http) with context path '/'
2026-02-15 17:49:38.467 [restartedMain] INFO  c.e.P.ProyectoBackEndApplication - Started ProyectoBackEndApplication in 5.507 seconds (process running for 6.064)
2026-02-15 17:49:45.309 [http-nio-8080-exec-1] INFO  o.a.c.c.C.[Tomcat].[localhost].[/] - Initializing Spring DispatcherServlet 'dispatcherServlet'
2026-02-15 17:49:45.309 [http-nio-8080-exec-1] INFO  o.s.web.servlet.DispatcherServlet - Initializing Servlet 'dispatcherServlet'
2026-02-15 17:49:45.310 [http-nio-8080-exec-1] DEBUG o.s.web.servlet.DispatcherServlet - Detected StandardServletMultipartResolver
2026-02-15 17:49:45.310 [http-nio-8080-exec-1] DEBUG o.s.web.servlet.DispatcherServlet - Detected AcceptHeaderLocaleResolver
2026-02-15 17:49:45.310 [http-nio-8080-exec-1] DEBUG o.s.web.servlet.DispatcherServlet - Detected FixedThemeResolver
2026-02-15 17:49:45.311 [http-nio-8080-exec-1] DEBUG o.s.web.servlet.DispatcherServlet - Detected org.springframework.web.servlet.view.DefaultRequestToViewNameTranslator@35ba14e3
2026-02-15 17:49:45.311 [http-nio-8080-exec-1] DEBUG o.s.web.servlet.DispatcherServlet - Detected org.springframework.web.servlet.support.SessionFlashMapManager@29f9ed62
2026-02-15 17:49:45.311 [http-nio-8080-exec-1] DEBUG o.s.web.servlet.DispatcherServlet - enableLoggingRequestDetails='false': request parameters and headers will be masked to prevent unsafe logging of potentially sensitive data
2026-02-15 17:49:45.312 [http-nio-8080-exec-1] INFO  o.s.web.servlet.DispatcherServlet - Completed initialization in 3 ms
2026-02-15 17:49:45.321 [http-nio-8080-exec-1] DEBUG o.s.web.servlet.DispatcherServlet - POST "/api/auth-rest/loginAccion", parameters={}
2026-02-15 17:49:45.329 [http-nio-8080-exec-1] DEBUG o.s.w.s.m.m.a.RequestMappingHandlerMapping - Mapped to com.example.ProyectoBackEnd.controller.LoginController#loginAccion(UsuarioEntity, HttpSession)
2026-02-15 17:49:45.444 [http-nio-8080-exec-1] DEBUG o.s.w.s.m.m.a.RequestResponseBodyMethodProcessor - Read "application/json;charset=UTF-8" to [UsuarioEntity(idUsuario=null, usuario=yaddif, contraseña=12345, fechaCreacion=null, estado=null, fec (truncated)...]
2026-02-15 17:49:45.517 [http-nio-8080-exec-1] INFO  c.e.P.controller.LoginController - AUDITORIA: Intento de login para usuario: yaddif
2026-02-15 17:50:46.237 [restartedMain] INFO  c.e.P.ProyectoBackEndApplication - Starting ProyectoBackEndApplication using Java 17.0.17 with PID 25708 (C:\Users\leofr\OneDrive\Escritorio\ESPECIALIZACION EN JAVA(CIBERTEC) Y OTRAS\JAVA BACK END\PROYECTO FINAL\ProyectoBackEnd (1)\ProyectoBackEnd\target\classes started by leofr in C:\Users\leofr\OneDrive\Escritorio\ESPECIALIZACION EN JAVA(CIBERTEC) Y OTRAS\JAVA BACK END\PROYECTO FINAL\ProyectoBackEnd (1)\ProyectoBackEnd)
2026-02-15 17:50:46.239 [restartedMain] DEBUG c.e.P.ProyectoBackEndApplication - Running with Spring Boot v3.5.10, Spring v6.2.15
2026-02-15 17:50:46.240 [restartedMain] INFO  c.e.P.ProyectoBackEndApplication - No active profile set, falling back to 1 default profile: "default"
2026-02-15 17:50:46.284 [restartedMain] INFO  o.s.b.d.e.DevToolsPropertyDefaultsPostProcessor - Devtools property defaults active! Set 'spring.devtools.add-properties' to 'false' to disable
2026-02-15 17:50:46.284 [restartedMain] INFO  o.s.b.d.e.DevToolsPropertyDefaultsPostProcessor - For additional web related logging consider setting the 'logging.level.web' property to 'DEBUG'
2026-02-15 17:50:46.942 [restartedMain] INFO  o.s.d.r.c.RepositoryConfigurationDelegate - Bootstrapping Spring Data JPA repositories in DEFAULT mode.
2026-02-15 17:50:47.017 [restartedMain] INFO  o.s.d.r.c.RepositoryConfigurationDelegate - Finished Spring Data repository scanning in 64 ms. Found 3 JPA repository interfaces.
2026-02-15 17:50:47.756 [restartedMain] INFO  o.s.b.w.e.tomcat.TomcatWebServer - Tomcat initialized with port 8080 (http)
2026-02-15 17:50:47.773 [restartedMain] INFO  o.a.coyote.http11.Http11NioProtocol - Initializing ProtocolHandler ["http-nio-8080"]
2026-02-15 17:50:47.776 [restartedMain] INFO  o.a.catalina.core.StandardService - Starting service [Tomcat]
2026-02-15 17:50:47.776 [restartedMain] INFO  o.a.catalina.core.StandardEngine - Starting Servlet engine: [Apache Tomcat/10.1.50]
2026-02-15 17:50:47.833 [restartedMain] INFO  o.a.c.c.C.[Tomcat].[localhost].[/] - Initializing Spring embedded WebApplicationContext
2026-02-15 17:50:47.833 [restartedMain] INFO  o.s.b.w.s.c.ServletWebServerApplicationContext - Root WebApplicationContext: initialization completed in 1549 ms
2026-02-15 17:50:48.050 [restartedMain] INFO  o.h.jpa.internal.util.LogHelper - HHH000204: Processing PersistenceUnitInfo [name: default]
2026-02-15 17:50:48.113 [restartedMain] INFO  org.hibernate.Version - HHH000412: Hibernate ORM core version 6.6.41.Final
2026-02-15 17:50:48.150 [restartedMain] INFO  o.h.c.i.RegionFactoryInitiator - HHH000026: Second-level cache disabled
2026-02-15 17:50:48.427 [restartedMain] INFO  o.s.o.j.p.SpringPersistenceUnitInfo - No LoadTimeWeaver setup: ignoring JPA class transformer
2026-02-15 17:50:48.459 [restartedMain] INFO  com.zaxxer.hikari.HikariDataSource - HikariPool-1 - Starting...
2026-02-15 17:50:48.609 [restartedMain] INFO  com.zaxxer.hikari.pool.HikariPool - HikariPool-1 - Added connection com.mysql.cj.jdbc.ConnectionImpl@1d047015
2026-02-15 17:50:48.611 [restartedMain] INFO  com.zaxxer.hikari.HikariDataSource - HikariPool-1 - Start completed.
2026-02-15 17:50:48.649 [restartedMain] WARN  org.hibernate.orm.deprecation - HHH90000025: MySQLDialect does not need to be specified explicitly using 'hibernate.dialect' (remove the property setting and it will be selected by default)
2026-02-15 17:50:48.670 [restartedMain] INFO  o.hibernate.orm.connections.pooling - HHH10001005: Database info:
	Database JDBC URL [Connecting through datasource 'HikariDataSource (HikariPool-1)']
	Database driver: undefined/unknown
	Database version: 8.0.32
	Autocommit mode: undefined/unknown
	Isolation level: undefined/unknown
	Minimum pool size: undefined/unknown
	Maximum pool size: undefined/unknown
2026-02-15 17:50:49.342 [restartedMain] INFO  o.h.e.t.j.p.i.JtaPlatformInitiator - HHH000489: No JTA platform available (set 'hibernate.transaction.jta.platform' to enable JTA platform integration)
2026-02-15 17:50:49.417 [restartedMain] INFO  o.s.o.j.LocalContainerEntityManagerFactoryBean - Initialized JPA EntityManagerFactory for persistence unit 'default'
2026-02-15 17:50:49.802 [restartedMain] INFO  o.s.d.j.r.query.QueryEnhancerFactory - Hibernate is in classpath; If applicable, HQL parser will be used.
2026-02-15 17:50:50.368 [restartedMain] WARN  o.s.b.a.o.j.JpaBaseConfiguration$JpaWebConfiguration - spring.jpa.open-in-view is enabled by default. Therefore, database queries may be performed during view rendering. Explicitly configure spring.jpa.open-in-view to disable this warning
2026-02-15 17:50:50.652 [restartedMain] DEBUG o.s.w.s.m.m.a.RequestMappingHandlerMapping - 15 mappings in 'requestMappingHandlerMapping'
2026-02-15 17:50:50.778 [restartedMain] DEBUG o.s.w.s.h.SimpleUrlHandlerMapping - Patterns [/webjars/**, /**] in 'resourceHandlerMapping'
2026-02-15 17:50:50.811 [restartedMain] DEBUG o.s.w.s.m.m.a.RequestMappingHandlerAdapter - ControllerAdvice beans: 0 @ModelAttribute, 0 @InitBinder, 1 RequestBodyAdvice, 1 ResponseBodyAdvice
2026-02-15 17:50:50.868 [restartedMain] WARN  o.s.b.a.t.ThymeleafAutoConfiguration$DefaultTemplateResolverConfiguration - Cannot find template location: classpath:/templates/ (please add some templates, check your Thymeleaf configuration, or set spring.thymeleaf.check-template-location=false)
2026-02-15 17:50:50.902 [restartedMain] DEBUG o.s.w.s.m.m.a.ExceptionHandlerExceptionResolver - ControllerAdvice beans: 1 @ExceptionHandler, 1 ResponseBodyAdvice
2026-02-15 17:50:50.942 [restartedMain] DEBUG o.s.w.s.m.m.a.ExceptionHandlerExceptionResolver - ControllerAdvice beans: 1 @ExceptionHandler, 0 ResponseBodyAdvice
2026-02-15 17:50:51.182 [restartedMain] INFO  o.s.b.d.a.OptionalLiveReloadServer - LiveReload server is running on port 35729
2026-02-15 17:50:51.196 [restartedMain] INFO  o.a.coyote.http11.Http11NioProtocol - Starting ProtocolHandler ["http-nio-8080"]
2026-02-15 17:50:51.220 [restartedMain] INFO  o.s.b.w.e.tomcat.TomcatWebServer - Tomcat started on port 8080 (http) with context path '/'
2026-02-15 17:50:51.229 [restartedMain] INFO  c.e.P.ProyectoBackEndApplication - Started ProyectoBackEndApplication in 5.325 seconds (process running for 5.812)
2026-02-15 17:50:56.618 [http-nio-8080-exec-1] INFO  o.a.c.c.C.[Tomcat].[localhost].[/] - Initializing Spring DispatcherServlet 'dispatcherServlet'
2026-02-15 17:50:56.618 [http-nio-8080-exec-1] INFO  o.s.web.servlet.DispatcherServlet - Initializing Servlet 'dispatcherServlet'
2026-02-15 17:50:56.619 [http-nio-8080-exec-1] DEBUG o.s.web.servlet.DispatcherServlet - Detected StandardServletMultipartResolver
2026-02-15 17:50:56.619 [http-nio-8080-exec-1] DEBUG o.s.web.servlet.DispatcherServlet - Detected AcceptHeaderLocaleResolver
2026-02-15 17:50:56.619 [http-nio-8080-exec-1] DEBUG o.s.web.servlet.DispatcherServlet - Detected FixedThemeResolver
2026-02-15 17:50:56.620 [http-nio-8080-exec-1] DEBUG o.s.web.servlet.DispatcherServlet - Detected org.springframework.web.servlet.view.DefaultRequestToViewNameTranslator@4fc9e1e1
2026-02-15 17:50:56.620 [http-nio-8080-exec-1] DEBUG o.s.web.servlet.DispatcherServlet - Detected org.springframework.web.servlet.support.SessionFlashMapManager@4ccdfe90
2026-02-15 17:50:56.620 [http-nio-8080-exec-1] DEBUG o.s.web.servlet.DispatcherServlet - enableLoggingRequestDetails='false': request parameters and headers will be masked to prevent unsafe logging of potentially sensitive data
2026-02-15 17:50:56.621 [http-nio-8080-exec-1] INFO  o.s.web.servlet.DispatcherServlet - Completed initialization in 2 ms
2026-02-15 17:50:56.633 [http-nio-8080-exec-1] DEBUG o.s.web.servlet.DispatcherServlet - POST "/api/auth-rest/loginAccion", parameters={}
2026-02-15 17:50:56.642 [http-nio-8080-exec-1] DEBUG o.s.w.s.m.m.a.RequestMappingHandlerMapping - Mapped to com.example.ProyectoBackEnd.controller.LoginController#loginAccion(UsuarioEntity, HttpSession)
2026-02-15 17:50:56.764 [http-nio-8080-exec-1] DEBUG o.s.w.s.m.m.a.RequestResponseBodyMethodProcessor - Read "application/json;charset=UTF-8" to [UsuarioEntity(idUsuario=null, usuario=yaddif, contraseña=12345, fechaCreacion=null, estado=null, fec (truncated)...]
2026-02-15 17:50:56.849 [http-nio-8080-exec-1] INFO  c.e.P.controller.LoginController - AUDITORIA: Intento de login para usuario: yaddif
2026-02-15 17:50:57.055 [http-nio-8080-exec-1] INFO  c.e.P.aspect.LogginAspect - Operación buscarPorNombre completada en 132 ms
2026-02-15 17:50:57.070 [http-nio-8080-exec-1] INFO  c.e.P.aspect.LogginAspect - Operación validarLogin completada en 4 ms
2026-02-15 17:50:57.071 [http-nio-8080-exec-1] INFO  c.e.P.controller.LoginController - Login exitoso. Derivando a principal.
2026-02-15 17:50:57.217 [http-nio-8080-exec-1] DEBUG o.s.w.s.m.m.a.RequestResponseBodyMethodProcessor - Using 'application/json', given [application/json, text/plain, */*] and supported [application/hal+json, application/vnd.hal+json, application/json, application/schema+json, application/json-patch+json, application/merge-patch+json, application/x-spring-data-verbose+json, application/x-spring-data-compact+json, application/prs.hal-forms+json, application/*+json]
2026-02-15 17:50:57.219 [http-nio-8080-exec-1] DEBUG o.s.w.s.m.m.a.RequestResponseBodyMethodProcessor - Writing [EntityModel { content: UsuarioEntity(idUsuario=2, usuario=yaddif, contraseña=12345, fechaCreacion=20 (truncated)...]
2026-02-15 17:50:57.258 [http-nio-8080-exec-1] DEBUG o.s.web.servlet.DispatcherServlet - Completed 200 OK
2026-02-15 18:03:32.057 [http-nio-8080-exec-2] DEBUG o.s.web.servlet.DispatcherServlet - GET "/", parameters={}
2026-02-15 18:03:32.065 [http-nio-8080-exec-2] DEBUG o.s.w.s.h.SimpleUrlHandlerMapping - Mapped to ResourceHttpRequestHandler [classpath [META-INF/resources/], classpath [resources/], classpath [static/], classpath [public/], ServletContext [/]]
2026-02-15 18:03:32.066 [http-nio-8080-exec-2] DEBUG o.s.w.s.r.ResourceHttpRequestHandler - Resource not found
2026-02-15 18:03:32.069 [http-nio-8080-exec-2] DEBUG o.s.w.s.m.s.DefaultHandlerExceptionResolver - Resolved [org.springframework.web.servlet.resource.NoResourceFoundException: No static resource .]
2026-02-15 18:03:32.069 [http-nio-8080-exec-2] DEBUG o.s.web.servlet.DispatcherServlet - Completed 404 NOT_FOUND
2026-02-15 18:03:32.075 [http-nio-8080-exec-2] DEBUG o.s.web.servlet.DispatcherServlet - "ERROR" dispatch for GET "/error", parameters={}
2026-02-15 18:03:32.077 [http-nio-8080-exec-2] DEBUG o.s.w.s.m.m.a.RequestMappingHandlerMapping - Mapped to org.springframework.boot.autoconfigure.web.servlet.error.BasicErrorController#errorHtml(HttpServletRequest, HttpServletResponse)
2026-02-15 18:03:32.096 [http-nio-8080-exec-2] DEBUG o.s.w.s.v.ContentNegotiatingViewResolver - Selected 'text/html' given [text/html, text/html;q=0.8]
2026-02-15 18:03:32.102 [http-nio-8080-exec-2] DEBUG o.s.web.servlet.DispatcherServlet - Exiting from "ERROR" dispatch, status 404
2026-02-15 18:20:37.157 [restartedMain] INFO  c.e.P.ProyectoBackEndApplication - Starting ProyectoBackEndApplication using Java 17.0.17 with PID 18164 (C:\Users\leofr\OneDrive\Escritorio\ESPECIALIZACION EN JAVA(CIBERTEC) Y OTRAS\JAVA BACK END\PROYECTO FINAL\ProyectoBackEnd (1)\ProyectoBackEnd\target\classes started by leofr in C:\Users\leofr\OneDrive\Escritorio\ESPECIALIZACION EN JAVA(CIBERTEC) Y OTRAS\JAVA BACK END\PROYECTO FINAL\ProyectoBackEnd (1)\ProyectoBackEnd)
2026-02-15 18:20:37.160 [restartedMain] DEBUG c.e.P.ProyectoBackEndApplication - Running with Spring Boot v3.5.10, Spring v6.2.15
2026-02-15 18:20:37.160 [restartedMain] INFO  c.e.P.ProyectoBackEndApplication - No active profile set, falling back to 1 default profile: "default"
2026-02-15 18:20:37.208 [restartedMain] INFO  o.s.b.d.e.DevToolsPropertyDefaultsPostProcessor - Devtools property defaults active! Set 'spring.devtools.add-properties' to 'false' to disable
2026-02-15 18:20:37.208 [restartedMain] INFO  o.s.b.d.e.DevToolsPropertyDefaultsPostProcessor - For additional web related logging consider setting the 'logging.level.web' property to 'DEBUG'
2026-02-15 18:20:38.037 [restartedMain] INFO  o.s.d.r.c.RepositoryConfigurationDelegate - Bootstrapping Spring Data JPA repositories in DEFAULT mode.
2026-02-15 18:20:38.128 [restartedMain] INFO  o.s.d.r.c.RepositoryConfigurationDelegate - Finished Spring Data repository scanning in 81 ms. Found 3 JPA repository interfaces.
2026-02-15 18:20:39.026 [restartedMain] INFO  o.s.b.w.e.tomcat.TomcatWebServer - Tomcat initialized with port 8080 (http)
2026-02-15 18:20:39.039 [restartedMain] INFO  o.a.coyote.http11.Http11NioProtocol - Initializing ProtocolHandler ["http-nio-8080"]
2026-02-15 18:20:39.042 [restartedMain] INFO  o.a.catalina.core.StandardService - Starting service [Tomcat]
2026-02-15 18:20:39.042 [restartedMain] INFO  o.a.catalina.core.StandardEngine - Starting Servlet engine: [Apache Tomcat/10.1.50]
2026-02-15 18:20:39.099 [restartedMain] INFO  o.a.c.c.C.[Tomcat].[localhost].[/] - Initializing Spring embedded WebApplicationContext
2026-02-15 18:20:39.100 [restartedMain] INFO  o.s.b.w.s.c.ServletWebServerApplicationContext - Root WebApplicationContext: initialization completed in 1890 ms
2026-02-15 18:20:39.341 [restartedMain] INFO  o.h.jpa.internal.util.LogHelper - HHH000204: Processing PersistenceUnitInfo [name: default]
2026-02-15 18:20:39.401 [restartedMain] INFO  org.hibernate.Version - HHH000412: Hibernate ORM core version 6.6.41.Final
2026-02-15 18:20:39.441 [restartedMain] INFO  o.h.c.i.RegionFactoryInitiator - HHH000026: Second-level cache disabled
2026-02-15 18:20:39.718 [restartedMain] INFO  o.s.o.j.p.SpringPersistenceUnitInfo - No LoadTimeWeaver setup: ignoring JPA class transformer
2026-02-15 18:20:39.756 [restartedMain] INFO  com.zaxxer.hikari.HikariDataSource - HikariPool-1 - Starting...
2026-02-15 18:20:39.897 [restartedMain] INFO  com.zaxxer.hikari.pool.HikariPool - HikariPool-1 - Added connection com.mysql.cj.jdbc.ConnectionImpl@759049c7
2026-02-15 18:20:39.899 [restartedMain] INFO  com.zaxxer.hikari.HikariDataSource - HikariPool-1 - Start completed.
2026-02-15 18:20:39.941 [restartedMain] WARN  org.hibernate.orm.deprecation - HHH90000025: MySQLDialect does not need to be specified explicitly using 'hibernate.dialect' (remove the property setting and it will be selected by default)
2026-02-15 18:20:39.957 [restartedMain] INFO  o.hibernate.orm.connections.pooling - HHH10001005: Database info:
	Database JDBC URL [Connecting through datasource 'HikariDataSource (HikariPool-1)']
	Database driver: undefined/unknown
	Database version: 8.0.32
	Autocommit mode: undefined/unknown
	Isolation level: undefined/unknown
	Minimum pool size: undefined/unknown
	Maximum pool size: undefined/unknown
2026-02-15 18:20:40.666 [restartedMain] INFO  o.h.e.t.j.p.i.JtaPlatformInitiator - HHH000489: No JTA platform available (set 'hibernate.transaction.jta.platform' to enable JTA platform integration)
2026-02-15 18:20:40.736 [restartedMain] INFO  o.s.o.j.LocalContainerEntityManagerFactoryBean - Initialized JPA EntityManagerFactory for persistence unit 'default'
2026-02-15 18:20:41.135 [restartedMain] INFO  o.s.d.j.r.query.QueryEnhancerFactory - Hibernate is in classpath; If applicable, HQL parser will be used.
2026-02-15 18:20:41.791 [restartedMain] WARN  o.s.b.a.o.j.JpaBaseConfiguration$JpaWebConfiguration - spring.jpa.open-in-view is enabled by default. Therefore, database queries may be performed during view rendering. Explicitly configure spring.jpa.open-in-view to disable this warning
2026-02-15 18:20:42.070 [restartedMain] DEBUG o.s.w.s.m.m.a.RequestMappingHandlerMapping - 15 mappings in 'requestMappingHandlerMapping'
2026-02-15 18:20:42.222 [restartedMain] DEBUG o.s.w.s.h.SimpleUrlHandlerMapping - Patterns [/webjars/**, /**] in 'resourceHandlerMapping'
2026-02-15 18:20:42.288 [restartedMain] INFO  o.s.s.c.a.a.c.InitializeUserDetailsBeanManagerConfigurer$InitializeUserDetailsManagerConfigurer - Global AuthenticationManager configured with UserDetailsService bean with name usuarioServiceImpl
2026-02-15 18:20:42.510 [restartedMain] DEBUG o.s.w.s.m.m.a.RequestMappingHandlerAdapter - ControllerAdvice beans: 0 @ModelAttribute, 0 @InitBinder, 1 RequestBodyAdvice, 1 ResponseBodyAdvice
2026-02-15 18:20:42.562 [restartedMain] WARN  o.s.b.a.t.ThymeleafAutoConfiguration$DefaultTemplateResolverConfiguration - Cannot find template location: classpath:/templates/ (please add some templates, check your Thymeleaf configuration, or set spring.thymeleaf.check-template-location=false)
2026-02-15 18:20:42.594 [restartedMain] DEBUG o.s.w.s.m.m.a.ExceptionHandlerExceptionResolver - ControllerAdvice beans: 1 @ExceptionHandler, 1 ResponseBodyAdvice
2026-02-15 18:20:42.636 [restartedMain] DEBUG o.s.w.s.m.m.a.ExceptionHandlerExceptionResolver - ControllerAdvice beans: 1 @ExceptionHandler, 0 ResponseBodyAdvice
2026-02-15 18:20:42.828 [restartedMain] INFO  o.s.b.d.a.OptionalLiveReloadServer - LiveReload server is running on port 35729
2026-02-15 18:20:42.842 [restartedMain] INFO  o.a.coyote.http11.Http11NioProtocol - Starting ProtocolHandler ["http-nio-8080"]
2026-02-15 18:20:42.865 [restartedMain] INFO  o.s.b.w.e.tomcat.TomcatWebServer - Tomcat started on port 8080 (http) with context path '/'
2026-02-15 18:20:42.874 [restartedMain] INFO  c.e.P.ProyectoBackEndApplication - Started ProyectoBackEndApplication in 6.069 seconds (process running for 6.611)
2026-02-15 18:20:50.936 [http-nio-8080-exec-1] INFO  o.a.c.c.C.[Tomcat].[localhost].[/] - Initializing Spring DispatcherServlet 'dispatcherServlet'
2026-02-15 18:20:50.936 [http-nio-8080-exec-1] INFO  o.s.web.servlet.DispatcherServlet - Initializing Servlet 'dispatcherServlet'
2026-02-15 18:20:50.937 [http-nio-8080-exec-1] DEBUG o.s.web.servlet.DispatcherServlet - Detected StandardServletMultipartResolver
2026-02-15 18:20:50.937 [http-nio-8080-exec-1] DEBUG o.s.web.servlet.DispatcherServlet - Detected AcceptHeaderLocaleResolver
2026-02-15 18:20:50.937 [http-nio-8080-exec-1] DEBUG o.s.web.servlet.DispatcherServlet - Detected FixedThemeResolver
2026-02-15 18:20:50.938 [http-nio-8080-exec-1] DEBUG o.s.web.servlet.DispatcherServlet - Detected org.springframework.web.servlet.view.DefaultRequestToViewNameTranslator@77722c64
2026-02-15 18:20:50.939 [http-nio-8080-exec-1] DEBUG o.s.web.servlet.DispatcherServlet - Detected org.springframework.web.servlet.support.SessionFlashMapManager@5d0e685d
2026-02-15 18:20:50.939 [http-nio-8080-exec-1] DEBUG o.s.web.servlet.DispatcherServlet - enableLoggingRequestDetails='false': request parameters and headers will be masked to prevent unsafe logging of potentially sensitive data
2026-02-15 18:20:50.939 [http-nio-8080-exec-1] INFO  o.s.web.servlet.DispatcherServlet - Completed initialization in 3 ms
2026-02-15 18:21:32.667 [http-nio-8080-exec-10] DEBUG o.s.web.servlet.DispatcherServlet - "ERROR" dispatch for GET "/error", parameters={}
2026-02-15 18:21:32.668 [http-nio-8080-exec-10] DEBUG o.s.w.s.m.m.a.RequestMappingHandlerMapping - Mapped to org.springframework.boot.autoconfigure.web.servlet.error.BasicErrorController#errorHtml(HttpServletRequest, HttpServletResponse)
2026-02-15 18:21:32.694 [http-nio-8080-exec-10] DEBUG o.s.w.s.v.ContentNegotiatingViewResolver - Selected 'text/html' given [text/html, text/html;q=0.8]
2026-02-15 18:21:32.697 [http-nio-8080-exec-10] DEBUG o.s.web.servlet.DispatcherServlet - Exiting from "ERROR" dispatch, status 401
2026-02-15 18:21:43.909 [http-nio-8080-exec-6] DEBUG o.s.web.servlet.DispatcherServlet - GET "/principal", parameters={}
2026-02-15 18:21:43.910 [http-nio-8080-exec-6] DEBUG o.s.w.s.h.SimpleUrlHandlerMapping - Mapped to ResourceHttpRequestHandler [classpath [META-INF/resources/], classpath [resources/], classpath [static/], classpath [public/], ServletContext [/]]
2026-02-15 18:21:43.914 [http-nio-8080-exec-6] DEBUG o.s.w.s.r.ResourceHttpRequestHandler - Resource not found
2026-02-15 18:21:43.922 [http-nio-8080-exec-6] DEBUG o.s.w.s.m.s.DefaultHandlerExceptionResolver - Resolved [org.springframework.web.servlet.resource.NoResourceFoundException: No static resource principal.]
2026-02-15 18:21:43.924 [http-nio-8080-exec-6] DEBUG o.s.web.servlet.DispatcherServlet - Completed 404 NOT_FOUND
2026-02-15 18:21:43.925 [http-nio-8080-exec-6] DEBUG o.s.web.servlet.DispatcherServlet - "ERROR" dispatch for GET "/error", parameters={}
2026-02-15 18:21:43.925 [http-nio-8080-exec-6] DEBUG o.s.w.s.m.m.a.RequestMappingHandlerMapping - Mapped to org.springframework.boot.autoconfigure.web.servlet.error.BasicErrorController#errorHtml(HttpServletRequest, HttpServletResponse)
2026-02-15 18:21:43.930 [http-nio-8080-exec-6] DEBUG o.s.w.s.v.ContentNegotiatingViewResolver - Selected 'text/html' given [text/html, text/html;q=0.8]
2026-02-15 18:21:43.932 [http-nio-8080-exec-6] DEBUG o.s.web.servlet.DispatcherServlet - Exiting from "ERROR" dispatch, status 404
2026-02-15 18:24:33.887 [http-nio-8080-exec-2] DEBUG o.s.web.servlet.DispatcherServlet - GET "/principal", parameters={}
2026-02-15 18:24:33.888 [http-nio-8080-exec-2] DEBUG o.s.w.s.h.SimpleUrlHandlerMapping - Mapped to ResourceHttpRequestHandler [classpath [META-INF/resources/], classpath [resources/], classpath [static/], classpath [public/], ServletContext [/]]
2026-02-15 18:24:33.892 [http-nio-8080-exec-2] DEBUG o.s.w.s.r.ResourceHttpRequestHandler - Resource not found
2026-02-15 18:24:33.892 [http-nio-8080-exec-2] DEBUG o.s.w.s.m.s.DefaultHandlerExceptionResolver - Resolved [org.springframework.web.servlet.resource.NoResourceFoundException: No static resource principal.]
2026-02-15 18:24:33.893 [http-nio-8080-exec-2] DEBUG o.s.web.servlet.DispatcherServlet - Completed 404 NOT_FOUND
2026-02-15 18:24:33.894 [http-nio-8080-exec-2] DEBUG o.s.web.servlet.DispatcherServlet - "ERROR" dispatch for GET "/error", parameters={}
2026-02-15 18:24:33.894 [http-nio-8080-exec-2] DEBUG o.s.w.s.m.m.a.RequestMappingHandlerMapping - Mapped to org.springframework.boot.autoconfigure.web.servlet.error.BasicErrorController#errorHtml(HttpServletRequest, HttpServletResponse)
2026-02-15 18:24:33.900 [http-nio-8080-exec-2] DEBUG o.s.w.s.v.ContentNegotiatingViewResolver - Selected 'text/html' given [text/html, text/html;q=0.8]
2026-02-15 18:24:33.902 [http-nio-8080-exec-2] DEBUG o.s.web.servlet.DispatcherServlet - Exiting from "ERROR" dispatch, status 404
2026-02-15 18:24:48.713 [restartedMain] INFO  c.e.P.ProyectoBackEndApplication - Starting ProyectoBackEndApplication using Java 17.0.17 with PID 13120 (C:\Users\leofr\OneDrive\Escritorio\ESPECIALIZACION EN JAVA(CIBERTEC) Y OTRAS\JAVA BACK END\PROYECTO FINAL\ProyectoBackEnd (1)\ProyectoBackEnd\target\classes started by leofr in C:\Users\leofr\OneDrive\Escritorio\ESPECIALIZACION EN JAVA(CIBERTEC) Y OTRAS\JAVA BACK END\PROYECTO FINAL\ProyectoBackEnd (1)\ProyectoBackEnd)
2026-02-15 18:24:48.716 [restartedMain] DEBUG c.e.P.ProyectoBackEndApplication - Running with Spring Boot v3.5.10, Spring v6.2.15
2026-02-15 18:24:48.716 [restartedMain] INFO  c.e.P.ProyectoBackEndApplication - No active profile set, falling back to 1 default profile: "default"
2026-02-15 18:24:48.757 [restartedMain] INFO  o.s.b.d.e.DevToolsPropertyDefaultsPostProcessor - Devtools property defaults active! Set 'spring.devtools.add-properties' to 'false' to disable
2026-02-15 18:24:48.757 [restartedMain] INFO  o.s.b.d.e.DevToolsPropertyDefaultsPostProcessor - For additional web related logging consider setting the 'logging.level.web' property to 'DEBUG'
2026-02-15 18:24:49.481 [restartedMain] INFO  o.s.d.r.c.RepositoryConfigurationDelegate - Bootstrapping Spring Data JPA repositories in DEFAULT mode.
2026-02-15 18:24:49.563 [restartedMain] INFO  o.s.d.r.c.RepositoryConfigurationDelegate - Finished Spring Data repository scanning in 72 ms. Found 3 JPA repository interfaces.
2026-02-15 18:24:50.429 [restartedMain] INFO  o.s.b.w.e.tomcat.TomcatWebServer - Tomcat initialized with port 8080 (http)
2026-02-15 18:24:50.442 [restartedMain] INFO  o.a.coyote.http11.Http11NioProtocol - Initializing ProtocolHandler ["http-nio-8080"]
2026-02-15 18:24:50.444 [restartedMain] INFO  o.a.catalina.core.StandardService - Starting service [Tomcat]
2026-02-15 18:24:50.444 [restartedMain] INFO  o.a.catalina.core.StandardEngine - Starting Servlet engine: [Apache Tomcat/10.1.50]
2026-02-15 18:24:50.498 [restartedMain] INFO  o.a.c.c.C.[Tomcat].[localhost].[/] - Initializing Spring embedded WebApplicationContext
2026-02-15 18:24:50.500 [restartedMain] INFO  o.s.b.w.s.c.ServletWebServerApplicationContext - Root WebApplicationContext: initialization completed in 1741 ms
2026-02-15 18:24:50.742 [restartedMain] INFO  o.h.jpa.internal.util.LogHelper - HHH000204: Processing PersistenceUnitInfo [name: default]
2026-02-15 18:24:50.794 [restartedMain] INFO  org.hibernate.Version - HHH000412: Hibernate ORM core version 6.6.41.Final
2026-02-15 18:24:50.831 [restartedMain] INFO  o.h.c.i.RegionFactoryInitiator - HHH000026: Second-level cache disabled
2026-02-15 18:24:51.102 [restartedMain] INFO  o.s.o.j.p.SpringPersistenceUnitInfo - No LoadTimeWeaver setup: ignoring JPA class transformer
2026-02-15 18:24:51.135 [restartedMain] INFO  com.zaxxer.hikari.HikariDataSource - HikariPool-1 - Starting...
2026-02-15 18:24:51.272 [restartedMain] INFO  com.zaxxer.hikari.pool.HikariPool - HikariPool-1 - Added connection com.mysql.cj.jdbc.ConnectionImpl@8c9bede
2026-02-15 18:24:51.273 [restartedMain] INFO  com.zaxxer.hikari.HikariDataSource - HikariPool-1 - Start completed.
2026-02-15 18:24:51.311 [restartedMain] WARN  org.hibernate.orm.deprecation - HHH90000025: MySQLDialect does not need to be specified explicitly using 'hibernate.dialect' (remove the property setting and it will be selected by default)
2026-02-15 18:24:51.328 [restartedMain] INFO  o.hibernate.orm.connections.pooling - HHH10001005: Database info:
	Database JDBC URL [Connecting through datasource 'HikariDataSource (HikariPool-1)']
	Database driver: undefined/unknown
	Database version: 8.0.32
	Autocommit mode: undefined/unknown
	Isolation level: undefined/unknown
	Minimum pool size: undefined/unknown
	Maximum pool size: undefined/unknown
2026-02-15 18:24:52.025 [restartedMain] INFO  o.h.e.t.j.p.i.JtaPlatformInitiator - HHH000489: No JTA platform available (set 'hibernate.transaction.jta.platform' to enable JTA platform integration)
2026-02-15 18:24:52.092 [restartedMain] INFO  o.s.o.j.LocalContainerEntityManagerFactoryBean - Initialized JPA EntityManagerFactory for persistence unit 'default'
2026-02-15 18:24:52.483 [restartedMain] INFO  o.s.d.j.r.query.QueryEnhancerFactory - Hibernate is in classpath; If applicable, HQL parser will be used.
2026-02-15 18:24:53.074 [restartedMain] WARN  o.s.b.a.o.j.JpaBaseConfiguration$JpaWebConfiguration - spring.jpa.open-in-view is enabled by default. Therefore, database queries may be performed during view rendering. Explicitly configure spring.jpa.open-in-view to disable this warning
2026-02-15 18:24:53.378 [restartedMain] DEBUG o.s.w.s.m.m.a.RequestMappingHandlerMapping - 15 mappings in 'requestMappingHandlerMapping'
2026-02-15 18:24:53.528 [restartedMain] DEBUG o.s.w.s.h.SimpleUrlHandlerMapping - Patterns [/webjars/**, /**] in 'resourceHandlerMapping'
2026-02-15 18:24:53.603 [restartedMain] INFO  o.s.s.c.a.a.c.InitializeUserDetailsBeanManagerConfigurer$InitializeUserDetailsManagerConfigurer - Global AuthenticationManager configured with UserDetailsService bean with name usuarioServiceImpl
2026-02-15 18:24:53.819 [restartedMain] DEBUG o.s.w.s.m.m.a.RequestMappingHandlerAdapter - ControllerAdvice beans: 0 @ModelAttribute, 0 @InitBinder, 1 RequestBodyAdvice, 1 ResponseBodyAdvice
2026-02-15 18:24:53.869 [restartedMain] WARN  o.s.b.a.t.ThymeleafAutoConfiguration$DefaultTemplateResolverConfiguration - Cannot find template location: classpath:/templates/ (please add some templates, check your Thymeleaf configuration, or set spring.thymeleaf.check-template-location=false)
2026-02-15 18:24:53.900 [restartedMain] DEBUG o.s.w.s.m.m.a.ExceptionHandlerExceptionResolver - ControllerAdvice beans: 1 @ExceptionHandler, 1 ResponseBodyAdvice
2026-02-15 18:24:53.938 [restartedMain] DEBUG o.s.w.s.m.m.a.ExceptionHandlerExceptionResolver - ControllerAdvice beans: 1 @ExceptionHandler, 0 ResponseBodyAdvice
2026-02-15 18:24:54.154 [restartedMain] INFO  o.s.b.d.a.OptionalLiveReloadServer - LiveReload server is running on port 35729
2026-02-15 18:24:54.181 [restartedMain] INFO  o.a.coyote.http11.Http11NioProtocol - Starting ProtocolHandler ["http-nio-8080"]
2026-02-15 18:24:54.207 [restartedMain] INFO  o.s.b.w.e.tomcat.TomcatWebServer - Tomcat started on port 8080 (http) with context path '/'
2026-02-15 18:24:54.215 [restartedMain] INFO  c.e.P.ProyectoBackEndApplication - Started ProyectoBackEndApplication in 5.847 seconds (process running for 6.37)
2026-02-15 18:25:06.940 [http-nio-8080-exec-1] INFO  o.a.c.c.C.[Tomcat].[localhost].[/] - Initializing Spring DispatcherServlet 'dispatcherServlet'
2026-02-15 18:25:06.941 [http-nio-8080-exec-1] INFO  o.s.web.servlet.DispatcherServlet - Initializing Servlet 'dispatcherServlet'
2026-02-15 18:25:06.941 [http-nio-8080-exec-1] DEBUG o.s.web.servlet.DispatcherServlet - Detected StandardServletMultipartResolver
2026-02-15 18:25:06.941 [http-nio-8080-exec-1] DEBUG o.s.web.servlet.DispatcherServlet - Detected AcceptHeaderLocaleResolver
2026-02-15 18:25:06.941 [http-nio-8080-exec-1] DEBUG o.s.web.servlet.DispatcherServlet - Detected FixedThemeResolver
2026-02-15 18:25:06.943 [http-nio-8080-exec-1] DEBUG o.s.web.servlet.DispatcherServlet - Detected org.springframework.web.servlet.view.DefaultRequestToViewNameTranslator@68cc2ef0
2026-02-15 18:25:06.943 [http-nio-8080-exec-1] DEBUG o.s.web.servlet.DispatcherServlet - Detected org.springframework.web.servlet.support.SessionFlashMapManager@6922e6a4
2026-02-15 18:25:06.943 [http-nio-8080-exec-1] DEBUG o.s.web.servlet.DispatcherServlet - enableLoggingRequestDetails='false': request parameters and headers will be masked to prevent unsafe logging of potentially sensitive data
2026-02-15 18:25:06.943 [http-nio-8080-exec-1] INFO  o.s.web.servlet.DispatcherServlet - Completed initialization in 2 ms
2026-02-15 18:26:03.665 [restartedMain] INFO  c.e.P.ProyectoBackEndApplication - Starting ProyectoBackEndApplication using Java 17.0.17 with PID 22208 (C:\Users\leofr\OneDrive\Escritorio\ESPECIALIZACION EN JAVA(CIBERTEC) Y OTRAS\JAVA BACK END\PROYECTO FINAL\ProyectoBackEnd (1)\ProyectoBackEnd\target\classes started by leofr in C:\Users\leofr\OneDrive\Escritorio\ESPECIALIZACION EN JAVA(CIBERTEC) Y OTRAS\JAVA BACK END\PROYECTO FINAL\ProyectoBackEnd (1)\ProyectoBackEnd)
2026-02-15 18:26:03.668 [restartedMain] DEBUG c.e.P.ProyectoBackEndApplication - Running with Spring Boot v3.5.10, Spring v6.2.15
2026-02-15 18:26:03.669 [restartedMain] INFO  c.e.P.ProyectoBackEndApplication - No active profile set, falling back to 1 default profile: "default"
2026-02-15 18:26:03.715 [restartedMain] INFO  o.s.b.d.e.DevToolsPropertyDefaultsPostProcessor - Devtools property defaults active! Set 'spring.devtools.add-properties' to 'false' to disable
2026-02-15 18:26:03.715 [restartedMain] INFO  o.s.b.d.e.DevToolsPropertyDefaultsPostProcessor - For additional web related logging consider setting the 'logging.level.web' property to 'DEBUG'
2026-02-15 18:26:04.575 [restartedMain] INFO  o.s.d.r.c.RepositoryConfigurationDelegate - Bootstrapping Spring Data JPA repositories in DEFAULT mode.
2026-02-15 18:26:04.672 [restartedMain] INFO  o.s.d.r.c.RepositoryConfigurationDelegate - Finished Spring Data repository scanning in 89 ms. Found 3 JPA repository interfaces.
2026-02-15 18:26:05.588 [restartedMain] INFO  o.s.b.w.e.tomcat.TomcatWebServer - Tomcat initialized with port 8080 (http)
2026-02-15 18:26:05.601 [restartedMain] INFO  o.a.coyote.http11.Http11NioProtocol - Initializing ProtocolHandler ["http-nio-8080"]
2026-02-15 18:26:05.603 [restartedMain] INFO  o.a.catalina.core.StandardService - Starting service [Tomcat]
2026-02-15 18:26:05.603 [restartedMain] INFO  o.a.catalina.core.StandardEngine - Starting Servlet engine: [Apache Tomcat/10.1.50]
2026-02-15 18:26:05.659 [restartedMain] INFO  o.a.c.c.C.[Tomcat].[localhost].[/] - Initializing Spring embedded WebApplicationContext
2026-02-15 18:26:05.660 [restartedMain] INFO  o.s.b.w.s.c.ServletWebServerApplicationContext - Root WebApplicationContext: initialization completed in 1944 ms
2026-02-15 18:26:05.908 [restartedMain] INFO  o.h.jpa.internal.util.LogHelper - HHH000204: Processing PersistenceUnitInfo [name: default]
2026-02-15 18:26:05.959 [restartedMain] INFO  org.hibernate.Version - HHH000412: Hibernate ORM core version 6.6.41.Final
2026-02-15 18:26:06.001 [restartedMain] INFO  o.h.c.i.RegionFactoryInitiator - HHH000026: Second-level cache disabled
2026-02-15 18:26:06.278 [restartedMain] INFO  o.s.o.j.p.SpringPersistenceUnitInfo - No LoadTimeWeaver setup: ignoring JPA class transformer
2026-02-15 18:26:06.313 [restartedMain] INFO  com.zaxxer.hikari.HikariDataSource - HikariPool-1 - Starting...
2026-02-15 18:26:06.453 [restartedMain] INFO  com.zaxxer.hikari.pool.HikariPool - HikariPool-1 - Added connection com.mysql.cj.jdbc.ConnectionImpl@1b4dd3bb
2026-02-15 18:26:06.455 [restartedMain] INFO  com.zaxxer.hikari.HikariDataSource - HikariPool-1 - Start completed.
2026-02-15 18:26:06.495 [restartedMain] WARN  org.hibernate.orm.deprecation - HHH90000025: MySQLDialect does not need to be specified explicitly using 'hibernate.dialect' (remove the property setting and it will be selected by default)
2026-02-15 18:26:06.512 [restartedMain] INFO  o.hibernate.orm.connections.pooling - HHH10001005: Database info:
	Database JDBC URL [Connecting through datasource 'HikariDataSource (HikariPool-1)']
	Database driver: undefined/unknown
	Database version: 8.0.32
	Autocommit mode: undefined/unknown
	Isolation level: undefined/unknown
	Minimum pool size: undefined/unknown
	Maximum pool size: undefined/unknown
2026-02-15 18:26:07.215 [restartedMain] INFO  o.h.e.t.j.p.i.JtaPlatformInitiator - HHH000489: No JTA platform available (set 'hibernate.transaction.jta.platform' to enable JTA platform integration)
2026-02-15 18:26:07.282 [restartedMain] INFO  o.s.o.j.LocalContainerEntityManagerFactoryBean - Initialized JPA EntityManagerFactory for persistence unit 'default'
2026-02-15 18:26:07.673 [restartedMain] INFO  o.s.d.j.r.query.QueryEnhancerFactory - Hibernate is in classpath; If applicable, HQL parser will be used.
2026-02-15 18:26:08.212 [restartedMain] WARN  o.s.b.a.o.j.JpaBaseConfiguration$JpaWebConfiguration - spring.jpa.open-in-view is enabled by default. Therefore, database queries may be performed during view rendering. Explicitly configure spring.jpa.open-in-view to disable this warning
2026-02-15 18:26:08.515 [restartedMain] DEBUG o.s.w.s.m.m.a.RequestMappingHandlerMapping - 15 mappings in 'requestMappingHandlerMapping'
2026-02-15 18:26:08.657 [restartedMain] DEBUG o.s.w.s.h.SimpleUrlHandlerMapping - Patterns [/webjars/**, /**] in 'resourceHandlerMapping'
2026-02-15 18:26:08.730 [restartedMain] INFO  o.s.s.c.a.a.c.InitializeUserDetailsBeanManagerConfigurer$InitializeUserDetailsManagerConfigurer - Global AuthenticationManager configured with UserDetailsService bean with name usuarioServiceImpl
2026-02-15 18:26:08.938 [restartedMain] DEBUG o.s.w.s.m.m.a.RequestMappingHandlerAdapter - ControllerAdvice beans: 0 @ModelAttribute, 0 @InitBinder, 1 RequestBodyAdvice, 1 ResponseBodyAdvice
2026-02-15 18:26:08.990 [restartedMain] WARN  o.s.b.a.t.ThymeleafAutoConfiguration$DefaultTemplateResolverConfiguration - Cannot find template location: classpath:/templates/ (please add some templates, check your Thymeleaf configuration, or set spring.thymeleaf.check-template-location=false)
2026-02-15 18:26:09.021 [restartedMain] DEBUG o.s.w.s.m.m.a.ExceptionHandlerExceptionResolver - ControllerAdvice beans: 1 @ExceptionHandler, 1 ResponseBodyAdvice
2026-02-15 18:26:09.056 [restartedMain] DEBUG o.s.w.s.m.m.a.ExceptionHandlerExceptionResolver - ControllerAdvice beans: 1 @ExceptionHandler, 0 ResponseBodyAdvice
2026-02-15 18:26:09.255 [restartedMain] INFO  o.s.b.d.a.OptionalLiveReloadServer - LiveReload server is running on port 35729
2026-02-15 18:26:09.269 [restartedMain] INFO  o.a.coyote.http11.Http11NioProtocol - Starting ProtocolHandler ["http-nio-8080"]
2026-02-15 18:26:09.289 [restartedMain] INFO  o.s.b.w.e.tomcat.TomcatWebServer - Tomcat started on port 8080 (http) with context path '/'
2026-02-15 18:26:09.299 [restartedMain] INFO  c.e.P.ProyectoBackEndApplication - Started ProyectoBackEndApplication in 5.979 seconds (process running for 6.505)
2026-02-15 18:26:15.567 [http-nio-8080-exec-1] INFO  o.a.c.c.C.[Tomcat].[localhost].[/] - Initializing Spring DispatcherServlet 'dispatcherServlet'
2026-02-15 18:26:15.567 [http-nio-8080-exec-1] INFO  o.s.web.servlet.DispatcherServlet - Initializing Servlet 'dispatcherServlet'
2026-02-15 18:26:15.567 [http-nio-8080-exec-1] DEBUG o.s.web.servlet.DispatcherServlet - Detected StandardServletMultipartResolver
2026-02-15 18:26:15.567 [http-nio-8080-exec-1] DEBUG o.s.web.servlet.DispatcherServlet - Detected AcceptHeaderLocaleResolver
2026-02-15 18:26:15.567 [http-nio-8080-exec-1] DEBUG o.s.web.servlet.DispatcherServlet - Detected FixedThemeResolver
2026-02-15 18:26:15.569 [http-nio-8080-exec-1] DEBUG o.s.web.servlet.DispatcherServlet - Detected org.springframework.web.servlet.view.DefaultRequestToViewNameTranslator@41eb40c3
2026-02-15 18:26:15.569 [http-nio-8080-exec-1] DEBUG o.s.web.servlet.DispatcherServlet - Detected org.springframework.web.servlet.support.SessionFlashMapManager@44feccec
2026-02-15 18:26:15.569 [http-nio-8080-exec-1] DEBUG o.s.web.servlet.DispatcherServlet - enableLoggingRequestDetails='false': request parameters and headers will be masked to prevent unsafe logging of potentially sensitive data
2026-02-15 18:26:15.569 [http-nio-8080-exec-1] INFO  o.s.web.servlet.DispatcherServlet - Completed initialization in 2 ms
2026-02-15 18:26:32.578 [http-nio-8080-exec-1] DEBUG o.s.web.servlet.DispatcherServlet - GET "/principal", parameters={}
2026-02-15 18:26:32.581 [http-nio-8080-exec-1] DEBUG o.s.w.s.h.SimpleUrlHandlerMapping - Mapped to ResourceHttpRequestHandler [classpath [META-INF/resources/], classpath [resources/], classpath [static/], classpath [public/], ServletContext [/]]
2026-02-15 18:26:32.593 [http-nio-8080-exec-1] DEBUG o.s.w.s.r.ResourceHttpRequestHandler - Resource not found
2026-02-15 18:26:32.598 [http-nio-8080-exec-1] DEBUG o.s.w.s.m.s.DefaultHandlerExceptionResolver - Resolved [org.springframework.web.servlet.resource.NoResourceFoundException: No static resource principal.]
2026-02-15 18:26:32.600 [http-nio-8080-exec-1] DEBUG o.s.web.servlet.DispatcherServlet - Completed 404 NOT_FOUND
2026-02-15 18:26:32.610 [http-nio-8080-exec-1] DEBUG o.s.web.servlet.DispatcherServlet - "ERROR" dispatch for GET "/error", parameters={}
2026-02-15 18:26:32.611 [http-nio-8080-exec-1] DEBUG o.s.w.s.m.m.a.RequestMappingHandlerMapping - Mapped to org.springframework.boot.autoconfigure.web.servlet.error.BasicErrorController#errorHtml(HttpServletRequest, HttpServletResponse)
2026-02-15 18:26:32.638 [http-nio-8080-exec-1] DEBUG o.s.w.s.v.ContentNegotiatingViewResolver - Selected 'text/html' given [text/html, text/html;q=0.8]
2026-02-15 18:26:32.642 [http-nio-8080-exec-1] DEBUG o.s.web.servlet.DispatcherServlet - Exiting from "ERROR" dispatch, status 404
2026-02-15 18:29:06.236 [restartedMain] INFO  c.e.P.ProyectoBackEndApplication - Starting ProyectoBackEndApplication using Java 17.0.17 with PID 25700 (C:\Users\leofr\OneDrive\Escritorio\ESPECIALIZACION EN JAVA(CIBERTEC) Y OTRAS\JAVA BACK END\PROYECTO FINAL\ProyectoBackEnd (1)\ProyectoBackEnd\target\classes started by leofr in C:\Users\leofr\OneDrive\Escritorio\ESPECIALIZACION EN JAVA(CIBERTEC) Y OTRAS\JAVA BACK END\PROYECTO FINAL\ProyectoBackEnd (1)\ProyectoBackEnd)
2026-02-15 18:29:06.238 [restartedMain] DEBUG c.e.P.ProyectoBackEndApplication - Running with Spring Boot v3.5.10, Spring v6.2.15
2026-02-15 18:29:06.239 [restartedMain] INFO  c.e.P.ProyectoBackEndApplication - No active profile set, falling back to 1 default profile: "default"
2026-02-15 18:29:06.285 [restartedMain] INFO  o.s.b.d.e.DevToolsPropertyDefaultsPostProcessor - Devtools property defaults active! Set 'spring.devtools.add-properties' to 'false' to disable
2026-02-15 18:29:06.286 [restartedMain] INFO  o.s.b.d.e.DevToolsPropertyDefaultsPostProcessor - For additional web related logging consider setting the 'logging.level.web' property to 'DEBUG'
2026-02-15 18:29:07.005 [restartedMain] INFO  o.s.d.r.c.RepositoryConfigurationDelegate - Bootstrapping Spring Data JPA repositories in DEFAULT mode.
2026-02-15 18:29:07.096 [restartedMain] INFO  o.s.d.r.c.RepositoryConfigurationDelegate - Finished Spring Data repository scanning in 80 ms. Found 3 JPA repository interfaces.
2026-02-15 18:29:07.903 [restartedMain] INFO  o.s.b.w.e.tomcat.TomcatWebServer - Tomcat initialized with port 8080 (http)
2026-02-15 18:29:07.915 [restartedMain] INFO  o.a.coyote.http11.Http11NioProtocol - Initializing ProtocolHandler ["http-nio-8080"]
2026-02-15 18:29:07.918 [restartedMain] INFO  o.a.catalina.core.StandardService - Starting service [Tomcat]
2026-02-15 18:29:07.918 [restartedMain] INFO  o.a.catalina.core.StandardEngine - Starting Servlet engine: [Apache Tomcat/10.1.50]
2026-02-15 18:29:07.965 [restartedMain] INFO  o.a.c.c.C.[Tomcat].[localhost].[/] - Initializing Spring embedded WebApplicationContext
2026-02-15 18:29:07.966 [restartedMain] INFO  o.s.b.w.s.c.ServletWebServerApplicationContext - Root WebApplicationContext: initialization completed in 1679 ms
2026-02-15 18:29:08.201 [restartedMain] INFO  o.h.jpa.internal.util.LogHelper - HHH000204: Processing PersistenceUnitInfo [name: default]
2026-02-15 18:29:08.251 [restartedMain] INFO  org.hibernate.Version - HHH000412: Hibernate ORM core version 6.6.41.Final
2026-02-15 18:29:08.289 [restartedMain] INFO  o.h.c.i.RegionFactoryInitiator - HHH000026: Second-level cache disabled
2026-02-15 18:29:08.561 [restartedMain] INFO  o.s.o.j.p.SpringPersistenceUnitInfo - No LoadTimeWeaver setup: ignoring JPA class transformer
2026-02-15 18:29:08.596 [restartedMain] INFO  com.zaxxer.hikari.HikariDataSource - HikariPool-1 - Starting...
2026-02-15 18:29:08.732 [restartedMain] INFO  com.zaxxer.hikari.pool.HikariPool - HikariPool-1 - Added connection com.mysql.cj.jdbc.ConnectionImpl@34dbaf96
2026-02-15 18:29:08.733 [restartedMain] INFO  com.zaxxer.hikari.HikariDataSource - HikariPool-1 - Start completed.
2026-02-15 18:29:08.771 [restartedMain] WARN  org.hibernate.orm.deprecation - HHH90000025: MySQLDialect does not need to be specified explicitly using 'hibernate.dialect' (remove the property setting and it will be selected by default)
2026-02-15 18:29:08.788 [restartedMain] INFO  o.hibernate.orm.connections.pooling - HHH10001005: Database info:
	Database JDBC URL [Connecting through datasource 'HikariDataSource (HikariPool-1)']
	Database driver: undefined/unknown
	Database version: 8.0.32
	Autocommit mode: undefined/unknown
	Isolation level: undefined/unknown
	Minimum pool size: undefined/unknown
	Maximum pool size: undefined/unknown
2026-02-15 18:29:09.522 [restartedMain] INFO  o.h.e.t.j.p.i.JtaPlatformInitiator - HHH000489: No JTA platform available (set 'hibernate.transaction.jta.platform' to enable JTA platform integration)
2026-02-15 18:29:09.588 [restartedMain] INFO  o.s.o.j.LocalContainerEntityManagerFactoryBean - Initialized JPA EntityManagerFactory for persistence unit 'default'
2026-02-15 18:29:09.977 [restartedMain] INFO  o.s.d.j.r.query.QueryEnhancerFactory - Hibernate is in classpath; If applicable, HQL parser will be used.
2026-02-15 18:29:10.600 [restartedMain] WARN  o.s.b.a.o.j.JpaBaseConfiguration$JpaWebConfiguration - spring.jpa.open-in-view is enabled by default. Therefore, database queries may be performed during view rendering. Explicitly configure spring.jpa.open-in-view to disable this warning
2026-02-15 18:29:10.915 [restartedMain] DEBUG o.s.w.s.m.m.a.RequestMappingHandlerMapping - 15 mappings in 'requestMappingHandlerMapping'
2026-02-15 18:29:11.059 [restartedMain] DEBUG o.s.w.s.h.SimpleUrlHandlerMapping - Patterns [/webjars/**, /**] in 'resourceHandlerMapping'
2026-02-15 18:29:11.136 [restartedMain] INFO  o.s.s.c.a.a.c.InitializeUserDetailsBeanManagerConfigurer$InitializeUserDetailsManagerConfigurer - Global AuthenticationManager configured with UserDetailsService bean with name usuarioServiceImpl
2026-02-15 18:29:11.368 [restartedMain] DEBUG o.s.w.s.m.m.a.RequestMappingHandlerAdapter - ControllerAdvice beans: 0 @ModelAttribute, 0 @InitBinder, 1 RequestBodyAdvice, 1 ResponseBodyAdvice
2026-02-15 18:29:11.418 [restartedMain] WARN  o.s.b.a.t.ThymeleafAutoConfiguration$DefaultTemplateResolverConfiguration - Cannot find template location: classpath:/templates/ (please add some templates, check your Thymeleaf configuration, or set spring.thymeleaf.check-template-location=false)
2026-02-15 18:29:11.449 [restartedMain] DEBUG o.s.w.s.m.m.a.ExceptionHandlerExceptionResolver - ControllerAdvice beans: 1 @ExceptionHandler, 1 ResponseBodyAdvice
2026-02-15 18:29:11.486 [restartedMain] DEBUG o.s.w.s.m.m.a.ExceptionHandlerExceptionResolver - ControllerAdvice beans: 1 @ExceptionHandler, 0 ResponseBodyAdvice
2026-02-15 18:29:11.694 [restartedMain] INFO  o.s.b.d.a.OptionalLiveReloadServer - LiveReload server is running on port 35729
2026-02-15 18:29:11.708 [restartedMain] INFO  o.a.coyote.http11.Http11NioProtocol - Starting ProtocolHandler ["http-nio-8080"]
2026-02-15 18:29:11.729 [restartedMain] INFO  o.s.b.w.e.tomcat.TomcatWebServer - Tomcat started on port 8080 (http) with context path '/'
2026-02-15 18:29:11.737 [restartedMain] INFO  c.e.P.ProyectoBackEndApplication - Started ProyectoBackEndApplication in 5.866 seconds (process running for 6.38)
2026-02-15 18:29:17.622 [http-nio-8080-exec-1] INFO  o.a.c.c.C.[Tomcat].[localhost].[/] - Initializing Spring DispatcherServlet 'dispatcherServlet'
2026-02-15 18:29:17.623 [http-nio-8080-exec-1] INFO  o.s.web.servlet.DispatcherServlet - Initializing Servlet 'dispatcherServlet'
2026-02-15 18:29:17.623 [http-nio-8080-exec-1] DEBUG o.s.web.servlet.DispatcherServlet - Detected StandardServletMultipartResolver
2026-02-15 18:29:17.623 [http-nio-8080-exec-1] DEBUG o.s.web.servlet.DispatcherServlet - Detected AcceptHeaderLocaleResolver
2026-02-15 18:29:17.623 [http-nio-8080-exec-1] DEBUG o.s.web.servlet.DispatcherServlet - Detected FixedThemeResolver
2026-02-15 18:29:17.624 [http-nio-8080-exec-1] DEBUG o.s.web.servlet.DispatcherServlet - Detected org.springframework.web.servlet.view.DefaultRequestToViewNameTranslator@253dc0eb
2026-02-15 18:29:17.625 [http-nio-8080-exec-1] DEBUG o.s.web.servlet.DispatcherServlet - Detected org.springframework.web.servlet.support.SessionFlashMapManager@d55073e
2026-02-15 18:29:17.625 [http-nio-8080-exec-1] DEBUG o.s.web.servlet.DispatcherServlet - enableLoggingRequestDetails='false': request parameters and headers will be masked to prevent unsafe logging of potentially sensitive data
2026-02-15 18:29:17.625 [http-nio-8080-exec-1] INFO  o.s.web.servlet.DispatcherServlet - Completed initialization in 2 ms
2026-02-15 18:30:48.039 [restartedMain] INFO  c.e.P.ProyectoBackEndApplication - Starting ProyectoBackEndApplication using Java 17.0.17 with PID 5788 (C:\Users\leofr\OneDrive\Escritorio\ESPECIALIZACION EN JAVA(CIBERTEC) Y OTRAS\JAVA BACK END\PROYECTO FINAL\ProyectoBackEnd (1)\ProyectoBackEnd\target\classes started by leofr in C:\Users\leofr\OneDrive\Escritorio\ESPECIALIZACION EN JAVA(CIBERTEC) Y OTRAS\JAVA BACK END\PROYECTO FINAL\ProyectoBackEnd (1)\ProyectoBackEnd)
2026-02-15 18:30:48.041 [restartedMain] DEBUG c.e.P.ProyectoBackEndApplication - Running with Spring Boot v3.5.10, Spring v6.2.15
2026-02-15 18:30:48.042 [restartedMain] INFO  c.e.P.ProyectoBackEndApplication - No active profile set, falling back to 1 default profile: "default"
2026-02-15 18:30:48.088 [restartedMain] INFO  o.s.b.d.e.DevToolsPropertyDefaultsPostProcessor - Devtools property defaults active! Set 'spring.devtools.add-properties' to 'false' to disable
2026-02-15 18:30:48.089 [restartedMain] INFO  o.s.b.d.e.DevToolsPropertyDefaultsPostProcessor - For additional web related logging consider setting the 'logging.level.web' property to 'DEBUG'
2026-02-15 18:30:48.834 [restartedMain] INFO  o.s.d.r.c.RepositoryConfigurationDelegate - Bootstrapping Spring Data JPA repositories in DEFAULT mode.
2026-02-15 18:30:48.918 [restartedMain] INFO  o.s.d.r.c.RepositoryConfigurationDelegate - Finished Spring Data repository scanning in 74 ms. Found 3 JPA repository interfaces.
2026-02-15 18:30:49.804 [restartedMain] INFO  o.s.b.w.e.tomcat.TomcatWebServer - Tomcat initialized with port 8080 (http)
2026-02-15 18:30:49.819 [restartedMain] INFO  o.a.coyote.http11.Http11NioProtocol - Initializing ProtocolHandler ["http-nio-8080"]
2026-02-15 18:30:49.821 [restartedMain] INFO  o.a.catalina.core.StandardService - Starting service [Tomcat]
2026-02-15 18:30:49.821 [restartedMain] INFO  o.a.catalina.core.StandardEngine - Starting Servlet engine: [Apache Tomcat/10.1.50]
2026-02-15 18:30:49.871 [restartedMain] INFO  o.a.c.c.C.[Tomcat].[localhost].[/] - Initializing Spring embedded WebApplicationContext
2026-02-15 18:30:49.872 [restartedMain] INFO  o.s.b.w.s.c.ServletWebServerApplicationContext - Root WebApplicationContext: initialization completed in 1782 ms
2026-02-15 18:30:50.117 [restartedMain] INFO  o.h.jpa.internal.util.LogHelper - HHH000204: Processing PersistenceUnitInfo [name: default]
2026-02-15 18:30:50.172 [restartedMain] INFO  org.hibernate.Version - HHH000412: Hibernate ORM core version 6.6.41.Final
2026-02-15 18:30:50.223 [restartedMain] INFO  o.h.c.i.RegionFactoryInitiator - HHH000026: Second-level cache disabled
2026-02-15 18:30:50.566 [restartedMain] INFO  o.s.o.j.p.SpringPersistenceUnitInfo - No LoadTimeWeaver setup: ignoring JPA class transformer
2026-02-15 18:30:50.607 [restartedMain] INFO  com.zaxxer.hikari.HikariDataSource - HikariPool-1 - Starting...
2026-02-15 18:30:50.777 [restartedMain] INFO  com.zaxxer.hikari.pool.HikariPool - HikariPool-1 - Added connection com.mysql.cj.jdbc.ConnectionImpl@7d6138d8
2026-02-15 18:30:50.779 [restartedMain] INFO  com.zaxxer.hikari.HikariDataSource - HikariPool-1 - Start completed.
2026-02-15 18:30:50.841 [restartedMain] WARN  org.hibernate.orm.deprecation - HHH90000025: MySQLDialect does not need to be specified explicitly using 'hibernate.dialect' (remove the property setting and it will be selected by default)
2026-02-15 18:30:50.860 [restartedMain] INFO  o.hibernate.orm.connections.pooling - HHH10001005: Database info:
	Database JDBC URL [Connecting through datasource 'HikariDataSource (HikariPool-1)']
	Database driver: undefined/unknown
	Database version: 8.0.32
	Autocommit mode: undefined/unknown
	Isolation level: undefined/unknown
	Minimum pool size: undefined/unknown
	Maximum pool size: undefined/unknown
2026-02-15 18:30:51.776 [restartedMain] INFO  o.h.e.t.j.p.i.JtaPlatformInitiator - HHH000489: No JTA platform available (set 'hibernate.transaction.jta.platform' to enable JTA platform integration)
2026-02-15 18:30:51.860 [restartedMain] INFO  o.s.o.j.LocalContainerEntityManagerFactoryBean - Initialized JPA EntityManagerFactory for persistence unit 'default'
2026-02-15 18:30:52.366 [restartedMain] INFO  o.s.d.j.r.query.QueryEnhancerFactory - Hibernate is in classpath; If applicable, HQL parser will be used.
2026-02-15 18:30:52.946 [restartedMain] WARN  o.s.b.a.o.j.JpaBaseConfiguration$JpaWebConfiguration - spring.jpa.open-in-view is enabled by default. Therefore, database queries may be performed during view rendering. Explicitly configure spring.jpa.open-in-view to disable this warning
2026-02-15 18:30:53.328 [restartedMain] DEBUG o.s.w.s.m.m.a.RequestMappingHandlerMapping - 15 mappings in 'requestMappingHandlerMapping'
2026-02-15 18:30:53.520 [restartedMain] DEBUG o.s.w.s.h.SimpleUrlHandlerMapping - Patterns [/webjars/**, /**] in 'resourceHandlerMapping'
2026-02-15 18:30:53.608 [restartedMain] INFO  o.s.s.c.a.a.c.InitializeUserDetailsBeanManagerConfigurer$InitializeUserDetailsManagerConfigurer - Global AuthenticationManager configured with UserDetailsService bean with name usuarioServiceImpl
2026-02-15 18:30:53.883 [restartedMain] DEBUG o.s.w.s.m.m.a.RequestMappingHandlerAdapter - ControllerAdvice beans: 0 @ModelAttribute, 0 @InitBinder, 1 RequestBodyAdvice, 1 ResponseBodyAdvice
2026-02-15 18:30:53.947 [restartedMain] WARN  o.s.b.a.t.ThymeleafAutoConfiguration$DefaultTemplateResolverConfiguration - Cannot find template location: classpath:/templates/ (please add some templates, check your Thymeleaf configuration, or set spring.thymeleaf.check-template-location=false)
2026-02-15 18:30:54.007 [restartedMain] DEBUG o.s.w.s.m.m.a.ExceptionHandlerExceptionResolver - ControllerAdvice beans: 1 @ExceptionHandler, 1 ResponseBodyAdvice
2026-02-15 18:30:54.070 [restartedMain] DEBUG o.s.w.s.m.m.a.ExceptionHandlerExceptionResolver - ControllerAdvice beans: 1 @ExceptionHandler, 0 ResponseBodyAdvice
2026-02-15 18:30:54.350 [restartedMain] INFO  o.s.b.d.a.OptionalLiveReloadServer - LiveReload server is running on port 35729
2026-02-15 18:30:54.368 [restartedMain] INFO  o.a.coyote.http11.Http11NioProtocol - Starting ProtocolHandler ["http-nio-8080"]
2026-02-15 18:30:54.400 [restartedMain] INFO  o.s.b.w.e.tomcat.TomcatWebServer - Tomcat started on port 8080 (http) with context path '/'
2026-02-15 18:30:54.409 [restartedMain] INFO  c.e.P.ProyectoBackEndApplication - Started ProyectoBackEndApplication in 6.714 seconds (process running for 7.241)
2026-02-15 18:30:55.713 [http-nio-8080-exec-1] INFO  o.a.c.c.C.[Tomcat].[localhost].[/] - Initializing Spring DispatcherServlet 'dispatcherServlet'
2026-02-15 18:30:55.714 [http-nio-8080-exec-1] INFO  o.s.web.servlet.DispatcherServlet - Initializing Servlet 'dispatcherServlet'
2026-02-15 18:30:55.714 [http-nio-8080-exec-1] DEBUG o.s.web.servlet.DispatcherServlet - Detected StandardServletMultipartResolver
2026-02-15 18:30:55.714 [http-nio-8080-exec-1] DEBUG o.s.web.servlet.DispatcherServlet - Detected AcceptHeaderLocaleResolver
2026-02-15 18:30:55.714 [http-nio-8080-exec-1] DEBUG o.s.web.servlet.DispatcherServlet - Detected FixedThemeResolver
2026-02-15 18:30:55.716 [http-nio-8080-exec-1] DEBUG o.s.web.servlet.DispatcherServlet - Detected org.springframework.web.servlet.view.DefaultRequestToViewNameTranslator@22e08251
2026-02-15 18:30:55.717 [http-nio-8080-exec-1] DEBUG o.s.web.servlet.DispatcherServlet - Detected org.springframework.web.servlet.support.SessionFlashMapManager@174d9533
2026-02-15 18:30:55.718 [http-nio-8080-exec-1] DEBUG o.s.web.servlet.DispatcherServlet - enableLoggingRequestDetails='false': request parameters and headers will be masked to prevent unsafe logging of potentially sensitive data
2026-02-15 18:30:55.718 [http-nio-8080-exec-1] INFO  o.s.web.servlet.DispatcherServlet - Completed initialization in 4 ms
2026-02-15 18:31:08.300 [http-nio-8080-exec-7] DEBUG o.s.web.servlet.DispatcherServlet - GET "/principal", parameters={}
2026-02-15 18:31:08.303 [http-nio-8080-exec-7] DEBUG o.s.w.s.h.SimpleUrlHandlerMapping - Mapped to ResourceHttpRequestHandler [classpath [META-INF/resources/], classpath [resources/], classpath [static/], classpath [public/], ServletContext [/]]
2026-02-15 18:31:08.315 [http-nio-8080-exec-7] DEBUG o.s.w.s.r.ResourceHttpRequestHandler - Resource not found
2026-02-15 18:31:08.321 [http-nio-8080-exec-7] DEBUG o.s.w.s.m.s.DefaultHandlerExceptionResolver - Resolved [org.springframework.web.servlet.resource.NoResourceFoundException: No static resource principal.]
2026-02-15 18:31:08.322 [http-nio-8080-exec-7] DEBUG o.s.web.servlet.DispatcherServlet - Completed 404 NOT_FOUND
2026-02-15 18:31:08.334 [http-nio-8080-exec-7] DEBUG o.s.web.servlet.DispatcherServlet - "ERROR" dispatch for GET "/error", parameters={}
2026-02-15 18:31:08.334 [http-nio-8080-exec-7] DEBUG o.s.w.s.m.m.a.RequestMappingHandlerMapping - Mapped to org.springframework.boot.autoconfigure.web.servlet.error.BasicErrorController#errorHtml(HttpServletRequest, HttpServletResponse)
2026-02-15 18:31:08.369 [http-nio-8080-exec-7] DEBUG o.s.w.s.v.ContentNegotiatingViewResolver - Selected 'text/html' given [text/html, text/html;q=0.8]
2026-02-15 18:31:08.373 [http-nio-8080-exec-7] DEBUG o.s.web.servlet.DispatcherServlet - Exiting from "ERROR" dispatch, status 404
2026-02-15 18:36:18.579 [restartedMain] INFO  c.e.P.ProyectoBackEndApplication - Starting ProyectoBackEndApplication using Java 17.0.17 with PID 25060 (C:\Users\leofr\OneDrive\Escritorio\ESPECIALIZACION EN JAVA(CIBERTEC) Y OTRAS\JAVA BACK END\PROYECTO FINAL\ProyectoBackEnd (1)\ProyectoBackEnd\target\classes started by leofr in C:\Users\leofr\OneDrive\Escritorio\ESPECIALIZACION EN JAVA(CIBERTEC) Y OTRAS\JAVA BACK END\PROYECTO FINAL\ProyectoBackEnd (1)\ProyectoBackEnd)
2026-02-15 18:36:18.583 [restartedMain] DEBUG c.e.P.ProyectoBackEndApplication - Running with Spring Boot v3.5.10, Spring v6.2.15
2026-02-15 18:36:18.584 [restartedMain] INFO  c.e.P.ProyectoBackEndApplication - No active profile set, falling back to 1 default profile: "default"
2026-02-15 18:36:18.637 [restartedMain] INFO  o.s.b.d.e.DevToolsPropertyDefaultsPostProcessor - Devtools property defaults active! Set 'spring.devtools.add-properties' to 'false' to disable
2026-02-15 18:36:18.637 [restartedMain] INFO  o.s.b.d.e.DevToolsPropertyDefaultsPostProcessor - For additional web related logging consider setting the 'logging.level.web' property to 'DEBUG'
2026-02-15 18:36:19.515 [restartedMain] INFO  o.s.d.r.c.RepositoryConfigurationDelegate - Bootstrapping Spring Data JPA repositories in DEFAULT mode.
2026-02-15 18:36:19.606 [restartedMain] INFO  o.s.d.r.c.RepositoryConfigurationDelegate - Finished Spring Data repository scanning in 81 ms. Found 3 JPA repository interfaces.
2026-02-15 18:36:20.524 [restartedMain] INFO  o.s.b.w.e.tomcat.TomcatWebServer - Tomcat initialized with port 8080 (http)
2026-02-15 18:36:20.535 [restartedMain] INFO  o.a.coyote.http11.Http11NioProtocol - Initializing ProtocolHandler ["http-nio-8080"]
2026-02-15 18:36:20.538 [restartedMain] INFO  o.a.catalina.core.StandardService - Starting service [Tomcat]
2026-02-15 18:36:20.538 [restartedMain] INFO  o.a.catalina.core.StandardEngine - Starting Servlet engine: [Apache Tomcat/10.1.50]
2026-02-15 18:36:20.593 [restartedMain] INFO  o.a.c.c.C.[Tomcat].[localhost].[/] - Initializing Spring embedded WebApplicationContext
2026-02-15 18:36:20.594 [restartedMain] INFO  o.s.b.w.s.c.ServletWebServerApplicationContext - Root WebApplicationContext: initialization completed in 1955 ms
2026-02-15 18:36:20.881 [restartedMain] INFO  o.h.jpa.internal.util.LogHelper - HHH000204: Processing PersistenceUnitInfo [name: default]
2026-02-15 18:36:20.972 [restartedMain] INFO  org.hibernate.Version - HHH000412: Hibernate ORM core version 6.6.41.Final
2026-02-15 18:36:21.023 [restartedMain] INFO  o.h.c.i.RegionFactoryInitiator - HHH000026: Second-level cache disabled
2026-02-15 18:36:21.396 [restartedMain] INFO  o.s.o.j.p.SpringPersistenceUnitInfo - No LoadTimeWeaver setup: ignoring JPA class transformer
2026-02-15 18:36:21.441 [restartedMain] INFO  com.zaxxer.hikari.HikariDataSource - HikariPool-1 - Starting...
2026-02-15 18:36:21.622 [restartedMain] INFO  com.zaxxer.hikari.pool.HikariPool - HikariPool-1 - Added connection com.mysql.cj.jdbc.ConnectionImpl@3266239
2026-02-15 18:36:21.624 [restartedMain] INFO  com.zaxxer.hikari.HikariDataSource - HikariPool-1 - Start completed.
2026-02-15 18:36:21.671 [restartedMain] WARN  org.hibernate.orm.deprecation - HHH90000025: MySQLDialect does not need to be specified explicitly using 'hibernate.dialect' (remove the property setting and it will be selected by default)
2026-02-15 18:36:21.698 [restartedMain] INFO  o.hibernate.orm.connections.pooling - HHH10001005: Database info:
	Database JDBC URL [Connecting through datasource 'HikariDataSource (HikariPool-1)']
	Database driver: undefined/unknown
	Database version: 8.0.32
	Autocommit mode: undefined/unknown
	Isolation level: undefined/unknown
	Minimum pool size: undefined/unknown
	Maximum pool size: undefined/unknown
2026-02-15 18:36:22.680 [restartedMain] INFO  o.h.e.t.j.p.i.JtaPlatformInitiator - HHH000489: No JTA platform available (set 'hibernate.transaction.jta.platform' to enable JTA platform integration)
2026-02-15 18:36:22.775 [restartedMain] INFO  o.s.o.j.LocalContainerEntityManagerFactoryBean - Initialized JPA EntityManagerFactory for persistence unit 'default'
2026-02-15 18:36:23.276 [restartedMain] INFO  o.s.d.j.r.query.QueryEnhancerFactory - Hibernate is in classpath; If applicable, HQL parser will be used.
2026-02-15 18:36:24.123 [restartedMain] WARN  o.s.b.a.o.j.JpaBaseConfiguration$JpaWebConfiguration - spring.jpa.open-in-view is enabled by default. Therefore, database queries may be performed during view rendering. Explicitly configure spring.jpa.open-in-view to disable this warning
2026-02-15 18:36:24.514 [restartedMain] DEBUG o.s.w.s.m.m.a.RequestMappingHandlerMapping - 15 mappings in 'requestMappingHandlerMapping'
2026-02-15 18:36:24.678 [restartedMain] DEBUG o.s.w.s.h.SimpleUrlHandlerMapping - Patterns [/webjars/**, /**] in 'resourceHandlerMapping'
2026-02-15 18:36:24.754 [restartedMain] INFO  o.s.s.c.a.a.c.InitializeUserDetailsBeanManagerConfigurer$InitializeUserDetailsManagerConfigurer - Global AuthenticationManager configured with UserDetailsService bean with name usuarioServiceImpl
2026-02-15 18:36:25.010 [restartedMain] DEBUG o.s.w.s.m.m.a.RequestMappingHandlerAdapter - ControllerAdvice beans: 0 @ModelAttribute, 0 @InitBinder, 1 RequestBodyAdvice, 1 ResponseBodyAdvice
2026-02-15 18:36:25.075 [restartedMain] WARN  o.s.b.a.t.ThymeleafAutoConfiguration$DefaultTemplateResolverConfiguration - Cannot find template location: classpath:/templates/ (please add some templates, check your Thymeleaf configuration, or set spring.thymeleaf.check-template-location=false)
2026-02-15 18:36:25.118 [restartedMain] DEBUG o.s.w.s.m.m.a.ExceptionHandlerExceptionResolver - ControllerAdvice beans: 1 @ExceptionHandler, 1 ResponseBodyAdvice
2026-02-15 18:36:25.168 [restartedMain] DEBUG o.s.w.s.m.m.a.ExceptionHandlerExceptionResolver - ControllerAdvice beans: 1 @ExceptionHandler, 0 ResponseBodyAdvice
2026-02-15 18:36:25.430 [restartedMain] INFO  o.s.b.d.a.OptionalLiveReloadServer - LiveReload server is running on port 35729
2026-02-15 18:36:25.450 [restartedMain] INFO  o.a.coyote.http11.Http11NioProtocol - Starting ProtocolHandler ["http-nio-8080"]
2026-02-15 18:36:25.480 [restartedMain] INFO  o.s.b.w.e.tomcat.TomcatWebServer - Tomcat started on port 8080 (http) with context path '/'
2026-02-15 18:36:25.491 [restartedMain] INFO  c.e.P.ProyectoBackEndApplication - Started ProyectoBackEndApplication in 7.288 seconds (process running for 7.863)
2026-02-15 18:36:26.101 [http-nio-8080-exec-1] INFO  o.a.c.c.C.[Tomcat].[localhost].[/] - Initializing Spring DispatcherServlet 'dispatcherServlet'
2026-02-15 18:36:26.102 [http-nio-8080-exec-1] INFO  o.s.web.servlet.DispatcherServlet - Initializing Servlet 'dispatcherServlet'
2026-02-15 18:36:26.102 [http-nio-8080-exec-1] DEBUG o.s.web.servlet.DispatcherServlet - Detected StandardServletMultipartResolver
2026-02-15 18:36:26.102 [http-nio-8080-exec-1] DEBUG o.s.web.servlet.DispatcherServlet - Detected AcceptHeaderLocaleResolver
2026-02-15 18:36:26.102 [http-nio-8080-exec-1] DEBUG o.s.web.servlet.DispatcherServlet - Detected FixedThemeResolver
2026-02-15 18:36:26.103 [http-nio-8080-exec-1] DEBUG o.s.web.servlet.DispatcherServlet - Detected org.springframework.web.servlet.view.DefaultRequestToViewNameTranslator@35a96777
2026-02-15 18:36:26.104 [http-nio-8080-exec-1] DEBUG o.s.web.servlet.DispatcherServlet - Detected org.springframework.web.servlet.support.SessionFlashMapManager@5d8d13f6
2026-02-15 18:36:26.104 [http-nio-8080-exec-1] DEBUG o.s.web.servlet.DispatcherServlet - enableLoggingRequestDetails='false': request parameters and headers will be masked to prevent unsafe logging of potentially sensitive data
2026-02-15 18:36:26.104 [http-nio-8080-exec-1] INFO  o.s.web.servlet.DispatcherServlet - Completed initialization in 2 ms
2026-02-15 18:53:47.437 [restartedMain] INFO  c.e.P.ProyectoBackEndApplication - Starting ProyectoBackEndApplication using Java 17.0.17 with PID 23984 (C:\Users\leofr\OneDrive\Escritorio\ESPECIALIZACION EN JAVA(CIBERTEC) Y OTRAS\JAVA BACK END\PROYECTO FINAL\ProyectoBackEnd (1)\ProyectoBackEnd\target\classes started by leofr in C:\Users\leofr\OneDrive\Escritorio\ESPECIALIZACION EN JAVA(CIBERTEC) Y OTRAS\JAVA BACK END\PROYECTO FINAL\ProyectoBackEnd (1)\ProyectoBackEnd)
2026-02-15 18:53:47.440 [restartedMain] DEBUG c.e.P.ProyectoBackEndApplication - Running with Spring Boot v3.5.10, Spring v6.2.15
2026-02-15 18:53:47.441 [restartedMain] INFO  c.e.P.ProyectoBackEndApplication - No active profile set, falling back to 1 default profile: "default"
2026-02-15 18:53:47.486 [restartedMain] INFO  o.s.b.d.e.DevToolsPropertyDefaultsPostProcessor - Devtools property defaults active! Set 'spring.devtools.add-properties' to 'false' to disable
2026-02-15 18:53:47.486 [restartedMain] INFO  o.s.b.d.e.DevToolsPropertyDefaultsPostProcessor - For additional web related logging consider setting the 'logging.level.web' property to 'DEBUG'
2026-02-15 18:53:48.229 [restartedMain] INFO  o.s.d.r.c.RepositoryConfigurationDelegate - Bootstrapping Spring Data JPA repositories in DEFAULT mode.
2026-02-15 18:53:48.319 [restartedMain] INFO  o.s.d.r.c.RepositoryConfigurationDelegate - Finished Spring Data repository scanning in 80 ms. Found 3 JPA repository interfaces.
2026-02-15 18:53:49.338 [restartedMain] INFO  o.s.b.w.e.tomcat.TomcatWebServer - Tomcat initialized with port 8080 (http)
2026-02-15 18:53:49.352 [restartedMain] INFO  o.a.coyote.http11.Http11NioProtocol - Initializing ProtocolHandler ["http-nio-8080"]
2026-02-15 18:53:49.355 [restartedMain] INFO  o.a.catalina.core.StandardService - Starting service [Tomcat]
2026-02-15 18:53:49.356 [restartedMain] INFO  o.a.catalina.core.StandardEngine - Starting Servlet engine: [Apache Tomcat/10.1.50]
2026-02-15 18:53:49.419 [restartedMain] INFO  o.a.c.c.C.[Tomcat].[localhost].[/] - Initializing Spring embedded WebApplicationContext
2026-02-15 18:53:49.421 [restartedMain] INFO  o.s.b.w.s.c.ServletWebServerApplicationContext - Root WebApplicationContext: initialization completed in 1934 ms
2026-02-15 18:53:49.716 [restartedMain] INFO  o.h.jpa.internal.util.LogHelper - HHH000204: Processing PersistenceUnitInfo [name: default]
2026-02-15 18:53:49.804 [restartedMain] INFO  org.hibernate.Version - HHH000412: Hibernate ORM core version 6.6.41.Final
2026-02-15 18:53:49.861 [restartedMain] INFO  o.h.c.i.RegionFactoryInitiator - HHH000026: Second-level cache disabled
2026-02-15 18:53:50.251 [restartedMain] INFO  o.s.o.j.p.SpringPersistenceUnitInfo - No LoadTimeWeaver setup: ignoring JPA class transformer
2026-02-15 18:53:50.305 [restartedMain] INFO  com.zaxxer.hikari.HikariDataSource - HikariPool-1 - Starting...
2026-02-15 18:53:50.538 [restartedMain] INFO  com.zaxxer.hikari.pool.HikariPool - HikariPool-1 - Added connection com.mysql.cj.jdbc.ConnectionImpl@4e26788f
2026-02-15 18:53:50.539 [restartedMain] INFO  com.zaxxer.hikari.HikariDataSource - HikariPool-1 - Start completed.
2026-02-15 18:53:50.603 [restartedMain] WARN  org.hibernate.orm.deprecation - HHH90000025: MySQLDialect does not need to be specified explicitly using 'hibernate.dialect' (remove the property setting and it will be selected by default)
2026-02-15 18:53:50.627 [restartedMain] INFO  o.hibernate.orm.connections.pooling - HHH10001005: Database info:
	Database JDBC URL [Connecting through datasource 'HikariDataSource (HikariPool-1)']
	Database driver: undefined/unknown
	Database version: 8.0.32
	Autocommit mode: undefined/unknown
	Isolation level: undefined/unknown
	Minimum pool size: undefined/unknown
	Maximum pool size: undefined/unknown
2026-02-15 18:53:51.747 [restartedMain] INFO  o.h.e.t.j.p.i.JtaPlatformInitiator - HHH000489: No JTA platform available (set 'hibernate.transaction.jta.platform' to enable JTA platform integration)
2026-02-15 18:53:51.833 [restartedMain] INFO  o.s.o.j.LocalContainerEntityManagerFactoryBean - Initialized JPA EntityManagerFactory for persistence unit 'default'
2026-02-15 18:53:52.340 [restartedMain] INFO  o.s.d.j.r.query.QueryEnhancerFactory - Hibernate is in classpath; If applicable, HQL parser will be used.
2026-02-15 18:53:53.086 [restartedMain] WARN  o.s.b.a.o.j.JpaBaseConfiguration$JpaWebConfiguration - spring.jpa.open-in-view is enabled by default. Therefore, database queries may be performed during view rendering. Explicitly configure spring.jpa.open-in-view to disable this warning
2026-02-15 18:53:53.473 [restartedMain] DEBUG o.s.w.s.m.m.a.RequestMappingHandlerMapping - 15 mappings in 'requestMappingHandlerMapping'
2026-02-15 18:53:53.647 [restartedMain] DEBUG o.s.w.s.h.SimpleUrlHandlerMapping - Patterns [/webjars/**, /**] in 'resourceHandlerMapping'
2026-02-15 18:53:53.728 [restartedMain] INFO  o.s.s.c.a.a.c.InitializeUserDetailsBeanManagerConfigurer$InitializeUserDetailsManagerConfigurer - Global AuthenticationManager configured with UserDetailsService bean with name usuarioServiceImpl
2026-02-15 18:53:53.982 [restartedMain] DEBUG o.s.w.s.m.m.a.RequestMappingHandlerAdapter - ControllerAdvice beans: 0 @ModelAttribute, 0 @InitBinder, 1 RequestBodyAdvice, 1 ResponseBodyAdvice
2026-02-15 18:53:54.051 [restartedMain] WARN  o.s.b.a.t.ThymeleafAutoConfiguration$DefaultTemplateResolverConfiguration - Cannot find template location: classpath:/templates/ (please add some templates, check your Thymeleaf configuration, or set spring.thymeleaf.check-template-location=false)
2026-02-15 18:53:54.086 [restartedMain] DEBUG o.s.w.s.m.m.a.ExceptionHandlerExceptionResolver - ControllerAdvice beans: 1 @ExceptionHandler, 1 ResponseBodyAdvice
2026-02-15 18:53:54.141 [restartedMain] DEBUG o.s.w.s.m.m.a.ExceptionHandlerExceptionResolver - ControllerAdvice beans: 1 @ExceptionHandler, 0 ResponseBodyAdvice
2026-02-15 18:53:54.409 [restartedMain] INFO  o.s.b.d.a.OptionalLiveReloadServer - LiveReload server is running on port 35729
2026-02-15 18:53:54.428 [restartedMain] INFO  o.a.coyote.http11.Http11NioProtocol - Starting ProtocolHandler ["http-nio-8080"]
2026-02-15 18:53:54.461 [restartedMain] INFO  o.s.b.w.e.tomcat.TomcatWebServer - Tomcat started on port 8080 (http) with context path '/'
2026-02-15 18:53:54.472 [restartedMain] INFO  c.e.P.ProyectoBackEndApplication - Started ProyectoBackEndApplication in 7.371 seconds (process running for 7.912)
2026-02-15 18:53:55.069 [http-nio-8080-exec-1] INFO  o.a.c.c.C.[Tomcat].[localhost].[/] - Initializing Spring DispatcherServlet 'dispatcherServlet'
2026-02-15 18:53:55.069 [http-nio-8080-exec-1] INFO  o.s.web.servlet.DispatcherServlet - Initializing Servlet 'dispatcherServlet'
2026-02-15 18:53:55.069 [http-nio-8080-exec-1] DEBUG o.s.web.servlet.DispatcherServlet - Detected StandardServletMultipartResolver
2026-02-15 18:53:55.070 [http-nio-8080-exec-1] DEBUG o.s.web.servlet.DispatcherServlet - Detected AcceptHeaderLocaleResolver
2026-02-15 18:53:55.070 [http-nio-8080-exec-1] DEBUG o.s.web.servlet.DispatcherServlet - Detected FixedThemeResolver
2026-02-15 18:53:55.071 [http-nio-8080-exec-1] DEBUG o.s.web.servlet.DispatcherServlet - Detected org.springframework.web.servlet.view.DefaultRequestToViewNameTranslator@640b10c8
2026-02-15 18:53:55.071 [http-nio-8080-exec-1] DEBUG o.s.web.servlet.DispatcherServlet - Detected org.springframework.web.servlet.support.SessionFlashMapManager@47dd5802
2026-02-15 18:53:55.072 [http-nio-8080-exec-1] DEBUG o.s.web.servlet.DispatcherServlet - enableLoggingRequestDetails='false': request parameters and headers will be masked to prevent unsafe logging of potentially sensitive data
2026-02-15 18:53:55.072 [http-nio-8080-exec-1] INFO  o.s.web.servlet.DispatcherServlet - Completed initialization in 3 ms
2026-02-15 19:05:11.911 [restartedMain] INFO  c.e.P.ProyectoBackEndApplication - Starting ProyectoBackEndApplication using Java 17.0.17 with PID 26500 (C:\Users\leofr\OneDrive\Escritorio\ESPECIALIZACION EN JAVA(CIBERTEC) Y OTRAS\JAVA BACK END\PROYECTO FINAL\ProyectoBackEnd (1)\ProyectoBackEnd\target\classes started by leofr in C:\Users\leofr\OneDrive\Escritorio\ESPECIALIZACION EN JAVA(CIBERTEC) Y OTRAS\JAVA BACK END\PROYECTO FINAL\ProyectoBackEnd (1)\ProyectoBackEnd)
2026-02-15 19:05:11.913 [restartedMain] DEBUG c.e.P.ProyectoBackEndApplication - Running with Spring Boot v3.5.10, Spring v6.2.15
2026-02-15 19:05:11.914 [restartedMain] INFO  c.e.P.ProyectoBackEndApplication - No active profile set, falling back to 1 default profile: "default"
2026-02-15 19:05:11.960 [restartedMain] INFO  o.s.b.d.e.DevToolsPropertyDefaultsPostProcessor - Devtools property defaults active! Set 'spring.devtools.add-properties' to 'false' to disable
2026-02-15 19:05:11.960 [restartedMain] INFO  o.s.b.d.e.DevToolsPropertyDefaultsPostProcessor - For additional web related logging consider setting the 'logging.level.web' property to 'DEBUG'
2026-02-15 19:05:12.678 [restartedMain] INFO  o.s.d.r.c.RepositoryConfigurationDelegate - Bootstrapping Spring Data JPA repositories in DEFAULT mode.
2026-02-15 19:05:12.757 [restartedMain] INFO  o.s.d.r.c.RepositoryConfigurationDelegate - Finished Spring Data repository scanning in 71 ms. Found 3 JPA repository interfaces.
2026-02-15 19:05:13.609 [restartedMain] INFO  o.s.b.w.e.tomcat.TomcatWebServer - Tomcat initialized with port 8080 (http)
2026-02-15 19:05:13.620 [restartedMain] INFO  o.a.coyote.http11.Http11NioProtocol - Initializing ProtocolHandler ["http-nio-8080"]
2026-02-15 19:05:13.623 [restartedMain] INFO  o.a.catalina.core.StandardService - Starting service [Tomcat]
2026-02-15 19:05:13.623 [restartedMain] INFO  o.a.catalina.core.StandardEngine - Starting Servlet engine: [Apache Tomcat/10.1.50]
2026-02-15 19:05:13.674 [restartedMain] INFO  o.a.c.c.C.[Tomcat].[localhost].[/] - Initializing Spring embedded WebApplicationContext
2026-02-15 19:05:13.676 [restartedMain] INFO  o.s.b.w.s.c.ServletWebServerApplicationContext - Root WebApplicationContext: initialization completed in 1714 ms
2026-02-15 19:05:13.927 [restartedMain] INFO  o.h.jpa.internal.util.LogHelper - HHH000204: Processing PersistenceUnitInfo [name: default]
2026-02-15 19:05:13.978 [restartedMain] INFO  org.hibernate.Version - HHH000412: Hibernate ORM core version 6.6.41.Final
2026-02-15 19:05:14.012 [restartedMain] INFO  o.h.c.i.RegionFactoryInitiator - HHH000026: Second-level cache disabled
2026-02-15 19:05:14.280 [restartedMain] INFO  o.s.o.j.p.SpringPersistenceUnitInfo - No LoadTimeWeaver setup: ignoring JPA class transformer
2026-02-15 19:05:14.309 [restartedMain] INFO  com.zaxxer.hikari.HikariDataSource - HikariPool-1 - Starting...
2026-02-15 19:05:14.453 [restartedMain] INFO  com.zaxxer.hikari.pool.HikariPool - HikariPool-1 - Added connection com.mysql.cj.jdbc.ConnectionImpl@5f1a467b
2026-02-15 19:05:14.454 [restartedMain] INFO  com.zaxxer.hikari.HikariDataSource - HikariPool-1 - Start completed.
2026-02-15 19:05:14.494 [restartedMain] WARN  org.hibernate.orm.deprecation - HHH90000025: MySQLDialect does not need to be specified explicitly using 'hibernate.dialect' (remove the property setting and it will be selected by default)
2026-02-15 19:05:14.511 [restartedMain] INFO  o.hibernate.orm.connections.pooling - HHH10001005: Database info:
	Database JDBC URL [Connecting through datasource 'HikariDataSource (HikariPool-1)']
	Database driver: undefined/unknown
	Database version: 8.0.32
	Autocommit mode: undefined/unknown
	Isolation level: undefined/unknown
	Minimum pool size: undefined/unknown
	Maximum pool size: undefined/unknown
2026-02-15 19:05:15.213 [restartedMain] INFO  o.h.e.t.j.p.i.JtaPlatformInitiator - HHH000489: No JTA platform available (set 'hibernate.transaction.jta.platform' to enable JTA platform integration)
2026-02-15 19:05:15.285 [restartedMain] INFO  o.s.o.j.LocalContainerEntityManagerFactoryBean - Initialized JPA EntityManagerFactory for persistence unit 'default'
2026-02-15 19:05:15.673 [restartedMain] INFO  o.s.d.j.r.query.QueryEnhancerFactory - Hibernate is in classpath; If applicable, HQL parser will be used.
2026-02-15 19:05:16.256 [restartedMain] WARN  o.s.b.a.o.j.JpaBaseConfiguration$JpaWebConfiguration - spring.jpa.open-in-view is enabled by default. Therefore, database queries may be performed during view rendering. Explicitly configure spring.jpa.open-in-view to disable this warning
2026-02-15 19:05:16.545 [restartedMain] DEBUG o.s.w.s.m.m.a.RequestMappingHandlerMapping - 15 mappings in 'requestMappingHandlerMapping'
2026-02-15 19:05:16.696 [restartedMain] DEBUG o.s.w.s.h.SimpleUrlHandlerMapping - Patterns [/webjars/**, /**] in 'resourceHandlerMapping'
2026-02-15 19:05:16.760 [restartedMain] INFO  o.s.s.c.a.a.c.InitializeUserDetailsBeanManagerConfigurer$InitializeUserDetailsManagerConfigurer - Global AuthenticationManager configured with UserDetailsService bean with name usuarioServiceImpl
2026-02-15 19:05:16.972 [restartedMain] DEBUG o.s.w.s.m.m.a.RequestMappingHandlerAdapter - ControllerAdvice beans: 0 @ModelAttribute, 0 @InitBinder, 1 RequestBodyAdvice, 1 ResponseBodyAdvice
2026-02-15 19:05:17.022 [restartedMain] WARN  o.s.b.a.t.ThymeleafAutoConfiguration$DefaultTemplateResolverConfiguration - Cannot find template location: classpath:/templates/ (please add some templates, check your Thymeleaf configuration, or set spring.thymeleaf.check-template-location=false)
2026-02-15 19:05:17.059 [restartedMain] DEBUG o.s.w.s.m.m.a.ExceptionHandlerExceptionResolver - ControllerAdvice beans: 1 @ExceptionHandler, 1 ResponseBodyAdvice
2026-02-15 19:05:17.097 [restartedMain] DEBUG o.s.w.s.m.m.a.ExceptionHandlerExceptionResolver - ControllerAdvice beans: 1 @ExceptionHandler, 0 ResponseBodyAdvice
2026-02-15 19:05:17.297 [restartedMain] INFO  o.s.b.d.a.OptionalLiveReloadServer - LiveReload server is running on port 35729
2026-02-15 19:05:17.311 [restartedMain] INFO  o.a.coyote.http11.Http11NioProtocol - Starting ProtocolHandler ["http-nio-8080"]
2026-02-15 19:05:17.334 [restartedMain] INFO  o.s.b.w.e.tomcat.TomcatWebServer - Tomcat started on port 8080 (http) with context path '/'
2026-02-15 19:05:17.344 [restartedMain] INFO  c.e.P.ProyectoBackEndApplication - Started ProyectoBackEndApplication in 5.783 seconds (process running for 6.296)
2026-02-15 19:05:43.606 [http-nio-8080-exec-1] INFO  o.a.c.c.C.[Tomcat].[localhost].[/] - Initializing Spring DispatcherServlet 'dispatcherServlet'
2026-02-15 19:05:43.606 [http-nio-8080-exec-1] INFO  o.s.web.servlet.DispatcherServlet - Initializing Servlet 'dispatcherServlet'
2026-02-15 19:05:43.607 [http-nio-8080-exec-1] DEBUG o.s.web.servlet.DispatcherServlet - Detected StandardServletMultipartResolver
2026-02-15 19:05:43.607 [http-nio-8080-exec-1] DEBUG o.s.web.servlet.DispatcherServlet - Detected AcceptHeaderLocaleResolver
2026-02-15 19:05:43.607 [http-nio-8080-exec-1] DEBUG o.s.web.servlet.DispatcherServlet - Detected FixedThemeResolver
2026-02-15 19:05:43.608 [http-nio-8080-exec-1] DEBUG o.s.web.servlet.DispatcherServlet - Detected org.springframework.web.servlet.view.DefaultRequestToViewNameTranslator@5365bd0d
2026-02-15 19:05:43.609 [http-nio-8080-exec-1] DEBUG o.s.web.servlet.DispatcherServlet - Detected org.springframework.web.servlet.support.SessionFlashMapManager@587d3170
2026-02-15 19:05:43.609 [http-nio-8080-exec-1] DEBUG o.s.web.servlet.DispatcherServlet - enableLoggingRequestDetails='false': request parameters and headers will be masked to prevent unsafe logging of potentially sensitive data
2026-02-15 19:05:43.609 [http-nio-8080-exec-1] INFO  o.s.web.servlet.DispatcherServlet - Completed initialization in 2 ms
2026-02-15 19:05:43.809 [http-nio-8080-exec-1] DEBUG o.s.web.servlet.DispatcherServlet - GET "/", parameters={}
2026-02-15 19:05:43.813 [http-nio-8080-exec-1] DEBUG o.s.w.s.h.SimpleUrlHandlerMapping - Mapped to ResourceHttpRequestHandler [classpath [META-INF/resources/], classpath [resources/], classpath [static/], classpath [public/], ServletContext [/]]
2026-02-15 19:05:43.818 [http-nio-8080-exec-1] DEBUG o.s.w.s.r.ResourceHttpRequestHandler - Resource not found
2026-02-15 19:05:43.824 [http-nio-8080-exec-1] DEBUG o.s.w.s.m.s.DefaultHandlerExceptionResolver - Resolved [org.springframework.web.servlet.resource.NoResourceFoundException: No static resource .]
2026-02-15 19:05:43.827 [http-nio-8080-exec-1] DEBUG o.s.web.servlet.DispatcherServlet - Completed 404 NOT_FOUND
2026-02-15 19:05:43.838 [http-nio-8080-exec-1] DEBUG o.s.web.servlet.DispatcherServlet - "ERROR" dispatch for GET "/error", parameters={}
2026-02-15 19:05:43.839 [http-nio-8080-exec-1] DEBUG o.s.w.s.m.m.a.RequestMappingHandlerMapping - Mapped to org.springframework.boot.autoconfigure.web.servlet.error.BasicErrorController#errorHtml(HttpServletRequest, HttpServletResponse)
2026-02-15 19:05:43.874 [http-nio-8080-exec-1] DEBUG o.s.w.s.v.ContentNegotiatingViewResolver - Selected 'text/html' given [text/html, text/html;q=0.8]
2026-02-15 19:05:43.886 [http-nio-8080-exec-1] DEBUG o.s.web.servlet.DispatcherServlet - Exiting from "ERROR" dispatch, status 404
2026-02-15 19:10:35.419 [restartedMain] INFO  c.e.P.ProyectoBackEndApplication - Starting ProyectoBackEndApplication using Java 17.0.17 with PID 5500 (C:\Users\leofr\OneDrive\Escritorio\ESPECIALIZACION EN JAVA(CIBERTEC) Y OTRAS\JAVA BACK END\PROYECTO FINAL\ProyectoBackEnd (1)\ProyectoBackEnd\target\classes started by leofr in C:\Users\leofr\OneDrive\Escritorio\ESPECIALIZACION EN JAVA(CIBERTEC) Y OTRAS\JAVA BACK END\PROYECTO FINAL\ProyectoBackEnd (1)\ProyectoBackEnd)
2026-02-15 19:10:35.421 [restartedMain] DEBUG c.e.P.ProyectoBackEndApplication - Running with Spring Boot v3.5.10, Spring v6.2.15
2026-02-15 19:10:35.422 [restartedMain] INFO  c.e.P.ProyectoBackEndApplication - No active profile set, falling back to 1 default profile: "default"
2026-02-15 19:10:35.466 [restartedMain] INFO  o.s.b.d.e.DevToolsPropertyDefaultsPostProcessor - Devtools property defaults active! Set 'spring.devtools.add-properties' to 'false' to disable
2026-02-15 19:10:35.467 [restartedMain] INFO  o.s.b.d.e.DevToolsPropertyDefaultsPostProcessor - For additional web related logging consider setting the 'logging.level.web' property to 'DEBUG'
2026-02-15 19:10:36.207 [restartedMain] INFO  o.s.d.r.c.RepositoryConfigurationDelegate - Bootstrapping Spring Data JPA repositories in DEFAULT mode.
2026-02-15 19:10:36.280 [restartedMain] INFO  o.s.d.r.c.RepositoryConfigurationDelegate - Finished Spring Data repository scanning in 62 ms. Found 3 JPA repository interfaces.
2026-02-15 19:10:37.150 [restartedMain] INFO  o.s.b.w.e.tomcat.TomcatWebServer - Tomcat initialized with port 8080 (http)
2026-02-15 19:10:37.165 [restartedMain] INFO  o.a.coyote.http11.Http11NioProtocol - Initializing ProtocolHandler ["http-nio-8080"]
2026-02-15 19:10:37.167 [restartedMain] INFO  o.a.catalina.core.StandardService - Starting service [Tomcat]
2026-02-15 19:10:37.167 [restartedMain] INFO  o.a.catalina.core.StandardEngine - Starting Servlet engine: [Apache Tomcat/10.1.50]
2026-02-15 19:10:37.218 [restartedMain] INFO  o.a.c.c.C.[Tomcat].[localhost].[/] - Initializing Spring embedded WebApplicationContext
2026-02-15 19:10:37.219 [restartedMain] INFO  o.s.b.w.s.c.ServletWebServerApplicationContext - Root WebApplicationContext: initialization completed in 1751 ms
2026-02-15 19:10:37.460 [restartedMain] INFO  o.h.jpa.internal.util.LogHelper - HHH000204: Processing PersistenceUnitInfo [name: default]
2026-02-15 19:10:37.512 [restartedMain] INFO  org.hibernate.Version - HHH000412: Hibernate ORM core version 6.6.41.Final
2026-02-15 19:10:37.546 [restartedMain] INFO  o.h.c.i.RegionFactoryInitiator - HHH000026: Second-level cache disabled
2026-02-15 19:10:37.921 [restartedMain] INFO  o.s.o.j.p.SpringPersistenceUnitInfo - No LoadTimeWeaver setup: ignoring JPA class transformer
2026-02-15 19:10:37.966 [restartedMain] INFO  com.zaxxer.hikari.HikariDataSource - HikariPool-1 - Starting...
2026-02-15 19:10:38.167 [restartedMain] INFO  com.zaxxer.hikari.pool.HikariPool - HikariPool-1 - Added connection com.mysql.cj.jdbc.ConnectionImpl@18e0aa17
2026-02-15 19:10:38.170 [restartedMain] INFO  com.zaxxer.hikari.HikariDataSource - HikariPool-1 - Start completed.
2026-02-15 19:10:38.218 [restartedMain] WARN  org.hibernate.orm.deprecation - HHH90000025: MySQLDialect does not need to be specified explicitly using 'hibernate.dialect' (remove the property setting and it will be selected by default)
2026-02-15 19:10:38.245 [restartedMain] INFO  o.hibernate.orm.connections.pooling - HHH10001005: Database info:
	Database JDBC URL [Connecting through datasource 'HikariDataSource (HikariPool-1)']
	Database driver: undefined/unknown
	Database version: 8.0.32
	Autocommit mode: undefined/unknown
	Isolation level: undefined/unknown
	Minimum pool size: undefined/unknown
	Maximum pool size: undefined/unknown
2026-02-15 19:10:39.155 [restartedMain] INFO  o.h.e.t.j.p.i.JtaPlatformInitiator - HHH000489: No JTA platform available (set 'hibernate.transaction.jta.platform' to enable JTA platform integration)
2026-02-15 19:10:39.243 [restartedMain] INFO  o.s.o.j.LocalContainerEntityManagerFactoryBean - Initialized JPA EntityManagerFactory for persistence unit 'default'
2026-02-15 19:10:39.744 [restartedMain] INFO  o.s.d.j.r.query.QueryEnhancerFactory - Hibernate is in classpath; If applicable, HQL parser will be used.
2026-02-15 19:10:40.448 [restartedMain] WARN  o.s.b.a.o.j.JpaBaseConfiguration$JpaWebConfiguration - spring.jpa.open-in-view is enabled by default. Therefore, database queries may be performed during view rendering. Explicitly configure spring.jpa.open-in-view to disable this warning
2026-02-15 19:10:40.806 [restartedMain] DEBUG o.s.w.s.m.m.a.RequestMappingHandlerMapping - 15 mappings in 'requestMappingHandlerMapping'
2026-02-15 19:10:40.955 [restartedMain] DEBUG o.s.w.s.h.SimpleUrlHandlerMapping - Patterns [/webjars/**, /**] in 'resourceHandlerMapping'
2026-02-15 19:10:41.028 [restartedMain] INFO  o.s.s.c.a.a.c.InitializeUserDetailsBeanManagerConfigurer$InitializeUserDetailsManagerConfigurer - Global AuthenticationManager configured with UserDetailsService bean with name usuarioServiceImpl
2026-02-15 19:10:41.236 [restartedMain] DEBUG o.s.w.s.m.m.a.RequestMappingHandlerAdapter - ControllerAdvice beans: 0 @ModelAttribute, 0 @InitBinder, 1 RequestBodyAdvice, 1 ResponseBodyAdvice
2026-02-15 19:10:41.290 [restartedMain] WARN  o.s.b.a.t.ThymeleafAutoConfiguration$DefaultTemplateResolverConfiguration - Cannot find template location: classpath:/templates/ (please add some templates, check your Thymeleaf configuration, or set spring.thymeleaf.check-template-location=false)
2026-02-15 19:10:41.321 [restartedMain] DEBUG o.s.w.s.m.m.a.ExceptionHandlerExceptionResolver - ControllerAdvice beans: 1 @ExceptionHandler, 1 ResponseBodyAdvice
2026-02-15 19:10:41.362 [restartedMain] DEBUG o.s.w.s.m.m.a.ExceptionHandlerExceptionResolver - ControllerAdvice beans: 1 @ExceptionHandler, 0 ResponseBodyAdvice
2026-02-15 19:10:41.574 [restartedMain] INFO  o.s.b.d.a.OptionalLiveReloadServer - LiveReload server is running on port 35729
2026-02-15 19:10:41.588 [restartedMain] INFO  o.a.coyote.http11.Http11NioProtocol - Starting ProtocolHandler ["http-nio-8080"]
2026-02-15 19:10:41.617 [restartedMain] INFO  o.s.b.w.e.tomcat.TomcatWebServer - Tomcat started on port 8080 (http) with context path '/'
2026-02-15 19:10:41.625 [restartedMain] INFO  c.e.P.ProyectoBackEndApplication - Started ProyectoBackEndApplication in 6.539 seconds (process running for 7.045)
2026-02-15 19:10:46.512 [http-nio-8080-exec-1] INFO  o.a.c.c.C.[Tomcat].[localhost].[/] - Initializing Spring DispatcherServlet 'dispatcherServlet'
2026-02-15 19:10:46.512 [http-nio-8080-exec-1] INFO  o.s.web.servlet.DispatcherServlet - Initializing Servlet 'dispatcherServlet'
2026-02-15 19:10:46.512 [http-nio-8080-exec-1] DEBUG o.s.web.servlet.DispatcherServlet - Detected StandardServletMultipartResolver
2026-02-15 19:10:46.512 [http-nio-8080-exec-1] DEBUG o.s.web.servlet.DispatcherServlet - Detected AcceptHeaderLocaleResolver
2026-02-15 19:10:46.513 [http-nio-8080-exec-1] DEBUG o.s.web.servlet.DispatcherServlet - Detected FixedThemeResolver
2026-02-15 19:10:46.514 [http-nio-8080-exec-1] DEBUG o.s.web.servlet.DispatcherServlet - Detected org.springframework.web.servlet.view.DefaultRequestToViewNameTranslator@2dede928
2026-02-15 19:10:46.515 [http-nio-8080-exec-1] DEBUG o.s.web.servlet.DispatcherServlet - Detected org.springframework.web.servlet.support.SessionFlashMapManager@7718bc35
2026-02-15 19:10:46.515 [http-nio-8080-exec-1] DEBUG o.s.web.servlet.DispatcherServlet - enableLoggingRequestDetails='false': request parameters and headers will be masked to prevent unsafe logging of potentially sensitive data
2026-02-15 19:10:46.516 [http-nio-8080-exec-1] INFO  o.s.web.servlet.DispatcherServlet - Completed initialization in 4 ms
2026-02-15 19:10:56.217 [http-nio-8080-exec-5] DEBUG o.s.web.servlet.DispatcherServlet - GET "/api/api/usuarios/buscarPorNombre?usuario=admin", parameters={masked}
2026-02-15 19:10:56.220 [http-nio-8080-exec-5] DEBUG o.s.w.s.h.SimpleUrlHandlerMapping - Mapped to ResourceHttpRequestHandler [classpath [META-INF/resources/], classpath [resources/], classpath [static/], classpath [public/], ServletContext [/]]
2026-02-15 19:10:56.227 [http-nio-8080-exec-5] DEBUG o.s.w.s.r.ResourceHttpRequestHandler - Resource not found
2026-02-15 19:10:56.229 [http-nio-8080-exec-5] DEBUG o.s.w.s.m.s.DefaultHandlerExceptionResolver - Resolved [org.springframework.web.servlet.resource.NoResourceFoundException: No static resource api/api/usuarios/buscarPorNombre.]
2026-02-15 19:10:56.231 [http-nio-8080-exec-5] DEBUG o.s.web.servlet.DispatcherServlet - Completed 404 NOT_FOUND
2026-02-15 19:10:56.232 [http-nio-8080-exec-5] DEBUG o.s.web.servlet.DispatcherServlet - "ERROR" dispatch for GET "/error?usuario=admin", parameters={masked}
2026-02-15 19:10:56.232 [http-nio-8080-exec-5] DEBUG o.s.w.s.m.m.a.RequestMappingHandlerMapping - Mapped to org.springframework.boot.autoconfigure.web.servlet.error.BasicErrorController#error(HttpServletRequest)
2026-02-15 19:10:56.261 [http-nio-8080-exec-5] DEBUG o.s.w.s.m.m.a.HttpEntityMethodProcessor - Using 'application/json', given [application/json, text/plain, */*] and supported [application/json, application/*+json]
2026-02-15 19:10:56.263 [http-nio-8080-exec-5] DEBUG o.s.w.s.m.m.a.HttpEntityMethodProcessor - Writing [{timestamp=Sun Feb 15 19:10:56 CET 2026, status=404, error=Not Found, trace=org.springframework.web. (truncated)...]
2026-02-15 19:10:56.297 [http-nio-8080-exec-5] DEBUG o.s.web.servlet.DispatcherServlet - Exiting from "ERROR" dispatch, status 404
2026-02-15 19:11:24.009 [http-nio-8080-exec-7] DEBUG o.s.web.servlet.DispatcherServlet - GET "/api/api/usuarios/buscarPorNombre?usuario=admin", parameters={masked}
2026-02-15 19:11:24.010 [http-nio-8080-exec-7] DEBUG o.s.w.s.h.SimpleUrlHandlerMapping - Mapped to ResourceHttpRequestHandler [classpath [META-INF/resources/], classpath [resources/], classpath [static/], classpath [public/], ServletContext [/]]
2026-02-15 19:11:24.015 [http-nio-8080-exec-7] DEBUG o.s.w.s.r.ResourceHttpRequestHandler - Resource not found
2026-02-15 19:11:24.016 [http-nio-8080-exec-7] DEBUG o.s.w.s.m.s.DefaultHandlerExceptionResolver - Resolved [org.springframework.web.servlet.resource.NoResourceFoundException: No static resource api/api/usuarios/buscarPorNombre.]
2026-02-15 19:11:24.016 [http-nio-8080-exec-7] DEBUG o.s.web.servlet.DispatcherServlet - Completed 404 NOT_FOUND
2026-02-15 19:11:24.017 [http-nio-8080-exec-7] DEBUG o.s.web.servlet.DispatcherServlet - "ERROR" dispatch for GET "/error?usuario=admin", parameters={masked}
2026-02-15 19:11:24.018 [http-nio-8080-exec-7] DEBUG o.s.w.s.m.m.a.RequestMappingHandlerMapping - Mapped to org.springframework.boot.autoconfigure.web.servlet.error.BasicErrorController#error(HttpServletRequest)
2026-02-15 19:11:24.019 [http-nio-8080-exec-7] DEBUG o.s.w.s.m.m.a.HttpEntityMethodProcessor - Using 'application/json', given [application/json, text/plain, */*] and supported [application/json, application/*+json]
2026-02-15 19:11:24.019 [http-nio-8080-exec-7] DEBUG o.s.w.s.m.m.a.HttpEntityMethodProcessor - Writing [{timestamp=Sun Feb 15 19:11:24 CET 2026, status=404, error=Not Found, trace=org.springframework.web. (truncated)...]
2026-02-15 19:11:24.020 [http-nio-8080-exec-7] DEBUG o.s.web.servlet.DispatcherServlet - Exiting from "ERROR" dispatch, status 404
2026-02-15 19:13:20.808 [restartedMain] INFO  c.e.P.ProyectoBackEndApplication - Starting ProyectoBackEndApplication using Java 17.0.17 with PID 3480 (C:\Users\leofr\OneDrive\Escritorio\ESPECIALIZACION EN JAVA(CIBERTEC) Y OTRAS\JAVA BACK END\PROYECTO FINAL\ProyectoBackEnd (1)\ProyectoBackEnd\target\classes started by leofr in C:\Users\leofr\OneDrive\Escritorio\ESPECIALIZACION EN JAVA(CIBERTEC) Y OTRAS\JAVA BACK END\PROYECTO FINAL\ProyectoBackEnd (1)\ProyectoBackEnd)
2026-02-15 19:13:20.811 [restartedMain] DEBUG c.e.P.ProyectoBackEndApplication - Running with Spring Boot v3.5.10, Spring v6.2.15
2026-02-15 19:13:20.812 [restartedMain] INFO  c.e.P.ProyectoBackEndApplication - No active profile set, falling back to 1 default profile: "default"
2026-02-15 19:13:20.857 [restartedMain] INFO  o.s.b.d.e.DevToolsPropertyDefaultsPostProcessor - Devtools property defaults active! Set 'spring.devtools.add-properties' to 'false' to disable
2026-02-15 19:13:20.857 [restartedMain] INFO  o.s.b.d.e.DevToolsPropertyDefaultsPostProcessor - For additional web related logging consider setting the 'logging.level.web' property to 'DEBUG'
2026-02-15 19:13:21.599 [restartedMain] INFO  o.s.d.r.c.RepositoryConfigurationDelegate - Bootstrapping Spring Data JPA repositories in DEFAULT mode.
2026-02-15 19:13:21.679 [restartedMain] INFO  o.s.d.r.c.RepositoryConfigurationDelegate - Finished Spring Data repository scanning in 69 ms. Found 3 JPA repository interfaces.
2026-02-15 19:13:22.515 [restartedMain] INFO  o.s.b.w.e.tomcat.TomcatWebServer - Tomcat initialized with port 8080 (http)
2026-02-15 19:13:22.527 [restartedMain] INFO  o.a.coyote.http11.Http11NioProtocol - Initializing ProtocolHandler ["http-nio-8080"]
2026-02-15 19:13:22.529 [restartedMain] INFO  o.a.catalina.core.StandardService - Starting service [Tomcat]
2026-02-15 19:13:22.529 [restartedMain] INFO  o.a.catalina.core.StandardEngine - Starting Servlet engine: [Apache Tomcat/10.1.50]
2026-02-15 19:13:22.581 [restartedMain] INFO  o.a.c.c.C.[Tomcat].[localhost].[/] - Initializing Spring embedded WebApplicationContext
2026-02-15 19:13:22.582 [restartedMain] INFO  o.s.b.w.s.c.ServletWebServerApplicationContext - Root WebApplicationContext: initialization completed in 1723 ms
2026-02-15 19:13:22.820 [restartedMain] INFO  o.h.jpa.internal.util.LogHelper - HHH000204: Processing PersistenceUnitInfo [name: default]
2026-02-15 19:13:22.870 [restartedMain] INFO  org.hibernate.Version - HHH000412: Hibernate ORM core version 6.6.41.Final
2026-02-15 19:13:22.909 [restartedMain] INFO  o.h.c.i.RegionFactoryInitiator - HHH000026: Second-level cache disabled
2026-02-15 19:13:23.184 [restartedMain] INFO  o.s.o.j.p.SpringPersistenceUnitInfo - No LoadTimeWeaver setup: ignoring JPA class transformer
2026-02-15 19:13:23.219 [restartedMain] INFO  com.zaxxer.hikari.HikariDataSource - HikariPool-1 - Starting...
2026-02-15 19:13:23.382 [restartedMain] INFO  com.zaxxer.hikari.pool.HikariPool - HikariPool-1 - Added connection com.mysql.cj.jdbc.ConnectionImpl@2a265d34
2026-02-15 19:13:23.384 [restartedMain] INFO  com.zaxxer.hikari.HikariDataSource - HikariPool-1 - Start completed.
2026-02-15 19:13:23.430 [restartedMain] WARN  org.hibernate.orm.deprecation - HHH90000025: MySQLDialect does not need to be specified explicitly using 'hibernate.dialect' (remove the property setting and it will be selected by default)
2026-02-15 19:13:23.450 [restartedMain] INFO  o.hibernate.orm.connections.pooling - HHH10001005: Database info:
	Database JDBC URL [Connecting through datasource 'HikariDataSource (HikariPool-1)']
	Database driver: undefined/unknown
	Database version: 8.0.32
	Autocommit mode: undefined/unknown
	Isolation level: undefined/unknown
	Minimum pool size: undefined/unknown
	Maximum pool size: undefined/unknown
2026-02-15 19:13:24.142 [restartedMain] INFO  o.h.e.t.j.p.i.JtaPlatformInitiator - HHH000489: No JTA platform available (set 'hibernate.transaction.jta.platform' to enable JTA platform integration)
2026-02-15 19:13:24.208 [restartedMain] INFO  o.s.o.j.LocalContainerEntityManagerFactoryBean - Initialized JPA EntityManagerFactory for persistence unit 'default'
2026-02-15 19:13:24.601 [restartedMain] INFO  o.s.d.j.r.query.QueryEnhancerFactory - Hibernate is in classpath; If applicable, HQL parser will be used.
2026-02-15 19:13:25.183 [restartedMain] WARN  o.s.b.a.o.j.JpaBaseConfiguration$JpaWebConfiguration - spring.jpa.open-in-view is enabled by default. Therefore, database queries may be performed during view rendering. Explicitly configure spring.jpa.open-in-view to disable this warning
2026-02-15 19:13:25.476 [restartedMain] DEBUG o.s.w.s.m.m.a.RequestMappingHandlerMapping - 15 mappings in 'requestMappingHandlerMapping'
2026-02-15 19:13:25.620 [restartedMain] DEBUG o.s.w.s.h.SimpleUrlHandlerMapping - Patterns [/webjars/**, /**] in 'resourceHandlerMapping'
2026-02-15 19:13:25.685 [restartedMain] INFO  o.s.s.c.a.a.c.InitializeUserDetailsBeanManagerConfigurer$InitializeUserDetailsManagerConfigurer - Global AuthenticationManager configured with UserDetailsService bean with name usuarioServiceImpl
2026-02-15 19:13:25.898 [restartedMain] DEBUG o.s.w.s.m.m.a.RequestMappingHandlerAdapter - ControllerAdvice beans: 0 @ModelAttribute, 0 @InitBinder, 1 RequestBodyAdvice, 1 ResponseBodyAdvice
2026-02-15 19:13:25.952 [restartedMain] WARN  o.s.b.a.t.ThymeleafAutoConfiguration$DefaultTemplateResolverConfiguration - Cannot find template location: classpath:/templates/ (please add some templates, check your Thymeleaf configuration, or set spring.thymeleaf.check-template-location=false)
2026-02-15 19:13:25.980 [restartedMain] DEBUG o.s.w.s.m.m.a.ExceptionHandlerExceptionResolver - ControllerAdvice beans: 1 @ExceptionHandler, 1 ResponseBodyAdvice
2026-02-15 19:13:26.022 [restartedMain] DEBUG o.s.w.s.m.m.a.ExceptionHandlerExceptionResolver - ControllerAdvice beans: 1 @ExceptionHandler, 0 ResponseBodyAdvice
2026-02-15 19:13:26.224 [restartedMain] INFO  o.s.b.d.a.OptionalLiveReloadServer - LiveReload server is running on port 35729
2026-02-15 19:13:26.238 [restartedMain] INFO  o.a.coyote.http11.Http11NioProtocol - Starting ProtocolHandler ["http-nio-8080"]
2026-02-15 19:13:26.259 [restartedMain] INFO  o.s.b.w.e.tomcat.TomcatWebServer - Tomcat started on port 8080 (http) with context path '/'
2026-02-15 19:13:26.269 [restartedMain] INFO  c.e.P.ProyectoBackEndApplication - Started ProyectoBackEndApplication in 5.822 seconds (process running for 6.338)
2026-02-15 19:13:33.726 [http-nio-8080-exec-1] INFO  o.a.c.c.C.[Tomcat].[localhost].[/] - Initializing Spring DispatcherServlet 'dispatcherServlet'
2026-02-15 19:13:33.727 [http-nio-8080-exec-1] INFO  o.s.web.servlet.DispatcherServlet - Initializing Servlet 'dispatcherServlet'
2026-02-15 19:13:33.727 [http-nio-8080-exec-1] DEBUG o.s.web.servlet.DispatcherServlet - Detected StandardServletMultipartResolver
2026-02-15 19:13:33.727 [http-nio-8080-exec-1] DEBUG o.s.web.servlet.DispatcherServlet - Detected AcceptHeaderLocaleResolver
2026-02-15 19:13:33.727 [http-nio-8080-exec-1] DEBUG o.s.web.servlet.DispatcherServlet - Detected FixedThemeResolver
2026-02-15 19:13:33.728 [http-nio-8080-exec-1] DEBUG o.s.web.servlet.DispatcherServlet - Detected org.springframework.web.servlet.view.DefaultRequestToViewNameTranslator@4b2bd41
2026-02-15 19:13:33.729 [http-nio-8080-exec-1] DEBUG o.s.web.servlet.DispatcherServlet - Detected org.springframework.web.servlet.support.SessionFlashMapManager@533a8e13
2026-02-15 19:13:33.729 [http-nio-8080-exec-1] DEBUG o.s.web.servlet.DispatcherServlet - enableLoggingRequestDetails='false': request parameters and headers will be masked to prevent unsafe logging of potentially sensitive data
2026-02-15 19:13:33.729 [http-nio-8080-exec-1] INFO  o.s.web.servlet.DispatcherServlet - Completed initialization in 2 ms
2026-02-15 19:14:39.875 [restartedMain] INFO  c.e.P.ProyectoBackEndApplication - Starting ProyectoBackEndApplication using Java 17.0.17 with PID 21272 (C:\Users\leofr\OneDrive\Escritorio\ESPECIALIZACION EN JAVA(CIBERTEC) Y OTRAS\JAVA BACK END\PROYECTO FINAL\ProyectoBackEnd (1)\ProyectoBackEnd\target\classes started by leofr in C:\Users\leofr\OneDrive\Escritorio\ESPECIALIZACION EN JAVA(CIBERTEC) Y OTRAS\JAVA BACK END\PROYECTO FINAL\ProyectoBackEnd (1)\ProyectoBackEnd)
2026-02-15 19:14:39.878 [restartedMain] DEBUG c.e.P.ProyectoBackEndApplication - Running with Spring Boot v3.5.10, Spring v6.2.15
2026-02-15 19:14:39.878 [restartedMain] INFO  c.e.P.ProyectoBackEndApplication - No active profile set, falling back to 1 default profile: "default"
2026-02-15 19:14:39.924 [restartedMain] INFO  o.s.b.d.e.DevToolsPropertyDefaultsPostProcessor - Devtools property defaults active! Set 'spring.devtools.add-properties' to 'false' to disable
2026-02-15 19:14:39.925 [restartedMain] INFO  o.s.b.d.e.DevToolsPropertyDefaultsPostProcessor - For additional web related logging consider setting the 'logging.level.web' property to 'DEBUG'
2026-02-15 19:14:40.654 [restartedMain] INFO  o.s.d.r.c.RepositoryConfigurationDelegate - Bootstrapping Spring Data JPA repositories in DEFAULT mode.
2026-02-15 19:14:40.741 [restartedMain] INFO  o.s.d.r.c.RepositoryConfigurationDelegate - Finished Spring Data repository scanning in 76 ms. Found 3 JPA repository interfaces.
2026-02-15 19:14:41.607 [restartedMain] INFO  o.s.b.w.e.tomcat.TomcatWebServer - Tomcat initialized with port 8080 (http)
2026-02-15 19:14:41.621 [restartedMain] INFO  o.a.coyote.http11.Http11NioProtocol - Initializing ProtocolHandler ["http-nio-8080"]
2026-02-15 19:14:41.623 [restartedMain] INFO  o.a.catalina.core.StandardService - Starting service [Tomcat]
2026-02-15 19:14:41.623 [restartedMain] INFO  o.a.catalina.core.StandardEngine - Starting Servlet engine: [Apache Tomcat/10.1.50]
2026-02-15 19:14:41.673 [restartedMain] INFO  o.a.c.c.C.[Tomcat].[localhost].[/] - Initializing Spring embedded WebApplicationContext
2026-02-15 19:14:41.674 [restartedMain] INFO  o.s.b.w.s.c.ServletWebServerApplicationContext - Root WebApplicationContext: initialization completed in 1748 ms
2026-02-15 19:14:41.906 [restartedMain] INFO  o.h.jpa.internal.util.LogHelper - HHH000204: Processing PersistenceUnitInfo [name: default]
2026-02-15 19:14:41.967 [restartedMain] INFO  org.hibernate.Version - HHH000412: Hibernate ORM core version 6.6.41.Final
2026-02-15 19:14:42.002 [restartedMain] INFO  o.h.c.i.RegionFactoryInitiator - HHH000026: Second-level cache disabled
2026-02-15 19:14:42.350 [restartedMain] INFO  o.s.o.j.p.SpringPersistenceUnitInfo - No LoadTimeWeaver setup: ignoring JPA class transformer
2026-02-15 19:14:42.392 [restartedMain] INFO  com.zaxxer.hikari.HikariDataSource - HikariPool-1 - Starting...
2026-02-15 19:14:42.573 [restartedMain] INFO  com.zaxxer.hikari.pool.HikariPool - HikariPool-1 - Added connection com.mysql.cj.jdbc.ConnectionImpl@574ed9ec
2026-02-15 19:14:42.578 [restartedMain] INFO  com.zaxxer.hikari.HikariDataSource - HikariPool-1 - Start completed.
2026-02-15 19:14:42.635 [restartedMain] WARN  org.hibernate.orm.deprecation - HHH90000025: MySQLDialect does not need to be specified explicitly using 'hibernate.dialect' (remove the property setting and it will be selected by default)
2026-02-15 19:14:42.657 [restartedMain] INFO  o.hibernate.orm.connections.pooling - HHH10001005: Database info:
	Database JDBC URL [Connecting through datasource 'HikariDataSource (HikariPool-1)']
	Database driver: undefined/unknown
	Database version: 8.0.32
	Autocommit mode: undefined/unknown
	Isolation level: undefined/unknown
	Minimum pool size: undefined/unknown
	Maximum pool size: undefined/unknown
2026-02-15 19:14:43.588 [restartedMain] INFO  o.h.e.t.j.p.i.JtaPlatformInitiator - HHH000489: No JTA platform available (set 'hibernate.transaction.jta.platform' to enable JTA platform integration)
2026-02-15 19:14:43.668 [restartedMain] INFO  o.s.o.j.LocalContainerEntityManagerFactoryBean - Initialized JPA EntityManagerFactory for persistence unit 'default'
2026-02-15 19:14:44.184 [restartedMain] INFO  o.s.d.j.r.query.QueryEnhancerFactory - Hibernate is in classpath; If applicable, HQL parser will be used.
2026-02-15 19:14:44.954 [restartedMain] WARN  o.s.b.a.o.j.JpaBaseConfiguration$JpaWebConfiguration - spring.jpa.open-in-view is enabled by default. Therefore, database queries may be performed during view rendering. Explicitly configure spring.jpa.open-in-view to disable this warning
2026-02-15 19:14:45.345 [restartedMain] DEBUG o.s.w.s.m.m.a.RequestMappingHandlerMapping - 15 mappings in 'requestMappingHandlerMapping'
2026-02-15 19:14:45.533 [restartedMain] DEBUG o.s.w.s.h.SimpleUrlHandlerMapping - Patterns [/webjars/**, /**] in 'resourceHandlerMapping'
2026-02-15 19:14:45.624 [restartedMain] INFO  o.s.s.c.a.a.c.InitializeUserDetailsBeanManagerConfigurer$InitializeUserDetailsManagerConfigurer - Global AuthenticationManager configured with UserDetailsService bean with name usuarioServiceImpl
2026-02-15 19:14:45.879 [restartedMain] DEBUG o.s.w.s.m.m.a.RequestMappingHandlerAdapter - ControllerAdvice beans: 0 @ModelAttribute, 0 @InitBinder, 1 RequestBodyAdvice, 1 ResponseBodyAdvice
2026-02-15 19:14:45.942 [restartedMain] WARN  o.s.b.a.t.ThymeleafAutoConfiguration$DefaultTemplateResolverConfiguration - Cannot find template location: classpath:/templates/ (please add some templates, check your Thymeleaf configuration, or set spring.thymeleaf.check-template-location=false)
2026-02-15 19:14:45.987 [restartedMain] DEBUG o.s.w.s.m.m.a.ExceptionHandlerExceptionResolver - ControllerAdvice beans: 1 @ExceptionHandler, 1 ResponseBodyAdvice
2026-02-15 19:14:46.045 [restartedMain] DEBUG o.s.w.s.m.m.a.ExceptionHandlerExceptionResolver - ControllerAdvice beans: 1 @ExceptionHandler, 0 ResponseBodyAdvice
2026-02-15 19:14:46.303 [restartedMain] INFO  o.s.b.d.a.OptionalLiveReloadServer - LiveReload server is running on port 35729
2026-02-15 19:14:46.320 [restartedMain] INFO  o.a.coyote.http11.Http11NioProtocol - Starting ProtocolHandler ["http-nio-8080"]
2026-02-15 19:14:46.348 [restartedMain] INFO  o.s.b.w.e.tomcat.TomcatWebServer - Tomcat started on port 8080 (http) with context path '/'
2026-02-15 19:14:46.361 [restartedMain] INFO  c.e.P.ProyectoBackEndApplication - Started ProyectoBackEndApplication in 6.845 seconds (process running for 7.368)
2026-02-15 19:14:54.876 [http-nio-8080-exec-2] INFO  o.a.c.c.C.[Tomcat].[localhost].[/] - Initializing Spring DispatcherServlet 'dispatcherServlet'
2026-02-15 19:14:54.877 [http-nio-8080-exec-2] INFO  o.s.web.servlet.DispatcherServlet - Initializing Servlet 'dispatcherServlet'
2026-02-15 19:14:54.877 [http-nio-8080-exec-2] DEBUG o.s.web.servlet.DispatcherServlet - Detected StandardServletMultipartResolver
2026-02-15 19:14:54.877 [http-nio-8080-exec-2] DEBUG o.s.web.servlet.DispatcherServlet - Detected AcceptHeaderLocaleResolver
2026-02-15 19:14:54.877 [http-nio-8080-exec-2] DEBUG o.s.web.servlet.DispatcherServlet - Detected FixedThemeResolver
2026-02-15 19:14:54.878 [http-nio-8080-exec-2] DEBUG o.s.web.servlet.DispatcherServlet - Detected org.springframework.web.servlet.view.DefaultRequestToViewNameTranslator@62f058a3
2026-02-15 19:14:54.879 [http-nio-8080-exec-2] DEBUG o.s.web.servlet.DispatcherServlet - Detected org.springframework.web.servlet.support.SessionFlashMapManager@33ab7a03
2026-02-15 19:14:54.879 [http-nio-8080-exec-2] DEBUG o.s.web.servlet.DispatcherServlet - enableLoggingRequestDetails='false': request parameters and headers will be masked to prevent unsafe logging of potentially sensitive data
2026-02-15 19:14:54.879 [http-nio-8080-exec-2] INFO  o.s.web.servlet.DispatcherServlet - Completed initialization in 2 ms
2026-02-15 19:16:44.768 [restartedMain] INFO  c.e.P.ProyectoBackEndApplication - Starting ProyectoBackEndApplication using Java 17.0.17 with PID 14296 (C:\Users\leofr\OneDrive\Escritorio\ESPECIALIZACION EN JAVA(CIBERTEC) Y OTRAS\JAVA BACK END\PROYECTO FINAL\ProyectoBackEnd (1)\ProyectoBackEnd\target\classes started by leofr in C:\Users\leofr\OneDrive\Escritorio\ESPECIALIZACION EN JAVA(CIBERTEC) Y OTRAS\JAVA BACK END\PROYECTO FINAL\ProyectoBackEnd (1)\ProyectoBackEnd)
2026-02-15 19:16:44.772 [restartedMain] DEBUG c.e.P.ProyectoBackEndApplication - Running with Spring Boot v3.5.10, Spring v6.2.15
2026-02-15 19:16:44.772 [restartedMain] INFO  c.e.P.ProyectoBackEndApplication - No active profile set, falling back to 1 default profile: "default"
2026-02-15 19:16:44.827 [restartedMain] INFO  o.s.b.d.e.DevToolsPropertyDefaultsPostProcessor - Devtools property defaults active! Set 'spring.devtools.add-properties' to 'false' to disable
2026-02-15 19:16:44.827 [restartedMain] INFO  o.s.b.d.e.DevToolsPropertyDefaultsPostProcessor - For additional web related logging consider setting the 'logging.level.web' property to 'DEBUG'
2026-02-15 19:16:45.544 [restartedMain] INFO  o.s.d.r.c.RepositoryConfigurationDelegate - Bootstrapping Spring Data JPA repositories in DEFAULT mode.
2026-02-15 19:16:45.627 [restartedMain] INFO  o.s.d.r.c.RepositoryConfigurationDelegate - Finished Spring Data repository scanning in 73 ms. Found 3 JPA repository interfaces.
2026-02-15 19:16:46.497 [restartedMain] INFO  o.s.b.w.e.tomcat.TomcatWebServer - Tomcat initialized with port 8080 (http)
2026-02-15 19:16:46.511 [restartedMain] INFO  o.a.coyote.http11.Http11NioProtocol - Initializing ProtocolHandler ["http-nio-8080"]
2026-02-15 19:16:46.513 [restartedMain] INFO  o.a.catalina.core.StandardService - Starting service [Tomcat]
2026-02-15 19:16:46.514 [restartedMain] INFO  o.a.catalina.core.StandardEngine - Starting Servlet engine: [Apache Tomcat/10.1.50]
2026-02-15 19:16:46.567 [restartedMain] INFO  o.a.c.c.C.[Tomcat].[localhost].[/] - Initializing Spring embedded WebApplicationContext
2026-02-15 19:16:46.568 [restartedMain] INFO  o.s.b.w.s.c.ServletWebServerApplicationContext - Root WebApplicationContext: initialization completed in 1739 ms
2026-02-15 19:23:28.804 [restartedMain] INFO  c.e.P.ProyectoBackEndApplication - Starting ProyectoBackEndApplication using Java 17.0.17 with PID 1824 (C:\Users\leofr\OneDrive\Escritorio\ESPECIALIZACION EN JAVA(CIBERTEC) Y OTRAS\JAVA BACK END\PROYECTO FINAL\ProyectoBackEnd (1)\ProyectoBackEnd\target\classes started by leofr in C:\Users\leofr\OneDrive\Escritorio\ESPECIALIZACION EN JAVA(CIBERTEC) Y OTRAS\JAVA BACK END\PROYECTO FINAL\ProyectoBackEnd (1)\ProyectoBackEnd)
2026-02-15 19:23:28.807 [restartedMain] DEBUG c.e.P.ProyectoBackEndApplication - Running with Spring Boot v3.5.10, Spring v6.2.15
2026-02-15 19:23:28.807 [restartedMain] INFO  c.e.P.ProyectoBackEndApplication - No active profile set, falling back to 1 default profile: "default"
2026-02-15 19:23:28.857 [restartedMain] INFO  o.s.b.d.e.DevToolsPropertyDefaultsPostProcessor - Devtools property defaults active! Set 'spring.devtools.add-properties' to 'false' to disable
2026-02-15 19:23:28.857 [restartedMain] INFO  o.s.b.d.e.DevToolsPropertyDefaultsPostProcessor - For additional web related logging consider setting the 'logging.level.web' property to 'DEBUG'
2026-02-15 19:23:29.599 [restartedMain] INFO  o.s.d.r.c.RepositoryConfigurationDelegate - Bootstrapping Spring Data JPA repositories in DEFAULT mode.
2026-02-15 19:23:29.673 [restartedMain] INFO  o.s.d.r.c.RepositoryConfigurationDelegate - Finished Spring Data repository scanning in 62 ms. Found 3 JPA repository interfaces.
2026-02-15 19:23:30.569 [restartedMain] INFO  o.s.b.w.e.tomcat.TomcatWebServer - Tomcat initialized with port 8080 (http)
2026-02-15 19:23:30.585 [restartedMain] INFO  o.a.coyote.http11.Http11NioProtocol - Initializing ProtocolHandler ["http-nio-8080"]
2026-02-15 19:23:30.588 [restartedMain] INFO  o.a.catalina.core.StandardService - Starting service [Tomcat]
2026-02-15 19:23:30.588 [restartedMain] INFO  o.a.catalina.core.StandardEngine - Starting Servlet engine: [Apache Tomcat/10.1.50]
2026-02-15 19:23:30.644 [restartedMain] INFO  o.a.c.c.C.[Tomcat].[localhost].[/] - Initializing Spring embedded WebApplicationContext
2026-02-15 19:23:30.646 [restartedMain] INFO  o.s.b.w.s.c.ServletWebServerApplicationContext - Root WebApplicationContext: initialization completed in 1788 ms
2026-02-15 19:23:30.897 [restartedMain] INFO  o.h.jpa.internal.util.LogHelper - HHH000204: Processing PersistenceUnitInfo [name: default]
2026-02-15 19:23:30.991 [restartedMain] INFO  org.hibernate.Version - HHH000412: Hibernate ORM core version 6.6.41.Final
2026-02-15 19:23:31.047 [restartedMain] INFO  o.h.c.i.RegionFactoryInitiator - HHH000026: Second-level cache disabled
2026-02-15 19:23:31.413 [restartedMain] INFO  o.s.o.j.p.SpringPersistenceUnitInfo - No LoadTimeWeaver setup: ignoring JPA class transformer
2026-02-15 19:23:31.450 [restartedMain] INFO  com.zaxxer.hikari.HikariDataSource - HikariPool-1 - Starting...
2026-02-15 19:23:31.651 [restartedMain] INFO  com.zaxxer.hikari.pool.HikariPool - HikariPool-1 - Added connection com.mysql.cj.jdbc.ConnectionImpl@11c73c06
2026-02-15 19:23:31.653 [restartedMain] INFO  com.zaxxer.hikari.HikariDataSource - HikariPool-1 - Start completed.
2026-02-15 19:23:31.704 [restartedMain] WARN  org.hibernate.orm.deprecation - HHH90000025: MySQLDialect does not need to be specified explicitly using 'hibernate.dialect' (remove the property setting and it will be selected by default)
2026-02-15 19:23:31.729 [restartedMain] INFO  o.hibernate.orm.connections.pooling - HHH10001005: Database info:
	Database JDBC URL [Connecting through datasource 'HikariDataSource (HikariPool-1)']
	Database driver: undefined/unknown
	Database version: 8.0.32
	Autocommit mode: undefined/unknown
	Isolation level: undefined/unknown
	Minimum pool size: undefined/unknown
	Maximum pool size: undefined/unknown
2026-02-15 19:23:32.654 [restartedMain] INFO  o.h.e.t.j.p.i.JtaPlatformInitiator - HHH000489: No JTA platform available (set 'hibernate.transaction.jta.platform' to enable JTA platform integration)
2026-02-15 19:23:32.739 [restartedMain] INFO  o.s.o.j.LocalContainerEntityManagerFactoryBean - Initialized JPA EntityManagerFactory for persistence unit 'default'
2026-02-15 19:23:33.240 [restartedMain] INFO  o.s.d.j.r.query.QueryEnhancerFactory - Hibernate is in classpath; If applicable, HQL parser will be used.
2026-02-15 19:23:34.117 [restartedMain] WARN  o.s.b.a.o.j.JpaBaseConfiguration$JpaWebConfiguration - spring.jpa.open-in-view is enabled by default. Therefore, database queries may be performed during view rendering. Explicitly configure spring.jpa.open-in-view to disable this warning
2026-02-15 19:23:34.494 [restartedMain] DEBUG o.s.w.s.m.m.a.RequestMappingHandlerMapping - 15 mappings in 'requestMappingHandlerMapping'
2026-02-15 19:23:34.668 [restartedMain] DEBUG o.s.w.s.h.SimpleUrlHandlerMapping - Patterns [/webjars/**, /**] in 'resourceHandlerMapping'
2026-02-15 19:23:34.745 [restartedMain] INFO  o.s.s.c.a.a.c.InitializeUserDetailsBeanManagerConfigurer$InitializeUserDetailsManagerConfigurer - Global AuthenticationManager configured with UserDetailsService bean with name usuarioServiceImpl
2026-02-15 19:23:35.006 [restartedMain] DEBUG o.s.w.s.m.m.a.RequestMappingHandlerAdapter - ControllerAdvice beans: 0 @ModelAttribute, 0 @InitBinder, 1 RequestBodyAdvice, 1 ResponseBodyAdvice
2026-02-15 19:23:35.075 [restartedMain] WARN  o.s.b.a.t.ThymeleafAutoConfiguration$DefaultTemplateResolverConfiguration - Cannot find template location: classpath:/templates/ (please add some templates, check your Thymeleaf configuration, or set spring.thymeleaf.check-template-location=false)
2026-02-15 19:23:35.110 [restartedMain] DEBUG o.s.w.s.m.m.a.ExceptionHandlerExceptionResolver - ControllerAdvice beans: 1 @ExceptionHandler, 1 ResponseBodyAdvice
2026-02-15 19:23:35.159 [restartedMain] DEBUG o.s.w.s.m.m.a.ExceptionHandlerExceptionResolver - ControllerAdvice beans: 1 @ExceptionHandler, 0 ResponseBodyAdvice
2026-02-15 19:23:35.409 [restartedMain] INFO  o.s.b.d.a.OptionalLiveReloadServer - LiveReload server is running on port 35729
2026-02-15 19:23:35.431 [restartedMain] INFO  o.a.coyote.http11.Http11NioProtocol - Starting ProtocolHandler ["http-nio-8080"]
2026-02-15 19:23:35.456 [restartedMain] INFO  o.s.b.w.e.tomcat.TomcatWebServer - Tomcat started on port 8080 (http) with context path '/'
2026-02-15 19:23:35.464 [restartedMain] INFO  c.e.P.ProyectoBackEndApplication - Started ProyectoBackEndApplication in 7.011 seconds (process running for 7.546)
2026-02-15 19:23:45.488 [http-nio-8080-exec-1] INFO  o.a.c.c.C.[Tomcat].[localhost].[/] - Initializing Spring DispatcherServlet 'dispatcherServlet'
2026-02-15 19:23:45.488 [http-nio-8080-exec-1] INFO  o.s.web.servlet.DispatcherServlet - Initializing Servlet 'dispatcherServlet'
2026-02-15 19:23:45.489 [http-nio-8080-exec-1] DEBUG o.s.web.servlet.DispatcherServlet - Detected StandardServletMultipartResolver
2026-02-15 19:23:45.489 [http-nio-8080-exec-1] DEBUG o.s.web.servlet.DispatcherServlet - Detected AcceptHeaderLocaleResolver
2026-02-15 19:23:45.489 [http-nio-8080-exec-1] DEBUG o.s.web.servlet.DispatcherServlet - Detected FixedThemeResolver
2026-02-15 19:23:45.491 [http-nio-8080-exec-1] DEBUG o.s.web.servlet.DispatcherServlet - Detected org.springframework.web.servlet.view.DefaultRequestToViewNameTranslator@36a0212c
2026-02-15 19:23:45.491 [http-nio-8080-exec-1] DEBUG o.s.web.servlet.DispatcherServlet - Detected org.springframework.web.servlet.support.SessionFlashMapManager@1c571c39
2026-02-15 19:23:45.491 [http-nio-8080-exec-1] DEBUG o.s.web.servlet.DispatcherServlet - enableLoggingRequestDetails='false': request parameters and headers will be masked to prevent unsafe logging of potentially sensitive data
2026-02-15 19:23:45.492 [http-nio-8080-exec-1] INFO  o.s.web.servlet.DispatcherServlet - Completed initialization in 3 ms
2026-02-15 19:23:53.533 [http-nio-8080-exec-4] DEBUG o.s.web.servlet.DispatcherServlet - GET "/api/api/usuarios/buscarPorNombre?usuario=admin", parameters={masked}
2026-02-15 19:23:53.539 [http-nio-8080-exec-4] DEBUG o.s.w.s.h.SimpleUrlHandlerMapping - Mapped to ResourceHttpRequestHandler [classpath [META-INF/resources/], classpath [resources/], classpath [static/], classpath [public/], ServletContext [/]]
2026-02-15 19:23:53.546 [http-nio-8080-exec-4] DEBUG o.s.w.s.r.ResourceHttpRequestHandler - Resource not found
2026-02-15 19:23:53.549 [http-nio-8080-exec-4] DEBUG o.s.w.s.m.s.DefaultHandlerExceptionResolver - Resolved [org.springframework.web.servlet.resource.NoResourceFoundException: No static resource api/api/usuarios/buscarPorNombre.]
2026-02-15 19:23:53.550 [http-nio-8080-exec-4] DEBUG o.s.web.servlet.DispatcherServlet - Completed 404 NOT_FOUND
2026-02-15 19:23:53.552 [http-nio-8080-exec-4] DEBUG o.s.web.servlet.DispatcherServlet - "ERROR" dispatch for GET "/error?usuario=admin", parameters={masked}
2026-02-15 19:23:53.552 [http-nio-8080-exec-4] DEBUG o.s.w.s.m.m.a.RequestMappingHandlerMapping - Mapped to org.springframework.boot.autoconfigure.web.servlet.error.BasicErrorController#error(HttpServletRequest)
2026-02-15 19:23:53.591 [http-nio-8080-exec-4] DEBUG o.s.w.s.m.m.a.HttpEntityMethodProcessor - Using 'application/json', given [application/json, text/plain, */*] and supported [application/json, application/*+json]
2026-02-15 19:23:53.594 [http-nio-8080-exec-4] DEBUG o.s.w.s.m.m.a.HttpEntityMethodProcessor - Writing [{timestamp=Sun Feb 15 19:23:53 CET 2026, status=404, error=Not Found, trace=org.springframework.web. (truncated)...]
2026-02-15 19:23:53.646 [http-nio-8080-exec-4] DEBUG o.s.web.servlet.DispatcherServlet - Exiting from "ERROR" dispatch, status 404
2026-02-15 19:24:14.409 [http-nio-8080-exec-7] DEBUG o.s.web.servlet.DispatcherServlet - GET "/api/api/usuarios/buscarPorNombre?usuario=admin", parameters={masked}
2026-02-15 19:24:14.410 [http-nio-8080-exec-7] DEBUG o.s.w.s.h.SimpleUrlHandlerMapping - Mapped to ResourceHttpRequestHandler [classpath [META-INF/resources/], classpath [resources/], classpath [static/], classpath [public/], ServletContext [/]]
2026-02-15 19:24:14.415 [http-nio-8080-exec-7] DEBUG o.s.w.s.r.ResourceHttpRequestHandler - Resource not found
2026-02-15 19:24:14.415 [http-nio-8080-exec-7] DEBUG o.s.w.s.m.s.DefaultHandlerExceptionResolver - Resolved [org.springframework.web.servlet.resource.NoResourceFoundException: No static resource api/api/usuarios/buscarPorNombre.]
2026-02-15 19:24:14.416 [http-nio-8080-exec-7] DEBUG o.s.web.servlet.DispatcherServlet - Completed 404 NOT_FOUND
2026-02-15 19:24:14.417 [http-nio-8080-exec-7] DEBUG o.s.web.servlet.DispatcherServlet - "ERROR" dispatch for GET "/error?usuario=admin", parameters={masked}
2026-02-15 19:24:14.417 [http-nio-8080-exec-7] DEBUG o.s.w.s.m.m.a.RequestMappingHandlerMapping - Mapped to org.springframework.boot.autoconfigure.web.servlet.error.BasicErrorController#error(HttpServletRequest)
2026-02-15 19:24:14.418 [http-nio-8080-exec-7] DEBUG o.s.w.s.m.m.a.HttpEntityMethodProcessor - Using 'application/json', given [application/json, text/plain, */*] and supported [application/json, application/*+json]
2026-02-15 19:24:14.419 [http-nio-8080-exec-7] DEBUG o.s.w.s.m.m.a.HttpEntityMethodProcessor - Writing [{timestamp=Sun Feb 15 19:24:14 CET 2026, status=404, error=Not Found, trace=org.springframework.web. (truncated)...]
2026-02-15 19:24:14.420 [http-nio-8080-exec-7] DEBUG o.s.web.servlet.DispatcherServlet - Exiting from "ERROR" dispatch, status 404
2026-02-15 19:24:16.637 [http-nio-8080-exec-6] DEBUG o.s.web.servlet.DispatcherServlet - GET "/api/api/usuarios/buscarPorNombre?usuario=admin", parameters={masked}
2026-02-15 19:24:16.638 [http-nio-8080-exec-6] DEBUG o.s.w.s.h.SimpleUrlHandlerMapping - Mapped to ResourceHttpRequestHandler [classpath [META-INF/resources/], classpath [resources/], classpath [static/], classpath [public/], ServletContext [/]]
2026-02-15 19:24:16.639 [http-nio-8080-exec-6] DEBUG o.s.w.s.r.ResourceHttpRequestHandler - Resource not found
2026-02-15 19:24:16.640 [http-nio-8080-exec-6] DEBUG o.s.w.s.m.s.DefaultHandlerExceptionResolver - Resolved [org.springframework.web.servlet.resource.NoResourceFoundException: No static resource api/api/usuarios/buscarPorNombre.]
2026-02-15 19:24:16.640 [http-nio-8080-exec-6] DEBUG o.s.web.servlet.DispatcherServlet - Completed 404 NOT_FOUND
2026-02-15 19:24:16.643 [http-nio-8080-exec-6] DEBUG o.s.web.servlet.DispatcherServlet - "ERROR" dispatch for GET "/error?usuario=admin", parameters={masked}
2026-02-15 19:24:16.643 [http-nio-8080-exec-6] DEBUG o.s.w.s.m.m.a.RequestMappingHandlerMapping - Mapped to org.springframework.boot.autoconfigure.web.servlet.error.BasicErrorController#error(HttpServletRequest)
2026-02-15 19:24:16.643 [http-nio-8080-exec-6] DEBUG o.s.w.s.m.m.a.HttpEntityMethodProcessor - Using 'application/json', given [application/json, text/plain, */*] and supported [application/json, application/*+json]
2026-02-15 19:24:16.644 [http-nio-8080-exec-6] DEBUG o.s.w.s.m.m.a.HttpEntityMethodProcessor - Writing [{timestamp=Sun Feb 15 19:24:16 CET 2026, status=404, error=Not Found, trace=org.springframework.web. (truncated)...]
2026-02-15 19:24:16.645 [http-nio-8080-exec-6] DEBUG o.s.web.servlet.DispatcherServlet - Exiting from "ERROR" dispatch, status 404
2026-02-15 19:25:37.168 [http-nio-8080-exec-8] DEBUG o.s.web.servlet.DispatcherServlet - GET "/api/usuarios/buscarPorNombre?usuario=admin", parameters={masked}
2026-02-15 19:25:37.169 [http-nio-8080-exec-8] DEBUG o.s.w.s.m.m.a.RequestMappingHandlerMapping - Mapped to com.example.ProyectoBackEnd.controller.UsuarioController#obtenerUno(int)
2026-02-15 19:25:37.184 [http-nio-8080-exec-8] DEBUG o.s.web.method.HandlerMethod - Could not resolve parameter [0] in public org.springframework.hateoas.EntityModel<com.example.ProyectoBackEnd.dao.entity.UsuarioEntity> com.example.ProyectoBackEnd.controller.UsuarioController.obtenerUno(int): Method parameter 'id': Failed to convert value of type 'java.lang.String' to required type 'int'; For input string: "buscarPorNombre"
2026-02-15 19:25:37.185 [http-nio-8080-exec-8] WARN  o.s.w.s.m.s.DefaultHandlerExceptionResolver - Resolved [org.springframework.web.method.annotation.MethodArgumentTypeMismatchException: Method parameter 'id': Failed to convert value of type 'java.lang.String' to required type 'int'; For input string: "buscarPorNombre"]
2026-02-15 19:25:37.185 [http-nio-8080-exec-8] DEBUG o.s.web.servlet.DispatcherServlet - Completed 400 BAD_REQUEST
2026-02-15 19:25:37.186 [http-nio-8080-exec-8] DEBUG o.s.web.servlet.DispatcherServlet - "ERROR" dispatch for GET "/error?usuario=admin", parameters={masked}
2026-02-15 19:25:37.186 [http-nio-8080-exec-8] DEBUG o.s.w.s.m.m.a.RequestMappingHandlerMapping - Mapped to org.springframework.boot.autoconfigure.web.servlet.error.BasicErrorController#error(HttpServletRequest)
2026-02-15 19:25:37.188 [http-nio-8080-exec-8] DEBUG o.s.w.s.m.m.a.HttpEntityMethodProcessor - Using 'application/json', given [application/json, text/plain, */*] and supported [application/json, application/*+json]
2026-02-15 19:25:37.188 [http-nio-8080-exec-8] DEBUG o.s.w.s.m.m.a.HttpEntityMethodProcessor - Writing [{timestamp=Sun Feb 15 19:25:37 CET 2026, status=400, error=Bad Request, trace=org.springframework.we (truncated)...]
2026-02-15 19:25:37.190 [http-nio-8080-exec-8] DEBUG o.s.web.servlet.DispatcherServlet - Exiting from "ERROR" dispatch, status 400
2026-02-15 19:32:45.583 [main] INFO  o.s.t.c.s.AnnotationConfigContextLoaderUtils - Could not detect default configuration classes for test class [com.example.ProyectoBackEnd.ProyectoBackEndApplicationTests]: ProyectoBackEndApplicationTests does not declare any static, non-private, non-final, nested classes annotated with @Configuration.
2026-02-15 19:32:45.693 [main] INFO  o.s.b.t.c.SpringBootTestContextBootstrapper - Found @SpringBootConfiguration com.example.ProyectoBackEnd.ProyectoBackEndApplication for test class com.example.ProyectoBackEnd.ProyectoBackEndApplicationTests
2026-02-15 19:32:45.843 [main] INFO  o.s.b.d.r.RestartApplicationListener - Restart disabled due to context in which it is running
2026-02-15 19:32:46.078 [main] INFO  c.e.P.ProyectoBackEndApplicationTests - Starting ProyectoBackEndApplicationTests using Java 17.0.17 with PID 11780 (started by leofr in C:\Users\leofr\OneDrive\Escritorio\ESPECIALIZACION EN JAVA(CIBERTEC) Y OTRAS\JAVA BACK END\PROYECTO FINAL\ProyectoBackEnd (1)\ProyectoBackEnd)
2026-02-15 19:32:46.079 [main] DEBUG c.e.P.ProyectoBackEndApplicationTests - Running with Spring Boot v3.5.10, Spring v6.2.15
2026-02-15 19:32:46.080 [main] INFO  c.e.P.ProyectoBackEndApplicationTests - No active profile set, falling back to 1 default profile: "default"
2026-02-15 19:32:46.108 [main] DEBUG o.s.w.c.s.GenericWebApplicationContext - Refreshing org.springframework.web.context.support.GenericWebApplicationContext@15923407
2026-02-15 19:32:46.761 [main] INFO  o.s.d.r.c.RepositoryConfigurationDelegate - Bootstrapping Spring Data JPA repositories in DEFAULT mode.
2026-02-15 19:32:46.841 [main] INFO  o.s.d.r.c.RepositoryConfigurationDelegate - Finished Spring Data repository scanning in 68 ms. Found 3 JPA repository interfaces.
2026-02-15 19:32:47.557 [main] INFO  o.h.jpa.internal.util.LogHelper - HHH000204: Processing PersistenceUnitInfo [name: default]
2026-02-15 19:32:47.642 [main] INFO  org.hibernate.Version - HHH000412: Hibernate ORM core version 6.6.41.Final
2026-02-15 19:32:47.691 [main] INFO  o.h.c.i.RegionFactoryInitiator - HHH000026: Second-level cache disabled
2026-02-15 19:32:48.069 [main] INFO  o.s.o.j.p.SpringPersistenceUnitInfo - No LoadTimeWeaver setup: ignoring JPA class transformer
2026-02-15 19:32:48.108 [main] INFO  com.zaxxer.hikari.HikariDataSource - HikariPool-1 - Starting...
2026-02-15 19:32:48.283 [main] INFO  com.zaxxer.hikari.pool.HikariPool - HikariPool-1 - Added connection com.mysql.cj.jdbc.ConnectionImpl@7af9595d
2026-02-15 19:32:48.285 [main] INFO  com.zaxxer.hikari.HikariDataSource - HikariPool-1 - Start completed.
2026-02-15 19:32:48.343 [main] WARN  org.hibernate.orm.deprecation - HHH90000025: MySQLDialect does not need to be specified explicitly using 'hibernate.dialect' (remove the property setting and it will be selected by default)
2026-02-15 19:32:48.366 [main] INFO  o.hibernate.orm.connections.pooling - HHH10001005: Database info:
	Database JDBC URL [Connecting through datasource 'HikariDataSource (HikariPool-1)']
	Database driver: undefined/unknown
	Database version: 8.0.32
	Autocommit mode: undefined/unknown
	Isolation level: undefined/unknown
	Minimum pool size: undefined/unknown
	Maximum pool size: undefined/unknown
2026-02-15 19:32:49.156 [main] INFO  o.h.e.t.j.p.i.JtaPlatformInitiator - HHH000489: No JTA platform available (set 'hibernate.transaction.jta.platform' to enable JTA platform integration)
2026-02-15 19:32:49.227 [main] INFO  o.s.o.j.LocalContainerEntityManagerFactoryBean - Initialized JPA EntityManagerFactory for persistence unit 'default'
2026-02-15 19:32:49.623 [main] INFO  o.s.d.j.r.query.QueryEnhancerFactory - Hibernate is in classpath; If applicable, HQL parser will be used.
2026-02-15 19:32:50.207 [main] WARN  o.s.b.a.o.j.JpaBaseConfiguration$JpaWebConfiguration - spring.jpa.open-in-view is enabled by default. Therefore, database queries may be performed during view rendering. Explicitly configure spring.jpa.open-in-view to disable this warning
2026-02-15 19:32:50.505 [main] DEBUG o.s.w.s.m.m.a.RequestMappingHandlerMapping - 15 mappings in 'requestMappingHandlerMapping'
2026-02-15 19:32:50.643 [main] DEBUG o.s.w.s.h.SimpleUrlHandlerMapping - Patterns [/webjars/**, /**] in 'resourceHandlerMapping'
2026-02-15 19:32:50.714 [main] INFO  o.s.s.c.a.a.c.InitializeUserDetailsBeanManagerConfigurer$InitializeUserDetailsManagerConfigurer - Global AuthenticationManager configured with UserDetailsService bean with name usuarioServiceImpl
2026-02-15 19:32:51.011 [main] DEBUG o.s.w.s.m.m.a.RequestMappingHandlerAdapter - ControllerAdvice beans: 0 @ModelAttribute, 0 @InitBinder, 1 RequestBodyAdvice, 1 ResponseBodyAdvice
2026-02-15 19:32:51.066 [main] WARN  o.s.b.a.t.ThymeleafAutoConfiguration$DefaultTemplateResolverConfiguration - Cannot find template location: classpath:/templates/ (please add some templates, check your Thymeleaf configuration, or set spring.thymeleaf.check-template-location=false)
2026-02-15 19:32:51.105 [main] DEBUG o.s.w.s.m.m.a.ExceptionHandlerExceptionResolver - ControllerAdvice beans: 1 @ExceptionHandler, 1 ResponseBodyAdvice
2026-02-15 19:32:51.142 [main] DEBUG o.s.w.s.m.m.a.ExceptionHandlerExceptionResolver - ControllerAdvice beans: 1 @ExceptionHandler, 0 ResponseBodyAdvice
2026-02-15 19:32:51.331 [main] INFO  c.e.P.ProyectoBackEndApplicationTests - Started ProyectoBackEndApplicationTests in 5.501 seconds (process running for 6.538)
2026-02-15 19:32:51.765 [SpringApplicationShutdownHook] DEBUG o.s.w.c.s.GenericWebApplicationContext - Closing org.springframework.web.context.support.GenericWebApplicationContext@15923407, started on Sun Feb 15 19:32:46 CET 2026
2026-02-15 19:32:51.769 [SpringApplicationShutdownHook] INFO  o.s.o.j.LocalContainerEntityManagerFactoryBean - Closing JPA EntityManagerFactory for persistence unit 'default'
2026-02-15 19:32:51.772 [SpringApplicationShutdownHook] INFO  com.zaxxer.hikari.HikariDataSource - HikariPool-1 - Shutdown initiated...
2026-02-15 19:32:51.778 [SpringApplicationShutdownHook] INFO  com.zaxxer.hikari.HikariDataSource - HikariPool-1 - Shutdown completed.
2026-02-15 19:33:01.396 [restartedMain] INFO  c.e.P.ProyectoBackEndApplication - Starting ProyectoBackEndApplication using Java 17.0.17 with PID 6788 (C:\Users\leofr\OneDrive\Escritorio\ESPECIALIZACION EN JAVA(CIBERTEC) Y OTRAS\JAVA BACK END\PROYECTO FINAL\ProyectoBackEnd (1)\ProyectoBackEnd\target\classes started by leofr in C:\Users\leofr\OneDrive\Escritorio\ESPECIALIZACION EN JAVA(CIBERTEC) Y OTRAS\JAVA BACK END\PROYECTO FINAL\ProyectoBackEnd (1)\ProyectoBackEnd)
2026-02-15 19:33:01.399 [restartedMain] DEBUG c.e.P.ProyectoBackEndApplication - Running with Spring Boot v3.5.10, Spring v6.2.15
2026-02-15 19:33:01.400 [restartedMain] INFO  c.e.P.ProyectoBackEndApplication - No active profile set, falling back to 1 default profile: "default"
2026-02-15 19:33:01.454 [restartedMain] INFO  o.s.b.d.e.DevToolsPropertyDefaultsPostProcessor - Devtools property defaults active! Set 'spring.devtools.add-properties' to 'false' to disable
2026-02-15 19:33:01.454 [restartedMain] INFO  o.s.b.d.e.DevToolsPropertyDefaultsPostProcessor - For additional web related logging consider setting the 'logging.level.web' property to 'DEBUG'
2026-02-15 19:33:02.257 [restartedMain] INFO  o.s.d.r.c.RepositoryConfigurationDelegate - Bootstrapping Spring Data JPA repositories in DEFAULT mode.
2026-02-15 19:33:02.337 [restartedMain] INFO  o.s.d.r.c.RepositoryConfigurationDelegate - Finished Spring Data repository scanning in 69 ms. Found 3 JPA repository interfaces.
2026-02-15 19:33:03.216 [restartedMain] INFO  o.s.b.w.e.tomcat.TomcatWebServer - Tomcat initialized with port 8080 (http)
2026-02-15 19:33:03.227 [restartedMain] INFO  o.a.coyote.http11.Http11NioProtocol - Initializing ProtocolHandler ["http-nio-8080"]
2026-02-15 19:33:03.229 [restartedMain] INFO  o.a.catalina.core.StandardService - Starting service [Tomcat]
2026-02-15 19:33:03.230 [restartedMain] INFO  o.a.catalina.core.StandardEngine - Starting Servlet engine: [Apache Tomcat/10.1.50]
2026-02-15 19:33:03.283 [restartedMain] INFO  o.a.c.c.C.[Tomcat].[localhost].[/] - Initializing Spring embedded WebApplicationContext
2026-02-15 19:33:03.284 [restartedMain] INFO  o.s.b.w.s.c.ServletWebServerApplicationContext - Root WebApplicationContext: initialization completed in 1829 ms
2026-02-15 19:33:03.541 [restartedMain] INFO  o.h.jpa.internal.util.LogHelper - HHH000204: Processing PersistenceUnitInfo [name: default]
2026-02-15 19:33:03.595 [restartedMain] INFO  org.hibernate.Version - HHH000412: Hibernate ORM core version 6.6.41.Final
2026-02-15 19:33:03.632 [restartedMain] INFO  o.h.c.i.RegionFactoryInitiator - HHH000026: Second-level cache disabled
2026-02-15 19:33:03.910 [restartedMain] INFO  o.s.o.j.p.SpringPersistenceUnitInfo - No LoadTimeWeaver setup: ignoring JPA class transformer
2026-02-15 19:33:03.942 [restartedMain] INFO  com.zaxxer.hikari.HikariDataSource - HikariPool-1 - Starting...
2026-02-15 19:33:04.112 [restartedMain] INFO  com.zaxxer.hikari.pool.HikariPool - HikariPool-1 - Added connection com.mysql.cj.jdbc.ConnectionImpl@379d1c11
2026-02-15 19:33:04.114 [restartedMain] INFO  com.zaxxer.hikari.HikariDataSource - HikariPool-1 - Start completed.
2026-02-15 19:33:04.155 [restartedMain] WARN  org.hibernate.orm.deprecation - HHH90000025: MySQLDialect does not need to be specified explicitly using 'hibernate.dialect' (remove the property setting and it will be selected by default)
2026-02-15 19:33:04.173 [restartedMain] INFO  o.hibernate.orm.connections.pooling - HHH10001005: Database info:
	Database JDBC URL [Connecting through datasource 'HikariDataSource (HikariPool-1)']
	Database driver: undefined/unknown
	Database version: 8.0.32
	Autocommit mode: undefined/unknown
	Isolation level: undefined/unknown
	Minimum pool size: undefined/unknown
	Maximum pool size: undefined/unknown
2026-02-15 19:33:04.894 [restartedMain] INFO  o.h.e.t.j.p.i.JtaPlatformInitiator - HHH000489: No JTA platform available (set 'hibernate.transaction.jta.platform' to enable JTA platform integration)
2026-02-15 19:33:04.962 [restartedMain] INFO  o.s.o.j.LocalContainerEntityManagerFactoryBean - Initialized JPA EntityManagerFactory for persistence unit 'default'
2026-02-15 19:33:05.353 [restartedMain] INFO  o.s.d.j.r.query.QueryEnhancerFactory - Hibernate is in classpath; If applicable, HQL parser will be used.
2026-02-15 19:33:05.930 [restartedMain] WARN  o.s.b.a.o.j.JpaBaseConfiguration$JpaWebConfiguration - spring.jpa.open-in-view is enabled by default. Therefore, database queries may be performed during view rendering. Explicitly configure spring.jpa.open-in-view to disable this warning
2026-02-15 19:33:06.234 [restartedMain] DEBUG o.s.w.s.m.m.a.RequestMappingHandlerMapping - 15 mappings in 'requestMappingHandlerMapping'
2026-02-15 19:33:06.373 [restartedMain] DEBUG o.s.w.s.h.SimpleUrlHandlerMapping - Patterns [/webjars/**, /**] in 'resourceHandlerMapping'
2026-02-15 19:33:06.437 [restartedMain] INFO  o.s.s.c.a.a.c.InitializeUserDetailsBeanManagerConfigurer$InitializeUserDetailsManagerConfigurer - Global AuthenticationManager configured with UserDetailsService bean with name usuarioServiceImpl
2026-02-15 19:33:06.642 [restartedMain] DEBUG o.s.w.s.m.m.a.RequestMappingHandlerAdapter - ControllerAdvice beans: 0 @ModelAttribute, 0 @InitBinder, 1 RequestBodyAdvice, 1 ResponseBodyAdvice
2026-02-15 19:33:06.700 [restartedMain] WARN  o.s.b.a.t.ThymeleafAutoConfiguration$DefaultTemplateResolverConfiguration - Cannot find template location: classpath:/templates/ (please add some templates, check your Thymeleaf configuration, or set spring.thymeleaf.check-template-location=false)
2026-02-15 19:33:06.733 [restartedMain] DEBUG o.s.w.s.m.m.a.ExceptionHandlerExceptionResolver - ControllerAdvice beans: 1 @ExceptionHandler, 1 ResponseBodyAdvice
2026-02-15 19:33:06.771 [restartedMain] DEBUG o.s.w.s.m.m.a.ExceptionHandlerExceptionResolver - ControllerAdvice beans: 1 @ExceptionHandler, 0 ResponseBodyAdvice
2026-02-15 19:33:06.978 [restartedMain] INFO  o.s.b.d.a.OptionalLiveReloadServer - LiveReload server is running on port 35729
2026-02-15 19:33:06.995 [restartedMain] INFO  o.a.coyote.http11.Http11NioProtocol - Starting ProtocolHandler ["http-nio-8080"]
2026-02-15 19:33:07.018 [restartedMain] INFO  o.s.b.w.e.tomcat.TomcatWebServer - Tomcat started on port 8080 (http) with context path '/'
2026-02-15 19:33:07.029 [restartedMain] INFO  c.e.P.ProyectoBackEndApplication - Started ProyectoBackEndApplication in 5.995 seconds (process running for 6.551)
2026-02-15 19:33:21.072 [http-nio-8080-exec-1] INFO  o.a.c.c.C.[Tomcat].[localhost].[/] - Initializing Spring DispatcherServlet 'dispatcherServlet'
2026-02-15 19:33:21.073 [http-nio-8080-exec-1] INFO  o.s.web.servlet.DispatcherServlet - Initializing Servlet 'dispatcherServlet'
2026-02-15 19:33:21.073 [http-nio-8080-exec-1] DEBUG o.s.web.servlet.DispatcherServlet - Detected StandardServletMultipartResolver
2026-02-15 19:33:21.074 [http-nio-8080-exec-1] DEBUG o.s.web.servlet.DispatcherServlet - Detected AcceptHeaderLocaleResolver
2026-02-15 19:33:21.074 [http-nio-8080-exec-1] DEBUG o.s.web.servlet.DispatcherServlet - Detected FixedThemeResolver
2026-02-15 19:33:21.077 [http-nio-8080-exec-1] DEBUG o.s.web.servlet.DispatcherServlet - Detected org.springframework.web.servlet.view.DefaultRequestToViewNameTranslator@296eecc7
2026-02-15 19:33:21.078 [http-nio-8080-exec-1] DEBUG o.s.web.servlet.DispatcherServlet - Detected org.springframework.web.servlet.support.SessionFlashMapManager@470bd112
2026-02-15 19:33:21.079 [http-nio-8080-exec-1] DEBUG o.s.web.servlet.DispatcherServlet - enableLoggingRequestDetails='false': request parameters and headers will be masked to prevent unsafe logging of potentially sensitive data
2026-02-15 19:33:21.079 [http-nio-8080-exec-1] INFO  o.s.web.servlet.DispatcherServlet - Completed initialization in 6 ms
2026-02-15 19:37:53.716 [restartedMain] INFO  c.e.P.ProyectoBackEndApplication - Starting ProyectoBackEndApplication using Java 17.0.17 with PID 14872 (C:\Users\leofr\OneDrive\Escritorio\ESPECIALIZACION EN JAVA(CIBERTEC) Y OTRAS\JAVA BACK END\PROYECTO FINAL\ProyectoBackEnd (1)\ProyectoBackEnd\target\classes started by leofr in C:\Users\leofr\OneDrive\Escritorio\ESPECIALIZACION EN JAVA(CIBERTEC) Y OTRAS\JAVA BACK END\PROYECTO FINAL\ProyectoBackEnd (1)\ProyectoBackEnd)
2026-02-15 19:37:53.719 [restartedMain] DEBUG c.e.P.ProyectoBackEndApplication - Running with Spring Boot v3.5.10, Spring v6.2.15
2026-02-15 19:37:53.720 [restartedMain] INFO  c.e.P.ProyectoBackEndApplication - No active profile set, falling back to 1 default profile: "default"
2026-02-15 19:37:53.768 [restartedMain] INFO  o.s.b.d.e.DevToolsPropertyDefaultsPostProcessor - Devtools property defaults active! Set 'spring.devtools.add-properties' to 'false' to disable
2026-02-15 19:37:53.768 [restartedMain] INFO  o.s.b.d.e.DevToolsPropertyDefaultsPostProcessor - For additional web related logging consider setting the 'logging.level.web' property to 'DEBUG'
2026-02-15 19:37:54.592 [restartedMain] INFO  o.s.d.r.c.RepositoryConfigurationDelegate - Bootstrapping Spring Data JPA repositories in DEFAULT mode.
2026-02-15 19:37:54.675 [restartedMain] INFO  o.s.d.r.c.RepositoryConfigurationDelegate - Finished Spring Data repository scanning in 72 ms. Found 3 JPA repository interfaces.
2026-02-15 19:37:55.600 [restartedMain] INFO  o.s.b.w.e.tomcat.TomcatWebServer - Tomcat initialized with port 8080 (http)
2026-02-15 19:37:55.612 [restartedMain] INFO  o.a.coyote.http11.Http11NioProtocol - Initializing ProtocolHandler ["http-nio-8080"]
2026-02-15 19:37:55.615 [restartedMain] INFO  o.a.catalina.core.StandardService - Starting service [Tomcat]
2026-02-15 19:37:55.616 [restartedMain] INFO  o.a.catalina.core.StandardEngine - Starting Servlet engine: [Apache Tomcat/10.1.50]
2026-02-15 19:37:55.675 [restartedMain] INFO  o.a.c.c.C.[Tomcat].[localhost].[/] - Initializing Spring embedded WebApplicationContext
2026-02-15 19:37:55.676 [restartedMain] INFO  o.s.b.w.s.c.ServletWebServerApplicationContext - Root WebApplicationContext: initialization completed in 1907 ms
2026-02-15 19:37:55.981 [restartedMain] INFO  o.h.jpa.internal.util.LogHelper - HHH000204: Processing PersistenceUnitInfo [name: default]
2026-02-15 19:37:56.059 [restartedMain] INFO  org.hibernate.Version - HHH000412: Hibernate ORM core version 6.6.41.Final
2026-02-15 19:37:56.109 [restartedMain] INFO  o.h.c.i.RegionFactoryInitiator - HHH000026: Second-level cache disabled
2026-02-15 19:37:56.477 [restartedMain] INFO  o.s.o.j.p.SpringPersistenceUnitInfo - No LoadTimeWeaver setup: ignoring JPA class transformer
2026-02-15 19:37:56.520 [restartedMain] INFO  com.zaxxer.hikari.HikariDataSource - HikariPool-1 - Starting...
2026-02-15 19:37:56.732 [restartedMain] INFO  com.zaxxer.hikari.pool.HikariPool - HikariPool-1 - Added connection com.mysql.cj.jdbc.ConnectionImpl@1545959
2026-02-15 19:37:56.733 [restartedMain] INFO  com.zaxxer.hikari.HikariDataSource - HikariPool-1 - Start completed.
2026-02-15 19:37:56.789 [restartedMain] WARN  org.hibernate.orm.deprecation - HHH90000025: MySQLDialect does not need to be specified explicitly using 'hibernate.dialect' (remove the property setting and it will be selected by default)
2026-02-15 19:37:56.813 [restartedMain] INFO  o.hibernate.orm.connections.pooling - HHH10001005: Database info:
	Database JDBC URL [Connecting through datasource 'HikariDataSource (HikariPool-1)']
	Database driver: undefined/unknown
	Database version: 8.0.32
	Autocommit mode: undefined/unknown
	Isolation level: undefined/unknown
	Minimum pool size: undefined/unknown
	Maximum pool size: undefined/unknown
2026-02-15 19:37:57.779 [restartedMain] INFO  o.h.e.t.j.p.i.JtaPlatformInitiator - HHH000489: No JTA platform available (set 'hibernate.transaction.jta.platform' to enable JTA platform integration)
2026-02-15 19:37:57.890 [restartedMain] INFO  o.s.o.j.LocalContainerEntityManagerFactoryBean - Initialized JPA EntityManagerFactory for persistence unit 'default'
2026-02-15 19:37:58.482 [restartedMain] INFO  o.s.d.j.r.query.QueryEnhancerFactory - Hibernate is in classpath; If applicable, HQL parser will be used.
2026-02-15 19:37:59.338 [restartedMain] WARN  o.s.b.a.o.j.JpaBaseConfiguration$JpaWebConfiguration - spring.jpa.open-in-view is enabled by default. Therefore, database queries may be performed during view rendering. Explicitly configure spring.jpa.open-in-view to disable this warning
2026-02-15 19:37:59.767 [restartedMain] DEBUG o.s.w.s.m.m.a.RequestMappingHandlerMapping - 15 mappings in 'requestMappingHandlerMapping'
2026-02-15 19:37:59.964 [restartedMain] DEBUG o.s.w.s.h.SimpleUrlHandlerMapping - Patterns [/webjars/**, /**] in 'resourceHandlerMapping'
2026-02-15 19:38:00.055 [restartedMain] INFO  o.s.s.c.a.a.c.InitializeUserDetailsBeanManagerConfigurer$InitializeUserDetailsManagerConfigurer - Global AuthenticationManager configured with UserDetailsService bean with name usuarioServiceImpl
2026-02-15 19:38:00.336 [restartedMain] DEBUG o.s.w.s.m.m.a.RequestMappingHandlerAdapter - ControllerAdvice beans: 0 @ModelAttribute, 0 @InitBinder, 1 RequestBodyAdvice, 1 ResponseBodyAdvice
2026-02-15 19:38:00.414 [restartedMain] WARN  o.s.b.a.t.ThymeleafAutoConfiguration$DefaultTemplateResolverConfiguration - Cannot find template location: classpath:/templates/ (please add some templates, check your Thymeleaf configuration, or set spring.thymeleaf.check-template-location=false)
2026-02-15 19:38:00.456 [restartedMain] DEBUG o.s.w.s.m.m.a.ExceptionHandlerExceptionResolver - ControllerAdvice beans: 1 @ExceptionHandler, 1 ResponseBodyAdvice
2026-02-15 19:38:00.501 [restartedMain] DEBUG o.s.w.s.m.m.a.ExceptionHandlerExceptionResolver - ControllerAdvice beans: 1 @ExceptionHandler, 0 ResponseBodyAdvice
2026-02-15 19:38:00.761 [restartedMain] INFO  o.s.b.d.a.OptionalLiveReloadServer - LiveReload server is running on port 35729
2026-02-15 19:38:00.779 [restartedMain] INFO  o.a.coyote.http11.Http11NioProtocol - Starting ProtocolHandler ["http-nio-8080"]
2026-02-15 19:38:00.810 [restartedMain] INFO  o.s.b.w.e.tomcat.TomcatWebServer - Tomcat started on port 8080 (http) with context path '/'
2026-02-15 19:38:00.820 [restartedMain] INFO  c.e.P.ProyectoBackEndApplication - Started ProyectoBackEndApplication in 7.47 seconds (process running for 8.032)
2026-02-15 19:38:04.530 [http-nio-8080-exec-1] INFO  o.a.c.c.C.[Tomcat].[localhost].[/] - Initializing Spring DispatcherServlet 'dispatcherServlet'
2026-02-15 19:38:04.530 [http-nio-8080-exec-1] INFO  o.s.web.servlet.DispatcherServlet - Initializing Servlet 'dispatcherServlet'
2026-02-15 19:38:04.530 [http-nio-8080-exec-1] DEBUG o.s.web.servlet.DispatcherServlet - Detected StandardServletMultipartResolver
2026-02-15 19:38:04.530 [http-nio-8080-exec-1] DEBUG o.s.web.servlet.DispatcherServlet - Detected AcceptHeaderLocaleResolver
2026-02-15 19:38:04.530 [http-nio-8080-exec-1] DEBUG o.s.web.servlet.DispatcherServlet - Detected FixedThemeResolver
2026-02-15 19:38:04.531 [http-nio-8080-exec-1] DEBUG o.s.web.servlet.DispatcherServlet - Detected org.springframework.web.servlet.view.DefaultRequestToViewNameTranslator@6b93d9c3
2026-02-15 19:38:04.532 [http-nio-8080-exec-1] DEBUG o.s.web.servlet.DispatcherServlet - Detected org.springframework.web.servlet.support.SessionFlashMapManager@2228468f
2026-02-15 19:38:04.532 [http-nio-8080-exec-1] DEBUG o.s.web.servlet.DispatcherServlet - enableLoggingRequestDetails='false': request parameters and headers will be masked to prevent unsafe logging of potentially sensitive data
2026-02-15 19:38:04.532 [http-nio-8080-exec-1] INFO  o.s.web.servlet.DispatcherServlet - Completed initialization in 2 ms
2026-02-15 19:40:12.802 [restartedMain] INFO  c.e.P.ProyectoBackEndApplication - Starting ProyectoBackEndApplication using Java 17.0.17 with PID 19012 (C:\Users\leofr\OneDrive\Escritorio\ESPECIALIZACION EN JAVA(CIBERTEC) Y OTRAS\JAVA BACK END\PROYECTO FINAL\ProyectoBackEnd (1)\ProyectoBackEnd\target\classes started by leofr in C:\Users\leofr\OneDrive\Escritorio\ESPECIALIZACION EN JAVA(CIBERTEC) Y OTRAS\JAVA BACK END\PROYECTO FINAL\ProyectoBackEnd (1)\ProyectoBackEnd)
2026-02-15 19:40:12.805 [restartedMain] DEBUG c.e.P.ProyectoBackEndApplication - Running with Spring Boot v3.5.10, Spring v6.2.15
2026-02-15 19:40:12.805 [restartedMain] INFO  c.e.P.ProyectoBackEndApplication - No active profile set, falling back to 1 default profile: "default"
2026-02-15 19:40:12.858 [restartedMain] INFO  o.s.b.d.e.DevToolsPropertyDefaultsPostProcessor - Devtools property defaults active! Set 'spring.devtools.add-properties' to 'false' to disable
2026-02-15 19:40:12.858 [restartedMain] INFO  o.s.b.d.e.DevToolsPropertyDefaultsPostProcessor - For additional web related logging consider setting the 'logging.level.web' property to 'DEBUG'
2026-02-15 19:40:13.617 [restartedMain] INFO  o.s.d.r.c.RepositoryConfigurationDelegate - Bootstrapping Spring Data JPA repositories in DEFAULT mode.
2026-02-15 19:40:13.699 [restartedMain] INFO  o.s.d.r.c.RepositoryConfigurationDelegate - Finished Spring Data repository scanning in 74 ms. Found 3 JPA repository interfaces.
2026-02-15 19:40:14.599 [restartedMain] INFO  o.s.b.w.e.tomcat.TomcatWebServer - Tomcat initialized with port 8080 (http)
2026-02-15 19:40:14.612 [restartedMain] INFO  o.a.coyote.http11.Http11NioProtocol - Initializing ProtocolHandler ["http-nio-8080"]
2026-02-15 19:40:14.614 [restartedMain] INFO  o.a.catalina.core.StandardService - Starting service [Tomcat]
2026-02-15 19:40:14.614 [restartedMain] INFO  o.a.catalina.core.StandardEngine - Starting Servlet engine: [Apache Tomcat/10.1.50]
2026-02-15 19:40:14.670 [restartedMain] INFO  o.a.c.c.C.[Tomcat].[localhost].[/] - Initializing Spring embedded WebApplicationContext
2026-02-15 19:40:14.671 [restartedMain] INFO  o.s.b.w.s.c.ServletWebServerApplicationContext - Root WebApplicationContext: initialization completed in 1812 ms
2026-02-15 19:40:14.925 [restartedMain] INFO  o.h.jpa.internal.util.LogHelper - HHH000204: Processing PersistenceUnitInfo [name: default]
2026-02-15 19:40:14.994 [restartedMain] INFO  org.hibernate.Version - HHH000412: Hibernate ORM core version 6.6.41.Final
2026-02-15 19:40:15.043 [restartedMain] INFO  o.h.c.i.RegionFactoryInitiator - HHH000026: Second-level cache disabled
2026-02-15 19:40:15.389 [restartedMain] INFO  o.s.o.j.p.SpringPersistenceUnitInfo - No LoadTimeWeaver setup: ignoring JPA class transformer
2026-02-15 19:40:15.425 [restartedMain] INFO  com.zaxxer.hikari.HikariDataSource - HikariPool-1 - Starting...
2026-02-15 19:40:15.602 [restartedMain] INFO  com.zaxxer.hikari.pool.HikariPool - HikariPool-1 - Added connection com.mysql.cj.jdbc.ConnectionImpl@1600fc0f
2026-02-15 19:40:15.605 [restartedMain] INFO  com.zaxxer.hikari.HikariDataSource - HikariPool-1 - Start completed.
2026-02-15 19:40:15.657 [restartedMain] WARN  org.hibernate.orm.deprecation - HHH90000025: MySQLDialect does not need to be specified explicitly using 'hibernate.dialect' (remove the property setting and it will be selected by default)
2026-02-15 19:40:15.676 [restartedMain] INFO  o.hibernate.orm.connections.pooling - HHH10001005: Database info:
	Database JDBC URL [Connecting through datasource 'HikariDataSource (HikariPool-1)']
	Database driver: undefined/unknown
	Database version: 8.0.32
	Autocommit mode: undefined/unknown
	Isolation level: undefined/unknown
	Minimum pool size: undefined/unknown
	Maximum pool size: undefined/unknown
2026-02-15 19:40:16.560 [restartedMain] INFO  o.h.e.t.j.p.i.JtaPlatformInitiator - HHH000489: No JTA platform available (set 'hibernate.transaction.jta.platform' to enable JTA platform integration)
2026-02-15 19:40:16.634 [restartedMain] INFO  o.s.o.j.LocalContainerEntityManagerFactoryBean - Initialized JPA EntityManagerFactory for persistence unit 'default'
2026-02-15 19:40:17.171 [restartedMain] INFO  o.s.d.j.r.query.QueryEnhancerFactory - Hibernate is in classpath; If applicable, HQL parser will be used.
2026-02-15 19:40:17.862 [restartedMain] WARN  o.s.b.a.o.j.JpaBaseConfiguration$JpaWebConfiguration - spring.jpa.open-in-view is enabled by default. Therefore, database queries may be performed during view rendering. Explicitly configure spring.jpa.open-in-view to disable this warning
2026-02-15 19:40:18.235 [restartedMain] DEBUG o.s.w.s.m.m.a.RequestMappingHandlerMapping - 15 mappings in 'requestMappingHandlerMapping'
2026-02-15 19:40:18.414 [restartedMain] DEBUG o.s.w.s.h.SimpleUrlHandlerMapping - Patterns [/webjars/**, /**] in 'resourceHandlerMapping'
2026-02-15 19:40:18.494 [restartedMain] INFO  o.s.s.c.a.a.c.InitializeUserDetailsBeanManagerConfigurer$InitializeUserDetailsManagerConfigurer - Global AuthenticationManager configured with UserDetailsService bean with name usuarioServiceImpl
2026-02-15 19:40:18.758 [restartedMain] DEBUG o.s.w.s.m.m.a.RequestMappingHandlerAdapter - ControllerAdvice beans: 0 @ModelAttribute, 0 @InitBinder, 1 RequestBodyAdvice, 1 ResponseBodyAdvice
2026-02-15 19:40:18.830 [restartedMain] WARN  o.s.b.a.t.ThymeleafAutoConfiguration$DefaultTemplateResolverConfiguration - Cannot find template location: classpath:/templates/ (please add some templates, check your Thymeleaf configuration, or set spring.thymeleaf.check-template-location=false)
2026-02-15 19:40:18.876 [restartedMain] DEBUG o.s.w.s.m.m.a.ExceptionHandlerExceptionResolver - ControllerAdvice beans: 1 @ExceptionHandler, 1 ResponseBodyAdvice
2026-02-15 19:40:18.949 [restartedMain] DEBUG o.s.w.s.m.m.a.ExceptionHandlerExceptionResolver - ControllerAdvice beans: 1 @ExceptionHandler, 0 ResponseBodyAdvice
2026-02-15 19:40:19.192 [restartedMain] INFO  o.s.b.d.a.OptionalLiveReloadServer - LiveReload server is running on port 35729
2026-02-15 19:40:19.206 [restartedMain] INFO  o.a.coyote.http11.Http11NioProtocol - Starting ProtocolHandler ["http-nio-8080"]
2026-02-15 19:40:19.230 [restartedMain] INFO  o.s.b.w.e.tomcat.TomcatWebServer - Tomcat started on port 8080 (http) with context path '/'
2026-02-15 19:40:19.238 [restartedMain] INFO  c.e.P.ProyectoBackEndApplication - Started ProyectoBackEndApplication in 6.779 seconds (process running for 7.29)
2026-02-15 19:40:23.549 [http-nio-8080-exec-1] INFO  o.a.c.c.C.[Tomcat].[localhost].[/] - Initializing Spring DispatcherServlet 'dispatcherServlet'
2026-02-15 19:40:23.550 [http-nio-8080-exec-1] INFO  o.s.web.servlet.DispatcherServlet - Initializing Servlet 'dispatcherServlet'
2026-02-15 19:40:23.550 [http-nio-8080-exec-1] DEBUG o.s.web.servlet.DispatcherServlet - Detected StandardServletMultipartResolver
2026-02-15 19:40:23.550 [http-nio-8080-exec-1] DEBUG o.s.web.servlet.DispatcherServlet - Detected AcceptHeaderLocaleResolver
2026-02-15 19:40:23.550 [http-nio-8080-exec-1] DEBUG o.s.web.servlet.DispatcherServlet - Detected FixedThemeResolver
2026-02-15 19:40:23.552 [http-nio-8080-exec-1] DEBUG o.s.web.servlet.DispatcherServlet - Detected org.springframework.web.servlet.view.DefaultRequestToViewNameTranslator@22aa3d4c
2026-02-15 19:40:23.552 [http-nio-8080-exec-1] DEBUG o.s.web.servlet.DispatcherServlet - Detected org.springframework.web.servlet.support.SessionFlashMapManager@26786e15
2026-02-15 19:40:23.553 [http-nio-8080-exec-1] DEBUG o.s.web.servlet.DispatcherServlet - enableLoggingRequestDetails='false': request parameters and headers will be masked to prevent unsafe logging of potentially sensitive data
2026-02-15 19:40:23.553 [http-nio-8080-exec-1] INFO  o.s.web.servlet.DispatcherServlet - Completed initialization in 3 ms
2026-02-15 19:45:04.420 [main] INFO  o.s.t.c.s.AnnotationConfigContextLoaderUtils - Could not detect default configuration classes for test class [com.example.ProyectoBackEnd.ProyectoBackEndApplicationTests]: ProyectoBackEndApplicationTests does not declare any static, non-private, non-final, nested classes annotated with @Configuration.
2026-02-15 19:45:04.538 [main] INFO  o.s.b.t.c.SpringBootTestContextBootstrapper - Found @SpringBootConfiguration com.example.ProyectoBackEnd.ProyectoBackEndApplication for test class com.example.ProyectoBackEnd.ProyectoBackEndApplicationTests
2026-02-15 19:45:04.685 [main] INFO  o.s.b.d.r.RestartApplicationListener - Restart disabled due to context in which it is running
2026-02-15 19:45:04.907 [main] INFO  c.e.P.ProyectoBackEndApplicationTests - Starting ProyectoBackEndApplicationTests using Java 17.0.17 with PID 28080 (started by leofr in C:\Users\leofr\OneDrive\Escritorio\ESPECIALIZACION EN JAVA(CIBERTEC) Y OTRAS\JAVA BACK END\PROYECTO FINAL\ProyectoBackEnd (1)\ProyectoBackEnd)
2026-02-15 19:45:04.908 [main] DEBUG c.e.P.ProyectoBackEndApplicationTests - Running with Spring Boot v3.5.10, Spring v6.2.15
2026-02-15 19:45:04.909 [main] INFO  c.e.P.ProyectoBackEndApplicationTests - No active profile set, falling back to 1 default profile: "default"
2026-02-15 19:45:04.940 [main] DEBUG o.s.w.c.s.GenericWebApplicationContext - Refreshing org.springframework.web.context.support.GenericWebApplicationContext@25d3cfc8
2026-02-15 19:45:05.582 [main] INFO  o.s.d.r.c.RepositoryConfigurationDelegate - Bootstrapping Spring Data JPA repositories in DEFAULT mode.
2026-02-15 19:45:05.655 [main] INFO  o.s.d.r.c.RepositoryConfigurationDelegate - Finished Spring Data repository scanning in 62 ms. Found 3 JPA repository interfaces.
2026-02-15 19:45:06.213 [main] INFO  o.h.jpa.internal.util.LogHelper - HHH000204: Processing PersistenceUnitInfo [name: default]
2026-02-15 19:45:06.280 [main] INFO  org.hibernate.Version - HHH000412: Hibernate ORM core version 6.6.41.Final
2026-02-15 19:45:06.327 [main] INFO  o.h.c.i.RegionFactoryInitiator - HHH000026: Second-level cache disabled
2026-02-15 19:45:06.702 [main] INFO  o.s.o.j.p.SpringPersistenceUnitInfo - No LoadTimeWeaver setup: ignoring JPA class transformer
2026-02-15 19:45:06.736 [main] INFO  com.zaxxer.hikari.HikariDataSource - HikariPool-1 - Starting...
2026-02-15 19:45:06.897 [main] INFO  com.zaxxer.hikari.pool.HikariPool - HikariPool-1 - Added connection com.mysql.cj.jdbc.ConnectionImpl@ba0018e
2026-02-15 19:45:06.899 [main] INFO  com.zaxxer.hikari.HikariDataSource - HikariPool-1 - Start completed.
2026-02-15 19:45:06.940 [main] WARN  org.hibernate.orm.deprecation - HHH90000025: MySQLDialect does not need to be specified explicitly using 'hibernate.dialect' (remove the property setting and it will be selected by default)
2026-02-15 19:45:06.958 [main] INFO  o.hibernate.orm.connections.pooling - HHH10001005: Database info:
	Database JDBC URL [Connecting through datasource 'HikariDataSource (HikariPool-1)']
	Database driver: undefined/unknown
	Database version: 8.0.32
	Autocommit mode: undefined/unknown
	Isolation level: undefined/unknown
	Minimum pool size: undefined/unknown
	Maximum pool size: undefined/unknown
2026-02-15 19:45:07.674 [main] INFO  o.h.e.t.j.p.i.JtaPlatformInitiator - HHH000489: No JTA platform available (set 'hibernate.transaction.jta.platform' to enable JTA platform integration)
2026-02-15 19:45:07.749 [main] INFO  o.s.o.j.LocalContainerEntityManagerFactoryBean - Initialized JPA EntityManagerFactory for persistence unit 'default'
2026-02-15 19:45:08.147 [main] INFO  o.s.d.j.r.query.QueryEnhancerFactory - Hibernate is in classpath; If applicable, HQL parser will be used.
2026-02-15 19:45:08.807 [main] WARN  o.s.b.a.o.j.JpaBaseConfiguration$JpaWebConfiguration - spring.jpa.open-in-view is enabled by default. Therefore, database queries may be performed during view rendering. Explicitly configure spring.jpa.open-in-view to disable this warning
2026-02-15 19:45:09.077 [main] DEBUG o.s.w.s.m.m.a.RequestMappingHandlerMapping - 15 mappings in 'requestMappingHandlerMapping'
2026-02-15 19:45:09.195 [main] DEBUG o.s.w.s.h.SimpleUrlHandlerMapping - Patterns [/webjars/**, /**] in 'resourceHandlerMapping'
2026-02-15 19:45:09.226 [main] DEBUG o.s.w.s.m.m.a.RequestMappingHandlerAdapter - ControllerAdvice beans: 0 @ModelAttribute, 0 @InitBinder, 1 RequestBodyAdvice, 1 ResponseBodyAdvice
2026-02-15 19:45:09.276 [main] WARN  o.s.b.a.t.ThymeleafAutoConfiguration$DefaultTemplateResolverConfiguration - Cannot find template location: classpath:/templates/ (please add some templates, check your Thymeleaf configuration, or set spring.thymeleaf.check-template-location=false)
2026-02-15 19:45:09.304 [main] DEBUG o.s.w.s.m.m.a.ExceptionHandlerExceptionResolver - ControllerAdvice beans: 1 @ExceptionHandler, 1 ResponseBodyAdvice
2026-02-15 19:45:09.343 [main] DEBUG o.s.w.s.m.m.a.ExceptionHandlerExceptionResolver - ControllerAdvice beans: 1 @ExceptionHandler, 0 ResponseBodyAdvice
2026-02-15 19:45:09.564 [main] INFO  c.e.P.ProyectoBackEndApplicationTests - Started ProyectoBackEndApplicationTests in 4.891 seconds (process running for 5.889)
2026-02-15 19:45:09.954 [SpringApplicationShutdownHook] DEBUG o.s.w.c.s.GenericWebApplicationContext - Closing org.springframework.web.context.support.GenericWebApplicationContext@25d3cfc8, started on Sun Feb 15 19:45:04 CET 2026
2026-02-15 19:45:09.958 [SpringApplicationShutdownHook] INFO  o.s.o.j.LocalContainerEntityManagerFactoryBean - Closing JPA EntityManagerFactory for persistence unit 'default'
2026-02-15 19:45:09.961 [SpringApplicationShutdownHook] INFO  com.zaxxer.hikari.HikariDataSource - HikariPool-1 - Shutdown initiated...
2026-02-15 19:45:09.967 [SpringApplicationShutdownHook] INFO  com.zaxxer.hikari.HikariDataSource - HikariPool-1 - Shutdown completed.
2026-02-15 19:45:19.878 [restartedMain] INFO  c.e.P.ProyectoBackEndApplication - Starting ProyectoBackEndApplication using Java 17.0.17 with PID 5268 (C:\Users\leofr\OneDrive\Escritorio\ESPECIALIZACION EN JAVA(CIBERTEC) Y OTRAS\JAVA BACK END\PROYECTO FINAL\ProyectoBackEnd (1)\ProyectoBackEnd\target\classes started by leofr in C:\Users\leofr\OneDrive\Escritorio\ESPECIALIZACION EN JAVA(CIBERTEC) Y OTRAS\JAVA BACK END\PROYECTO FINAL\ProyectoBackEnd (1)\ProyectoBackEnd)
2026-02-15 19:45:19.881 [restartedMain] DEBUG c.e.P.ProyectoBackEndApplication - Running with Spring Boot v3.5.10, Spring v6.2.15
2026-02-15 19:45:19.882 [restartedMain] INFO  c.e.P.ProyectoBackEndApplication - No active profile set, falling back to 1 default profile: "default"
2026-02-15 19:45:19.931 [restartedMain] INFO  o.s.b.d.e.DevToolsPropertyDefaultsPostProcessor - Devtools property defaults active! Set 'spring.devtools.add-properties' to 'false' to disable
2026-02-15 19:45:19.931 [restartedMain] INFO  o.s.b.d.e.DevToolsPropertyDefaultsPostProcessor - For additional web related logging consider setting the 'logging.level.web' property to 'DEBUG'
2026-02-15 19:45:20.584 [restartedMain] INFO  o.s.d.r.c.RepositoryConfigurationDelegate - Bootstrapping Spring Data JPA repositories in DEFAULT mode.
2026-02-15 19:45:20.665 [restartedMain] INFO  o.s.d.r.c.RepositoryConfigurationDelegate - Finished Spring Data repository scanning in 72 ms. Found 3 JPA repository interfaces.
2026-02-15 19:45:21.471 [restartedMain] INFO  o.s.b.w.e.tomcat.TomcatWebServer - Tomcat initialized with port 8080 (http)
2026-02-15 19:45:21.486 [restartedMain] INFO  o.a.coyote.http11.Http11NioProtocol - Initializing ProtocolHandler ["http-nio-8080"]
2026-02-15 19:45:21.489 [restartedMain] INFO  o.a.catalina.core.StandardService - Starting service [Tomcat]
2026-02-15 19:45:21.489 [restartedMain] INFO  o.a.catalina.core.StandardEngine - Starting Servlet engine: [Apache Tomcat/10.1.50]
2026-02-15 19:45:21.542 [restartedMain] INFO  o.a.c.c.C.[Tomcat].[localhost].[/] - Initializing Spring embedded WebApplicationContext
2026-02-15 19:45:21.544 [restartedMain] INFO  o.s.b.w.s.c.ServletWebServerApplicationContext - Root WebApplicationContext: initialization completed in 1611 ms
2026-02-15 19:45:21.761 [restartedMain] INFO  o.h.jpa.internal.util.LogHelper - HHH000204: Processing PersistenceUnitInfo [name: default]
2026-02-15 19:45:21.816 [restartedMain] INFO  org.hibernate.Version - HHH000412: Hibernate ORM core version 6.6.41.Final
2026-02-15 19:45:21.852 [restartedMain] INFO  o.h.c.i.RegionFactoryInitiator - HHH000026: Second-level cache disabled
2026-02-15 19:45:22.122 [restartedMain] INFO  o.s.o.j.p.SpringPersistenceUnitInfo - No LoadTimeWeaver setup: ignoring JPA class transformer
2026-02-15 19:45:22.165 [restartedMain] INFO  com.zaxxer.hikari.HikariDataSource - HikariPool-1 - Starting...
2026-02-15 19:45:22.326 [restartedMain] INFO  com.zaxxer.hikari.pool.HikariPool - HikariPool-1 - Added connection com.mysql.cj.jdbc.ConnectionImpl@643e2f7b
2026-02-15 19:45:22.330 [restartedMain] INFO  com.zaxxer.hikari.HikariDataSource - HikariPool-1 - Start completed.
2026-02-15 19:45:22.368 [restartedMain] WARN  org.hibernate.orm.deprecation - HHH90000025: MySQLDialect does not need to be specified explicitly using 'hibernate.dialect' (remove the property setting and it will be selected by default)
2026-02-15 19:45:22.386 [restartedMain] INFO  o.hibernate.orm.connections.pooling - HHH10001005: Database info:
	Database JDBC URL [Connecting through datasource 'HikariDataSource (HikariPool-1)']
	Database driver: undefined/unknown
	Database version: 8.0.32
	Autocommit mode: undefined/unknown
	Isolation level: undefined/unknown
	Minimum pool size: undefined/unknown
	Maximum pool size: undefined/unknown
2026-02-15 19:45:23.064 [restartedMain] INFO  o.h.e.t.j.p.i.JtaPlatformInitiator - HHH000489: No JTA platform available (set 'hibernate.transaction.jta.platform' to enable JTA platform integration)
2026-02-15 19:45:23.136 [restartedMain] INFO  o.s.o.j.LocalContainerEntityManagerFactoryBean - Initialized JPA EntityManagerFactory for persistence unit 'default'
2026-02-15 19:45:23.521 [restartedMain] INFO  o.s.d.j.r.query.QueryEnhancerFactory - Hibernate is in classpath; If applicable, HQL parser will be used.
2026-02-15 19:45:24.096 [restartedMain] WARN  o.s.b.a.o.j.JpaBaseConfiguration$JpaWebConfiguration - spring.jpa.open-in-view is enabled by default. Therefore, database queries may be performed during view rendering. Explicitly configure spring.jpa.open-in-view to disable this warning
2026-02-15 19:45:24.389 [restartedMain] DEBUG o.s.w.s.m.m.a.RequestMappingHandlerMapping - 15 mappings in 'requestMappingHandlerMapping'
2026-02-15 19:45:24.528 [restartedMain] DEBUG o.s.w.s.h.SimpleUrlHandlerMapping - Patterns [/webjars/**, /**] in 'resourceHandlerMapping'
2026-02-15 19:45:24.562 [restartedMain] DEBUG o.s.w.s.m.m.a.RequestMappingHandlerAdapter - ControllerAdvice beans: 0 @ModelAttribute, 0 @InitBinder, 1 RequestBodyAdvice, 1 ResponseBodyAdvice
2026-02-15 19:45:24.618 [restartedMain] WARN  o.s.b.a.t.ThymeleafAutoConfiguration$DefaultTemplateResolverConfiguration - Cannot find template location: classpath:/templates/ (please add some templates, check your Thymeleaf configuration, or set spring.thymeleaf.check-template-location=false)
2026-02-15 19:45:24.648 [restartedMain] DEBUG o.s.w.s.m.m.a.ExceptionHandlerExceptionResolver - ControllerAdvice beans: 1 @ExceptionHandler, 1 ResponseBodyAdvice
2026-02-15 19:45:24.690 [restartedMain] DEBUG o.s.w.s.m.m.a.ExceptionHandlerExceptionResolver - ControllerAdvice beans: 1 @ExceptionHandler, 0 ResponseBodyAdvice
2026-02-15 19:45:24.925 [restartedMain] INFO  o.s.b.d.a.OptionalLiveReloadServer - LiveReload server is running on port 35729
2026-02-15 19:45:24.939 [restartedMain] INFO  o.a.coyote.http11.Http11NioProtocol - Starting ProtocolHandler ["http-nio-8080"]
2026-02-15 19:45:24.962 [restartedMain] INFO  o.s.b.w.e.tomcat.TomcatWebServer - Tomcat started on port 8080 (http) with context path '/'
2026-02-15 19:45:24.970 [restartedMain] INFO  c.e.P.ProyectoBackEndApplication - Started ProyectoBackEndApplication in 5.455 seconds (process running for 5.965)
2026-02-15 19:45:29.268 [http-nio-8080-exec-1] INFO  o.a.c.c.C.[Tomcat].[localhost].[/] - Initializing Spring DispatcherServlet 'dispatcherServlet'
2026-02-15 19:45:29.268 [http-nio-8080-exec-1] INFO  o.s.web.servlet.DispatcherServlet - Initializing Servlet 'dispatcherServlet'
2026-02-15 19:45:29.268 [http-nio-8080-exec-1] DEBUG o.s.web.servlet.DispatcherServlet - Detected StandardServletMultipartResolver
2026-02-15 19:45:29.268 [http-nio-8080-exec-1] DEBUG o.s.web.servlet.DispatcherServlet - Detected AcceptHeaderLocaleResolver
2026-02-15 19:45:29.268 [http-nio-8080-exec-1] DEBUG o.s.web.servlet.DispatcherServlet - Detected FixedThemeResolver
2026-02-15 19:45:29.269 [http-nio-8080-exec-1] DEBUG o.s.web.servlet.DispatcherServlet - Detected org.springframework.web.servlet.view.DefaultRequestToViewNameTranslator@71eeee84
2026-02-15 19:45:29.270 [http-nio-8080-exec-1] DEBUG o.s.web.servlet.DispatcherServlet - Detected org.springframework.web.servlet.support.SessionFlashMapManager@484c4ec6
2026-02-15 19:45:29.270 [http-nio-8080-exec-1] DEBUG o.s.web.servlet.DispatcherServlet - enableLoggingRequestDetails='false': request parameters and headers will be masked to prevent unsafe logging of potentially sensitive data
2026-02-15 19:45:29.270 [http-nio-8080-exec-1] INFO  o.s.web.servlet.DispatcherServlet - Completed initialization in 2 ms
2026-02-15 19:45:29.281 [http-nio-8080-exec-1] DEBUG o.s.web.servlet.DispatcherServlet - OPTIONS "/api/usuarios/buscarPorNombre?usuario=yaddif", parameters={masked}
2026-02-15 19:45:29.294 [http-nio-8080-exec-1] DEBUG o.s.w.s.m.m.a.RequestMappingHandlerMapping - Mapped to com.example.ProyectoBackEnd.controller.UsuarioController#obtenerUno(int)
2026-02-15 19:45:29.318 [http-nio-8080-exec-1] DEBUG o.s.web.servlet.DispatcherServlet - Completed 200 OK
2026-02-15 19:45:29.328 [http-nio-8080-exec-2] DEBUG o.s.web.servlet.DispatcherServlet - GET "/api/usuarios/buscarPorNombre?usuario=yaddif", parameters={masked}
2026-02-15 19:45:29.329 [http-nio-8080-exec-2] DEBUG o.s.w.s.m.m.a.RequestMappingHandlerMapping - Mapped to com.example.ProyectoBackEnd.controller.UsuarioController#obtenerUno(int)
2026-02-15 19:45:29.356 [http-nio-8080-exec-2] DEBUG o.s.web.method.HandlerMethod - Could not resolve parameter [0] in public org.springframework.hateoas.EntityModel<com.example.ProyectoBackEnd.dao.entity.UsuarioEntity> com.example.ProyectoBackEnd.controller.UsuarioController.obtenerUno(int): Method parameter 'id': Failed to convert value of type 'java.lang.String' to required type 'int'; For input string: "buscarPorNombre"
2026-02-15 19:45:29.358 [http-nio-8080-exec-2] WARN  o.s.w.s.m.s.DefaultHandlerExceptionResolver - Resolved [org.springframework.web.method.annotation.MethodArgumentTypeMismatchException: Method parameter 'id': Failed to convert value of type 'java.lang.String' to required type 'int'; For input string: "buscarPorNombre"]
2026-02-15 19:45:29.358 [http-nio-8080-exec-2] DEBUG o.s.web.servlet.DispatcherServlet - Completed 400 BAD_REQUEST
2026-02-15 19:45:29.363 [http-nio-8080-exec-2] DEBUG o.s.web.servlet.DispatcherServlet - "ERROR" dispatch for GET "/error?usuario=yaddif", parameters={masked}
2026-02-15 19:45:29.364 [http-nio-8080-exec-2] DEBUG o.s.w.s.m.m.a.RequestMappingHandlerMapping - Mapped to org.springframework.boot.autoconfigure.web.servlet.error.BasicErrorController#error(HttpServletRequest)
2026-02-15 19:45:29.376 [http-nio-8080-exec-2] DEBUG o.s.w.s.m.m.a.HttpEntityMethodProcessor - Using 'application/json', given [application/json, text/plain, */*] and supported [application/json, application/*+json]
2026-02-15 19:45:29.377 [http-nio-8080-exec-2] DEBUG o.s.w.s.m.m.a.HttpEntityMethodProcessor - Writing [{timestamp=Sun Feb 15 19:45:29 CET 2026, status=400, error=Bad Request, trace=org.springframework.we (truncated)...]
2026-02-15 19:45:29.420 [http-nio-8080-exec-2] DEBUG o.s.web.servlet.DispatcherServlet - Exiting from "ERROR" dispatch, status 400
2026-02-15 19:45:39.529 [http-nio-8080-exec-3] DEBUG o.s.web.servlet.DispatcherServlet - OPTIONS "/api/usuarios/buscarPorNombre?usuario=admin", parameters={masked}
2026-02-15 19:45:39.530 [http-nio-8080-exec-3] DEBUG o.s.w.s.m.m.a.RequestMappingHandlerMapping - Mapped to com.example.ProyectoBackEnd.controller.UsuarioController#obtenerUno(int)
2026-02-15 19:45:39.531 [http-nio-8080-exec-3] DEBUG o.s.web.servlet.DispatcherServlet - Completed 200 OK
2026-02-15 19:45:39.533 [http-nio-8080-exec-4] DEBUG o.s.web.servlet.DispatcherServlet - GET "/api/usuarios/buscarPorNombre?usuario=admin", parameters={masked}
2026-02-15 19:45:39.534 [http-nio-8080-exec-4] DEBUG o.s.w.s.m.m.a.RequestMappingHandlerMapping - Mapped to com.example.ProyectoBackEnd.controller.UsuarioController#obtenerUno(int)
2026-02-15 19:45:39.535 [http-nio-8080-exec-4] DEBUG o.s.web.method.HandlerMethod - Could not resolve parameter [0] in public org.springframework.hateoas.EntityModel<com.example.ProyectoBackEnd.dao.entity.UsuarioEntity> com.example.ProyectoBackEnd.controller.UsuarioController.obtenerUno(int): Method parameter 'id': Failed to convert value of type 'java.lang.String' to required type 'int'; For input string: "buscarPorNombre"
2026-02-15 19:45:39.536 [http-nio-8080-exec-4] WARN  o.s.w.s.m.s.DefaultHandlerExceptionResolver - Resolved [org.springframework.web.method.annotation.MethodArgumentTypeMismatchException: Method parameter 'id': Failed to convert value of type 'java.lang.String' to required type 'int'; For input string: "buscarPorNombre"]
2026-02-15 19:45:39.537 [http-nio-8080-exec-4] DEBUG o.s.web.servlet.DispatcherServlet - Completed 400 BAD_REQUEST
2026-02-15 19:45:39.537 [http-nio-8080-exec-4] DEBUG o.s.web.servlet.DispatcherServlet - "ERROR" dispatch for GET "/error?usuario=admin", parameters={masked}
2026-02-15 19:45:39.538 [http-nio-8080-exec-4] DEBUG o.s.w.s.m.m.a.RequestMappingHandlerMapping - Mapped to org.springframework.boot.autoconfigure.web.servlet.error.BasicErrorController#error(HttpServletRequest)
2026-02-15 19:45:39.539 [http-nio-8080-exec-4] DEBUG o.s.w.s.m.m.a.HttpEntityMethodProcessor - Using 'application/json', given [application/json, text/plain, */*] and supported [application/json, application/*+json]
2026-02-15 19:45:39.539 [http-nio-8080-exec-4] DEBUG o.s.w.s.m.m.a.HttpEntityMethodProcessor - Writing [{timestamp=Sun Feb 15 19:45:39 CET 2026, status=400, error=Bad Request, trace=org.springframework.we (truncated)...]
2026-02-15 19:45:39.540 [http-nio-8080-exec-4] DEBUG o.s.web.servlet.DispatcherServlet - Exiting from "ERROR" dispatch, status 400
2026-02-15 19:45:45.950 [http-nio-8080-exec-5] DEBUG o.s.web.servlet.DispatcherServlet - GET "/api/usuarios/buscarPorNombre?usuario=admin", parameters={masked}
2026-02-15 19:45:45.950 [http-nio-8080-exec-5] DEBUG o.s.w.s.m.m.a.RequestMappingHandlerMapping - Mapped to com.example.ProyectoBackEnd.controller.UsuarioController#obtenerUno(int)
2026-02-15 19:45:45.951 [http-nio-8080-exec-5] DEBUG o.s.web.method.HandlerMethod - Could not resolve parameter [0] in public org.springframework.hateoas.EntityModel<com.example.ProyectoBackEnd.dao.entity.UsuarioEntity> com.example.ProyectoBackEnd.controller.UsuarioController.obtenerUno(int): Method parameter 'id': Failed to convert value of type 'java.lang.String' to required type 'int'; For input string: "buscarPorNombre"
2026-02-15 19:45:45.952 [http-nio-8080-exec-5] WARN  o.s.w.s.m.s.DefaultHandlerExceptionResolver - Resolved [org.springframework.web.method.annotation.MethodArgumentTypeMismatchException: Method parameter 'id': Failed to convert value of type 'java.lang.String' to required type 'int'; For input string: "buscarPorNombre"]
2026-02-15 19:45:45.952 [http-nio-8080-exec-5] DEBUG o.s.web.servlet.DispatcherServlet - Completed 400 BAD_REQUEST
2026-02-15 19:45:45.952 [http-nio-8080-exec-5] DEBUG o.s.web.servlet.DispatcherServlet - "ERROR" dispatch for GET "/error?usuario=admin", parameters={masked}
2026-02-15 19:45:45.953 [http-nio-8080-exec-5] DEBUG o.s.w.s.m.m.a.RequestMappingHandlerMapping - Mapped to org.springframework.boot.autoconfigure.web.servlet.error.BasicErrorController#error(HttpServletRequest)
2026-02-15 19:45:45.954 [http-nio-8080-exec-5] DEBUG o.s.w.s.m.m.a.HttpEntityMethodProcessor - Using 'application/json', given [application/json, text/plain, */*] and supported [application/json, application/*+json]
2026-02-15 19:45:45.954 [http-nio-8080-exec-5] DEBUG o.s.w.s.m.m.a.HttpEntityMethodProcessor - Writing [{timestamp=Sun Feb 15 19:45:45 CET 2026, status=400, error=Bad Request, trace=org.springframework.we (truncated)...]
2026-02-15 19:45:45.956 [http-nio-8080-exec-5] DEBUG o.s.web.servlet.DispatcherServlet - Exiting from "ERROR" dispatch, status 400
2026-02-15 19:45:50.063 [http-nio-8080-exec-6] DEBUG o.s.web.servlet.DispatcherServlet - GET "/api/usuarios/buscarPorNombre?usuario=admin", parameters={masked}
2026-02-15 19:45:50.063 [http-nio-8080-exec-6] DEBUG o.s.w.s.m.m.a.RequestMappingHandlerMapping - Mapped to com.example.ProyectoBackEnd.controller.UsuarioController#obtenerUno(int)
2026-02-15 19:45:50.065 [http-nio-8080-exec-6] DEBUG o.s.web.method.HandlerMethod - Could not resolve parameter [0] in public org.springframework.hateoas.EntityModel<com.example.ProyectoBackEnd.dao.entity.UsuarioEntity> com.example.ProyectoBackEnd.controller.UsuarioController.obtenerUno(int): Method parameter 'id': Failed to convert value of type 'java.lang.String' to required type 'int'; For input string: "buscarPorNombre"
2026-02-15 19:45:50.065 [http-nio-8080-exec-6] WARN  o.s.w.s.m.s.DefaultHandlerExceptionResolver - Resolved [org.springframework.web.method.annotation.MethodArgumentTypeMismatchException: Method parameter 'id': Failed to convert value of type 'java.lang.String' to required type 'int'; For input string: "buscarPorNombre"]
2026-02-15 19:45:50.066 [http-nio-8080-exec-6] DEBUG o.s.web.servlet.DispatcherServlet - Completed 400 BAD_REQUEST
2026-02-15 19:45:50.067 [http-nio-8080-exec-6] DEBUG o.s.web.servlet.DispatcherServlet - "ERROR" dispatch for GET "/error?usuario=admin", parameters={masked}
2026-02-15 19:45:50.067 [http-nio-8080-exec-6] DEBUG o.s.w.s.m.m.a.RequestMappingHandlerMapping - Mapped to org.springframework.boot.autoconfigure.web.servlet.error.BasicErrorController#error(HttpServletRequest)
2026-02-15 19:45:50.069 [http-nio-8080-exec-6] DEBUG o.s.w.s.m.m.a.HttpEntityMethodProcessor - Using 'application/json', given [application/json, text/plain, */*] and supported [application/json, application/*+json]
2026-02-15 19:45:50.069 [http-nio-8080-exec-6] DEBUG o.s.w.s.m.m.a.HttpEntityMethodProcessor - Writing [{timestamp=Sun Feb 15 19:45:50 CET 2026, status=400, error=Bad Request, trace=org.springframework.we (truncated)...]
2026-02-15 19:45:50.070 [http-nio-8080-exec-6] DEBUG o.s.web.servlet.DispatcherServlet - Exiting from "ERROR" dispatch, status 400
2026-02-15 19:46:51.832 [http-nio-8080-exec-7] DEBUG o.s.web.servlet.DispatcherServlet - GET "/api/usuarios/buscarPorNombre?usuario=admin", parameters={masked}
2026-02-15 19:46:51.833 [http-nio-8080-exec-7] DEBUG o.s.w.s.m.m.a.RequestMappingHandlerMapping - Mapped to com.example.ProyectoBackEnd.controller.UsuarioController#obtenerUno(int)
2026-02-15 19:46:51.834 [http-nio-8080-exec-7] DEBUG o.s.web.method.HandlerMethod - Could not resolve parameter [0] in public org.springframework.hateoas.EntityModel<com.example.ProyectoBackEnd.dao.entity.UsuarioEntity> com.example.ProyectoBackEnd.controller.UsuarioController.obtenerUno(int): Method parameter 'id': Failed to convert value of type 'java.lang.String' to required type 'int'; For input string: "buscarPorNombre"
2026-02-15 19:46:51.835 [http-nio-8080-exec-7] WARN  o.s.w.s.m.s.DefaultHandlerExceptionResolver - Resolved [org.springframework.web.method.annotation.MethodArgumentTypeMismatchException: Method parameter 'id': Failed to convert value of type 'java.lang.String' to required type 'int'; For input string: "buscarPorNombre"]
2026-02-15 19:46:51.835 [http-nio-8080-exec-7] DEBUG o.s.web.servlet.DispatcherServlet - Completed 400 BAD_REQUEST
2026-02-15 19:46:51.836 [http-nio-8080-exec-7] DEBUG o.s.web.servlet.DispatcherServlet - "ERROR" dispatch for GET "/error?usuario=admin", parameters={masked}
2026-02-15 19:46:51.836 [http-nio-8080-exec-7] DEBUG o.s.w.s.m.m.a.RequestMappingHandlerMapping - Mapped to org.springframework.boot.autoconfigure.web.servlet.error.BasicErrorController#error(HttpServletRequest)
2026-02-15 19:46:51.837 [http-nio-8080-exec-7] DEBUG o.s.w.s.m.m.a.HttpEntityMethodProcessor - Using 'application/json', given [application/json, text/plain, */*] and supported [application/json, application/*+json]
2026-02-15 19:46:51.837 [http-nio-8080-exec-7] DEBUG o.s.w.s.m.m.a.HttpEntityMethodProcessor - Writing [{timestamp=Sun Feb 15 19:46:51 CET 2026, status=400, error=Bad Request, trace=org.springframework.we (truncated)...]
2026-02-15 19:46:51.838 [http-nio-8080-exec-7] DEBUG o.s.web.servlet.DispatcherServlet - Exiting from "ERROR" dispatch, status 400
2026-02-15 19:46:57.208 [http-nio-8080-exec-8] DEBUG o.s.web.servlet.DispatcherServlet - GET "/api/usuarios/buscarPorNombre?usuario=admin", parameters={masked}
2026-02-15 19:46:57.208 [http-nio-8080-exec-8] DEBUG o.s.w.s.m.m.a.RequestMappingHandlerMapping - Mapped to com.example.ProyectoBackEnd.controller.UsuarioController#obtenerUno(int)
2026-02-15 19:46:57.209 [http-nio-8080-exec-8] DEBUG o.s.web.method.HandlerMethod - Could not resolve parameter [0] in public org.springframework.hateoas.EntityModel<com.example.ProyectoBackEnd.dao.entity.UsuarioEntity> com.example.ProyectoBackEnd.controller.UsuarioController.obtenerUno(int): Method parameter 'id': Failed to convert value of type 'java.lang.String' to required type 'int'; For input string: "buscarPorNombre"
2026-02-15 19:46:57.210 [http-nio-8080-exec-8] WARN  o.s.w.s.m.s.DefaultHandlerExceptionResolver - Resolved [org.springframework.web.method.annotation.MethodArgumentTypeMismatchException: Method parameter 'id': Failed to convert value of type 'java.lang.String' to required type 'int'; For input string: "buscarPorNombre"]
2026-02-15 19:46:57.210 [http-nio-8080-exec-8] DEBUG o.s.web.servlet.DispatcherServlet - Completed 400 BAD_REQUEST
2026-02-15 19:46:57.211 [http-nio-8080-exec-8] DEBUG o.s.web.servlet.DispatcherServlet - "ERROR" dispatch for GET "/error?usuario=admin", parameters={masked}
2026-02-15 19:46:57.211 [http-nio-8080-exec-8] DEBUG o.s.w.s.m.m.a.RequestMappingHandlerMapping - Mapped to org.springframework.boot.autoconfigure.web.servlet.error.BasicErrorController#error(HttpServletRequest)
2026-02-15 19:46:57.213 [http-nio-8080-exec-8] DEBUG o.s.w.s.m.m.a.HttpEntityMethodProcessor - Using 'application/json', given [application/json, text/plain, */*] and supported [application/json, application/*+json]
2026-02-15 19:46:57.213 [http-nio-8080-exec-8] DEBUG o.s.w.s.m.m.a.HttpEntityMethodProcessor - Writing [{timestamp=Sun Feb 15 19:46:57 CET 2026, status=400, error=Bad Request, trace=org.springframework.we (truncated)...]
2026-02-15 19:46:57.214 [http-nio-8080-exec-8] DEBUG o.s.web.servlet.DispatcherServlet - Exiting from "ERROR" dispatch, status 400
2026-02-15 19:47:05.423 [http-nio-8080-exec-9] DEBUG o.s.web.servlet.DispatcherServlet - GET "/api/usuarios/buscarPorNombre?usuario=admin", parameters={masked}
2026-02-15 19:47:05.423 [http-nio-8080-exec-9] DEBUG o.s.w.s.m.m.a.RequestMappingHandlerMapping - Mapped to com.example.ProyectoBackEnd.controller.UsuarioController#obtenerUno(int)
2026-02-15 19:47:05.424 [http-nio-8080-exec-9] DEBUG o.s.web.method.HandlerMethod - Could not resolve parameter [0] in public org.springframework.hateoas.EntityModel<com.example.ProyectoBackEnd.dao.entity.UsuarioEntity> com.example.ProyectoBackEnd.controller.UsuarioController.obtenerUno(int): Method parameter 'id': Failed to convert value of type 'java.lang.String' to required type 'int'; For input string: "buscarPorNombre"
2026-02-15 19:47:05.424 [http-nio-8080-exec-9] WARN  o.s.w.s.m.s.DefaultHandlerExceptionResolver - Resolved [org.springframework.web.method.annotation.MethodArgumentTypeMismatchException: Method parameter 'id': Failed to convert value of type 'java.lang.String' to required type 'int'; For input string: "buscarPorNombre"]
2026-02-15 19:47:05.425 [http-nio-8080-exec-9] DEBUG o.s.web.servlet.DispatcherServlet - Completed 400 BAD_REQUEST
2026-02-15 19:47:05.425 [http-nio-8080-exec-9] DEBUG o.s.web.servlet.DispatcherServlet - "ERROR" dispatch for GET "/error?usuario=admin", parameters={masked}
2026-02-15 19:47:05.425 [http-nio-8080-exec-9] DEBUG o.s.w.s.m.m.a.RequestMappingHandlerMapping - Mapped to org.springframework.boot.autoconfigure.web.servlet.error.BasicErrorController#error(HttpServletRequest)
2026-02-15 19:47:05.426 [http-nio-8080-exec-9] DEBUG o.s.w.s.m.m.a.HttpEntityMethodProcessor - Using 'application/json', given [application/json, text/plain, */*] and supported [application/json, application/*+json]
2026-02-15 19:47:05.427 [http-nio-8080-exec-9] DEBUG o.s.w.s.m.m.a.HttpEntityMethodProcessor - Writing [{timestamp=Sun Feb 15 19:47:05 CET 2026, status=400, error=Bad Request, trace=org.springframework.we (truncated)...]
2026-02-15 19:47:05.428 [http-nio-8080-exec-9] DEBUG o.s.web.servlet.DispatcherServlet - Exiting from "ERROR" dispatch, status 400
2026-02-15 19:48:21.687 [http-nio-8080-exec-10] DEBUG o.s.web.servlet.DispatcherServlet - GET "/api/usuarios/buscarPorNombre?usuario=admin", parameters={masked}
2026-02-15 19:48:21.688 [http-nio-8080-exec-10] DEBUG o.s.w.s.m.m.a.RequestMappingHandlerMapping - Mapped to com.example.ProyectoBackEnd.controller.UsuarioController#obtenerUno(int)
2026-02-15 19:48:21.689 [http-nio-8080-exec-10] DEBUG o.s.web.method.HandlerMethod - Could not resolve parameter [0] in public org.springframework.hateoas.EntityModel<com.example.ProyectoBackEnd.dao.entity.UsuarioEntity> com.example.ProyectoBackEnd.controller.UsuarioController.obtenerUno(int): Method parameter 'id': Failed to convert value of type 'java.lang.String' to required type 'int'; For input string: "buscarPorNombre"
2026-02-15 19:48:21.689 [http-nio-8080-exec-10] WARN  o.s.w.s.m.s.DefaultHandlerExceptionResolver - Resolved [org.springframework.web.method.annotation.MethodArgumentTypeMismatchException: Method parameter 'id': Failed to convert value of type 'java.lang.String' to required type 'int'; For input string: "buscarPorNombre"]
2026-02-15 19:48:21.690 [http-nio-8080-exec-10] DEBUG o.s.web.servlet.DispatcherServlet - Completed 400 BAD_REQUEST
2026-02-15 19:48:21.690 [http-nio-8080-exec-10] DEBUG o.s.web.servlet.DispatcherServlet - "ERROR" dispatch for GET "/error?usuario=admin", parameters={masked}
2026-02-15 19:48:21.690 [http-nio-8080-exec-10] DEBUG o.s.w.s.m.m.a.RequestMappingHandlerMapping - Mapped to org.springframework.boot.autoconfigure.web.servlet.error.BasicErrorController#error(HttpServletRequest)
2026-02-15 19:48:21.691 [http-nio-8080-exec-10] DEBUG o.s.w.s.m.m.a.HttpEntityMethodProcessor - Using 'application/json', given [application/json, text/plain, */*] and supported [application/json, application/*+json]
2026-02-15 19:48:21.691 [http-nio-8080-exec-10] DEBUG o.s.w.s.m.m.a.HttpEntityMethodProcessor - Writing [{timestamp=Sun Feb 15 19:48:21 CET 2026, status=400, error=Bad Request, trace=org.springframework.we (truncated)...]
2026-02-15 19:48:21.692 [http-nio-8080-exec-10] DEBUG o.s.web.servlet.DispatcherServlet - Exiting from "ERROR" dispatch, status 400
2026-02-15 19:48:26.158 [http-nio-8080-exec-1] DEBUG o.s.web.servlet.DispatcherServlet - GET "/api/usuarios/buscarPorNombre?usuario=admin", parameters={masked}
2026-02-15 19:48:26.159 [http-nio-8080-exec-1] DEBUG o.s.w.s.m.m.a.RequestMappingHandlerMapping - Mapped to com.example.ProyectoBackEnd.controller.UsuarioController#obtenerUno(int)
2026-02-15 19:48:26.160 [http-nio-8080-exec-1] DEBUG o.s.web.method.HandlerMethod - Could not resolve parameter [0] in public org.springframework.hateoas.EntityModel<com.example.ProyectoBackEnd.dao.entity.UsuarioEntity> com.example.ProyectoBackEnd.controller.UsuarioController.obtenerUno(int): Method parameter 'id': Failed to convert value of type 'java.lang.String' to required type 'int'; For input string: "buscarPorNombre"
2026-02-15 19:48:26.160 [http-nio-8080-exec-1] WARN  o.s.w.s.m.s.DefaultHandlerExceptionResolver - Resolved [org.springframework.web.method.annotation.MethodArgumentTypeMismatchException: Method parameter 'id': Failed to convert value of type 'java.lang.String' to required type 'int'; For input string: "buscarPorNombre"]
2026-02-15 19:48:26.160 [http-nio-8080-exec-1] DEBUG o.s.web.servlet.DispatcherServlet - Completed 400 BAD_REQUEST
2026-02-15 19:48:26.161 [http-nio-8080-exec-1] DEBUG o.s.web.servlet.DispatcherServlet - "ERROR" dispatch for GET "/error?usuario=admin", parameters={masked}
2026-02-15 19:48:26.161 [http-nio-8080-exec-1] DEBUG o.s.w.s.m.m.a.RequestMappingHandlerMapping - Mapped to org.springframework.boot.autoconfigure.web.servlet.error.BasicErrorController#error(HttpServletRequest)
2026-02-15 19:48:26.162 [http-nio-8080-exec-1] DEBUG o.s.w.s.m.m.a.HttpEntityMethodProcessor - Using 'application/json', given [application/json, text/plain, */*] and supported [application/json, application/*+json]
2026-02-15 19:48:26.162 [http-nio-8080-exec-1] DEBUG o.s.w.s.m.m.a.HttpEntityMethodProcessor - Writing [{timestamp=Sun Feb 15 19:48:26 CET 2026, status=400, error=Bad Request, trace=org.springframework.we (truncated)...]
2026-02-15 19:48:26.163 [http-nio-8080-exec-1] DEBUG o.s.web.servlet.DispatcherServlet - Exiting from "ERROR" dispatch, status 400
2026-02-15 19:48:44.775 [http-nio-8080-exec-2] DEBUG o.s.web.servlet.DispatcherServlet - GET "/api/usuarios/buscarPorNombre?usuario=admin", parameters={masked}
2026-02-15 19:48:44.775 [http-nio-8080-exec-2] DEBUG o.s.w.s.m.m.a.RequestMappingHandlerMapping - Mapped to com.example.ProyectoBackEnd.controller.UsuarioController#obtenerUno(int)
2026-02-15 19:48:44.776 [http-nio-8080-exec-2] DEBUG o.s.web.method.HandlerMethod - Could not resolve parameter [0] in public org.springframework.hateoas.EntityModel<com.example.ProyectoBackEnd.dao.entity.UsuarioEntity> com.example.ProyectoBackEnd.controller.UsuarioController.obtenerUno(int): Method parameter 'id': Failed to convert value of type 'java.lang.String' to required type 'int'; For input string: "buscarPorNombre"
2026-02-15 19:48:44.776 [http-nio-8080-exec-2] WARN  o.s.w.s.m.s.DefaultHandlerExceptionResolver - Resolved [org.springframework.web.method.annotation.MethodArgumentTypeMismatchException: Method parameter 'id': Failed to convert value of type 'java.lang.String' to required type 'int'; For input string: "buscarPorNombre"]
2026-02-15 19:48:44.776 [http-nio-8080-exec-2] DEBUG o.s.web.servlet.DispatcherServlet - Completed 400 BAD_REQUEST
2026-02-15 19:48:44.776 [http-nio-8080-exec-2] DEBUG o.s.web.servlet.DispatcherServlet - "ERROR" dispatch for GET "/error?usuario=admin", parameters={masked}
2026-02-15 19:48:44.777 [http-nio-8080-exec-2] DEBUG o.s.w.s.m.m.a.RequestMappingHandlerMapping - Mapped to org.springframework.boot.autoconfigure.web.servlet.error.BasicErrorController#error(HttpServletRequest)
2026-02-15 19:48:44.777 [http-nio-8080-exec-2] DEBUG o.s.w.s.m.m.a.HttpEntityMethodProcessor - Using 'application/json', given [application/json, text/plain, */*] and supported [application/json, application/*+json]
2026-02-15 19:48:44.777 [http-nio-8080-exec-2] DEBUG o.s.w.s.m.m.a.HttpEntityMethodProcessor - Writing [{timestamp=Sun Feb 15 19:48:44 CET 2026, status=400, error=Bad Request, trace=org.springframework.we (truncated)...]
2026-02-15 19:48:44.778 [http-nio-8080-exec-2] DEBUG o.s.web.servlet.DispatcherServlet - Exiting from "ERROR" dispatch, status 400
2026-02-15 19:49:10.791 [http-nio-8080-exec-3] DEBUG o.s.web.servlet.DispatcherServlet - GET "/api/usuarios/buscarPorNombre?usuario=yaddif", parameters={masked}
2026-02-15 19:49:10.791 [http-nio-8080-exec-3] DEBUG o.s.w.s.m.m.a.RequestMappingHandlerMapping - Mapped to com.example.ProyectoBackEnd.controller.UsuarioController#obtenerUno(int)
2026-02-15 19:49:10.791 [http-nio-8080-exec-3] DEBUG o.s.web.method.HandlerMethod - Could not resolve parameter [0] in public org.springframework.hateoas.EntityModel<com.example.ProyectoBackEnd.dao.entity.UsuarioEntity> com.example.ProyectoBackEnd.controller.UsuarioController.obtenerUno(int): Method parameter 'id': Failed to convert value of type 'java.lang.String' to required type 'int'; For input string: "buscarPorNombre"
2026-02-15 19:49:10.791 [http-nio-8080-exec-3] WARN  o.s.w.s.m.s.DefaultHandlerExceptionResolver - Resolved [org.springframework.web.method.annotation.MethodArgumentTypeMismatchException: Method parameter 'id': Failed to convert value of type 'java.lang.String' to required type 'int'; For input string: "buscarPorNombre"]
2026-02-15 19:49:10.791 [http-nio-8080-exec-3] DEBUG o.s.web.servlet.DispatcherServlet - Completed 400 BAD_REQUEST
2026-02-15 19:49:10.792 [http-nio-8080-exec-3] DEBUG o.s.web.servlet.DispatcherServlet - "ERROR" dispatch for GET "/error?usuario=yaddif", parameters={masked}
2026-02-15 19:49:10.792 [http-nio-8080-exec-3] DEBUG o.s.w.s.m.m.a.RequestMappingHandlerMapping - Mapped to org.springframework.boot.autoconfigure.web.servlet.error.BasicErrorController#error(HttpServletRequest)
2026-02-15 19:49:10.793 [http-nio-8080-exec-3] DEBUG o.s.w.s.m.m.a.HttpEntityMethodProcessor - Using 'application/json', given [application/json, text/plain, */*] and supported [application/json, application/*+json]
2026-02-15 19:49:10.793 [http-nio-8080-exec-3] DEBUG o.s.w.s.m.m.a.HttpEntityMethodProcessor - Writing [{timestamp=Sun Feb 15 19:49:10 CET 2026, status=400, error=Bad Request, trace=org.springframework.we (truncated)...]
2026-02-15 19:49:10.794 [http-nio-8080-exec-3] DEBUG o.s.web.servlet.DispatcherServlet - Exiting from "ERROR" dispatch, status 400
2026-02-15 19:53:52.021 [http-nio-8080-exec-4] DEBUG o.s.web.servlet.DispatcherServlet - GET "/api/usuarios/buscarPorNombre?usuario=yaddif", parameters={masked}
2026-02-15 19:53:52.022 [http-nio-8080-exec-4] DEBUG o.s.w.s.m.m.a.RequestMappingHandlerMapping - Mapped to com.example.ProyectoBackEnd.controller.UsuarioController#obtenerUno(int)
2026-02-15 19:53:52.023 [http-nio-8080-exec-4] DEBUG o.s.web.method.HandlerMethod - Could not resolve parameter [0] in public org.springframework.hateoas.EntityModel<com.example.ProyectoBackEnd.dao.entity.UsuarioEntity> com.example.ProyectoBackEnd.controller.UsuarioController.obtenerUno(int): Method parameter 'id': Failed to convert value of type 'java.lang.String' to required type 'int'; For input string: "buscarPorNombre"
2026-02-15 19:53:52.023 [http-nio-8080-exec-4] WARN  o.s.w.s.m.s.DefaultHandlerExceptionResolver - Resolved [org.springframework.web.method.annotation.MethodArgumentTypeMismatchException: Method parameter 'id': Failed to convert value of type 'java.lang.String' to required type 'int'; For input string: "buscarPorNombre"]
2026-02-15 19:53:52.023 [http-nio-8080-exec-4] DEBUG o.s.web.servlet.DispatcherServlet - Completed 400 BAD_REQUEST
2026-02-15 19:53:52.024 [http-nio-8080-exec-4] DEBUG o.s.web.servlet.DispatcherServlet - "ERROR" dispatch for GET "/error?usuario=yaddif", parameters={masked}
2026-02-15 19:53:52.024 [http-nio-8080-exec-4] DEBUG o.s.w.s.m.m.a.RequestMappingHandlerMapping - Mapped to org.springframework.boot.autoconfigure.web.servlet.error.BasicErrorController#error(HttpServletRequest)
2026-02-15 19:53:52.025 [http-nio-8080-exec-4] DEBUG o.s.w.s.m.m.a.HttpEntityMethodProcessor - Using 'application/json', given [application/json, text/plain, */*] and supported [application/json, application/*+json]
2026-02-15 19:53:52.025 [http-nio-8080-exec-4] DEBUG o.s.w.s.m.m.a.HttpEntityMethodProcessor - Writing [{timestamp=Sun Feb 15 19:53:52 CET 2026, status=400, error=Bad Request, trace=org.springframework.we (truncated)...]
2026-02-15 19:53:52.027 [http-nio-8080-exec-4] DEBUG o.s.web.servlet.DispatcherServlet - Exiting from "ERROR" dispatch, status 400
2026-02-15 19:54:02.543 [restartedMain] INFO  c.e.P.ProyectoBackEndApplication - Starting ProyectoBackEndApplication using Java 17.0.17 with PID 27232 (C:\Users\leofr\OneDrive\Escritorio\ESPECIALIZACION EN JAVA(CIBERTEC) Y OTRAS\JAVA BACK END\PROYECTO FINAL\ProyectoBackEnd (1)\ProyectoBackEnd\target\classes started by leofr in C:\Users\leofr\OneDrive\Escritorio\ESPECIALIZACION EN JAVA(CIBERTEC) Y OTRAS\JAVA BACK END\PROYECTO FINAL\ProyectoBackEnd (1)\ProyectoBackEnd)
2026-02-15 19:54:02.545 [restartedMain] DEBUG c.e.P.ProyectoBackEndApplication - Running with Spring Boot v3.5.10, Spring v6.2.15
2026-02-15 19:54:02.546 [restartedMain] INFO  c.e.P.ProyectoBackEndApplication - No active profile set, falling back to 1 default profile: "default"
2026-02-15 19:54:02.591 [restartedMain] INFO  o.s.b.d.e.DevToolsPropertyDefaultsPostProcessor - Devtools property defaults active! Set 'spring.devtools.add-properties' to 'false' to disable
2026-02-15 19:54:02.591 [restartedMain] INFO  o.s.b.d.e.DevToolsPropertyDefaultsPostProcessor - For additional web related logging consider setting the 'logging.level.web' property to 'DEBUG'
2026-02-15 19:54:03.254 [restartedMain] INFO  o.s.d.r.c.RepositoryConfigurationDelegate - Bootstrapping Spring Data JPA repositories in DEFAULT mode.
2026-02-15 19:54:03.326 [restartedMain] INFO  o.s.d.r.c.RepositoryConfigurationDelegate - Finished Spring Data repository scanning in 62 ms. Found 3 JPA repository interfaces.
2026-02-15 19:54:04.108 [restartedMain] INFO  o.s.b.w.e.tomcat.TomcatWebServer - Tomcat initialized with port 8080 (http)
2026-02-15 19:54:04.121 [restartedMain] INFO  o.a.coyote.http11.Http11NioProtocol - Initializing ProtocolHandler ["http-nio-8080"]
2026-02-15 19:54:04.122 [restartedMain] INFO  o.a.catalina.core.StandardService - Starting service [Tomcat]
2026-02-15 19:54:04.123 [restartedMain] INFO  o.a.catalina.core.StandardEngine - Starting Servlet engine: [Apache Tomcat/10.1.50]
2026-02-15 19:54:04.177 [restartedMain] INFO  o.a.c.c.C.[Tomcat].[localhost].[/] - Initializing Spring embedded WebApplicationContext
2026-02-15 19:54:04.178 [restartedMain] INFO  o.s.b.w.s.c.ServletWebServerApplicationContext - Root WebApplicationContext: initialization completed in 1586 ms
2026-02-15 19:54:04.375 [restartedMain] INFO  o.h.jpa.internal.util.LogHelper - HHH000204: Processing PersistenceUnitInfo [name: default]
2026-02-15 19:54:04.443 [restartedMain] INFO  org.hibernate.Version - HHH000412: Hibernate ORM core version 6.6.41.Final
2026-02-15 19:54:04.482 [restartedMain] INFO  o.h.c.i.RegionFactoryInitiator - HHH000026: Second-level cache disabled
2026-02-15 19:54:04.768 [restartedMain] INFO  o.s.o.j.p.SpringPersistenceUnitInfo - No LoadTimeWeaver setup: ignoring JPA class transformer
2026-02-15 19:54:04.806 [restartedMain] INFO  com.zaxxer.hikari.HikariDataSource - HikariPool-1 - Starting...
2026-02-15 19:54:04.943 [restartedMain] INFO  com.zaxxer.hikari.pool.HikariPool - HikariPool-1 - Added connection com.mysql.cj.jdbc.ConnectionImpl@34d16197
2026-02-15 19:54:04.944 [restartedMain] INFO  com.zaxxer.hikari.HikariDataSource - HikariPool-1 - Start completed.
2026-02-15 19:54:04.989 [restartedMain] WARN  org.hibernate.orm.deprecation - HHH90000025: MySQLDialect does not need to be specified explicitly using 'hibernate.dialect' (remove the property setting and it will be selected by default)
2026-02-15 19:54:05.007 [restartedMain] INFO  o.hibernate.orm.connections.pooling - HHH10001005: Database info:
	Database JDBC URL [Connecting through datasource 'HikariDataSource (HikariPool-1)']
	Database driver: undefined/unknown
	Database version: 8.0.32
	Autocommit mode: undefined/unknown
	Isolation level: undefined/unknown
	Minimum pool size: undefined/unknown
	Maximum pool size: undefined/unknown
2026-02-15 19:54:05.679 [restartedMain] INFO  o.h.e.t.j.p.i.JtaPlatformInitiator - HHH000489: No JTA platform available (set 'hibernate.transaction.jta.platform' to enable JTA platform integration)
2026-02-15 19:54:05.749 [restartedMain] INFO  o.s.o.j.LocalContainerEntityManagerFactoryBean - Initialized JPA EntityManagerFactory for persistence unit 'default'
2026-02-15 19:54:06.137 [restartedMain] INFO  o.s.d.j.r.query.QueryEnhancerFactory - Hibernate is in classpath; If applicable, HQL parser will be used.
2026-02-15 19:54:06.685 [restartedMain] WARN  o.s.b.a.o.j.JpaBaseConfiguration$JpaWebConfiguration - spring.jpa.open-in-view is enabled by default. Therefore, database queries may be performed during view rendering. Explicitly configure spring.jpa.open-in-view to disable this warning
2026-02-15 19:54:06.975 [restartedMain] DEBUG o.s.w.s.m.m.a.RequestMappingHandlerMapping - 15 mappings in 'requestMappingHandlerMapping'
2026-02-15 19:54:07.103 [restartedMain] DEBUG o.s.w.s.h.SimpleUrlHandlerMapping - Patterns [/webjars/**, /**] in 'resourceHandlerMapping'
2026-02-15 19:54:07.136 [restartedMain] DEBUG o.s.w.s.m.m.a.RequestMappingHandlerAdapter - ControllerAdvice beans: 0 @ModelAttribute, 0 @InitBinder, 1 RequestBodyAdvice, 1 ResponseBodyAdvice
2026-02-15 19:54:07.188 [restartedMain] WARN  o.s.b.a.t.ThymeleafAutoConfiguration$DefaultTemplateResolverConfiguration - Cannot find template location: classpath:/templates/ (please add some templates, check your Thymeleaf configuration, or set spring.thymeleaf.check-template-location=false)
2026-02-15 19:54:07.220 [restartedMain] DEBUG o.s.w.s.m.m.a.ExceptionHandlerExceptionResolver - ControllerAdvice beans: 1 @ExceptionHandler, 1 ResponseBodyAdvice
2026-02-15 19:54:07.260 [restartedMain] DEBUG o.s.w.s.m.m.a.ExceptionHandlerExceptionResolver - ControllerAdvice beans: 1 @ExceptionHandler, 0 ResponseBodyAdvice
2026-02-15 19:54:07.494 [restartedMain] INFO  o.s.b.d.a.OptionalLiveReloadServer - LiveReload server is running on port 35729
2026-02-15 19:54:07.507 [restartedMain] INFO  o.a.coyote.http11.Http11NioProtocol - Starting ProtocolHandler ["http-nio-8080"]
2026-02-15 19:54:07.527 [restartedMain] INFO  o.s.b.w.e.tomcat.TomcatWebServer - Tomcat started on port 8080 (http) with context path '/'
2026-02-15 19:54:07.535 [restartedMain] INFO  c.e.P.ProyectoBackEndApplication - Started ProyectoBackEndApplication in 5.342 seconds (process running for 5.854)
2026-02-15 19:54:28.833 [http-nio-8080-exec-1] INFO  o.a.c.c.C.[Tomcat].[localhost].[/] - Initializing Spring DispatcherServlet 'dispatcherServlet'
2026-02-15 19:54:28.834 [http-nio-8080-exec-1] INFO  o.s.web.servlet.DispatcherServlet - Initializing Servlet 'dispatcherServlet'
2026-02-15 19:54:28.834 [http-nio-8080-exec-1] DEBUG o.s.web.servlet.DispatcherServlet - Detected StandardServletMultipartResolver
2026-02-15 19:54:28.834 [http-nio-8080-exec-1] DEBUG o.s.web.servlet.DispatcherServlet - Detected AcceptHeaderLocaleResolver
2026-02-15 19:54:28.834 [http-nio-8080-exec-1] DEBUG o.s.web.servlet.DispatcherServlet - Detected FixedThemeResolver
2026-02-15 19:54:28.835 [http-nio-8080-exec-1] DEBUG o.s.web.servlet.DispatcherServlet - Detected org.springframework.web.servlet.view.DefaultRequestToViewNameTranslator@54bb31bb
2026-02-15 19:54:28.836 [http-nio-8080-exec-1] DEBUG o.s.web.servlet.DispatcherServlet - Detected org.springframework.web.servlet.support.SessionFlashMapManager@1b3bb86a
2026-02-15 19:54:28.836 [http-nio-8080-exec-1] DEBUG o.s.web.servlet.DispatcherServlet - enableLoggingRequestDetails='false': request parameters and headers will be masked to prevent unsafe logging of potentially sensitive data
2026-02-15 19:54:28.836 [http-nio-8080-exec-1] INFO  o.s.web.servlet.DispatcherServlet - Completed initialization in 2 ms
2026-02-15 19:54:28.846 [http-nio-8080-exec-1] DEBUG o.s.web.servlet.DispatcherServlet - GET "/api/usuarios/buscarPorNombre?usuario=admin", parameters={masked}
2026-02-15 19:54:28.859 [http-nio-8080-exec-1] DEBUG o.s.w.s.m.m.a.RequestMappingHandlerMapping - Mapped to com.example.ProyectoBackEnd.controller.UsuarioController#obtenerUno(int)
2026-02-15 19:54:28.898 [http-nio-8080-exec-1] DEBUG o.s.web.method.HandlerMethod - Could not resolve parameter [0] in public org.springframework.hateoas.EntityModel<com.example.ProyectoBackEnd.dao.entity.UsuarioEntity> com.example.ProyectoBackEnd.controller.UsuarioController.obtenerUno(int): Method parameter 'id': Failed to convert value of type 'java.lang.String' to required type 'int'; For input string: "buscarPorNombre"
2026-02-15 19:54:28.900 [http-nio-8080-exec-1] WARN  o.s.w.s.m.s.DefaultHandlerExceptionResolver - Resolved [org.springframework.web.method.annotation.MethodArgumentTypeMismatchException: Method parameter 'id': Failed to convert value of type 'java.lang.String' to required type 'int'; For input string: "buscarPorNombre"]
2026-02-15 19:54:28.902 [http-nio-8080-exec-1] DEBUG o.s.web.servlet.DispatcherServlet - Completed 400 BAD_REQUEST
2026-02-15 19:54:28.909 [http-nio-8080-exec-1] DEBUG o.s.web.servlet.DispatcherServlet - "ERROR" dispatch for GET "/error?usuario=admin", parameters={masked}
2026-02-15 19:54:28.911 [http-nio-8080-exec-1] DEBUG o.s.w.s.m.m.a.RequestMappingHandlerMapping - Mapped to org.springframework.boot.autoconfigure.web.servlet.error.BasicErrorController#error(HttpServletRequest)
2026-02-15 19:54:28.924 [http-nio-8080-exec-1] DEBUG o.s.w.s.m.m.a.HttpEntityMethodProcessor - Using 'application/json', given [application/json, text/plain, */*] and supported [application/json, application/*+json]
2026-02-15 19:54:28.925 [http-nio-8080-exec-1] DEBUG o.s.w.s.m.m.a.HttpEntityMethodProcessor - Writing [{timestamp=Sun Feb 15 19:54:28 CET 2026, status=400, error=Bad Request, trace=org.springframework.we (truncated)...]
2026-02-15 19:54:28.966 [http-nio-8080-exec-1] DEBUG o.s.web.servlet.DispatcherServlet - Exiting from "ERROR" dispatch, status 400
2026-02-15 19:55:40.725 [http-nio-8080-exec-2] DEBUG o.s.web.servlet.DispatcherServlet - GET "/api/usuarios/buscarPorNombre?usuario=admin", parameters={masked}
2026-02-15 19:55:40.727 [http-nio-8080-exec-2] DEBUG o.s.w.s.m.m.a.RequestMappingHandlerMapping - Mapped to com.example.ProyectoBackEnd.controller.UsuarioController#obtenerUno(int)
2026-02-15 19:55:40.728 [http-nio-8080-exec-2] DEBUG o.s.web.method.HandlerMethod - Could not resolve parameter [0] in public org.springframework.hateoas.EntityModel<com.example.ProyectoBackEnd.dao.entity.UsuarioEntity> com.example.ProyectoBackEnd.controller.UsuarioController.obtenerUno(int): Method parameter 'id': Failed to convert value of type 'java.lang.String' to required type 'int'; For input string: "buscarPorNombre"
2026-02-15 19:55:40.729 [http-nio-8080-exec-2] WARN  o.s.w.s.m.s.DefaultHandlerExceptionResolver - Resolved [org.springframework.web.method.annotation.MethodArgumentTypeMismatchException: Method parameter 'id': Failed to convert value of type 'java.lang.String' to required type 'int'; For input string: "buscarPorNombre"]
2026-02-15 19:55:40.730 [http-nio-8080-exec-2] DEBUG o.s.web.servlet.DispatcherServlet - Completed 400 BAD_REQUEST
2026-02-15 19:55:40.730 [http-nio-8080-exec-2] DEBUG o.s.web.servlet.DispatcherServlet - "ERROR" dispatch for GET "/error?usuario=admin", parameters={masked}
2026-02-15 19:55:40.731 [http-nio-8080-exec-2] DEBUG o.s.w.s.m.m.a.RequestMappingHandlerMapping - Mapped to org.springframework.boot.autoconfigure.web.servlet.error.BasicErrorController#errorHtml(HttpServletRequest, HttpServletResponse)
2026-02-15 19:55:40.744 [http-nio-8080-exec-2] DEBUG o.s.w.s.v.ContentNegotiatingViewResolver - Selected 'text/html' given [text/html, text/html;q=0.8]
2026-02-15 19:55:40.749 [http-nio-8080-exec-2] DEBUG o.s.web.servlet.DispatcherServlet - Exiting from "ERROR" dispatch, status 400
2026-02-15 19:57:23.801 [restartedMain] INFO  c.e.P.ProyectoBackEndApplication - Starting ProyectoBackEndApplication using Java 17.0.17 with PID 23256 (C:\Users\leofr\OneDrive\Escritorio\ESPECIALIZACION EN JAVA(CIBERTEC) Y OTRAS\JAVA BACK END\PROYECTO FINAL\ProyectoBackEnd (1)\ProyectoBackEnd\target\classes started by leofr in C:\Users\leofr\OneDrive\Escritorio\ESPECIALIZACION EN JAVA(CIBERTEC) Y OTRAS\JAVA BACK END\PROYECTO FINAL\ProyectoBackEnd (1)\ProyectoBackEnd)
2026-02-15 19:57:23.803 [restartedMain] DEBUG c.e.P.ProyectoBackEndApplication - Running with Spring Boot v3.5.10, Spring v6.2.15
2026-02-15 19:57:23.804 [restartedMain] INFO  c.e.P.ProyectoBackEndApplication - No active profile set, falling back to 1 default profile: "default"
2026-02-15 19:57:23.849 [restartedMain] INFO  o.s.b.d.e.DevToolsPropertyDefaultsPostProcessor - Devtools property defaults active! Set 'spring.devtools.add-properties' to 'false' to disable
2026-02-15 19:57:23.849 [restartedMain] INFO  o.s.b.d.e.DevToolsPropertyDefaultsPostProcessor - For additional web related logging consider setting the 'logging.level.web' property to 'DEBUG'
2026-02-15 19:57:24.498 [restartedMain] INFO  o.s.d.r.c.RepositoryConfigurationDelegate - Bootstrapping Spring Data JPA repositories in DEFAULT mode.
2026-02-15 19:57:24.578 [restartedMain] INFO  o.s.d.r.c.RepositoryConfigurationDelegate - Finished Spring Data repository scanning in 69 ms. Found 3 JPA repository interfaces.
2026-02-15 19:57:25.356 [restartedMain] INFO  o.s.b.w.e.tomcat.TomcatWebServer - Tomcat initialized with port 8080 (http)
2026-02-15 19:57:25.371 [restartedMain] INFO  o.a.coyote.http11.Http11NioProtocol - Initializing ProtocolHandler ["http-nio-8080"]
2026-02-15 19:57:25.374 [restartedMain] INFO  o.a.catalina.core.StandardService - Starting service [Tomcat]
2026-02-15 19:57:25.375 [restartedMain] INFO  o.a.catalina.core.StandardEngine - Starting Servlet engine: [Apache Tomcat/10.1.50]
2026-02-15 19:57:25.439 [restartedMain] INFO  o.a.c.c.C.[Tomcat].[localhost].[/] - Initializing Spring embedded WebApplicationContext
2026-02-15 19:57:25.441 [restartedMain] INFO  o.s.b.w.s.c.ServletWebServerApplicationContext - Root WebApplicationContext: initialization completed in 1589 ms
2026-02-15 19:57:25.690 [restartedMain] INFO  o.h.jpa.internal.util.LogHelper - HHH000204: Processing PersistenceUnitInfo [name: default]
2026-02-15 19:57:25.743 [restartedMain] INFO  org.hibernate.Version - HHH000412: Hibernate ORM core version 6.6.41.Final
2026-02-15 19:57:25.774 [restartedMain] INFO  o.h.c.i.RegionFactoryInitiator - HHH000026: Second-level cache disabled
2026-02-15 19:57:26.073 [restartedMain] INFO  o.s.o.j.p.SpringPersistenceUnitInfo - No LoadTimeWeaver setup: ignoring JPA class transformer
2026-02-15 19:57:26.124 [restartedMain] INFO  com.zaxxer.hikari.HikariDataSource - HikariPool-1 - Starting...
2026-02-15 19:57:26.311 [restartedMain] INFO  com.zaxxer.hikari.pool.HikariPool - HikariPool-1 - Added connection com.mysql.cj.jdbc.ConnectionImpl@7946cc28
2026-02-15 19:57:26.313 [restartedMain] INFO  com.zaxxer.hikari.HikariDataSource - HikariPool-1 - Start completed.
2026-02-15 19:57:26.368 [restartedMain] WARN  org.hibernate.orm.deprecation - HHH90000025: MySQLDialect does not need to be specified explicitly using 'hibernate.dialect' (remove the property setting and it will be selected by default)
2026-02-15 19:57:26.394 [restartedMain] INFO  o.hibernate.orm.connections.pooling - HHH10001005: Database info:
	Database JDBC URL [Connecting through datasource 'HikariDataSource (HikariPool-1)']
	Database driver: undefined/unknown
	Database version: 8.0.32
	Autocommit mode: undefined/unknown
	Isolation level: undefined/unknown
	Minimum pool size: undefined/unknown
	Maximum pool size: undefined/unknown
2026-02-15 19:57:27.293 [restartedMain] INFO  o.h.e.t.j.p.i.JtaPlatformInitiator - HHH000489: No JTA platform available (set 'hibernate.transaction.jta.platform' to enable JTA platform integration)
2026-02-15 19:57:27.389 [restartedMain] INFO  o.s.o.j.LocalContainerEntityManagerFactoryBean - Initialized JPA EntityManagerFactory for persistence unit 'default'
2026-02-15 19:57:27.884 [restartedMain] INFO  o.s.d.j.r.query.QueryEnhancerFactory - Hibernate is in classpath; If applicable, HQL parser will be used.
2026-02-15 19:57:28.692 [restartedMain] WARN  o.s.b.a.o.j.JpaBaseConfiguration$JpaWebConfiguration - spring.jpa.open-in-view is enabled by default. Therefore, database queries may be performed during view rendering. Explicitly configure spring.jpa.open-in-view to disable this warning
2026-02-15 19:57:29.057 [restartedMain] DEBUG o.s.w.s.m.m.a.RequestMappingHandlerMapping - 16 mappings in 'requestMappingHandlerMapping'
2026-02-15 19:57:29.226 [restartedMain] DEBUG o.s.w.s.h.SimpleUrlHandlerMapping - Patterns [/webjars/**, /**] in 'resourceHandlerMapping'
2026-02-15 19:57:29.277 [restartedMain] DEBUG o.s.w.s.m.m.a.RequestMappingHandlerAdapter - ControllerAdvice beans: 0 @ModelAttribute, 0 @InitBinder, 1 RequestBodyAdvice, 1 ResponseBodyAdvice
2026-02-15 19:57:29.345 [restartedMain] WARN  o.s.b.a.t.ThymeleafAutoConfiguration$DefaultTemplateResolverConfiguration - Cannot find template location: classpath:/templates/ (please add some templates, check your Thymeleaf configuration, or set spring.thymeleaf.check-template-location=false)
2026-02-15 19:57:29.385 [restartedMain] DEBUG o.s.w.s.m.m.a.ExceptionHandlerExceptionResolver - ControllerAdvice beans: 1 @ExceptionHandler, 1 ResponseBodyAdvice
2026-02-15 19:57:29.441 [restartedMain] DEBUG o.s.w.s.m.m.a.ExceptionHandlerExceptionResolver - ControllerAdvice beans: 1 @ExceptionHandler, 0 ResponseBodyAdvice
2026-02-15 19:57:29.762 [restartedMain] INFO  o.s.b.d.a.OptionalLiveReloadServer - LiveReload server is running on port 35729
2026-02-15 19:57:29.782 [restartedMain] INFO  o.a.coyote.http11.Http11NioProtocol - Starting ProtocolHandler ["http-nio-8080"]
2026-02-15 19:57:29.807 [restartedMain] INFO  o.s.b.w.e.tomcat.TomcatWebServer - Tomcat started on port 8080 (http) with context path '/'
2026-02-15 19:57:29.817 [restartedMain] INFO  c.e.P.ProyectoBackEndApplication - Started ProyectoBackEndApplication in 6.378 seconds (process running for 6.899)
2026-02-15 19:57:35.491 [http-nio-8080-exec-1] INFO  o.a.c.c.C.[Tomcat].[localhost].[/] - Initializing Spring DispatcherServlet 'dispatcherServlet'
2026-02-15 19:57:35.491 [http-nio-8080-exec-1] INFO  o.s.web.servlet.DispatcherServlet - Initializing Servlet 'dispatcherServlet'
2026-02-15 19:57:35.491 [http-nio-8080-exec-1] DEBUG o.s.web.servlet.DispatcherServlet - Detected StandardServletMultipartResolver
2026-02-15 19:57:35.491 [http-nio-8080-exec-1] DEBUG o.s.web.servlet.DispatcherServlet - Detected AcceptHeaderLocaleResolver
2026-02-15 19:57:35.491 [http-nio-8080-exec-1] DEBUG o.s.web.servlet.DispatcherServlet - Detected FixedThemeResolver
2026-02-15 19:57:35.492 [http-nio-8080-exec-1] DEBUG o.s.web.servlet.DispatcherServlet - Detected org.springframework.web.servlet.view.DefaultRequestToViewNameTranslator@3cd25436
2026-02-15 19:57:35.493 [http-nio-8080-exec-1] DEBUG o.s.web.servlet.DispatcherServlet - Detected org.springframework.web.servlet.support.SessionFlashMapManager@6aa42f6a
2026-02-15 19:57:35.493 [http-nio-8080-exec-1] DEBUG o.s.web.servlet.DispatcherServlet - enableLoggingRequestDetails='false': request parameters and headers will be masked to prevent unsafe logging of potentially sensitive data
2026-02-15 19:57:35.493 [http-nio-8080-exec-1] INFO  o.s.web.servlet.DispatcherServlet - Completed initialization in 2 ms
2026-02-15 19:57:35.502 [http-nio-8080-exec-1] DEBUG o.s.web.servlet.DispatcherServlet - GET "/api/usuarios/", parameters={}
2026-02-15 19:57:35.518 [http-nio-8080-exec-1] DEBUG o.s.w.s.h.SimpleUrlHandlerMapping - Mapped to ResourceHttpRequestHandler [classpath [META-INF/resources/], classpath [resources/], classpath [static/], classpath [public/], ServletContext [/]]
2026-02-15 19:57:35.533 [http-nio-8080-exec-1] DEBUG o.s.w.s.r.ResourceHttpRequestHandler - Resource not found
2026-02-15 19:57:35.538 [http-nio-8080-exec-1] DEBUG o.s.w.s.m.s.DefaultHandlerExceptionResolver - Resolved [org.springframework.web.servlet.resource.NoResourceFoundException: No static resource api/usuarios.]
2026-02-15 19:57:35.541 [http-nio-8080-exec-1] DEBUG o.s.web.servlet.DispatcherServlet - Completed 404 NOT_FOUND
2026-02-15 19:57:35.548 [http-nio-8080-exec-1] DEBUG o.s.web.servlet.DispatcherServlet - "ERROR" dispatch for GET "/error", parameters={}
2026-02-15 19:57:35.550 [http-nio-8080-exec-1] DEBUG o.s.w.s.m.m.a.RequestMappingHandlerMapping - Mapped to org.springframework.boot.autoconfigure.web.servlet.error.BasicErrorController#errorHtml(HttpServletRequest, HttpServletResponse)
2026-02-15 19:57:35.577 [http-nio-8080-exec-1] DEBUG o.s.w.s.v.ContentNegotiatingViewResolver - Selected 'text/html' given [text/html, text/html;q=0.8]
2026-02-15 19:57:35.585 [http-nio-8080-exec-1] DEBUG o.s.web.servlet.DispatcherServlet - Exiting from "ERROR" dispatch, status 404
2026-02-15 19:57:41.382 [http-nio-8080-exec-2] DEBUG o.s.web.servlet.DispatcherServlet - GET "/api/usuarios/", parameters={}
2026-02-15 19:57:41.383 [http-nio-8080-exec-2] DEBUG o.s.w.s.h.SimpleUrlHandlerMapping - Mapped to ResourceHttpRequestHandler [classpath [META-INF/resources/], classpath [resources/], classpath [static/], classpath [public/], ServletContext [/]]
2026-02-15 19:57:41.387 [http-nio-8080-exec-2] DEBUG o.s.w.s.r.ResourceHttpRequestHandler - Resource not found
2026-02-15 19:57:41.388 [http-nio-8080-exec-2] DEBUG o.s.w.s.m.s.DefaultHandlerExceptionResolver - Resolved [org.springframework.web.servlet.resource.NoResourceFoundException: No static resource api/usuarios.]
2026-02-15 19:57:41.388 [http-nio-8080-exec-2] DEBUG o.s.web.servlet.DispatcherServlet - Completed 404 NOT_FOUND
2026-02-15 19:57:41.389 [http-nio-8080-exec-2] DEBUG o.s.web.servlet.DispatcherServlet - "ERROR" dispatch for GET "/error", parameters={}
2026-02-15 19:57:41.390 [http-nio-8080-exec-2] DEBUG o.s.w.s.m.m.a.RequestMappingHandlerMapping - Mapped to org.springframework.boot.autoconfigure.web.servlet.error.BasicErrorController#errorHtml(HttpServletRequest, HttpServletResponse)
2026-02-15 19:57:41.396 [http-nio-8080-exec-2] DEBUG o.s.w.s.v.ContentNegotiatingViewResolver - Selected 'text/html' given [text/html, text/html;q=0.8]
2026-02-15 19:57:41.397 [http-nio-8080-exec-2] DEBUG o.s.web.servlet.DispatcherServlet - Exiting from "ERROR" dispatch, status 404
2026-02-15 19:57:43.373 [http-nio-8080-exec-4] DEBUG o.s.web.servlet.DispatcherServlet - GET "/api/usuarios/", parameters={}
2026-02-15 19:57:43.375 [http-nio-8080-exec-4] DEBUG o.s.w.s.h.SimpleUrlHandlerMapping - Mapped to ResourceHttpRequestHandler [classpath [META-INF/resources/], classpath [resources/], classpath [static/], classpath [public/], ServletContext [/]]
2026-02-15 19:57:43.377 [http-nio-8080-exec-4] DEBUG o.s.w.s.r.ResourceHttpRequestHandler - Resource not found
2026-02-15 19:57:43.377 [http-nio-8080-exec-4] DEBUG o.s.w.s.m.s.DefaultHandlerExceptionResolver - Resolved [org.springframework.web.servlet.resource.NoResourceFoundException: No static resource api/usuarios.]
2026-02-15 19:57:43.378 [http-nio-8080-exec-4] DEBUG o.s.web.servlet.DispatcherServlet - Completed 404 NOT_FOUND
2026-02-15 19:57:43.378 [http-nio-8080-exec-4] DEBUG o.s.web.servlet.DispatcherServlet - "ERROR" dispatch for GET "/error", parameters={}
2026-02-15 19:57:43.379 [http-nio-8080-exec-4] DEBUG o.s.w.s.m.m.a.RequestMappingHandlerMapping - Mapped to org.springframework.boot.autoconfigure.web.servlet.error.BasicErrorController#errorHtml(HttpServletRequest, HttpServletResponse)
2026-02-15 19:57:43.385 [http-nio-8080-exec-4] DEBUG o.s.w.s.v.ContentNegotiatingViewResolver - Selected 'text/html' given [text/html, text/html;q=0.8]
2026-02-15 19:57:43.386 [http-nio-8080-exec-4] DEBUG o.s.web.servlet.DispatcherServlet - Exiting from "ERROR" dispatch, status 404
2026-02-15 19:58:03.670 [http-nio-8080-exec-6] DEBUG o.s.web.servlet.DispatcherServlet - GET "/api/usuarios-rest", parameters={}
2026-02-15 19:58:04.028 [http-nio-8080-exec-6] DEBUG o.s.w.s.m.m.a.RequestResponseBodyMethodProcessor - Using 'application/hal+json;q=0.8', given [text/html, application/xhtml+xml, image/avif, image/webp, image/apng, application/xml;q=0.9, */*;q=0.8, application/signed-exchange;v=b3;q=0.7] and supported [application/hal+json]
2026-02-15 19:58:04.077 [http-nio-8080-exec-6] DEBUG o.s.w.s.m.m.a.RequestResponseBodyMethodProcessor - Writing [PagedModel { content: [EntityModel { content: UsuarioEntity(idUsuario=1, usuario=admin, contraseña=1 (truncated)...]
2026-02-15 19:58:04.199 [http-nio-8080-exec-6] DEBUG o.s.web.servlet.DispatcherServlet - Completed 200 OK
2026-02-15 19:58:29.138 [http-nio-8080-exec-7] DEBUG o.s.web.servlet.DispatcherServlet - GET "/api/usuarios-rest/buscarPorNombre?usuario=admin", parameters={masked}
2026-02-15 19:58:29.147 [http-nio-8080-exec-7] DEBUG o.s.w.s.m.m.a.ExceptionHandlerExceptionResolver - Using @ExceptionHandler org.springframework.data.rest.webmvc.RepositoryRestExceptionHandler#handleMiscFailures(Exception)
2026-02-15 19:58:29.151 [http-nio-8080-exec-7] DEBUG o.s.w.s.m.m.a.HttpEntityMethodProcessor - Using 'application/json;q=0.8', given [text/html, application/xhtml+xml, image/avif, image/webp, image/apng, application/xml;q=0.9, */*;q=0.8, application/signed-exchange;v=b3;q=0.7] and supported [application/json, application/*+json]
2026-02-15 19:58:29.151 [http-nio-8080-exec-7] DEBUG o.s.w.s.m.m.a.HttpEntityMethodProcessor - Writing [org.springframework.data.rest.webmvc.support.ExceptionMessage@296694d2]
2026-02-15 19:58:29.152 [http-nio-8080-exec-7] WARN  o.s.w.s.m.m.a.ExceptionHandlerExceptionResolver - Resolved [org.springframework.core.convert.ConversionFailedException: Failed to convert from type [java.lang.String] to type [java.lang.Integer] for value [buscarPorNombre]]
2026-02-15 19:58:29.153 [http-nio-8080-exec-7] DEBUG o.s.web.servlet.DispatcherServlet - Completed 500 INTERNAL_SERVER_ERROR
2026-02-15 20:04:55.148 [restartedMain] INFO  c.e.P.ProyectoBackEndApplication - Starting ProyectoBackEndApplication using Java 17.0.17 with PID 27056 (C:\Users\leofr\OneDrive\Escritorio\ESPECIALIZACION EN JAVA(CIBERTEC) Y OTRAS\JAVA BACK END\PROYECTO FINAL\ProyectoBackEnd (1)\ProyectoBackEnd\target\classes started by leofr in C:\Users\leofr\OneDrive\Escritorio\ESPECIALIZACION EN JAVA(CIBERTEC) Y OTRAS\JAVA BACK END\PROYECTO FINAL\ProyectoBackEnd (1)\ProyectoBackEnd)
2026-02-15 20:04:55.151 [restartedMain] DEBUG c.e.P.ProyectoBackEndApplication - Running with Spring Boot v3.5.10, Spring v6.2.15
2026-02-15 20:04:55.152 [restartedMain] INFO  c.e.P.ProyectoBackEndApplication - No active profile set, falling back to 1 default profile: "default"
2026-02-15 20:04:55.199 [restartedMain] INFO  o.s.b.d.e.DevToolsPropertyDefaultsPostProcessor - Devtools property defaults active! Set 'spring.devtools.add-properties' to 'false' to disable
2026-02-15 20:04:55.200 [restartedMain] INFO  o.s.b.d.e.DevToolsPropertyDefaultsPostProcessor - For additional web related logging consider setting the 'logging.level.web' property to 'DEBUG'
2026-02-15 20:04:55.905 [restartedMain] INFO  o.s.d.r.c.RepositoryConfigurationDelegate - Bootstrapping Spring Data JPA repositories in DEFAULT mode.
2026-02-15 20:04:56.006 [restartedMain] INFO  o.s.d.r.c.RepositoryConfigurationDelegate - Finished Spring Data repository scanning in 89 ms. Found 3 JPA repository interfaces.
2026-02-15 20:04:56.853 [restartedMain] INFO  o.s.b.w.e.tomcat.TomcatWebServer - Tomcat initialized with port 8080 (http)
2026-02-15 20:04:56.867 [restartedMain] INFO  o.a.coyote.http11.Http11NioProtocol - Initializing ProtocolHandler ["http-nio-8080"]
2026-02-15 20:04:56.870 [restartedMain] INFO  o.a.catalina.core.StandardService - Starting service [Tomcat]
2026-02-15 20:04:56.870 [restartedMain] INFO  o.a.catalina.core.StandardEngine - Starting Servlet engine: [Apache Tomcat/10.1.50]
2026-02-15 20:04:56.927 [restartedMain] INFO  o.a.c.c.C.[Tomcat].[localhost].[/] - Initializing Spring embedded WebApplicationContext
2026-02-15 20:04:56.928 [restartedMain] INFO  o.s.b.w.s.c.ServletWebServerApplicationContext - Root WebApplicationContext: initialization completed in 1727 ms
2026-02-15 20:04:57.148 [restartedMain] INFO  o.h.jpa.internal.util.LogHelper - HHH000204: Processing PersistenceUnitInfo [name: default]
2026-02-15 20:04:57.244 [restartedMain] INFO  org.hibernate.Version - HHH000412: Hibernate ORM core version 6.6.41.Final
2026-02-15 20:04:57.296 [restartedMain] INFO  o.h.c.i.RegionFactoryInitiator - HHH000026: Second-level cache disabled
2026-02-15 20:04:57.667 [restartedMain] INFO  o.s.o.j.p.SpringPersistenceUnitInfo - No LoadTimeWeaver setup: ignoring JPA class transformer
2026-02-15 20:04:57.708 [restartedMain] INFO  com.zaxxer.hikari.HikariDataSource - HikariPool-1 - Starting...
2026-02-15 20:04:57.912 [restartedMain] INFO  com.zaxxer.hikari.pool.HikariPool - HikariPool-1 - Added connection com.mysql.cj.jdbc.ConnectionImpl@661b4897
2026-02-15 20:04:57.914 [restartedMain] INFO  com.zaxxer.hikari.HikariDataSource - HikariPool-1 - Start completed.
2026-02-15 20:04:57.978 [restartedMain] WARN  org.hibernate.orm.deprecation - HHH90000025: MySQLDialect does not need to be specified explicitly using 'hibernate.dialect' (remove the property setting and it will be selected by default)
2026-02-15 20:04:58.002 [restartedMain] INFO  o.hibernate.orm.connections.pooling - HHH10001005: Database info:
	Database JDBC URL [Connecting through datasource 'HikariDataSource (HikariPool-1)']
	Database driver: undefined/unknown
	Database version: 8.0.32
	Autocommit mode: undefined/unknown
	Isolation level: undefined/unknown
	Minimum pool size: undefined/unknown
	Maximum pool size: undefined/unknown
2026-02-15 20:04:58.982 [restartedMain] INFO  o.h.e.t.j.p.i.JtaPlatformInitiator - HHH000489: No JTA platform available (set 'hibernate.transaction.jta.platform' to enable JTA platform integration)
2026-02-15 20:04:59.081 [restartedMain] INFO  o.s.o.j.LocalContainerEntityManagerFactoryBean - Initialized JPA EntityManagerFactory for persistence unit 'default'
2026-02-15 20:04:59.669 [restartedMain] INFO  o.s.d.j.r.query.QueryEnhancerFactory - Hibernate is in classpath; If applicable, HQL parser will be used.
2026-02-15 20:05:00.536 [restartedMain] WARN  o.s.b.a.o.j.JpaBaseConfiguration$JpaWebConfiguration - spring.jpa.open-in-view is enabled by default. Therefore, database queries may be performed during view rendering. Explicitly configure spring.jpa.open-in-view to disable this warning
2026-02-15 20:05:00.909 [restartedMain] DEBUG o.s.w.s.m.m.a.RequestMappingHandlerMapping - 16 mappings in 'requestMappingHandlerMapping'
2026-02-15 20:05:01.087 [restartedMain] DEBUG o.s.w.s.h.SimpleUrlHandlerMapping - Patterns [/webjars/**, /**] in 'resourceHandlerMapping'
2026-02-15 20:05:01.141 [restartedMain] DEBUG o.s.w.s.m.m.a.RequestMappingHandlerAdapter - ControllerAdvice beans: 0 @ModelAttribute, 0 @InitBinder, 1 RequestBodyAdvice, 1 ResponseBodyAdvice
2026-02-15 20:05:01.210 [restartedMain] WARN  o.s.b.a.t.ThymeleafAutoConfiguration$DefaultTemplateResolverConfiguration - Cannot find template location: classpath:/templates/ (please add some templates, check your Thymeleaf configuration, or set spring.thymeleaf.check-template-location=false)
2026-02-15 20:05:01.255 [restartedMain] DEBUG o.s.w.s.m.m.a.ExceptionHandlerExceptionResolver - ControllerAdvice beans: 1 @ExceptionHandler, 1 ResponseBodyAdvice
2026-02-15 20:05:01.309 [restartedMain] DEBUG o.s.w.s.m.m.a.ExceptionHandlerExceptionResolver - ControllerAdvice beans: 1 @ExceptionHandler, 0 ResponseBodyAdvice
2026-02-15 20:05:01.626 [restartedMain] INFO  o.s.b.d.a.OptionalLiveReloadServer - LiveReload server is running on port 35729
2026-02-15 20:05:01.644 [restartedMain] INFO  o.a.coyote.http11.Http11NioProtocol - Starting ProtocolHandler ["http-nio-8080"]
2026-02-15 20:05:01.672 [restartedMain] INFO  o.s.b.w.e.tomcat.TomcatWebServer - Tomcat started on port 8080 (http) with context path '/'
2026-02-15 20:05:01.683 [restartedMain] INFO  c.e.P.ProyectoBackEndApplication - Started ProyectoBackEndApplication in 6.902 seconds (process running for 7.462)
2026-02-15 20:05:03.933 [http-nio-8080-exec-1] INFO  o.a.c.c.C.[Tomcat].[localhost].[/] - Initializing Spring DispatcherServlet 'dispatcherServlet'
2026-02-15 20:05:03.933 [http-nio-8080-exec-1] INFO  o.s.web.servlet.DispatcherServlet - Initializing Servlet 'dispatcherServlet'
2026-02-15 20:05:03.934 [http-nio-8080-exec-1] DEBUG o.s.web.servlet.DispatcherServlet - Detected StandardServletMultipartResolver
2026-02-15 20:05:03.934 [http-nio-8080-exec-1] DEBUG o.s.web.servlet.DispatcherServlet - Detected AcceptHeaderLocaleResolver
2026-02-15 20:05:03.934 [http-nio-8080-exec-1] DEBUG o.s.web.servlet.DispatcherServlet - Detected FixedThemeResolver
2026-02-15 20:05:03.935 [http-nio-8080-exec-1] DEBUG o.s.web.servlet.DispatcherServlet - Detected org.springframework.web.servlet.view.DefaultRequestToViewNameTranslator@766d983a
2026-02-15 20:05:03.936 [http-nio-8080-exec-1] DEBUG o.s.web.servlet.DispatcherServlet - Detected org.springframework.web.servlet.support.SessionFlashMapManager@6f317a
2026-02-15 20:05:03.936 [http-nio-8080-exec-1] DEBUG o.s.web.servlet.DispatcherServlet - enableLoggingRequestDetails='false': request parameters and headers will be masked to prevent unsafe logging of potentially sensitive data
2026-02-15 20:05:03.936 [http-nio-8080-exec-1] INFO  o.s.web.servlet.DispatcherServlet - Completed initialization in 3 ms
2026-02-15 20:05:03.947 [http-nio-8080-exec-1] DEBUG o.s.web.servlet.DispatcherServlet - GET "/api/usuarios/buscarPorNombre?usuario=admin", parameters={masked}
2026-02-15 20:05:03.959 [http-nio-8080-exec-1] DEBUG o.s.w.s.m.m.a.RequestMappingHandlerMapping - Mapped to com.example.ProyectoBackEnd.controller.UsuarioController#buscarPorNombre(String)
2026-02-15 20:05:03.995 [http-nio-8080-exec-1] INFO  c.e.P.controller.UsuarioController - API: Buscando usuario por nombre: admin
2026-02-15 20:05:04.183 [http-nio-8080-exec-1] INFO  c.e.P.aspect.LogginAspect - Operación buscarPorNombre completada en 120 ms
2026-02-15 20:05:04.328 [http-nio-8080-exec-1] DEBUG o.s.w.s.m.m.a.RequestResponseBodyMethodProcessor - Using 'application/json', given [application/json, text/plain, */*] and supported [application/hal+json, application/vnd.hal+json, application/json, application/schema+json, application/json-patch+json, application/merge-patch+json, application/x-spring-data-verbose+json, application/x-spring-data-compact+json, application/prs.hal-forms+json, application/*+json]
2026-02-15 20:05:04.331 [http-nio-8080-exec-1] DEBUG o.s.w.s.m.m.a.RequestResponseBodyMethodProcessor - Writing [EntityModel { content: UsuarioEntity(idUsuario=1, usuario=admin, contraseña=1234, fechaCreacion=2026 (truncated)...]
2026-02-15 20:05:04.371 [http-nio-8080-exec-1] DEBUG o.s.web.servlet.DispatcherServlet - Completed 200 OK
2026-02-15 20:05:06.183 [http-nio-8080-exec-2] DEBUG o.s.web.servlet.DispatcherServlet - OPTIONS "/api/tareas-rest/search/porUsuario?id=1&size=100", parameters={masked}
2026-02-15 20:05:06.184 [http-nio-8080-exec-3] DEBUG o.s.web.servlet.DispatcherServlet - OPTIONS "/api/tareas-rest/search/porUsuario?id=1&size=100", parameters={masked}
2026-02-15 20:05:06.194 [http-nio-8080-exec-2] DEBUG o.s.web.servlet.DispatcherServlet - Completed 200 OK
2026-02-15 20:05:06.194 [http-nio-8080-exec-3] DEBUG o.s.web.servlet.DispatcherServlet - Completed 200 OK
2026-02-15 20:05:06.200 [http-nio-8080-exec-4] DEBUG o.s.web.servlet.DispatcherServlet - GET "/api/tareas-rest/search/porUsuario?id=1&size=100", parameters={masked}
2026-02-15 20:05:06.295 [http-nio-8080-exec-4] DEBUG o.s.w.s.m.m.a.HttpEntityMethodProcessor - Using 'application/json', given [application/json, text/plain, */*] and supported [application/hal+json, application/json]
2026-02-15 20:05:06.301 [http-nio-8080-exec-4] DEBUG o.s.w.s.m.m.a.HttpEntityMethodProcessor - Writing [PagedModel { content: [EntityModel { content: TaskEntity(idTarea=1, titulo=Configurar el entorno de  (truncated)...]
2026-02-15 20:05:06.330 [http-nio-8080-exec-4] DEBUG o.s.web.servlet.DispatcherServlet - Completed 200 OK
2026-02-15 20:05:06.332 [http-nio-8080-exec-6] DEBUG o.s.web.servlet.DispatcherServlet - GET "/api/tareas-rest/search/porUsuario?id=1&size=100", parameters={masked}
2026-02-15 20:05:06.348 [http-nio-8080-exec-6] DEBUG o.s.w.s.m.m.a.HttpEntityMethodProcessor - Using 'application/json', given [application/json, text/plain, */*] and supported [application/hal+json, application/json]
2026-02-15 20:05:06.349 [http-nio-8080-exec-6] DEBUG o.s.w.s.m.m.a.HttpEntityMethodProcessor - Writing [PagedModel { content: [EntityModel { content: TaskEntity(idTarea=1, titulo=Configurar el entorno de  (truncated)...]
2026-02-15 20:05:06.362 [http-nio-8080-exec-6] DEBUG o.s.web.servlet.DispatcherServlet - Completed 200 OK
2026-02-15 20:05:09.767 [http-nio-8080-exec-5] DEBUG o.s.web.servlet.DispatcherServlet - OPTIONS "/api/auditoria?size=100&sort=fechaHora,desc", parameters={masked}
2026-02-15 20:05:09.767 [http-nio-8080-exec-8] DEBUG o.s.web.servlet.DispatcherServlet - OPTIONS "/api/auditoria?size=100&sort=fechaHora,desc", parameters={masked}
2026-02-15 20:05:09.770 [http-nio-8080-exec-8] DEBUG o.s.web.servlet.DispatcherServlet - Completed 200 OK
2026-02-15 20:05:09.770 [http-nio-8080-exec-5] DEBUG o.s.web.servlet.DispatcherServlet - Completed 200 OK
2026-02-15 20:05:09.773 [http-nio-8080-exec-7] DEBUG o.s.web.servlet.DispatcherServlet - GET "/api/auditoria?size=100&sort=fechaHora,desc", parameters={masked}
2026-02-15 20:05:09.863 [http-nio-8080-exec-7] DEBUG o.s.w.s.m.m.a.RequestResponseBodyMethodProcessor - Using 'application/json', given [application/json, text/plain, */*] and supported [application/hal+json, application/json]
2026-02-15 20:05:09.868 [http-nio-8080-exec-7] DEBUG o.s.w.s.m.m.a.RequestResponseBodyMethodProcessor - Writing [PagedModel { content: [EntityModel { content: AuditoriaEntity(idauditoria=2505, fechaHora=2026-02-15 (truncated)...]
2026-02-15 20:05:09.895 [http-nio-8080-exec-9] DEBUG o.s.web.servlet.DispatcherServlet - GET "/api/auditoria?size=100&sort=fechaHora,desc", parameters={masked}
2026-02-15 20:05:09.919 [http-nio-8080-exec-7] DEBUG o.s.web.servlet.DispatcherServlet - Completed 200 OK
2026-02-15 20:05:09.947 [http-nio-8080-exec-9] DEBUG o.s.w.s.m.m.a.RequestResponseBodyMethodProcessor - Using 'application/json', given [application/json, text/plain, */*] and supported [application/hal+json, application/json]
2026-02-15 20:05:09.949 [http-nio-8080-exec-9] DEBUG o.s.w.s.m.m.a.RequestResponseBodyMethodProcessor - Writing [PagedModel { content: [EntityModel { content: AuditoriaEntity(idauditoria=2505, fechaHora=2026-02-15 (truncated)...]
2026-02-15 20:05:09.993 [http-nio-8080-exec-9] DEBUG o.s.web.servlet.DispatcherServlet - Completed 200 OK
2026-02-15 20:05:12.193 [http-nio-8080-exec-10] DEBUG o.s.web.servlet.DispatcherServlet - OPTIONS "/api/usuarios-rest?size=100", parameters={masked}
2026-02-15 20:05:12.193 [http-nio-8080-exec-1] DEBUG o.s.web.servlet.DispatcherServlet - OPTIONS "/api/usuarios-rest?size=100", parameters={masked}
2026-02-15 20:05:12.195 [http-nio-8080-exec-1] DEBUG o.s.web.servlet.DispatcherServlet - Completed 200 OK
2026-02-15 20:05:12.195 [http-nio-8080-exec-10] DEBUG o.s.web.servlet.DispatcherServlet - Completed 200 OK
2026-02-15 20:05:12.198 [http-nio-8080-exec-2] DEBUG o.s.web.servlet.DispatcherServlet - GET "/api/usuarios-rest?size=100", parameters={masked}
2026-02-15 20:05:12.223 [http-nio-8080-exec-2] DEBUG o.s.w.s.m.m.a.RequestResponseBodyMethodProcessor - Using 'application/json', given [application/json, text/plain, */*] and supported [application/hal+json, application/json]
2026-02-15 20:05:12.224 [http-nio-8080-exec-2] DEBUG o.s.w.s.m.m.a.RequestResponseBodyMethodProcessor - Writing [PagedModel { content: [EntityModel { content: UsuarioEntity(idUsuario=1, usuario=admin, contraseña=1 (truncated)...]
2026-02-15 20:05:12.237 [http-nio-8080-exec-3] DEBUG o.s.web.servlet.DispatcherServlet - GET "/api/usuarios-rest?size=100", parameters={masked}
2026-02-15 20:05:12.239 [http-nio-8080-exec-2] DEBUG o.s.web.servlet.DispatcherServlet - Completed 200 OK
2026-02-15 20:05:12.255 [http-nio-8080-exec-3] DEBUG o.s.w.s.m.m.a.RequestResponseBodyMethodProcessor - Using 'application/json', given [application/json, text/plain, */*] and supported [application/hal+json, application/json]
2026-02-15 20:05:12.256 [http-nio-8080-exec-3] DEBUG o.s.w.s.m.m.a.RequestResponseBodyMethodProcessor - Writing [PagedModel { content: [EntityModel { content: UsuarioEntity(idUsuario=1, usuario=admin, contraseña=1 (truncated)...]
2026-02-15 20:05:12.268 [http-nio-8080-exec-3] DEBUG o.s.web.servlet.DispatcherServlet - Completed 200 OK
2026-02-15 20:05:18.894 [http-nio-8080-exec-6] DEBUG o.s.web.servlet.DispatcherServlet - OPTIONS "/api/usuarios-rest?page=0&size=5", parameters={masked}
2026-02-15 20:05:18.894 [http-nio-8080-exec-4] DEBUG o.s.web.servlet.DispatcherServlet - OPTIONS "/api/usuarios-rest?page=0&size=5", parameters={masked}
2026-02-15 20:05:18.896 [http-nio-8080-exec-6] DEBUG o.s.web.servlet.DispatcherServlet - Completed 200 OK
2026-02-15 20:05:18.896 [http-nio-8080-exec-4] DEBUG o.s.web.servlet.DispatcherServlet - Completed 200 OK
2026-02-15 20:05:18.899 [http-nio-8080-exec-5] DEBUG o.s.web.servlet.DispatcherServlet - GET "/api/usuarios-rest?page=0&size=5", parameters={masked}
2026-02-15 20:05:18.912 [http-nio-8080-exec-5] DEBUG o.s.w.s.m.m.a.RequestResponseBodyMethodProcessor - Using 'application/json', given [application/json, text/plain, */*] and supported [application/hal+json, application/json]
2026-02-15 20:05:18.913 [http-nio-8080-exec-5] DEBUG o.s.w.s.m.m.a.RequestResponseBodyMethodProcessor - Writing [PagedModel { content: [EntityModel { content: UsuarioEntity(idUsuario=1, usuario=admin, contraseña=1 (truncated)...]
2026-02-15 20:05:18.916 [http-nio-8080-exec-5] DEBUG o.s.web.servlet.DispatcherServlet - Completed 200 OK
2026-02-15 20:05:18.917 [http-nio-8080-exec-8] DEBUG o.s.web.servlet.DispatcherServlet - GET "/api/usuarios-rest?page=0&size=5", parameters={masked}
2026-02-15 20:05:18.929 [http-nio-8080-exec-8] DEBUG o.s.w.s.m.m.a.RequestResponseBodyMethodProcessor - Using 'application/json', given [application/json, text/plain, */*] and supported [application/hal+json, application/json]
2026-02-15 20:05:18.930 [http-nio-8080-exec-8] DEBUG o.s.w.s.m.m.a.RequestResponseBodyMethodProcessor - Writing [PagedModel { content: [EntityModel { content: UsuarioEntity(idUsuario=1, usuario=admin, contraseña=1 (truncated)...]
2026-02-15 20:05:18.933 [http-nio-8080-exec-8] DEBUG o.s.web.servlet.DispatcherServlet - Completed 200 OK
2026-02-15 20:05:21.274 [http-nio-8080-exec-7] DEBUG o.s.web.servlet.DispatcherServlet - GET "/api/usuarios-rest?page=0&size=5", parameters={masked}
2026-02-15 20:05:21.285 [http-nio-8080-exec-7] DEBUG o.s.w.s.m.m.a.RequestResponseBodyMethodProcessor - Using 'application/json', given [application/json, text/plain, */*] and supported [application/hal+json, application/json]
2026-02-15 20:05:21.285 [http-nio-8080-exec-7] DEBUG o.s.w.s.m.m.a.RequestResponseBodyMethodProcessor - Writing [PagedModel { content: [EntityModel { content: UsuarioEntity(idUsuario=1, usuario=admin, contraseña=1 (truncated)...]
2026-02-15 20:05:21.289 [http-nio-8080-exec-7] DEBUG o.s.web.servlet.DispatcherServlet - Completed 200 OK
2026-02-15 20:05:21.290 [http-nio-8080-exec-9] DEBUG o.s.web.servlet.DispatcherServlet - GET "/api/usuarios-rest?page=0&size=5", parameters={masked}
2026-02-15 20:05:21.302 [http-nio-8080-exec-9] DEBUG o.s.w.s.m.m.a.RequestResponseBodyMethodProcessor - Using 'application/json', given [application/json, text/plain, */*] and supported [application/hal+json, application/json]
2026-02-15 20:05:21.303 [http-nio-8080-exec-9] DEBUG o.s.w.s.m.m.a.RequestResponseBodyMethodProcessor - Writing [PagedModel { content: [EntityModel { content: UsuarioEntity(idUsuario=1, usuario=admin, contraseña=1 (truncated)...]
2026-02-15 20:05:21.305 [http-nio-8080-exec-9] DEBUG o.s.web.servlet.DispatcherServlet - Completed 200 OK
2026-02-15 20:05:24.520 [http-nio-8080-exec-10] DEBUG o.s.web.servlet.DispatcherServlet - GET "/api/usuarios-rest?size=100", parameters={masked}
2026-02-15 20:05:24.533 [http-nio-8080-exec-10] DEBUG o.s.w.s.m.m.a.RequestResponseBodyMethodProcessor - Using 'application/json', given [application/json, text/plain, */*] and supported [application/hal+json, application/json]
2026-02-15 20:05:24.535 [http-nio-8080-exec-10] DEBUG o.s.w.s.m.m.a.RequestResponseBodyMethodProcessor - Writing [PagedModel { content: [EntityModel { content: UsuarioEntity(idUsuario=1, usuario=admin, contraseña=1 (truncated)...]
2026-02-15 20:05:24.545 [http-nio-8080-exec-1] DEBUG o.s.web.servlet.DispatcherServlet - GET "/api/usuarios-rest?size=100", parameters={masked}
2026-02-15 20:05:24.546 [http-nio-8080-exec-10] DEBUG o.s.web.servlet.DispatcherServlet - Completed 200 OK
2026-02-15 20:05:24.560 [http-nio-8080-exec-1] DEBUG o.s.w.s.m.m.a.RequestResponseBodyMethodProcessor - Using 'application/json', given [application/json, text/plain, */*] and supported [application/hal+json, application/json]
2026-02-15 20:05:24.561 [http-nio-8080-exec-1] DEBUG o.s.w.s.m.m.a.RequestResponseBodyMethodProcessor - Writing [PagedModel { content: [EntityModel { content: UsuarioEntity(idUsuario=1, usuario=admin, contraseña=1 (truncated)...]
2026-02-15 20:05:24.569 [http-nio-8080-exec-1] DEBUG o.s.web.servlet.DispatcherServlet - Completed 200 OK
2026-02-15 20:05:29.241 [http-nio-8080-exec-2] DEBUG o.s.web.servlet.DispatcherServlet - GET "/api/usuarios-rest?page=0&size=5", parameters={masked}
2026-02-15 20:05:29.251 [http-nio-8080-exec-2] DEBUG o.s.w.s.m.m.a.RequestResponseBodyMethodProcessor - Using 'application/json', given [application/json, text/plain, */*] and supported [application/hal+json, application/json]
2026-02-15 20:05:29.252 [http-nio-8080-exec-2] DEBUG o.s.w.s.m.m.a.RequestResponseBodyMethodProcessor - Writing [PagedModel { content: [EntityModel { content: UsuarioEntity(idUsuario=1, usuario=admin, contraseña=1 (truncated)...]
2026-02-15 20:05:29.254 [http-nio-8080-exec-2] DEBUG o.s.web.servlet.DispatcherServlet - Completed 200 OK
2026-02-15 20:05:29.256 [http-nio-8080-exec-3] DEBUG o.s.web.servlet.DispatcherServlet - GET "/api/usuarios-rest?page=0&size=5", parameters={masked}
2026-02-15 20:05:29.266 [http-nio-8080-exec-3] DEBUG o.s.w.s.m.m.a.RequestResponseBodyMethodProcessor - Using 'application/json', given [application/json, text/plain, */*] and supported [application/hal+json, application/json]
2026-02-15 20:05:29.267 [http-nio-8080-exec-3] DEBUG o.s.w.s.m.m.a.RequestResponseBodyMethodProcessor - Writing [PagedModel { content: [EntityModel { content: UsuarioEntity(idUsuario=1, usuario=admin, contraseña=1 (truncated)...]
2026-02-15 20:05:29.269 [http-nio-8080-exec-3] DEBUG o.s.web.servlet.DispatcherServlet - Completed 200 OK
2026-02-15 20:05:35.169 [http-nio-8080-exec-6] DEBUG o.s.web.servlet.DispatcherServlet - GET "/api/usuarios/buscarPorNombre?usuario=yaddif", parameters={masked}
2026-02-15 20:05:35.170 [http-nio-8080-exec-6] DEBUG o.s.w.s.m.m.a.RequestMappingHandlerMapping - Mapped to com.example.ProyectoBackEnd.controller.UsuarioController#buscarPorNombre(String)
2026-02-15 20:05:35.170 [http-nio-8080-exec-6] INFO  c.e.P.controller.UsuarioController - API: Buscando usuario por nombre: yaddif
2026-02-15 20:05:35.179 [http-nio-8080-exec-6] INFO  c.e.P.aspect.LogginAspect - Operación buscarPorNombre completada en 3 ms
2026-02-15 20:05:35.186 [http-nio-8080-exec-6] DEBUG o.s.w.s.m.m.a.RequestResponseBodyMethodProcessor - Using 'application/json', given [application/json, text/plain, */*] and supported [application/hal+json, application/vnd.hal+json, application/json, application/schema+json, application/json-patch+json, application/merge-patch+json, application/x-spring-data-verbose+json, application/x-spring-data-compact+json, application/prs.hal-forms+json, application/*+json]
2026-02-15 20:05:35.187 [http-nio-8080-exec-6] DEBUG o.s.w.s.m.m.a.RequestResponseBodyMethodProcessor - Writing [EntityModel { content: UsuarioEntity(idUsuario=2, usuario=yaddif, contraseña=12345, fechaCreacion=20 (truncated)...]
2026-02-15 20:05:35.188 [http-nio-8080-exec-6] DEBUG o.s.web.servlet.DispatcherServlet - Completed 200 OK
2026-02-15 20:05:36.305 [http-nio-8080-exec-5] DEBUG o.s.web.servlet.DispatcherServlet - OPTIONS "/api/tareas-rest/search/porUsuario?id=2&size=100", parameters={masked}
2026-02-15 20:05:36.305 [http-nio-8080-exec-4] DEBUG o.s.web.servlet.DispatcherServlet - OPTIONS "/api/tareas-rest/search/porUsuario?id=2&size=100", parameters={masked}
2026-02-15 20:05:36.307 [http-nio-8080-exec-4] DEBUG o.s.web.servlet.DispatcherServlet - Completed 200 OK
2026-02-15 20:05:36.307 [http-nio-8080-exec-5] DEBUG o.s.web.servlet.DispatcherServlet - Completed 200 OK
2026-02-15 20:05:36.311 [http-nio-8080-exec-8] DEBUG o.s.web.servlet.DispatcherServlet - GET "/api/tareas-rest/search/porUsuario?id=2&size=100", parameters={masked}
2026-02-15 20:05:36.322 [http-nio-8080-exec-8] DEBUG o.s.w.s.m.m.a.HttpEntityMethodProcessor - Using 'application/json', given [application/json, text/plain, */*] and supported [application/hal+json, application/json]
2026-02-15 20:05:36.323 [http-nio-8080-exec-8] DEBUG o.s.w.s.m.m.a.HttpEntityMethodProcessor - Writing [PagedModel { content: [EntityModel { content: TaskEntity(idTarea=7, titulo=Prueba, estado=Pendiente, (truncated)...]
2026-02-15 20:05:36.327 [http-nio-8080-exec-8] DEBUG o.s.web.servlet.DispatcherServlet - Completed 200 OK
2026-02-15 20:05:36.329 [http-nio-8080-exec-7] DEBUG o.s.web.servlet.DispatcherServlet - GET "/api/tareas-rest/search/porUsuario?id=2&size=100", parameters={masked}
2026-02-15 20:05:36.337 [http-nio-8080-exec-7] DEBUG o.s.w.s.m.m.a.HttpEntityMethodProcessor - Using 'application/json', given [application/json, text/plain, */*] and supported [application/hal+json, application/json]
2026-02-15 20:05:36.338 [http-nio-8080-exec-7] DEBUG o.s.w.s.m.m.a.HttpEntityMethodProcessor - Writing [PagedModel { content: [EntityModel { content: TaskEntity(idTarea=7, titulo=Prueba, estado=Pendiente, (truncated)...]
2026-02-15 20:05:36.342 [http-nio-8080-exec-7] DEBUG o.s.web.servlet.DispatcherServlet - Completed 200 OK
2026-02-15 20:05:42.362 [http-nio-8080-exec-9] DEBUG o.s.web.servlet.DispatcherServlet - GET "/api/usuarios/buscarPorNombre?usuario=admin", parameters={masked}
2026-02-15 20:05:42.362 [http-nio-8080-exec-9] DEBUG o.s.w.s.m.m.a.RequestMappingHandlerMapping - Mapped to com.example.ProyectoBackEnd.controller.UsuarioController#buscarPorNombre(String)
2026-02-15 20:05:42.363 [http-nio-8080-exec-9] INFO  c.e.P.controller.UsuarioController - API: Buscando usuario por nombre: admin
2026-02-15 20:05:42.373 [http-nio-8080-exec-9] INFO  c.e.P.aspect.LogginAspect - Operación buscarPorNombre completada en 4 ms
2026-02-15 20:05:42.383 [http-nio-8080-exec-9] DEBUG o.s.w.s.m.m.a.RequestResponseBodyMethodProcessor - Using 'application/json', given [application/json, text/plain, */*] and supported [application/hal+json, application/vnd.hal+json, application/json, application/schema+json, application/json-patch+json, application/merge-patch+json, application/x-spring-data-verbose+json, application/x-spring-data-compact+json, application/prs.hal-forms+json, application/*+json]
2026-02-15 20:05:42.383 [http-nio-8080-exec-9] DEBUG o.s.w.s.m.m.a.RequestResponseBodyMethodProcessor - Writing [EntityModel { content: UsuarioEntity(idUsuario=1, usuario=admin, contraseña=1234, fechaCreacion=2026 (truncated)...]
2026-02-15 20:05:42.384 [http-nio-8080-exec-9] DEBUG o.s.web.servlet.DispatcherServlet - Completed 200 OK
2026-02-15 20:05:43.837 [http-nio-8080-exec-10] DEBUG o.s.web.servlet.DispatcherServlet - GET "/api/usuarios-rest?size=100", parameters={masked}
2026-02-15 20:05:43.851 [http-nio-8080-exec-10] DEBUG o.s.w.s.m.m.a.RequestResponseBodyMethodProcessor - Using 'application/json', given [application/json, text/plain, */*] and supported [application/hal+json, application/json]
2026-02-15 20:05:43.851 [http-nio-8080-exec-10] DEBUG o.s.w.s.m.m.a.RequestResponseBodyMethodProcessor - Writing [PagedModel { content: [EntityModel { content: UsuarioEntity(idUsuario=1, usuario=admin, contraseña=1 (truncated)...]
2026-02-15 20:05:43.859 [http-nio-8080-exec-1] DEBUG o.s.web.servlet.DispatcherServlet - GET "/api/usuarios-rest?size=100", parameters={masked}
2026-02-15 20:05:43.860 [http-nio-8080-exec-10] DEBUG o.s.web.servlet.DispatcherServlet - Completed 200 OK
2026-02-15 20:05:43.873 [http-nio-8080-exec-1] DEBUG o.s.w.s.m.m.a.RequestResponseBodyMethodProcessor - Using 'application/json', given [application/json, text/plain, */*] and supported [application/hal+json, application/json]
2026-02-15 20:05:43.874 [http-nio-8080-exec-1] DEBUG o.s.w.s.m.m.a.RequestResponseBodyMethodProcessor - Writing [PagedModel { content: [EntityModel { content: UsuarioEntity(idUsuario=1, usuario=admin, contraseña=1 (truncated)...]
2026-02-15 20:05:43.885 [http-nio-8080-exec-1] DEBUG o.s.web.servlet.DispatcherServlet - Completed 200 OK
2026-02-15 20:08:08.956 [http-nio-8080-exec-5] DEBUG o.s.web.servlet.DispatcherServlet - GET "/api/usuarios-rest?page=0&size=5", parameters={masked}
2026-02-15 20:08:08.970 [http-nio-8080-exec-5] DEBUG o.s.w.s.m.m.a.RequestResponseBodyMethodProcessor - Using 'application/json', given [application/json, text/plain, */*] and supported [application/hal+json, application/json]
2026-02-15 20:08:08.970 [http-nio-8080-exec-5] DEBUG o.s.w.s.m.m.a.RequestResponseBodyMethodProcessor - Writing [PagedModel { content: [EntityModel { content: UsuarioEntity(idUsuario=1, usuario=admin, contraseña=1 (truncated)...]
2026-02-15 20:08:08.973 [http-nio-8080-exec-5] DEBUG o.s.web.servlet.DispatcherServlet - Completed 200 OK
2026-02-15 20:08:08.975 [http-nio-8080-exec-4] DEBUG o.s.web.servlet.DispatcherServlet - GET "/api/usuarios-rest?page=0&size=5", parameters={masked}
2026-02-15 20:08:08.987 [http-nio-8080-exec-4] DEBUG o.s.w.s.m.m.a.RequestResponseBodyMethodProcessor - Using 'application/json', given [application/json, text/plain, */*] and supported [application/hal+json, application/json]
2026-02-15 20:08:08.988 [http-nio-8080-exec-4] DEBUG o.s.w.s.m.m.a.RequestResponseBodyMethodProcessor - Writing [PagedModel { content: [EntityModel { content: UsuarioEntity(idUsuario=1, usuario=admin, contraseña=1 (truncated)...]
2026-02-15 20:08:08.989 [http-nio-8080-exec-4] DEBUG o.s.web.servlet.DispatcherServlet - Completed 200 OK
2026-02-15 20:08:10.817 [http-nio-8080-exec-8] DEBUG o.s.web.servlet.DispatcherServlet - GET "/api/usuarios-rest?size=100", parameters={masked}
2026-02-15 20:08:10.827 [http-nio-8080-exec-8] DEBUG o.s.w.s.m.m.a.RequestResponseBodyMethodProcessor - Using 'application/json', given [application/json, text/plain, */*] and supported [application/hal+json, application/json]
2026-02-15 20:08:10.828 [http-nio-8080-exec-8] DEBUG o.s.w.s.m.m.a.RequestResponseBodyMethodProcessor - Writing [PagedModel { content: [EntityModel { content: UsuarioEntity(idUsuario=1, usuario=admin, contraseña=1 (truncated)...]
2026-02-15 20:08:10.835 [http-nio-8080-exec-7] DEBUG o.s.web.servlet.DispatcherServlet - GET "/api/usuarios-rest?size=100", parameters={masked}
2026-02-15 20:08:10.835 [http-nio-8080-exec-8] DEBUG o.s.web.servlet.DispatcherServlet - Completed 200 OK
2026-02-15 20:08:10.847 [http-nio-8080-exec-7] DEBUG o.s.w.s.m.m.a.RequestResponseBodyMethodProcessor - Using 'application/json', given [application/json, text/plain, */*] and supported [application/hal+json, application/json]
2026-02-15 20:08:10.848 [http-nio-8080-exec-7] DEBUG o.s.w.s.m.m.a.RequestResponseBodyMethodProcessor - Writing [PagedModel { content: [EntityModel { content: UsuarioEntity(idUsuario=1, usuario=admin, contraseña=1 (truncated)...]
2026-02-15 20:08:10.856 [http-nio-8080-exec-7] DEBUG o.s.web.servlet.DispatcherServlet - Completed 200 OK
2026-02-15 20:08:12.454 [http-nio-8080-exec-9] DEBUG o.s.web.servlet.DispatcherServlet - GET "/api/auditoria?size=100&sort=fechaHora,desc", parameters={masked}
2026-02-15 20:08:12.485 [http-nio-8080-exec-9] DEBUG o.s.w.s.m.m.a.RequestResponseBodyMethodProcessor - Using 'application/json', given [application/json, text/plain, */*] and supported [application/hal+json, application/json]
2026-02-15 20:08:12.486 [http-nio-8080-exec-9] DEBUG o.s.w.s.m.m.a.RequestResponseBodyMethodProcessor - Writing [PagedModel { content: [EntityModel { content: AuditoriaEntity(idauditoria=2507, fechaHora=2026-02-15 (truncated)...]
2026-02-15 20:08:12.497 [http-nio-8080-exec-10] DEBUG o.s.web.servlet.DispatcherServlet - GET "/api/auditoria?size=100&sort=fechaHora,desc", parameters={masked}
2026-02-15 20:08:12.504 [http-nio-8080-exec-9] DEBUG o.s.web.servlet.DispatcherServlet - Completed 200 OK
2026-02-15 20:08:12.521 [http-nio-8080-exec-10] DEBUG o.s.w.s.m.m.a.RequestResponseBodyMethodProcessor - Using 'application/json', given [application/json, text/plain, */*] and supported [application/hal+json, application/json]
2026-02-15 20:08:12.522 [http-nio-8080-exec-10] DEBUG o.s.w.s.m.m.a.RequestResponseBodyMethodProcessor - Writing [PagedModel { content: [EntityModel { content: AuditoriaEntity(idauditoria=2507, fechaHora=2026-02-15 (truncated)...]
2026-02-15 20:08:12.539 [http-nio-8080-exec-10] DEBUG o.s.web.servlet.DispatcherServlet - Completed 200 OK
2026-02-15 20:08:14.154 [http-nio-8080-exec-1] DEBUG o.s.web.servlet.DispatcherServlet - GET "/api/tareas-rest/search/porUsuario?id=1&size=100", parameters={masked}
2026-02-15 20:08:14.162 [http-nio-8080-exec-1] DEBUG o.s.w.s.m.m.a.HttpEntityMethodProcessor - Using 'application/json', given [application/json, text/plain, */*] and supported [application/hal+json, application/json]
2026-02-15 20:08:14.163 [http-nio-8080-exec-1] DEBUG o.s.w.s.m.m.a.HttpEntityMethodProcessor - Writing [PagedModel { content: [EntityModel { content: TaskEntity(idTarea=1, titulo=Configurar el entorno de  (truncated)...]
2026-02-15 20:08:14.166 [http-nio-8080-exec-1] DEBUG o.s.web.servlet.DispatcherServlet - Completed 200 OK
2026-02-15 20:08:14.168 [http-nio-8080-exec-2] DEBUG o.s.web.servlet.DispatcherServlet - GET "/api/tareas-rest/search/porUsuario?id=1&size=100", parameters={masked}
2026-02-15 20:08:14.179 [http-nio-8080-exec-2] DEBUG o.s.w.s.m.m.a.HttpEntityMethodProcessor - Using 'application/json', given [application/json, text/plain, */*] and supported [application/hal+json, application/json]
2026-02-15 20:08:14.179 [http-nio-8080-exec-2] DEBUG o.s.w.s.m.m.a.HttpEntityMethodProcessor - Writing [PagedModel { content: [EntityModel { content: TaskEntity(idTarea=1, titulo=Configurar el entorno de  (truncated)...]
2026-02-15 20:08:14.183 [http-nio-8080-exec-2] DEBUG o.s.web.servlet.DispatcherServlet - Completed 200 OK
2026-02-15 20:09:57.459 [http-nio-8080-exec-5] DEBUG o.s.web.servlet.DispatcherServlet - GET "/api/auditoria?size=100&sort=fechaHora,desc", parameters={masked}
2026-02-15 20:09:57.485 [http-nio-8080-exec-5] DEBUG o.s.w.s.m.m.a.RequestResponseBodyMethodProcessor - Using 'application/json', given [application/json, text/plain, */*] and supported [application/hal+json, application/json]
2026-02-15 20:09:57.486 [http-nio-8080-exec-5] DEBUG o.s.w.s.m.m.a.RequestResponseBodyMethodProcessor - Writing [PagedModel { content: [EntityModel { content: AuditoriaEntity(idauditoria=2507, fechaHora=2026-02-15 (truncated)...]
2026-02-15 20:09:57.496 [http-nio-8080-exec-4] DEBUG o.s.web.servlet.DispatcherServlet - GET "/api/auditoria?size=100&sort=fechaHora,desc", parameters={masked}
2026-02-15 20:09:57.500 [http-nio-8080-exec-5] DEBUG o.s.web.servlet.DispatcherServlet - Completed 200 OK
2026-02-15 20:09:57.517 [http-nio-8080-exec-4] DEBUG o.s.w.s.m.m.a.RequestResponseBodyMethodProcessor - Using 'application/json', given [application/json, text/plain, */*] and supported [application/hal+json, application/json]
2026-02-15 20:09:57.518 [http-nio-8080-exec-4] DEBUG o.s.w.s.m.m.a.RequestResponseBodyMethodProcessor - Writing [PagedModel { content: [EntityModel { content: AuditoriaEntity(idauditoria=2507, fechaHora=2026-02-15 (truncated)...]
2026-02-15 20:09:57.531 [http-nio-8080-exec-4] DEBUG o.s.web.servlet.DispatcherServlet - Completed 200 OK
2026-02-15 20:11:28.431 [http-nio-8080-exec-9] DEBUG o.s.web.servlet.DispatcherServlet - GET "/", parameters={}
2026-02-15 20:11:28.435 [http-nio-8080-exec-9] DEBUG o.s.w.s.h.SimpleUrlHandlerMapping - Mapped to ResourceHttpRequestHandler [classpath [META-INF/resources/], classpath [resources/], classpath [static/], classpath [public/], ServletContext [/]]
2026-02-15 20:11:28.436 [http-nio-8080-exec-9] DEBUG o.s.w.s.r.ResourceHttpRequestHandler - Resource not found
2026-02-15 20:11:28.443 [http-nio-8080-exec-9] DEBUG o.s.w.s.m.s.DefaultHandlerExceptionResolver - Resolved [org.springframework.web.servlet.resource.NoResourceFoundException: No static resource .]
2026-02-15 20:11:28.444 [http-nio-8080-exec-9] DEBUG o.s.web.servlet.DispatcherServlet - Completed 404 NOT_FOUND
2026-02-15 20:11:28.450 [http-nio-8080-exec-9] DEBUG o.s.web.servlet.DispatcherServlet - "ERROR" dispatch for GET "/error", parameters={}
2026-02-15 20:11:28.451 [http-nio-8080-exec-9] DEBUG o.s.w.s.m.m.a.RequestMappingHandlerMapping - Mapped to org.springframework.boot.autoconfigure.web.servlet.error.BasicErrorController#errorHtml(HttpServletRequest, HttpServletResponse)
2026-02-15 20:11:28.473 [http-nio-8080-exec-9] DEBUG o.s.w.s.v.ContentNegotiatingViewResolver - Selected 'text/html' given [text/html, text/html;q=0.8]
2026-02-15 20:11:28.482 [http-nio-8080-exec-9] DEBUG o.s.web.servlet.DispatcherServlet - Exiting from "ERROR" dispatch, status 404
2026-02-15 20:12:37.767 [http-nio-8080-exec-1] DEBUG o.s.web.servlet.DispatcherServlet - OPTIONS "/api/auditoria/search/buscarPorOperacion?operacion=lis", parameters={masked}
2026-02-15 20:12:37.769 [http-nio-8080-exec-1] DEBUG o.s.web.servlet.DispatcherServlet - Completed 200 OK
2026-02-15 20:12:37.771 [http-nio-8080-exec-2] DEBUG o.s.web.servlet.DispatcherServlet - GET "/api/auditoria/search/buscarPorOperacion?operacion=lis", parameters={masked}
2026-02-15 20:12:37.785 [http-nio-8080-exec-2] DEBUG o.s.w.s.m.m.a.HttpEntityMethodProcessor - Using 'application/json', given [application/json, text/plain, */*] and supported [application/hal+json, application/json]
2026-02-15 20:12:37.787 [http-nio-8080-exec-2] DEBUG o.s.w.s.m.m.a.HttpEntityMethodProcessor - Writing [CollectionModel { content: [EntityModel { content: AuditoriaEntity(idauditoria=3, fechaHora=2026-02- (truncated)...]
2026-02-15 20:12:37.792 [http-nio-8080-exec-2] DEBUG o.s.web.servlet.DispatcherServlet - Completed 200 OK
2026-02-15 20:12:39.732 [http-nio-8080-exec-6] DEBUG o.s.web.servlet.DispatcherServlet - OPTIONS "/api/auditoria/search/buscarPorOperacion?operacion=listar", parameters={masked}
2026-02-15 20:12:39.733 [http-nio-8080-exec-6] DEBUG o.s.web.servlet.DispatcherServlet - Completed 200 OK
2026-02-15 20:12:39.737 [http-nio-8080-exec-3] DEBUG o.s.web.servlet.DispatcherServlet - GET "/api/auditoria/search/buscarPorOperacion?operacion=listar", parameters={masked}
2026-02-15 20:12:39.746 [http-nio-8080-exec-3] DEBUG o.s.w.s.m.m.a.HttpEntityMethodProcessor - Using 'application/json', given [application/json, text/plain, */*] and supported [application/hal+json, application/json]
2026-02-15 20:12:39.746 [http-nio-8080-exec-3] DEBUG o.s.w.s.m.m.a.HttpEntityMethodProcessor - Writing [CollectionModel { content: [EntityModel { content: AuditoriaEntity(idauditoria=3, fechaHora=2026-02- (truncated)...]
2026-02-15 20:12:39.750 [http-nio-8080-exec-3] DEBUG o.s.web.servlet.DispatcherServlet - Completed 200 OK
2026-02-15 20:12:45.945 [http-nio-8080-exec-5] DEBUG o.s.web.servlet.DispatcherServlet - OPTIONS "/api/auditoria/search/buscarPorOperacion?operacion=listarpagin", parameters={masked}
2026-02-15 20:12:45.948 [http-nio-8080-exec-5] DEBUG o.s.web.servlet.DispatcherServlet - Completed 200 OK
2026-02-15 20:12:45.950 [http-nio-8080-exec-4] DEBUG o.s.web.servlet.DispatcherServlet - GET "/api/auditoria/search/buscarPorOperacion?operacion=listarpagin", parameters={masked}
2026-02-15 20:12:45.958 [http-nio-8080-exec-4] DEBUG o.s.w.s.m.m.a.HttpEntityMethodProcessor - Using 'application/json', given [application/json, text/plain, */*] and supported [application/hal+json, application/json]
2026-02-15 20:12:45.958 [http-nio-8080-exec-4] DEBUG o.s.w.s.m.m.a.HttpEntityMethodProcessor - Writing [CollectionModel { content: [EntityModel { content: AuditoriaEntity(idauditoria=3, fechaHora=2026-02- (truncated)...]
2026-02-15 20:12:45.960 [http-nio-8080-exec-4] DEBUG o.s.web.servlet.DispatcherServlet - Completed 200 OK
2026-02-15 20:12:48.489 [http-nio-8080-exec-8] DEBUG o.s.web.servlet.DispatcherServlet - OPTIONS "/api/auditoria/search/buscarPorOperacion?operacion=listarpaginado", parameters={masked}
2026-02-15 20:12:48.491 [http-nio-8080-exec-8] DEBUG o.s.web.servlet.DispatcherServlet - Completed 200 OK
2026-02-15 20:12:48.493 [http-nio-8080-exec-7] DEBUG o.s.web.servlet.DispatcherServlet - GET "/api/auditoria/search/buscarPorOperacion?operacion=listarpaginado", parameters={masked}
2026-02-15 20:12:48.502 [http-nio-8080-exec-7] DEBUG o.s.w.s.m.m.a.HttpEntityMethodProcessor - Using 'application/json', given [application/json, text/plain, */*] and supported [application/hal+json, application/json]
2026-02-15 20:12:48.502 [http-nio-8080-exec-7] DEBUG o.s.w.s.m.m.a.HttpEntityMethodProcessor - Writing [CollectionModel { content: [EntityModel { content: AuditoriaEntity(idauditoria=3, fechaHora=2026-02- (truncated)...]
2026-02-15 20:12:48.505 [http-nio-8080-exec-7] DEBUG o.s.web.servlet.DispatcherServlet - Completed 200 OK
2026-02-15 20:21:31.230 [http-nio-8080-exec-10] DEBUG o.s.web.servlet.DispatcherServlet - GET "/api/tareas-rest/search/porUsuario?id=1&size=100", parameters={masked}
2026-02-15 20:21:31.244 [http-nio-8080-exec-10] DEBUG o.s.w.s.m.m.a.HttpEntityMethodProcessor - Using 'application/json', given [application/json, text/plain, */*] and supported [application/hal+json, application/json]
2026-02-15 20:21:31.248 [http-nio-8080-exec-10] DEBUG o.s.w.s.m.m.a.HttpEntityMethodProcessor - Writing [PagedModel { content: [EntityModel { content: TaskEntity(idTarea=1, titulo=Configurar el entorno de  (truncated)...]
2026-02-15 20:21:31.253 [http-nio-8080-exec-10] DEBUG o.s.web.servlet.DispatcherServlet - Completed 200 OK
2026-02-15 20:21:31.257 [http-nio-8080-exec-1] DEBUG o.s.web.servlet.DispatcherServlet - GET "/api/tareas-rest/search/porUsuario?id=1&size=100", parameters={masked}
2026-02-15 20:21:31.270 [http-nio-8080-exec-1] DEBUG o.s.w.s.m.m.a.HttpEntityMethodProcessor - Using 'application/json', given [application/json, text/plain, */*] and supported [application/hal+json, application/json]
2026-02-15 20:21:31.271 [http-nio-8080-exec-1] DEBUG o.s.w.s.m.m.a.HttpEntityMethodProcessor - Writing [PagedModel { content: [EntityModel { content: TaskEntity(idTarea=1, titulo=Configurar el entorno de  (truncated)...]
2026-02-15 20:21:31.274 [http-nio-8080-exec-1] DEBUG o.s.web.servlet.DispatcherServlet - Completed 200 OK
2026-02-15 20:24:11.595 [http-nio-8080-exec-3] DEBUG o.s.web.servlet.DispatcherServlet - GET "/api/tareas-rest/search/porUsuario?id=1&size=100", parameters={masked}
2026-02-15 20:24:11.613 [http-nio-8080-exec-3] DEBUG o.s.w.s.m.m.a.HttpEntityMethodProcessor - Using 'application/json', given [application/json, text/plain, */*] and supported [application/hal+json, application/json]
2026-02-15 20:24:11.614 [http-nio-8080-exec-3] DEBUG o.s.w.s.m.m.a.HttpEntityMethodProcessor - Writing [PagedModel { content: [EntityModel { content: TaskEntity(idTarea=1, titulo=Configurar el entorno de  (truncated)...]
2026-02-15 20:24:11.618 [http-nio-8080-exec-3] DEBUG o.s.web.servlet.DispatcherServlet - Completed 200 OK
2026-02-15 20:24:16.578 [http-nio-8080-exec-5] DEBUG o.s.web.servlet.DispatcherServlet - GET "/api/tareas-rest/search/porUsuario?id=1&size=100", parameters={masked}
2026-02-15 20:24:16.590 [http-nio-8080-exec-5] DEBUG o.s.w.s.m.m.a.HttpEntityMethodProcessor - Using 'application/json', given [application/json, text/plain, */*] and supported [application/hal+json, application/json]
2026-02-15 20:24:16.591 [http-nio-8080-exec-5] DEBUG o.s.w.s.m.m.a.HttpEntityMethodProcessor - Writing [PagedModel { content: [EntityModel { content: TaskEntity(idTarea=1, titulo=Configurar el entorno de  (truncated)...]
2026-02-15 20:24:16.594 [http-nio-8080-exec-5] DEBUG o.s.web.servlet.DispatcherServlet - Completed 200 OK
2026-02-15 20:24:44.587 [http-nio-8080-exec-8] DEBUG o.s.web.servlet.DispatcherServlet - GET "/api/tareas-rest/search/porUsuario?id=1&size=100", parameters={masked}
2026-02-15 20:24:44.598 [http-nio-8080-exec-8] DEBUG o.s.w.s.m.m.a.HttpEntityMethodProcessor - Using 'application/json', given [application/json, text/plain, */*] and supported [application/hal+json, application/json]
2026-02-15 20:24:44.599 [http-nio-8080-exec-8] DEBUG o.s.w.s.m.m.a.HttpEntityMethodProcessor - Writing [PagedModel { content: [EntityModel { content: TaskEntity(idTarea=1, titulo=Configurar el entorno de  (truncated)...]
2026-02-15 20:24:44.602 [http-nio-8080-exec-8] DEBUG o.s.web.servlet.DispatcherServlet - Completed 200 OK
2026-02-15 20:24:55.587 [http-nio-8080-exec-9] DEBUG o.s.web.servlet.DispatcherServlet - OPTIONS "/api/tareas-rest/search/porUsuario?id=1&page=0&size=5&sort=id,desc", parameters={masked}
2026-02-15 20:24:55.588 [http-nio-8080-exec-9] DEBUG o.s.web.servlet.DispatcherServlet - Completed 200 OK
2026-02-15 20:24:55.591 [http-nio-8080-exec-10] DEBUG o.s.web.servlet.DispatcherServlet - GET "/api/tareas-rest/search/porUsuario?id=1&page=0&size=5&sort=id,desc", parameters={masked}
2026-02-15 20:24:55.608 [http-nio-8080-exec-10] DEBUG o.s.w.s.m.m.a.HttpEntityMethodProcessor - Using 'application/json', given [application/json, text/plain, */*] and supported [application/hal+json, application/json]
2026-02-15 20:24:55.609 [http-nio-8080-exec-10] DEBUG o.s.w.s.m.m.a.HttpEntityMethodProcessor - Writing [PagedModel { content: [EntityModel { content: TaskEntity(idTarea=1, titulo=Configurar el entorno de  (truncated)...]
2026-02-15 20:24:55.612 [http-nio-8080-exec-10] DEBUG o.s.web.servlet.DispatcherServlet - Completed 200 OK
2026-02-15 20:25:00.815 [http-nio-8080-exec-6] DEBUG o.s.web.servlet.DispatcherServlet - GET "/api/tareas-rest/search/porUsuario?id=1&page=0&size=5&sort=id,desc", parameters={masked}
2026-02-15 20:25:00.829 [http-nio-8080-exec-6] DEBUG o.s.w.s.m.m.a.HttpEntityMethodProcessor - Using 'application/json', given [application/json, text/plain, */*] and supported [application/hal+json, application/json]
2026-02-15 20:25:00.830 [http-nio-8080-exec-6] DEBUG o.s.w.s.m.m.a.HttpEntityMethodProcessor - Writing [PagedModel { content: [EntityModel { content: TaskEntity(idTarea=1, titulo=Configurar el entorno de  (truncated)...]
2026-02-15 20:25:00.834 [http-nio-8080-exec-6] DEBUG o.s.web.servlet.DispatcherServlet - Completed 200 OK
2026-02-15 20:25:00.836 [http-nio-8080-exec-2] DEBUG o.s.web.servlet.DispatcherServlet - GET "/api/tareas-rest/search/porUsuario?id=1&page=0&size=5&sort=id,desc", parameters={masked}
2026-02-15 20:25:00.851 [http-nio-8080-exec-2] DEBUG o.s.w.s.m.m.a.HttpEntityMethodProcessor - Using 'application/json', given [application/json, text/plain, */*] and supported [application/hal+json, application/json]
2026-02-15 20:25:00.852 [http-nio-8080-exec-2] DEBUG o.s.w.s.m.m.a.HttpEntityMethodProcessor - Writing [PagedModel { content: [EntityModel { content: TaskEntity(idTarea=1, titulo=Configurar el entorno de  (truncated)...]
2026-02-15 20:25:00.855 [http-nio-8080-exec-2] DEBUG o.s.web.servlet.DispatcherServlet - Completed 200 OK
2026-02-15 20:25:03.521 [http-nio-8080-exec-3] DEBUG o.s.web.servlet.DispatcherServlet - OPTIONS "/api/tareas-rest/search/porUsuario?id=1&page=1&size=5&sort=id,desc", parameters={masked}
2026-02-15 20:25:03.523 [http-nio-8080-exec-3] DEBUG o.s.web.servlet.DispatcherServlet - Completed 200 OK
2026-02-15 20:25:03.527 [http-nio-8080-exec-5] DEBUG o.s.web.servlet.DispatcherServlet - GET "/api/tareas-rest/search/porUsuario?id=1&page=1&size=5&sort=id,desc", parameters={masked}
2026-02-15 20:25:03.541 [http-nio-8080-exec-5] DEBUG o.s.w.s.m.m.a.HttpEntityMethodProcessor - Using 'application/json', given [application/json, text/plain, */*] and supported [application/hal+json, application/json]
2026-02-15 20:25:03.542 [http-nio-8080-exec-5] DEBUG o.s.w.s.m.m.a.HttpEntityMethodProcessor - Writing [PagedModel { content: [EntityModel { content: TaskEntity(idTarea=17, titulo=Probar Panel de Usuarios (truncated)...]
2026-02-15 20:25:03.544 [http-nio-8080-exec-5] DEBUG o.s.web.servlet.DispatcherServlet - Completed 200 OK
2026-02-15 20:25:04.650 [http-nio-8080-exec-4] DEBUG o.s.web.servlet.DispatcherServlet - OPTIONS "/api/tareas-rest/search/porUsuario?id=1&page=2&size=5&sort=id,desc", parameters={masked}
2026-02-15 20:25:04.652 [http-nio-8080-exec-4] DEBUG o.s.web.servlet.DispatcherServlet - Completed 200 OK
2026-02-15 20:25:04.654 [http-nio-8080-exec-8] DEBUG o.s.web.servlet.DispatcherServlet - GET "/api/tareas-rest/search/porUsuario?id=1&page=2&size=5&sort=id,desc", parameters={masked}
2026-02-15 20:25:04.665 [http-nio-8080-exec-8] DEBUG o.s.w.s.m.m.a.HttpEntityMethodProcessor - Using 'application/json', given [application/json, text/plain, */*] and supported [application/hal+json, application/json]
2026-02-15 20:25:04.666 [http-nio-8080-exec-8] DEBUG o.s.w.s.m.m.a.HttpEntityMethodProcessor - Writing [PagedModel { content: [EntityModel { content: TaskEntity(idTarea=48, titulo=Validacion de LOGGS en p (truncated)...]
2026-02-15 20:25:04.668 [http-nio-8080-exec-8] DEBUG o.s.web.servlet.DispatcherServlet - Completed 200 OK
2026-02-15 20:25:11.142 [http-nio-8080-exec-7] DEBUG o.s.web.servlet.DispatcherServlet - GET "/api/auditoria?size=100&sort=fechaHora,desc", parameters={masked}
2026-02-15 20:25:11.171 [http-nio-8080-exec-7] DEBUG o.s.w.s.m.m.a.RequestResponseBodyMethodProcessor - Using 'application/json', given [application/json, text/plain, */*] and supported [application/hal+json, application/json]
2026-02-15 20:25:11.172 [http-nio-8080-exec-7] DEBUG o.s.w.s.m.m.a.RequestResponseBodyMethodProcessor - Writing [PagedModel { content: [EntityModel { content: AuditoriaEntity(idauditoria=2507, fechaHora=2026-02-15 (truncated)...]
2026-02-15 20:25:11.181 [http-nio-8080-exec-9] DEBUG o.s.web.servlet.DispatcherServlet - GET "/api/auditoria?size=100&sort=fechaHora,desc", parameters={masked}
2026-02-15 20:25:11.190 [http-nio-8080-exec-7] DEBUG o.s.web.servlet.DispatcherServlet - Completed 200 OK
2026-02-15 20:25:11.204 [http-nio-8080-exec-9] DEBUG o.s.w.s.m.m.a.RequestResponseBodyMethodProcessor - Using 'application/json', given [application/json, text/plain, */*] and supported [application/hal+json, application/json]
2026-02-15 20:25:11.205 [http-nio-8080-exec-9] DEBUG o.s.w.s.m.m.a.RequestResponseBodyMethodProcessor - Writing [PagedModel { content: [EntityModel { content: AuditoriaEntity(idauditoria=2507, fechaHora=2026-02-15 (truncated)...]
2026-02-15 20:25:11.221 [http-nio-8080-exec-9] DEBUG o.s.web.servlet.DispatcherServlet - Completed 200 OK
2026-02-15 20:25:14.886 [http-nio-8080-exec-10] DEBUG o.s.web.servlet.DispatcherServlet - GET "/api/tareas-rest/search/porUsuario?id=1&page=0&size=5&sort=id,desc", parameters={masked}
2026-02-15 20:25:14.907 [http-nio-8080-exec-10] DEBUG o.s.w.s.m.m.a.HttpEntityMethodProcessor - Using 'application/json', given [application/json, text/plain, */*] and supported [application/hal+json, application/json]
2026-02-15 20:25:14.908 [http-nio-8080-exec-10] DEBUG o.s.w.s.m.m.a.HttpEntityMethodProcessor - Writing [PagedModel { content: [EntityModel { content: TaskEntity(idTarea=1, titulo=Configurar el entorno de  (truncated)...]
2026-02-15 20:25:14.910 [http-nio-8080-exec-10] DEBUG o.s.web.servlet.DispatcherServlet - Completed 200 OK
2026-02-15 20:25:14.912 [http-nio-8080-exec-1] DEBUG o.s.web.servlet.DispatcherServlet - GET "/api/tareas-rest/search/porUsuario?id=1&page=0&size=5&sort=id,desc", parameters={masked}
2026-02-15 20:25:14.924 [http-nio-8080-exec-1] DEBUG o.s.w.s.m.m.a.HttpEntityMethodProcessor - Using 'application/json', given [application/json, text/plain, */*] and supported [application/hal+json, application/json]
2026-02-15 20:25:14.925 [http-nio-8080-exec-1] DEBUG o.s.w.s.m.m.a.HttpEntityMethodProcessor - Writing [PagedModel { content: [EntityModel { content: TaskEntity(idTarea=1, titulo=Configurar el entorno de  (truncated)...]
2026-02-15 20:25:14.927 [http-nio-8080-exec-1] DEBUG o.s.web.servlet.DispatcherServlet - Completed 200 OK
2026-02-15 20:25:21.474 [http-nio-8080-exec-6] DEBUG o.s.web.servlet.DispatcherServlet - OPTIONS "/api/tareas-rest", parameters={}
2026-02-15 20:25:21.476 [http-nio-8080-exec-6] DEBUG o.s.web.servlet.DispatcherServlet - Completed 200 OK
2026-02-15 20:25:21.479 [http-nio-8080-exec-2] DEBUG o.s.web.servlet.DispatcherServlet - POST "/api/tareas-rest", parameters={}
2026-02-15 20:25:21.616 [http-nio-8080-exec-2] DEBUG o.s.w.s.m.m.a.HttpEntityMethodProcessor - Using 'application/json', given [application/json, text/plain, */*] and supported [application/hal+json, application/json]
2026-02-15 20:25:21.616 [http-nio-8080-exec-2] DEBUG o.s.w.s.m.m.a.HttpEntityMethodProcessor - Writing [EntityModel { content: TaskEntity(idTarea=53, titulo=Prueba, estado=Escalado por tiempo, fechaCreaci (truncated)...]
2026-02-15 20:25:21.617 [http-nio-8080-exec-2] DEBUG o.s.web.servlet.DispatcherServlet - Completed 201 CREATED
2026-02-15 20:25:21.621 [http-nio-8080-exec-3] DEBUG o.s.web.servlet.DispatcherServlet - GET "/api/tareas-rest/search/porUsuario?id=1&page=0&size=5&sort=id,desc", parameters={masked}
2026-02-15 20:25:21.633 [http-nio-8080-exec-3] DEBUG o.s.w.s.m.m.a.HttpEntityMethodProcessor - Using 'application/json', given [application/json, text/plain, */*] and supported [application/hal+json, application/json]
2026-02-15 20:25:21.633 [http-nio-8080-exec-3] DEBUG o.s.w.s.m.m.a.HttpEntityMethodProcessor - Writing [PagedModel { content: [EntityModel { content: TaskEntity(idTarea=1, titulo=Configurar el entorno de  (truncated)...]
2026-02-15 20:25:21.634 [http-nio-8080-exec-3] DEBUG o.s.web.servlet.DispatcherServlet - Completed 200 OK
2026-02-15 20:25:23.721 [http-nio-8080-exec-5] DEBUG o.s.web.servlet.DispatcherServlet - GET "/api/tareas-rest/search/porUsuario?id=1&page=2&size=5&sort=id,desc", parameters={masked}
2026-02-15 20:25:23.730 [http-nio-8080-exec-5] DEBUG o.s.w.s.m.m.a.HttpEntityMethodProcessor - Using 'application/json', given [application/json, text/plain, */*] and supported [application/hal+json, application/json]
2026-02-15 20:25:23.730 [http-nio-8080-exec-5] DEBUG o.s.w.s.m.m.a.HttpEntityMethodProcessor - Writing [PagedModel { content: [EntityModel { content: TaskEntity(idTarea=48, titulo=Validacion de LOGGS en p (truncated)...]
2026-02-15 20:25:23.731 [http-nio-8080-exec-5] DEBUG o.s.web.servlet.DispatcherServlet - Completed 200 OK
2026-02-15 20:25:28.713 [http-nio-8080-exec-4] DEBUG o.s.web.servlet.DispatcherServlet - GET "/api/tareas-rest/search/porUsuario?id=1&page=1&size=5&sort=id,desc", parameters={masked}
2026-02-15 20:25:28.724 [http-nio-8080-exec-4] DEBUG o.s.w.s.m.m.a.HttpEntityMethodProcessor - Using 'application/json', given [application/json, text/plain, */*] and supported [application/hal+json, application/json]
2026-02-15 20:25:28.726 [http-nio-8080-exec-4] DEBUG o.s.w.s.m.m.a.HttpEntityMethodProcessor - Writing [PagedModel { content: [EntityModel { content: TaskEntity(idTarea=17, titulo=Probar Panel de Usuarios (truncated)...]
2026-02-15 20:25:28.728 [http-nio-8080-exec-4] DEBUG o.s.web.servlet.DispatcherServlet - Completed 200 OK
2026-02-15 20:25:55.561 [http-nio-8080-exec-8] DEBUG o.s.web.servlet.DispatcherServlet - GET "/api/tareas-rest/search/porUsuario?id=1&page=2&size=5&sort=id,desc", parameters={masked}
2026-02-15 20:25:55.570 [http-nio-8080-exec-8] DEBUG o.s.w.s.m.m.a.HttpEntityMethodProcessor - Using 'application/json', given [application/json, text/plain, */*] and supported [application/hal+json, application/json]
2026-02-15 20:25:55.571 [http-nio-8080-exec-8] DEBUG o.s.w.s.m.m.a.HttpEntityMethodProcessor - Writing [PagedModel { content: [EntityModel { content: TaskEntity(idTarea=48, titulo=Validacion de LOGGS en p (truncated)...]
2026-02-15 20:25:55.572 [http-nio-8080-exec-8] DEBUG o.s.web.servlet.DispatcherServlet - Completed 200 OK
2026-02-15 20:25:57.657 [http-nio-8080-exec-7] DEBUG o.s.web.servlet.DispatcherServlet - GET "/api/tareas-rest/search/porUsuario?id=1&page=1&size=5&sort=id,desc", parameters={masked}
2026-02-15 20:25:57.669 [http-nio-8080-exec-7] DEBUG o.s.w.s.m.m.a.HttpEntityMethodProcessor - Using 'application/json', given [application/json, text/plain, */*] and supported [application/hal+json, application/json]
2026-02-15 20:25:57.669 [http-nio-8080-exec-7] DEBUG o.s.w.s.m.m.a.HttpEntityMethodProcessor - Writing [PagedModel { content: [EntityModel { content: TaskEntity(idTarea=17, titulo=Probar Panel de Usuarios (truncated)...]
2026-02-15 20:25:57.673 [http-nio-8080-exec-7] DEBUG o.s.web.servlet.DispatcherServlet - Completed 200 OK
2026-02-15 20:25:58.546 [http-nio-8080-exec-9] DEBUG o.s.web.servlet.DispatcherServlet - GET "/api/tareas-rest/search/porUsuario?id=1&page=0&size=5&sort=id,desc", parameters={masked}
2026-02-15 20:25:58.560 [http-nio-8080-exec-9] DEBUG o.s.w.s.m.m.a.HttpEntityMethodProcessor - Using 'application/json', given [application/json, text/plain, */*] and supported [application/hal+json, application/json]
2026-02-15 20:25:58.561 [http-nio-8080-exec-9] DEBUG o.s.w.s.m.m.a.HttpEntityMethodProcessor - Writing [PagedModel { content: [EntityModel { content: TaskEntity(idTarea=1, titulo=Configurar el entorno de  (truncated)...]
2026-02-15 20:25:58.562 [http-nio-8080-exec-9] DEBUG o.s.web.servlet.DispatcherServlet - Completed 200 OK
2026-02-15 20:27:22.587 [http-nio-8080-exec-6] DEBUG o.s.web.servlet.DispatcherServlet - GET "/api/tareas-rest/search/porUsuario?id=1&size=100", parameters={masked}
2026-02-15 20:27:22.596 [http-nio-8080-exec-6] DEBUG o.s.w.s.m.m.a.HttpEntityMethodProcessor - Using 'application/json', given [application/json, text/plain, */*] and supported [application/hal+json, application/json]
2026-02-15 20:27:22.596 [http-nio-8080-exec-6] DEBUG o.s.w.s.m.m.a.HttpEntityMethodProcessor - Writing [PagedModel { content: [EntityModel { content: TaskEntity(idTarea=1, titulo=Configurar el entorno de  (truncated)...]
2026-02-15 20:27:22.598 [http-nio-8080-exec-6] DEBUG o.s.web.servlet.DispatcherServlet - Completed 200 OK
2026-02-15 20:27:39.575 [http-nio-8080-exec-2] DEBUG o.s.web.servlet.DispatcherServlet - GET "/api/tareas-rest/search/porUsuario?id=1&page=0&size=5&sort=id,desc", parameters={masked}
2026-02-15 20:27:39.585 [http-nio-8080-exec-2] DEBUG o.s.w.s.m.m.a.HttpEntityMethodProcessor - Using 'application/json', given [application/json, text/plain, */*] and supported [application/hal+json, application/json]
2026-02-15 20:27:39.585 [http-nio-8080-exec-2] DEBUG o.s.w.s.m.m.a.HttpEntityMethodProcessor - Writing [PagedModel { content: [EntityModel { content: TaskEntity(idTarea=1, titulo=Configurar el entorno de  (truncated)...]
2026-02-15 20:27:39.587 [http-nio-8080-exec-2] DEBUG o.s.web.servlet.DispatcherServlet - Completed 200 OK
2026-02-15 20:27:44.402 [http-nio-8080-exec-3] DEBUG o.s.web.servlet.DispatcherServlet - GET "/api/tareas-rest/search/porUsuario?id=1&page=0&size=5&sort=id,desc", parameters={masked}
2026-02-15 20:27:44.415 [http-nio-8080-exec-3] DEBUG o.s.w.s.m.m.a.HttpEntityMethodProcessor - Using 'application/json', given [application/json, text/plain, */*] and supported [application/hal+json, application/json]
2026-02-15 20:27:44.415 [http-nio-8080-exec-3] DEBUG o.s.w.s.m.m.a.HttpEntityMethodProcessor - Writing [PagedModel { content: [EntityModel { content: TaskEntity(idTarea=1, titulo=Configurar el entorno de  (truncated)...]
2026-02-15 20:27:44.417 [http-nio-8080-exec-3] DEBUG o.s.web.servlet.DispatcherServlet - Completed 200 OK
2026-02-15 20:27:44.419 [http-nio-8080-exec-5] DEBUG o.s.web.servlet.DispatcherServlet - GET "/api/tareas-rest/search/porUsuario?id=1&page=0&size=5&sort=id,desc", parameters={masked}
2026-02-15 20:27:44.429 [http-nio-8080-exec-5] DEBUG o.s.w.s.m.m.a.HttpEntityMethodProcessor - Using 'application/json', given [application/json, text/plain, */*] and supported [application/hal+json, application/json]
2026-02-15 20:27:44.429 [http-nio-8080-exec-5] DEBUG o.s.w.s.m.m.a.HttpEntityMethodProcessor - Writing [PagedModel { content: [EntityModel { content: TaskEntity(idTarea=1, titulo=Configurar el entorno de  (truncated)...]
2026-02-15 20:27:44.430 [http-nio-8080-exec-5] DEBUG o.s.web.servlet.DispatcherServlet - Completed 200 OK
2026-02-15 20:27:46.721 [http-nio-8080-exec-4] DEBUG o.s.web.servlet.DispatcherServlet - GET "/api/tareas-rest/search/porUsuario?id=1&page=1&size=5&sort=id,desc", parameters={masked}
2026-02-15 20:27:46.732 [http-nio-8080-exec-4] DEBUG o.s.w.s.m.m.a.HttpEntityMethodProcessor - Using 'application/json', given [application/json, text/plain, */*] and supported [application/hal+json, application/json]
2026-02-15 20:27:46.732 [http-nio-8080-exec-4] DEBUG o.s.w.s.m.m.a.HttpEntityMethodProcessor - Writing [PagedModel { content: [EntityModel { content: TaskEntity(idTarea=17, titulo=Probar Panel de Usuarios (truncated)...]
2026-02-15 20:27:46.735 [http-nio-8080-exec-4] DEBUG o.s.web.servlet.DispatcherServlet - Completed 200 OK
2026-02-15 20:27:49.737 [http-nio-8080-exec-8] DEBUG o.s.web.servlet.DispatcherServlet - GET "/api/tareas-rest/search/porUsuario?id=1&page=2&size=5&sort=id,desc", parameters={masked}
2026-02-15 20:27:49.745 [http-nio-8080-exec-8] DEBUG o.s.w.s.m.m.a.HttpEntityMethodProcessor - Using 'application/json', given [application/json, text/plain, */*] and supported [application/hal+json, application/json]
2026-02-15 20:27:49.745 [http-nio-8080-exec-8] DEBUG o.s.w.s.m.m.a.HttpEntityMethodProcessor - Writing [PagedModel { content: [EntityModel { content: TaskEntity(idTarea=48, titulo=Validacion de LOGGS en p (truncated)...]
2026-02-15 20:27:49.747 [http-nio-8080-exec-8] DEBUG o.s.web.servlet.DispatcherServlet - Completed 200 OK
2026-02-15 20:27:56.593 [http-nio-8080-exec-7] DEBUG o.s.web.servlet.DispatcherServlet - POST "/api/tareas-rest", parameters={}
2026-02-15 20:27:56.609 [http-nio-8080-exec-7] DEBUG o.s.w.s.m.m.a.HttpEntityMethodProcessor - Using 'application/json', given [application/json, text/plain, */*] and supported [application/hal+json, application/json]
2026-02-15 20:27:56.609 [http-nio-8080-exec-7] DEBUG o.s.w.s.m.m.a.HttpEntityMethodProcessor - Writing [EntityModel { content: TaskEntity(idTarea=54, titulo=Prueba 2, estado=Pendiente, fechaCreacion=null, (truncated)...]
2026-02-15 20:27:56.610 [http-nio-8080-exec-7] DEBUG o.s.web.servlet.DispatcherServlet - Completed 201 CREATED
2026-02-15 20:27:56.613 [http-nio-8080-exec-9] DEBUG o.s.web.servlet.DispatcherServlet - GET "/api/tareas-rest/search/porUsuario?id=1&page=2&size=5&sort=id,desc", parameters={masked}
2026-02-15 20:27:56.621 [http-nio-8080-exec-9] DEBUG o.s.w.s.m.m.a.HttpEntityMethodProcessor - Using 'application/json', given [application/json, text/plain, */*] and supported [application/hal+json, application/json]
2026-02-15 20:27:56.621 [http-nio-8080-exec-9] DEBUG o.s.w.s.m.m.a.HttpEntityMethodProcessor - Writing [PagedModel { content: [EntityModel { content: TaskEntity(idTarea=48, titulo=Validacion de LOGGS en p (truncated)...]
2026-02-15 20:27:56.622 [http-nio-8080-exec-9] DEBUG o.s.web.servlet.DispatcherServlet - Completed 200 OK
2026-02-15 20:28:03.608 [http-nio-8080-exec-10] DEBUG o.s.web.servlet.DispatcherServlet - POST "/api/tareas-rest", parameters={}
2026-02-15 20:28:03.619 [http-nio-8080-exec-10] DEBUG o.s.w.s.m.m.a.HttpEntityMethodProcessor - Using 'application/json', given [application/json, text/plain, */*] and supported [application/hal+json, application/json]
2026-02-15 20:28:03.619 [http-nio-8080-exec-10] DEBUG o.s.w.s.m.m.a.HttpEntityMethodProcessor - Writing [EntityModel { content: TaskEntity(idTarea=55, titulo=Prueba 3, estado=Cancelado, fechaCreacion=null, (truncated)...]
2026-02-15 20:28:03.620 [http-nio-8080-exec-10] DEBUG o.s.web.servlet.DispatcherServlet - Completed 201 CREATED
2026-02-15 20:28:03.626 [http-nio-8080-exec-1] DEBUG o.s.web.servlet.DispatcherServlet - GET "/api/tareas-rest/search/porUsuario?id=1&page=2&size=5&sort=id,desc", parameters={masked}
2026-02-15 20:28:03.637 [http-nio-8080-exec-1] DEBUG o.s.w.s.m.m.a.HttpEntityMethodProcessor - Using 'application/json', given [application/json, text/plain, */*] and supported [application/hal+json, application/json]
2026-02-15 20:28:03.637 [http-nio-8080-exec-1] DEBUG o.s.w.s.m.m.a.HttpEntityMethodProcessor - Writing [PagedModel { content: [EntityModel { content: TaskEntity(idTarea=48, titulo=Validacion de LOGGS en p (truncated)...]
2026-02-15 20:28:03.638 [http-nio-8080-exec-1] DEBUG o.s.web.servlet.DispatcherServlet - Completed 200 OK
2026-02-15 20:28:13.993 [http-nio-8080-exec-6] DEBUG o.s.web.servlet.DispatcherServlet - POST "/api/tareas-rest", parameters={}
2026-02-15 20:28:14.006 [http-nio-8080-exec-6] DEBUG o.s.w.s.m.m.a.HttpEntityMethodProcessor - Using 'application/json', given [application/json, text/plain, */*] and supported [application/hal+json, application/json]
2026-02-15 20:28:14.006 [http-nio-8080-exec-6] DEBUG o.s.w.s.m.m.a.HttpEntityMethodProcessor - Writing [EntityModel { content: TaskEntity(idTarea=56, titulo=Prueba 4 (Pagina4), estado=Abierto, fechaCreaci (truncated)...]
2026-02-15 20:28:14.007 [http-nio-8080-exec-6] DEBUG o.s.web.servlet.DispatcherServlet - Completed 201 CREATED
2026-02-15 20:28:14.010 [http-nio-8080-exec-2] DEBUG o.s.web.servlet.DispatcherServlet - GET "/api/tareas-rest/search/porUsuario?id=1&page=2&size=5&sort=id,desc", parameters={masked}
2026-02-15 20:28:14.021 [http-nio-8080-exec-2] DEBUG o.s.w.s.m.m.a.HttpEntityMethodProcessor - Using 'application/json', given [application/json, text/plain, */*] and supported [application/hal+json, application/json]
2026-02-15 20:28:14.021 [http-nio-8080-exec-2] DEBUG o.s.w.s.m.m.a.HttpEntityMethodProcessor - Writing [PagedModel { content: [EntityModel { content: TaskEntity(idTarea=48, titulo=Validacion de LOGGS en p (truncated)...]
2026-02-15 20:28:14.023 [http-nio-8080-exec-2] DEBUG o.s.web.servlet.DispatcherServlet - Completed 200 OK
2026-02-15 20:28:16.049 [http-nio-8080-exec-3] DEBUG o.s.web.servlet.DispatcherServlet - OPTIONS "/api/tareas-rest/search/porUsuario?id=1&page=3&size=5&sort=id,desc", parameters={masked}
2026-02-15 20:28:16.050 [http-nio-8080-exec-3] DEBUG o.s.web.servlet.DispatcherServlet - Completed 200 OK
2026-02-15 20:28:16.055 [http-nio-8080-exec-5] DEBUG o.s.web.servlet.DispatcherServlet - GET "/api/tareas-rest/search/porUsuario?id=1&page=3&size=5&sort=id,desc", parameters={masked}
2026-02-15 20:28:16.064 [http-nio-8080-exec-5] DEBUG o.s.w.s.m.m.a.HttpEntityMethodProcessor - Using 'application/json', given [application/json, text/plain, */*] and supported [application/hal+json, application/json]
2026-02-15 20:28:16.064 [http-nio-8080-exec-5] DEBUG o.s.w.s.m.m.a.HttpEntityMethodProcessor - Writing [PagedModel { content: [EntityModel { content: TaskEntity(idTarea=56, titulo=Prueba 4 (Pagina4), esta (truncated)...]
2026-02-15 20:28:16.065 [http-nio-8080-exec-5] DEBUG o.s.web.servlet.DispatcherServlet - Completed 200 OK
2026-02-15 20:28:17.824 [http-nio-8080-exec-4] DEBUG o.s.web.servlet.DispatcherServlet - GET "/api/tareas-rest/search/porUsuario?id=1&page=0&size=5&sort=id,desc", parameters={masked}
2026-02-15 20:28:17.834 [http-nio-8080-exec-4] DEBUG o.s.w.s.m.m.a.HttpEntityMethodProcessor - Using 'application/json', given [application/json, text/plain, */*] and supported [application/hal+json, application/json]
2026-02-15 20:28:17.835 [http-nio-8080-exec-4] DEBUG o.s.w.s.m.m.a.HttpEntityMethodProcessor - Writing [PagedModel { content: [EntityModel { content: TaskEntity(idTarea=1, titulo=Configurar el entorno de  (truncated)...]
2026-02-15 20:28:17.837 [http-nio-8080-exec-4] DEBUG o.s.web.servlet.DispatcherServlet - Completed 200 OK
2026-02-15 20:28:19.545 [http-nio-8080-exec-8] DEBUG o.s.web.servlet.DispatcherServlet - GET "/api/tareas-rest/search/porUsuario?id=1&page=3&size=5&sort=id,desc", parameters={masked}
2026-02-15 20:28:19.554 [http-nio-8080-exec-8] DEBUG o.s.w.s.m.m.a.HttpEntityMethodProcessor - Using 'application/json', given [application/json, text/plain, */*] and supported [application/hal+json, application/json]
2026-02-15 20:28:19.554 [http-nio-8080-exec-8] DEBUG o.s.w.s.m.m.a.HttpEntityMethodProcessor - Writing [PagedModel { content: [EntityModel { content: TaskEntity(idTarea=56, titulo=Prueba 4 (Pagina4), esta (truncated)...]
2026-02-15 20:28:19.556 [http-nio-8080-exec-8] DEBUG o.s.web.servlet.DispatcherServlet - Completed 200 OK
2026-02-15 20:28:21.323 [http-nio-8080-exec-7] DEBUG o.s.web.servlet.DispatcherServlet - OPTIONS "/api/tareas-rest/56", parameters={}
2026-02-15 20:28:21.324 [http-nio-8080-exec-7] DEBUG o.s.web.servlet.DispatcherServlet - Completed 200 OK
2026-02-15 20:28:21.326 [http-nio-8080-exec-9] DEBUG o.s.web.servlet.DispatcherServlet - DELETE "/api/tareas-rest/56", parameters={}
2026-02-15 20:28:21.362 [http-nio-8080-exec-9] DEBUG o.s.w.s.m.m.a.HttpEntityMethodProcessor - Using 'application/json', given [application/json, text/plain, */*] and supported [application/hal+json, application/json]
2026-02-15 20:28:21.362 [http-nio-8080-exec-9] DEBUG o.s.w.s.m.m.a.HttpEntityMethodProcessor - Writing [EntityModel { content: TaskEntity(idTarea=56, titulo=Prueba 4 (Pagina4), estado=Abierto, fechaCreaci (truncated)...]
2026-02-15 20:28:21.363 [http-nio-8080-exec-9] DEBUG o.s.web.servlet.DispatcherServlet - Completed 200 OK
2026-02-15 20:28:22.165 [http-nio-8080-exec-10] DEBUG o.s.web.servlet.DispatcherServlet - GET "/api/tareas-rest/search/porUsuario?id=1&page=3&size=5&sort=id,desc", parameters={masked}
2026-02-15 20:28:22.178 [http-nio-8080-exec-10] DEBUG o.s.w.s.m.m.a.HttpEntityMethodProcessor - Using 'application/json', given [application/json, text/plain, */*] and supported [application/hal+json, application/json]
2026-02-15 20:28:22.178 [http-nio-8080-exec-10] DEBUG o.s.w.s.m.m.a.HttpEntityMethodProcessor - Writing [PagedModel { content: [org.springframework.hateoas.server.core.EmbeddedWrappers$EmptyCollectionEmbed (truncated)...]
2026-02-15 20:28:22.180 [http-nio-8080-exec-10] DEBUG o.s.web.servlet.DispatcherServlet - Completed 200 OK
2026-02-15 20:28:23.705 [http-nio-8080-exec-1] DEBUG o.s.web.servlet.DispatcherServlet - GET "/api/tareas-rest/search/porUsuario?id=1&page=2&size=5&sort=id,desc", parameters={masked}
2026-02-15 20:28:23.714 [http-nio-8080-exec-1] DEBUG o.s.w.s.m.m.a.HttpEntityMethodProcessor - Using 'application/json', given [application/json, text/plain, */*] and supported [application/hal+json, application/json]
2026-02-15 20:28:23.715 [http-nio-8080-exec-1] DEBUG o.s.w.s.m.m.a.HttpEntityMethodProcessor - Writing [PagedModel { content: [EntityModel { content: TaskEntity(idTarea=48, titulo=Validacion de LOGGS en p (truncated)...]
2026-02-15 20:28:23.717 [http-nio-8080-exec-1] DEBUG o.s.web.servlet.DispatcherServlet - Completed 200 OK
2026-02-15 20:32:17.236 [http-nio-8080-exec-2] DEBUG o.s.web.servlet.DispatcherServlet - GET "/api/tareas-rest/search/porUsuario?id=1&page=0&size=5&sort=id,desc", parameters={masked}
2026-02-15 20:32:17.252 [http-nio-8080-exec-2] DEBUG o.s.w.s.m.m.a.HttpEntityMethodProcessor - Using 'application/json', given [application/json, text/plain, */*] and supported [application/hal+json, application/json]
2026-02-15 20:32:17.253 [http-nio-8080-exec-2] DEBUG o.s.w.s.m.m.a.HttpEntityMethodProcessor - Writing [PagedModel { content: [EntityModel { content: TaskEntity(idTarea=1, titulo=Configurar el entorno de  (truncated)...]
2026-02-15 20:32:17.255 [http-nio-8080-exec-2] DEBUG o.s.web.servlet.DispatcherServlet - Completed 200 OK
2026-02-15 20:32:17.257 [http-nio-8080-exec-3] DEBUG o.s.web.servlet.DispatcherServlet - GET "/api/tareas-rest/search/porUsuario?id=1&page=0&size=5&sort=id,desc", parameters={masked}
2026-02-15 20:32:17.270 [http-nio-8080-exec-3] DEBUG o.s.w.s.m.m.a.HttpEntityMethodProcessor - Using 'application/json', given [application/json, text/plain, */*] and supported [application/hal+json, application/json]
2026-02-15 20:32:17.271 [http-nio-8080-exec-3] DEBUG o.s.w.s.m.m.a.HttpEntityMethodProcessor - Writing [PagedModel { content: [EntityModel { content: TaskEntity(idTarea=1, titulo=Configurar el entorno de  (truncated)...]
2026-02-15 20:32:17.273 [http-nio-8080-exec-3] DEBUG o.s.web.servlet.DispatcherServlet - Completed 200 OK
2026-02-15 20:32:22.074 [http-nio-8080-exec-5] DEBUG o.s.web.servlet.DispatcherServlet - GET "/api/tareas-rest/search/porUsuario?id=1&page=1&size=5&sort=id,desc", parameters={masked}
2026-02-15 20:32:22.084 [http-nio-8080-exec-5] DEBUG o.s.w.s.m.m.a.HttpEntityMethodProcessor - Using 'application/json', given [application/json, text/plain, */*] and supported [application/hal+json, application/json]
2026-02-15 20:32:22.085 [http-nio-8080-exec-5] DEBUG o.s.w.s.m.m.a.HttpEntityMethodProcessor - Writing [PagedModel { content: [EntityModel { content: TaskEntity(idTarea=17, titulo=Probar Panel de Usuarios (truncated)...]
2026-02-15 20:32:22.087 [http-nio-8080-exec-5] DEBUG o.s.web.servlet.DispatcherServlet - Completed 200 OK
2026-02-15 20:32:22.832 [http-nio-8080-exec-4] DEBUG o.s.web.servlet.DispatcherServlet - GET "/api/tareas-rest/search/porUsuario?id=1&page=2&size=5&sort=id,desc", parameters={masked}
2026-02-15 20:32:22.844 [http-nio-8080-exec-4] DEBUG o.s.w.s.m.m.a.HttpEntityMethodProcessor - Using 'application/json', given [application/json, text/plain, */*] and supported [application/hal+json, application/json]
2026-02-15 20:32:22.845 [http-nio-8080-exec-4] DEBUG o.s.w.s.m.m.a.HttpEntityMethodProcessor - Writing [PagedModel { content: [EntityModel { content: TaskEntity(idTarea=48, titulo=Validacion de LOGGS en p (truncated)...]
2026-02-15 20:32:22.847 [http-nio-8080-exec-4] DEBUG o.s.web.servlet.DispatcherServlet - Completed 200 OK
2026-02-15 20:33:54.011 [http-nio-8080-exec-9] DEBUG o.s.web.servlet.DispatcherServlet - GET "/api/tareas-rest/search/porUsuario?id=1&page=0&size=5&sort=id,desc", parameters={masked}
2026-02-15 20:33:54.027 [http-nio-8080-exec-9] DEBUG o.s.w.s.m.m.a.HttpEntityMethodProcessor - Using 'application/json', given [application/json, text/plain, */*] and supported [application/hal+json, application/json]
2026-02-15 20:33:54.028 [http-nio-8080-exec-9] DEBUG o.s.w.s.m.m.a.HttpEntityMethodProcessor - Writing [PagedModel { content: [EntityModel { content: TaskEntity(idTarea=1, titulo=Configurar el entorno de  (truncated)...]
2026-02-15 20:33:54.030 [http-nio-8080-exec-9] DEBUG o.s.web.servlet.DispatcherServlet - Completed 200 OK
2026-02-15 20:33:54.031 [http-nio-8080-exec-10] DEBUG o.s.web.servlet.DispatcherServlet - GET "/api/tareas-rest/search/porUsuario?id=1&page=0&size=5&sort=id,desc", parameters={masked}
2026-02-15 20:33:54.043 [http-nio-8080-exec-10] DEBUG o.s.w.s.m.m.a.HttpEntityMethodProcessor - Using 'application/json', given [application/json, text/plain, */*] and supported [application/hal+json, application/json]
2026-02-15 20:33:54.043 [http-nio-8080-exec-10] DEBUG o.s.w.s.m.m.a.HttpEntityMethodProcessor - Writing [PagedModel { content: [EntityModel { content: TaskEntity(idTarea=1, titulo=Configurar el entorno de  (truncated)...]
2026-02-15 20:33:54.045 [http-nio-8080-exec-10] DEBUG o.s.web.servlet.DispatcherServlet - Completed 200 OK
2026-02-15 20:33:57.424 [http-nio-8080-exec-1] DEBUG o.s.web.servlet.DispatcherServlet - GET "/api/usuarios-rest?size=100", parameters={masked}
2026-02-15 20:33:57.431 [http-nio-8080-exec-1] DEBUG o.s.w.s.m.m.a.RequestResponseBodyMethodProcessor - Using 'application/json', given [application/json, text/plain, */*] and supported [application/hal+json, application/json]
2026-02-15 20:33:57.432 [http-nio-8080-exec-1] DEBUG o.s.w.s.m.m.a.RequestResponseBodyMethodProcessor - Writing [PagedModel { content: [EntityModel { content: UsuarioEntity(idUsuario=1, usuario=admin, contraseña=1 (truncated)...]
2026-02-15 20:33:57.438 [http-nio-8080-exec-1] DEBUG o.s.web.servlet.DispatcherServlet - Completed 200 OK
2026-02-15 20:33:57.439 [http-nio-8080-exec-6] DEBUG o.s.web.servlet.DispatcherServlet - GET "/api/usuarios-rest?size=100", parameters={masked}
2026-02-15 20:33:57.447 [http-nio-8080-exec-6] DEBUG o.s.w.s.m.m.a.RequestResponseBodyMethodProcessor - Using 'application/json', given [application/json, text/plain, */*] and supported [application/hal+json, application/json]
2026-02-15 20:33:57.448 [http-nio-8080-exec-6] DEBUG o.s.w.s.m.m.a.RequestResponseBodyMethodProcessor - Writing [PagedModel { content: [EntityModel { content: UsuarioEntity(idUsuario=1, usuario=admin, contraseña=1 (truncated)...]
2026-02-15 20:33:57.454 [http-nio-8080-exec-6] DEBUG o.s.web.servlet.DispatcherServlet - Completed 200 OK
2026-02-15 20:33:59.457 [http-nio-8080-exec-2] DEBUG o.s.web.servlet.DispatcherServlet - GET "/api/auditoria?size=100&sort=fechaHora,desc", parameters={masked}
2026-02-15 20:33:59.477 [http-nio-8080-exec-2] DEBUG o.s.w.s.m.m.a.RequestResponseBodyMethodProcessor - Using 'application/json', given [application/json, text/plain, */*] and supported [application/hal+json, application/json]
2026-02-15 20:33:59.478 [http-nio-8080-exec-2] DEBUG o.s.w.s.m.m.a.RequestResponseBodyMethodProcessor - Writing [PagedModel { content: [EntityModel { content: AuditoriaEntity(idauditoria=2507, fechaHora=2026-02-15 (truncated)...]
2026-02-15 20:33:59.491 [http-nio-8080-exec-3] DEBUG o.s.web.servlet.DispatcherServlet - GET "/api/auditoria?size=100&sort=fechaHora,desc", parameters={masked}
2026-02-15 20:33:59.494 [http-nio-8080-exec-2] DEBUG o.s.web.servlet.DispatcherServlet - Completed 200 OK
2026-02-15 20:33:59.507 [http-nio-8080-exec-3] DEBUG o.s.w.s.m.m.a.RequestResponseBodyMethodProcessor - Using 'application/json', given [application/json, text/plain, */*] and supported [application/hal+json, application/json]
2026-02-15 20:33:59.508 [http-nio-8080-exec-3] DEBUG o.s.w.s.m.m.a.RequestResponseBodyMethodProcessor - Writing [PagedModel { content: [EntityModel { content: AuditoriaEntity(idauditoria=2507, fechaHora=2026-02-15 (truncated)...]
2026-02-15 20:33:59.516 [http-nio-8080-exec-3] DEBUG o.s.web.servlet.DispatcherServlet - Completed 200 OK
2026-02-15 20:34:02.090 [http-nio-8080-exec-5] DEBUG o.s.web.servlet.DispatcherServlet - GET "/api/usuarios-rest?page=0&size=5", parameters={masked}
2026-02-15 20:34:02.099 [http-nio-8080-exec-5] DEBUG o.s.w.s.m.m.a.RequestResponseBodyMethodProcessor - Using 'application/json', given [application/json, text/plain, */*] and supported [application/hal+json, application/json]
2026-02-15 20:34:02.099 [http-nio-8080-exec-5] DEBUG o.s.w.s.m.m.a.RequestResponseBodyMethodProcessor - Writing [PagedModel { content: [EntityModel { content: UsuarioEntity(idUsuario=1, usuario=admin, contraseña=1 (truncated)...]
2026-02-15 20:34:02.101 [http-nio-8080-exec-5] DEBUG o.s.web.servlet.DispatcherServlet - Completed 200 OK
2026-02-15 20:34:02.103 [http-nio-8080-exec-4] DEBUG o.s.web.servlet.DispatcherServlet - GET "/api/usuarios-rest?page=0&size=5", parameters={masked}
2026-02-15 20:34:02.112 [http-nio-8080-exec-4] DEBUG o.s.w.s.m.m.a.RequestResponseBodyMethodProcessor - Using 'application/json', given [application/json, text/plain, */*] and supported [application/hal+json, application/json]
2026-02-15 20:34:02.112 [http-nio-8080-exec-4] DEBUG o.s.w.s.m.m.a.RequestResponseBodyMethodProcessor - Writing [PagedModel { content: [EntityModel { content: UsuarioEntity(idUsuario=1, usuario=admin, contraseña=1 (truncated)...]
2026-02-15 20:34:02.114 [http-nio-8080-exec-4] DEBUG o.s.web.servlet.DispatcherServlet - Completed 200 OK
2026-02-15 20:34:17.802 [http-nio-8080-exec-8] DEBUG o.s.web.servlet.DispatcherServlet - OPTIONS "/api/usuarios-rest", parameters={}
2026-02-15 20:34:17.803 [http-nio-8080-exec-8] DEBUG o.s.web.servlet.DispatcherServlet - Completed 200 OK
2026-02-15 20:34:17.804 [http-nio-8080-exec-7] DEBUG o.s.web.servlet.DispatcherServlet - POST "/api/usuarios-rest", parameters={}
2026-02-15 20:34:17.824 [http-nio-8080-exec-7] DEBUG o.s.w.s.m.m.a.HttpEntityMethodProcessor - Using 'application/json', given [application/json, text/plain, */*] and supported [application/hal+json, application/json]
2026-02-15 20:34:17.824 [http-nio-8080-exec-7] DEBUG o.s.w.s.m.m.a.HttpEntityMethodProcessor - Writing [EntityModel { content: UsuarioEntity(idUsuario=52, usuario=lmosquera, contraseña=leonardo, fechaCrea (truncated)...]
2026-02-15 20:34:17.825 [http-nio-8080-exec-7] DEBUG o.s.web.servlet.DispatcherServlet - Completed 201 CREATED
2026-02-15 20:34:17.832 [http-nio-8080-exec-9] DEBUG o.s.web.servlet.DispatcherServlet - GET "/api/usuarios-rest?page=0&size=5", parameters={masked}
2026-02-15 20:34:17.845 [http-nio-8080-exec-9] DEBUG o.s.w.s.m.m.a.RequestResponseBodyMethodProcessor - Using 'application/json', given [application/json, text/plain, */*] and supported [application/hal+json, application/json]
2026-02-15 20:34:17.845 [http-nio-8080-exec-9] DEBUG o.s.w.s.m.m.a.RequestResponseBodyMethodProcessor - Writing [PagedModel { content: [EntityModel { content: UsuarioEntity(idUsuario=1, usuario=admin, contraseña=1 (truncated)...]
2026-02-15 20:34:17.846 [http-nio-8080-exec-9] DEBUG o.s.web.servlet.DispatcherServlet - Completed 200 OK
2026-02-15 20:34:26.012 [http-nio-8080-exec-10] DEBUG o.s.web.servlet.DispatcherServlet - GET "/api/usuarios/buscarPorNombre?usuario=lmosquera", parameters={masked}
2026-02-15 20:34:26.012 [http-nio-8080-exec-10] DEBUG o.s.w.s.m.m.a.RequestMappingHandlerMapping - Mapped to com.example.ProyectoBackEnd.controller.UsuarioController#buscarPorNombre(String)
2026-02-15 20:34:26.013 [http-nio-8080-exec-10] INFO  c.e.P.controller.UsuarioController - API: Buscando usuario por nombre: lmosquera
2026-02-15 20:34:26.024 [http-nio-8080-exec-10] INFO  c.e.P.aspect.LogginAspect - Operación buscarPorNombre completada en 2 ms
2026-02-15 20:34:26.037 [http-nio-8080-exec-10] DEBUG o.s.w.s.m.m.a.RequestResponseBodyMethodProcessor - Using 'application/json', given [application/json, text/plain, */*] and supported [application/hal+json, application/vnd.hal+json, application/json, application/schema+json, application/json-patch+json, application/merge-patch+json, application/x-spring-data-verbose+json, application/x-spring-data-compact+json, application/prs.hal-forms+json, application/*+json]
2026-02-15 20:34:26.037 [http-nio-8080-exec-10] DEBUG o.s.w.s.m.m.a.RequestResponseBodyMethodProcessor - Writing [EntityModel { content: UsuarioEntity(idUsuario=52, usuario=lmosquera, contraseña=leonardo, fechaCrea (truncated)...]
2026-02-15 20:34:26.038 [http-nio-8080-exec-10] DEBUG o.s.web.servlet.DispatcherServlet - Completed 200 OK
2026-02-15 20:34:27.505 [http-nio-8080-exec-1] DEBUG o.s.web.servlet.DispatcherServlet - OPTIONS "/api/tareas-rest/search/porUsuario?id=52&page=0&size=5&sort=id,desc", parameters={masked}
2026-02-15 20:34:27.505 [http-nio-8080-exec-6] DEBUG o.s.web.servlet.DispatcherServlet - OPTIONS "/api/tareas-rest/search/porUsuario?id=52&page=0&size=5&sort=id,desc", parameters={masked}
2026-02-15 20:34:27.507 [http-nio-8080-exec-6] DEBUG o.s.web.servlet.DispatcherServlet - Completed 200 OK
2026-02-15 20:34:27.507 [http-nio-8080-exec-1] DEBUG o.s.web.servlet.DispatcherServlet - Completed 200 OK
2026-02-15 20:34:27.509 [http-nio-8080-exec-2] DEBUG o.s.web.servlet.DispatcherServlet - GET "/api/tareas-rest/search/porUsuario?id=52&page=0&size=5&sort=id,desc", parameters={masked}
2026-02-15 20:34:27.517 [http-nio-8080-exec-2] DEBUG o.s.w.s.m.m.a.HttpEntityMethodProcessor - Using 'application/json', given [application/json, text/plain, */*] and supported [application/hal+json, application/json]
2026-02-15 20:34:27.517 [http-nio-8080-exec-2] DEBUG o.s.w.s.m.m.a.HttpEntityMethodProcessor - Writing [PagedModel { content: [org.springframework.hateoas.server.core.EmbeddedWrappers$EmptyCollectionEmbed (truncated)...]
2026-02-15 20:34:27.518 [http-nio-8080-exec-2] DEBUG o.s.web.servlet.DispatcherServlet - Completed 200 OK
2026-02-15 20:34:27.520 [http-nio-8080-exec-3] DEBUG o.s.web.servlet.DispatcherServlet - GET "/api/tareas-rest/search/porUsuario?id=52&page=0&size=5&sort=id,desc", parameters={masked}
2026-02-15 20:34:27.527 [http-nio-8080-exec-3] DEBUG o.s.w.s.m.m.a.HttpEntityMethodProcessor - Using 'application/json', given [application/json, text/plain, */*] and supported [application/hal+json, application/json]
2026-02-15 20:34:27.528 [http-nio-8080-exec-3] DEBUG o.s.w.s.m.m.a.HttpEntityMethodProcessor - Writing [PagedModel { content: [org.springframework.hateoas.server.core.EmbeddedWrappers$EmptyCollectionEmbed (truncated)...]
2026-02-15 20:34:27.529 [http-nio-8080-exec-3] DEBUG o.s.web.servlet.DispatcherServlet - Completed 200 OK
2026-02-15 20:34:32.592 [http-nio-8080-exec-5] DEBUG o.s.web.servlet.DispatcherServlet - POST "/api/tareas-rest", parameters={}
2026-02-15 20:34:32.606 [http-nio-8080-exec-5] DEBUG o.s.w.s.m.m.a.HttpEntityMethodProcessor - Using 'application/json', given [application/json, text/plain, */*] and supported [application/hal+json, application/json]
2026-02-15 20:34:32.606 [http-nio-8080-exec-5] DEBUG o.s.w.s.m.m.a.HttpEntityMethodProcessor - Writing [EntityModel { content: TaskEntity(idTarea=57, titulo=Validación, estado=Pendiente, fechaCreacion=nul (truncated)...]
2026-02-15 20:34:32.607 [http-nio-8080-exec-5] DEBUG o.s.web.servlet.DispatcherServlet - Completed 201 CREATED
2026-02-15 20:34:32.611 [http-nio-8080-exec-4] DEBUG o.s.web.servlet.DispatcherServlet - GET "/api/tareas-rest/search/porUsuario?id=52&page=0&size=5&sort=id,desc", parameters={masked}
2026-02-15 20:34:32.618 [http-nio-8080-exec-4] DEBUG o.s.w.s.m.m.a.HttpEntityMethodProcessor - Using 'application/json', given [application/json, text/plain, */*] and supported [application/hal+json, application/json]
2026-02-15 20:34:32.618 [http-nio-8080-exec-4] DEBUG o.s.w.s.m.m.a.HttpEntityMethodProcessor - Writing [PagedModel { content: [EntityModel { content: TaskEntity(idTarea=57, titulo=Validación, estado=Pendi (truncated)...]
2026-02-15 20:34:32.619 [http-nio-8080-exec-4] DEBUG o.s.web.servlet.DispatcherServlet - Completed 200 OK
2026-02-15 20:34:40.767 [http-nio-8080-exec-8] DEBUG o.s.web.servlet.DispatcherServlet - POST "/api/tareas-rest", parameters={}
2026-02-15 20:34:40.782 [http-nio-8080-exec-8] DEBUG o.s.w.s.m.m.a.HttpEntityMethodProcessor - Using 'application/json', given [application/json, text/plain, */*] and supported [application/hal+json, application/json]
2026-02-15 20:34:40.782 [http-nio-8080-exec-8] DEBUG o.s.w.s.m.m.a.HttpEntityMethodProcessor - Writing [EntityModel { content: TaskEntity(idTarea=58, titulo=Validacion de Estados, estado=En Proceso, fecha (truncated)...]
2026-02-15 20:34:40.783 [http-nio-8080-exec-8] DEBUG o.s.web.servlet.DispatcherServlet - Completed 201 CREATED
2026-02-15 20:34:40.786 [http-nio-8080-exec-7] DEBUG o.s.web.servlet.DispatcherServlet - GET "/api/tareas-rest/search/porUsuario?id=52&page=0&size=5&sort=id,desc", parameters={masked}
2026-02-15 20:34:40.793 [http-nio-8080-exec-7] DEBUG o.s.w.s.m.m.a.HttpEntityMethodProcessor - Using 'application/json', given [application/json, text/plain, */*] and supported [application/hal+json, application/json]
2026-02-15 20:34:40.793 [http-nio-8080-exec-7] DEBUG o.s.w.s.m.m.a.HttpEntityMethodProcessor - Writing [PagedModel { content: [EntityModel { content: TaskEntity(idTarea=57, titulo=Validación, estado=Pendi (truncated)...]
2026-02-15 20:34:40.794 [http-nio-8080-exec-7] DEBUG o.s.web.servlet.DispatcherServlet - Completed 200 OK
2026-02-15 20:34:48.304 [http-nio-8080-exec-9] DEBUG o.s.web.servlet.DispatcherServlet - POST "/api/tareas-rest", parameters={}
2026-02-15 20:34:48.317 [http-nio-8080-exec-9] DEBUG o.s.w.s.m.m.a.HttpEntityMethodProcessor - Using 'application/json', given [application/json, text/plain, */*] and supported [application/hal+json, application/json]
2026-02-15 20:34:48.317 [http-nio-8080-exec-9] DEBUG o.s.w.s.m.m.a.HttpEntityMethodProcessor - Writing [EntityModel { content: TaskEntity(idTarea=59, titulo=Validando Colores, estado=Completada, fechaCrea (truncated)...]
2026-02-15 20:34:48.318 [http-nio-8080-exec-9] DEBUG o.s.web.servlet.DispatcherServlet - Completed 201 CREATED
2026-02-15 20:34:48.321 [http-nio-8080-exec-10] DEBUG o.s.web.servlet.DispatcherServlet - GET "/api/tareas-rest/search/porUsuario?id=52&page=0&size=5&sort=id,desc", parameters={masked}
2026-02-15 20:34:48.329 [http-nio-8080-exec-10] DEBUG o.s.w.s.m.m.a.HttpEntityMethodProcessor - Using 'application/json', given [application/json, text/plain, */*] and supported [application/hal+json, application/json]
2026-02-15 20:34:48.329 [http-nio-8080-exec-10] DEBUG o.s.w.s.m.m.a.HttpEntityMethodProcessor - Writing [PagedModel { content: [EntityModel { content: TaskEntity(idTarea=57, titulo=Validación, estado=Pendi (truncated)...]
2026-02-15 20:34:48.331 [http-nio-8080-exec-10] DEBUG o.s.web.servlet.DispatcherServlet - Completed 200 OK
2026-02-15 20:34:58.376 [http-nio-8080-exec-6] DEBUG o.s.web.servlet.DispatcherServlet - POST "/api/tareas-rest", parameters={}
2026-02-15 20:34:58.388 [http-nio-8080-exec-6] DEBUG o.s.w.s.m.m.a.HttpEntityMethodProcessor - Using 'application/json', given [application/json, text/plain, */*] and supported [application/hal+json, application/json]
2026-02-15 20:34:58.388 [http-nio-8080-exec-6] DEBUG o.s.w.s.m.m.a.HttpEntityMethodProcessor - Writing [EntityModel { content: TaskEntity(idTarea=60, titulo=Validando recepcion en MYSQL, estado=Abierto, f (truncated)...]
2026-02-15 20:34:58.389 [http-nio-8080-exec-6] DEBUG o.s.web.servlet.DispatcherServlet - Completed 201 CREATED
2026-02-15 20:34:58.392 [http-nio-8080-exec-1] DEBUG o.s.web.servlet.DispatcherServlet - GET "/api/tareas-rest/search/porUsuario?id=52&page=0&size=5&sort=id,desc", parameters={masked}
2026-02-15 20:34:58.399 [http-nio-8080-exec-1] DEBUG o.s.w.s.m.m.a.HttpEntityMethodProcessor - Using 'application/json', given [application/json, text/plain, */*] and supported [application/hal+json, application/json]
2026-02-15 20:34:58.400 [http-nio-8080-exec-1] DEBUG o.s.w.s.m.m.a.HttpEntityMethodProcessor - Writing [PagedModel { content: [EntityModel { content: TaskEntity(idTarea=57, titulo=Validación, estado=Pendi (truncated)...]
2026-02-15 20:34:58.401 [http-nio-8080-exec-1] DEBUG o.s.web.servlet.DispatcherServlet - Completed 200 OK
2026-02-15 20:35:10.399 [http-nio-8080-exec-2] DEBUG o.s.web.servlet.DispatcherServlet - POST "/api/tareas-rest", parameters={}
2026-02-15 20:35:10.410 [http-nio-8080-exec-2] DEBUG o.s.w.s.m.m.a.HttpEntityMethodProcessor - Using 'application/json', given [application/json, text/plain, */*] and supported [application/hal+json, application/json]
2026-02-15 20:35:10.410 [http-nio-8080-exec-2] DEBUG o.s.w.s.m.m.a.HttpEntityMethodProcessor - Writing [EntityModel { content: TaskEntity(idTarea=61, titulo=Revisando en Postman (etapa final), estado=Esca (truncated)...]
2026-02-15 20:35:10.411 [http-nio-8080-exec-2] DEBUG o.s.web.servlet.DispatcherServlet - Completed 201 CREATED
2026-02-15 20:35:10.414 [http-nio-8080-exec-3] DEBUG o.s.web.servlet.DispatcherServlet - GET "/api/tareas-rest/search/porUsuario?id=52&page=0&size=5&sort=id,desc", parameters={masked}
2026-02-15 20:35:10.425 [http-nio-8080-exec-3] DEBUG o.s.w.s.m.m.a.HttpEntityMethodProcessor - Using 'application/json', given [application/json, text/plain, */*] and supported [application/hal+json, application/json]
2026-02-15 20:35:10.425 [http-nio-8080-exec-3] DEBUG o.s.w.s.m.m.a.HttpEntityMethodProcessor - Writing [PagedModel { content: [EntityModel { content: TaskEntity(idTarea=57, titulo=Validación, estado=Pendi (truncated)...]
2026-02-15 20:35:10.428 [http-nio-8080-exec-3] DEBUG o.s.web.servlet.DispatcherServlet - Completed 200 OK
2026-02-15 20:35:22.120 [http-nio-8080-exec-5] DEBUG o.s.web.servlet.DispatcherServlet - POST "/api/tareas-rest", parameters={}
2026-02-15 20:35:22.132 [http-nio-8080-exec-5] DEBUG o.s.w.s.m.m.a.HttpEntityMethodProcessor - Using 'application/json', given [application/json, text/plain, */*] and supported [application/hal+json, application/json]
2026-02-15 20:35:22.132 [http-nio-8080-exec-5] DEBUG o.s.w.s.m.m.a.HttpEntityMethodProcessor - Writing [EntityModel { content: TaskEntity(idTarea=62, titulo=Consultando íconos de REACT, estado=Cancelado,  (truncated)...]
2026-02-15 20:35:22.133 [http-nio-8080-exec-5] DEBUG o.s.web.servlet.DispatcherServlet - Completed 201 CREATED
2026-02-15 20:35:22.136 [http-nio-8080-exec-4] DEBUG o.s.web.servlet.DispatcherServlet - GET "/api/tareas-rest/search/porUsuario?id=52&page=0&size=5&sort=id,desc", parameters={masked}
2026-02-15 20:35:22.146 [http-nio-8080-exec-4] DEBUG o.s.w.s.m.m.a.HttpEntityMethodProcessor - Using 'application/json', given [application/json, text/plain, */*] and supported [application/hal+json, application/json]
2026-02-15 20:35:22.146 [http-nio-8080-exec-4] DEBUG o.s.w.s.m.m.a.HttpEntityMethodProcessor - Writing [PagedModel { content: [EntityModel { content: TaskEntity(idTarea=57, titulo=Validación, estado=Pendi (truncated)...]
2026-02-15 20:35:22.148 [http-nio-8080-exec-4] DEBUG o.s.web.servlet.DispatcherServlet - Completed 200 OK
2026-02-15 20:35:24.975 [http-nio-8080-exec-8] DEBUG o.s.web.servlet.DispatcherServlet - OPTIONS "/api/tareas-rest/search/porUsuario?id=52&page=1&size=5&sort=id,desc", parameters={masked}
2026-02-15 20:35:24.976 [http-nio-8080-exec-8] DEBUG o.s.web.servlet.DispatcherServlet - Completed 200 OK
2026-02-15 20:35:24.979 [http-nio-8080-exec-7] DEBUG o.s.web.servlet.DispatcherServlet - GET "/api/tareas-rest/search/porUsuario?id=52&page=1&size=5&sort=id,desc", parameters={masked}
2026-02-15 20:35:24.986 [http-nio-8080-exec-7] DEBUG o.s.w.s.m.m.a.HttpEntityMethodProcessor - Using 'application/json', given [application/json, text/plain, */*] and supported [application/hal+json, application/json]
2026-02-15 20:35:24.986 [http-nio-8080-exec-7] DEBUG o.s.w.s.m.m.a.HttpEntityMethodProcessor - Writing [PagedModel { content: [EntityModel { content: TaskEntity(idTarea=62, titulo=Consultando íconos de RE (truncated)...]
2026-02-15 20:35:24.988 [http-nio-8080-exec-7] DEBUG o.s.web.servlet.DispatcherServlet - Completed 200 OK
2026-02-15 20:35:26.119 [http-nio-8080-exec-9] DEBUG o.s.web.servlet.DispatcherServlet - GET "/api/tareas-rest/search/porUsuario?id=52&page=0&size=5&sort=id,desc", parameters={masked}
2026-02-15 20:35:26.130 [http-nio-8080-exec-9] DEBUG o.s.w.s.m.m.a.HttpEntityMethodProcessor - Using 'application/json', given [application/json, text/plain, */*] and supported [application/hal+json, application/json]
2026-02-15 20:35:26.131 [http-nio-8080-exec-9] DEBUG o.s.w.s.m.m.a.HttpEntityMethodProcessor - Writing [PagedModel { content: [EntityModel { content: TaskEntity(idTarea=57, titulo=Validación, estado=Pendi (truncated)...]
2026-02-15 20:35:26.132 [http-nio-8080-exec-9] DEBUG o.s.web.servlet.DispatcherServlet - Completed 200 OK
2026-02-15 20:48:47.416 [http-nio-8080-exec-1] DEBUG o.s.web.servlet.DispatcherServlet - GET "/api/usuarios/buscarPorNombre?usuario=admin", parameters={masked}
2026-02-15 20:48:47.417 [http-nio-8080-exec-1] DEBUG o.s.w.s.m.m.a.RequestMappingHandlerMapping - Mapped to com.example.ProyectoBackEnd.controller.UsuarioController#buscarPorNombre(String)
2026-02-15 20:48:47.418 [http-nio-8080-exec-1] INFO  c.e.P.controller.UsuarioController - API: Buscando usuario por nombre: admin
2026-02-15 20:48:47.430 [http-nio-8080-exec-1] INFO  c.e.P.aspect.LogginAspect - Operación buscarPorNombre completada en 4 ms
2026-02-15 20:48:47.437 [http-nio-8080-exec-1] DEBUG o.s.w.s.m.m.a.RequestResponseBodyMethodProcessor - Using 'application/json', given [application/json, text/plain, */*] and supported [application/hal+json, application/vnd.hal+json, application/json, application/schema+json, application/json-patch+json, application/merge-patch+json, application/x-spring-data-verbose+json, application/x-spring-data-compact+json, application/prs.hal-forms+json, application/*+json]
2026-02-15 20:48:47.437 [http-nio-8080-exec-1] DEBUG o.s.w.s.m.m.a.RequestResponseBodyMethodProcessor - Writing [EntityModel { content: UsuarioEntity(idUsuario=1, usuario=admin, contraseña=1234, fechaCreacion=2026 (truncated)...]
2026-02-15 20:48:47.438 [http-nio-8080-exec-1] DEBUG o.s.web.servlet.DispatcherServlet - Completed 200 OK
2026-02-15 20:49:01.053 [http-nio-8080-exec-2] DEBUG o.s.web.servlet.DispatcherServlet - GET "/api/tareas-rest/search/porUsuario?id=1&page=0&size=5&sort=id,desc", parameters={masked}
2026-02-15 20:49:01.064 [http-nio-8080-exec-2] DEBUG o.s.w.s.m.m.a.HttpEntityMethodProcessor - Using 'application/json', given [application/json, text/plain, */*] and supported [application/hal+json, application/json]
2026-02-15 20:49:01.064 [http-nio-8080-exec-2] DEBUG o.s.w.s.m.m.a.HttpEntityMethodProcessor - Writing [PagedModel { content: [EntityModel { content: TaskEntity(idTarea=1, titulo=Configurar el entorno de  (truncated)...]
2026-02-15 20:49:01.066 [http-nio-8080-exec-2] DEBUG o.s.web.servlet.DispatcherServlet - Completed 200 OK
2026-02-15 20:49:01.068 [http-nio-8080-exec-3] DEBUG o.s.web.servlet.DispatcherServlet - GET "/api/tareas-rest/search/porUsuario?id=1&page=0&size=5&sort=id,desc", parameters={masked}
2026-02-15 20:49:01.079 [http-nio-8080-exec-3] DEBUG o.s.w.s.m.m.a.HttpEntityMethodProcessor - Using 'application/json', given [application/json, text/plain, */*] and supported [application/hal+json, application/json]
2026-02-15 20:49:01.079 [http-nio-8080-exec-3] DEBUG o.s.w.s.m.m.a.HttpEntityMethodProcessor - Writing [PagedModel { content: [EntityModel { content: TaskEntity(idTarea=1, titulo=Configurar el entorno de  (truncated)...]
2026-02-15 20:49:01.081 [http-nio-8080-exec-3] DEBUG o.s.web.servlet.DispatcherServlet - Completed 200 OK
2026-02-15 20:49:04.368 [http-nio-8080-exec-4] DEBUG o.s.web.servlet.DispatcherServlet - OPTIONS "/api/auditoria?size=100&sort=fechaHora,desc", parameters={masked}
2026-02-15 20:49:04.368 [http-nio-8080-exec-5] DEBUG o.s.web.servlet.DispatcherServlet - OPTIONS "/api/auditoria?size=100&sort=fechaHora,desc", parameters={masked}
2026-02-15 20:49:04.370 [http-nio-8080-exec-5] DEBUG o.s.web.servlet.DispatcherServlet - Completed 200 OK
2026-02-15 20:49:04.370 [http-nio-8080-exec-4] DEBUG o.s.web.servlet.DispatcherServlet - Completed 200 OK
2026-02-15 20:49:04.373 [http-nio-8080-exec-8] DEBUG o.s.web.servlet.DispatcherServlet - GET "/api/auditoria?size=100&sort=fechaHora,desc", parameters={masked}
2026-02-15 20:49:04.396 [http-nio-8080-exec-8] DEBUG o.s.w.s.m.m.a.RequestResponseBodyMethodProcessor - Using 'application/json', given [application/json, text/plain, */*] and supported [application/hal+json, application/json]
2026-02-15 20:49:04.397 [http-nio-8080-exec-8] DEBUG o.s.w.s.m.m.a.RequestResponseBodyMethodProcessor - Writing [PagedModel { content: [EntityModel { content: AuditoriaEntity(idauditoria=2509, fechaHora=2026-02-15 (truncated)...]
2026-02-15 20:49:04.402 [http-nio-8080-exec-7] DEBUG o.s.web.servlet.DispatcherServlet - GET "/api/auditoria?size=100&sort=fechaHora,desc", parameters={masked}
2026-02-15 20:49:04.405 [http-nio-8080-exec-8] DEBUG o.s.web.servlet.DispatcherServlet - Completed 200 OK
2026-02-15 20:49:04.417 [http-nio-8080-exec-7] DEBUG o.s.w.s.m.m.a.RequestResponseBodyMethodProcessor - Using 'application/json', given [application/json, text/plain, */*] and supported [application/hal+json, application/json]
2026-02-15 20:49:04.418 [http-nio-8080-exec-7] DEBUG o.s.w.s.m.m.a.RequestResponseBodyMethodProcessor - Writing [PagedModel { content: [EntityModel { content: AuditoriaEntity(idauditoria=2509, fechaHora=2026-02-15 (truncated)...]
2026-02-15 20:49:04.425 [http-nio-8080-exec-7] DEBUG o.s.web.servlet.DispatcherServlet - Completed 200 OK
2026-02-15 20:49:23.712 [http-nio-8080-exec-9] DEBUG o.s.web.servlet.DispatcherServlet - OPTIONS "/api/usuarios-rest?size=100", parameters={masked}
2026-02-15 20:49:23.712 [http-nio-8080-exec-10] DEBUG o.s.web.servlet.DispatcherServlet - OPTIONS "/api/usuarios-rest?size=100", parameters={masked}
2026-02-15 20:49:23.714 [http-nio-8080-exec-9] DEBUG o.s.web.servlet.DispatcherServlet - Completed 200 OK
2026-02-15 20:49:23.714 [http-nio-8080-exec-10] DEBUG o.s.web.servlet.DispatcherServlet - Completed 200 OK
2026-02-15 20:49:23.715 [http-nio-8080-exec-6] DEBUG o.s.web.servlet.DispatcherServlet - GET "/api/usuarios-rest?size=100", parameters={masked}
2026-02-15 20:49:23.721 [http-nio-8080-exec-6] DEBUG o.s.w.s.m.m.a.RequestResponseBodyMethodProcessor - Using 'application/json', given [application/json, text/plain, */*] and supported [application/hal+json, application/json]
2026-02-15 20:49:23.721 [http-nio-8080-exec-6] DEBUG o.s.w.s.m.m.a.RequestResponseBodyMethodProcessor - Writing [PagedModel { content: [EntityModel { content: UsuarioEntity(idUsuario=1, usuario=admin, contraseña=1 (truncated)...]
2026-02-15 20:49:23.725 [http-nio-8080-exec-6] DEBUG o.s.web.servlet.DispatcherServlet - Completed 200 OK
2026-02-15 20:49:23.726 [http-nio-8080-exec-1] DEBUG o.s.web.servlet.DispatcherServlet - GET "/api/usuarios-rest?size=100", parameters={masked}
2026-02-15 20:49:23.733 [http-nio-8080-exec-1] DEBUG o.s.w.s.m.m.a.RequestResponseBodyMethodProcessor - Using 'application/json', given [application/json, text/plain, */*] and supported [application/hal+json, application/json]
2026-02-15 20:49:23.734 [http-nio-8080-exec-1] DEBUG o.s.w.s.m.m.a.RequestResponseBodyMethodProcessor - Writing [PagedModel { content: [EntityModel { content: UsuarioEntity(idUsuario=1, usuario=admin, contraseña=1 (truncated)...]
2026-02-15 20:49:23.739 [http-nio-8080-exec-1] DEBUG o.s.web.servlet.DispatcherServlet - Completed 200 OK
2026-02-15 20:49:27.499 [http-nio-8080-exec-2] DEBUG o.s.web.servlet.DispatcherServlet - OPTIONS "/api/usuarios-rest?page=0&size=5", parameters={masked}
2026-02-15 20:49:27.499 [http-nio-8080-exec-3] DEBUG o.s.web.servlet.DispatcherServlet - OPTIONS "/api/usuarios-rest?page=0&size=5", parameters={masked}
2026-02-15 20:49:27.500 [http-nio-8080-exec-2] DEBUG o.s.web.servlet.DispatcherServlet - Completed 200 OK
2026-02-15 20:49:27.500 [http-nio-8080-exec-3] DEBUG o.s.web.servlet.DispatcherServlet - Completed 200 OK
2026-02-15 20:49:27.502 [http-nio-8080-exec-4] DEBUG o.s.web.servlet.DispatcherServlet - GET "/api/usuarios-rest?page=0&size=5", parameters={masked}
2026-02-15 20:49:27.510 [http-nio-8080-exec-4] DEBUG o.s.w.s.m.m.a.RequestResponseBodyMethodProcessor - Using 'application/json', given [application/json, text/plain, */*] and supported [application/hal+json, application/json]
2026-02-15 20:49:27.511 [http-nio-8080-exec-4] DEBUG o.s.w.s.m.m.a.RequestResponseBodyMethodProcessor - Writing [PagedModel { content: [EntityModel { content: UsuarioEntity(idUsuario=1, usuario=admin, contraseña=1 (truncated)...]
2026-02-15 20:49:27.513 [http-nio-8080-exec-4] DEBUG o.s.web.servlet.DispatcherServlet - Completed 200 OK
2026-02-15 20:49:27.514 [http-nio-8080-exec-5] DEBUG o.s.web.servlet.DispatcherServlet - GET "/api/usuarios-rest?page=0&size=5", parameters={masked}
2026-02-15 20:49:27.522 [http-nio-8080-exec-5] DEBUG o.s.w.s.m.m.a.RequestResponseBodyMethodProcessor - Using 'application/json', given [application/json, text/plain, */*] and supported [application/hal+json, application/json]
2026-02-15 20:49:27.523 [http-nio-8080-exec-5] DEBUG o.s.w.s.m.m.a.RequestResponseBodyMethodProcessor - Writing [PagedModel { content: [EntityModel { content: UsuarioEntity(idUsuario=1, usuario=admin, contraseña=1 (truncated)...]
2026-02-15 20:49:27.524 [http-nio-8080-exec-5] DEBUG o.s.web.servlet.DispatcherServlet - Completed 200 OK
2026-02-15 21:10:15.226 [http-nio-8080-exec-10] DEBUG o.s.web.servlet.DispatcherServlet - GET "/api/auditoria", parameters={}
2026-02-15 21:10:15.283 [http-nio-8080-exec-10] DEBUG o.s.w.s.m.m.a.RequestResponseBodyMethodProcessor - Using 'application/hal+json', given [*/*] and supported [application/hal+json]
2026-02-15 21:10:15.285 [http-nio-8080-exec-10] DEBUG o.s.w.s.m.m.a.RequestResponseBodyMethodProcessor - Writing [PagedModel { content: [EntityModel { content: AuditoriaEntity(idauditoria=1, fechaHora=2026-02-12T13 (truncated)...]
2026-02-15 21:10:15.293 [http-nio-8080-exec-10] DEBUG o.s.web.servlet.DispatcherServlet - Completed 200 OK
2026-02-15 21:10:36.948 [http-nio-8080-exec-6] DEBUG o.s.web.servlet.DispatcherServlet - GET "/api/usuarios-rest", parameters={}
2026-02-15 21:10:36.957 [http-nio-8080-exec-6] DEBUG o.s.w.s.m.m.a.RequestResponseBodyMethodProcessor - Using 'application/hal+json', given [*/*] and supported [application/hal+json]
2026-02-15 21:10:36.958 [http-nio-8080-exec-6] DEBUG o.s.w.s.m.m.a.RequestResponseBodyMethodProcessor - Writing [PagedModel { content: [EntityModel { content: UsuarioEntity(idUsuario=1, usuario=admin, contraseña=1 (truncated)...]
2026-02-15 21:10:36.963 [http-nio-8080-exec-6] DEBUG o.s.web.servlet.DispatcherServlet - Completed 200 OK
2026-02-15 21:10:56.900 [http-nio-8080-exec-1] DEBUG o.s.web.servlet.DispatcherServlet - GET "/api/tareas-rest", parameters={}
2026-02-15 21:10:56.922 [http-nio-8080-exec-1] DEBUG o.s.w.s.m.m.a.RequestResponseBodyMethodProcessor - Using 'application/hal+json', given [*/*] and supported [application/hal+json]
2026-02-15 21:10:56.923 [http-nio-8080-exec-1] DEBUG o.s.w.s.m.m.a.RequestResponseBodyMethodProcessor - Writing [PagedModel { content: [EntityModel { content: TaskEntity(idTarea=1, titulo=Configurar el entorno de  (truncated)...]
2026-02-15 21:10:56.928 [http-nio-8080-exec-1] DEBUG o.s.web.servlet.DispatcherServlet - Completed 200 OK
2026-02-15 21:13:45.975 [http-nio-8080-exec-4] DEBUG o.s.web.servlet.DispatcherServlet - POST "/api/tareas-rest", parameters={}
2026-02-15 21:13:46.001 [http-nio-8080-exec-4] DEBUG o.s.w.s.m.m.a.HttpEntityMethodProcessor - Using 'application/hal+json', given [*/*] and supported [application/hal+json]
2026-02-15 21:13:46.001 [http-nio-8080-exec-4] DEBUG o.s.w.s.m.m.a.HttpEntityMethodProcessor - Writing [EntityModel { content: TaskEntity(idTarea=63, titulo=Estudiar para el examen final, estado=Pendiente (truncated)...]
2026-02-15 21:13:46.002 [http-nio-8080-exec-4] DEBUG o.s.web.servlet.DispatcherServlet - Completed 201 CREATED
2026-02-15 21:17:22.975 [http-nio-8080-exec-7] DEBUG o.s.web.servlet.DispatcherServlet - PUT "/api/tareas-rest/63", parameters={}
2026-02-15 21:17:23.077 [http-nio-8080-exec-7] DEBUG o.s.web.method.HandlerMethod - Could not resolve parameter [1] in public org.springframework.http.ResponseEntity<? extends org.springframework.hateoas.RepresentationModel<?>> org.springframework.data.rest.webmvc.RepositoryEntityController.putItemResource(org.springframework.data.rest.webmvc.RootResourceInformation,org.springframework.data.rest.webmvc.PersistentEntityResource,java.io.Serializable,org.springframework.data.rest.webmvc.PersistentEntityResourceAssembler,org.springframework.data.rest.webmvc.support.ETag,java.lang.String) throws org.springframework.web.HttpRequestMethodNotSupportedException: Could not read an object of type class com.example.ProyectoBackEnd.dao.entity.TaskEntity from the request
2026-02-15 21:17:23.083 [http-nio-8080-exec-7] DEBUG o.s.w.s.m.m.a.ExceptionHandlerExceptionResolver - Using @ExceptionHandler org.springframework.data.rest.webmvc.RepositoryRestExceptionHandler#handleNotReadable(HttpMessageNotReadableException)
2026-02-15 21:17:23.089 [http-nio-8080-exec-7] DEBUG o.s.w.s.m.m.a.HttpEntityMethodProcessor - Using 'application/json', given [*/*] and supported [application/json, application/*+json]
2026-02-15 21:17:23.089 [http-nio-8080-exec-7] DEBUG o.s.w.s.m.m.a.HttpEntityMethodProcessor - Writing [org.springframework.data.rest.webmvc.support.ExceptionMessage@7d2e2bbc]
2026-02-15 21:17:23.091 [http-nio-8080-exec-7] WARN  o.s.w.s.m.m.a.ExceptionHandlerExceptionResolver - Resolved [org.springframework.http.converter.HttpMessageNotReadableException: Could not read an object of type class com.example.ProyectoBackEnd.dao.entity.TaskEntity from the request]
2026-02-15 21:17:23.091 [http-nio-8080-exec-7] DEBUG o.s.web.servlet.DispatcherServlet - Completed 400 BAD_REQUEST
2026-02-15 21:18:38.777 [http-nio-8080-exec-10] DEBUG o.s.web.servlet.DispatcherServlet - PUT "/api/tareas-rest/63", parameters={}
2026-02-15 21:18:38.785 [http-nio-8080-exec-10] DEBUG o.s.web.method.HandlerMethod - Could not resolve parameter [1] in public org.springframework.http.ResponseEntity<? extends org.springframework.hateoas.RepresentationModel<?>> org.springframework.data.rest.webmvc.RepositoryEntityController.putItemResource(org.springframework.data.rest.webmvc.RootResourceInformation,org.springframework.data.rest.webmvc.PersistentEntityResource,java.io.Serializable,org.springframework.data.rest.webmvc.PersistentEntityResourceAssembler,org.springframework.data.rest.webmvc.support.ETag,java.lang.String) throws org.springframework.web.HttpRequestMethodNotSupportedException: Could not read an object of type class com.example.ProyectoBackEnd.dao.entity.TaskEntity from the request
2026-02-15 21:18:38.789 [http-nio-8080-exec-10] DEBUG o.s.w.s.m.m.a.ExceptionHandlerExceptionResolver - Using @ExceptionHandler org.springframework.data.rest.webmvc.RepositoryRestExceptionHandler#handleNotReadable(HttpMessageNotReadableException)
2026-02-15 21:18:38.790 [http-nio-8080-exec-10] DEBUG o.s.w.s.m.m.a.HttpEntityMethodProcessor - Using 'application/json', given [*/*] and supported [application/json, application/*+json]
2026-02-15 21:18:38.790 [http-nio-8080-exec-10] DEBUG o.s.w.s.m.m.a.HttpEntityMethodProcessor - Writing [org.springframework.data.rest.webmvc.support.ExceptionMessage@156b9adc]
2026-02-15 21:18:38.791 [http-nio-8080-exec-10] WARN  o.s.w.s.m.m.a.ExceptionHandlerExceptionResolver - Resolved [org.springframework.http.converter.HttpMessageNotReadableException: Could not read an object of type class com.example.ProyectoBackEnd.dao.entity.TaskEntity from the request]
2026-02-15 21:18:38.791 [http-nio-8080-exec-10] DEBUG o.s.web.servlet.DispatcherServlet - Completed 400 BAD_REQUEST
2026-02-15 21:22:24.619 [http-nio-8080-exec-1] DEBUG o.s.web.servlet.DispatcherServlet - OPTIONS "/api/tareas-rest/search/porUsuario?id=1&page=0&size=5&sort=id,desc", parameters={masked}
2026-02-15 21:22:24.619 [http-nio-8080-exec-6] DEBUG o.s.web.servlet.DispatcherServlet - OPTIONS "/api/tareas-rest/search/porUsuario?id=1&page=0&size=5&sort=id,desc", parameters={masked}
2026-02-15 21:22:24.622 [http-nio-8080-exec-1] DEBUG o.s.web.servlet.DispatcherServlet - Completed 200 OK
2026-02-15 21:22:24.622 [http-nio-8080-exec-6] DEBUG o.s.web.servlet.DispatcherServlet - Completed 200 OK
2026-02-15 21:22:24.625 [http-nio-8080-exec-3] DEBUG o.s.web.servlet.DispatcherServlet - GET "/api/tareas-rest/search/porUsuario?id=1&page=0&size=5&sort=id,desc", parameters={masked}
2026-02-15 21:22:24.647 [http-nio-8080-exec-3] DEBUG o.s.w.s.m.m.a.HttpEntityMethodProcessor - Using 'application/json', given [application/json, text/plain, */*] and supported [application/hal+json, application/json]
2026-02-15 21:22:24.648 [http-nio-8080-exec-3] DEBUG o.s.w.s.m.m.a.HttpEntityMethodProcessor - Writing [PagedModel { content: [EntityModel { content: TaskEntity(idTarea=1, titulo=Configurar el entorno de  (truncated)...]
2026-02-15 21:22:24.650 [http-nio-8080-exec-3] DEBUG o.s.web.servlet.DispatcherServlet - Completed 200 OK
2026-02-15 21:22:24.652 [http-nio-8080-exec-2] DEBUG o.s.web.servlet.DispatcherServlet - GET "/api/tareas-rest/search/porUsuario?id=1&page=0&size=5&sort=id,desc", parameters={masked}
2026-02-15 21:22:24.665 [http-nio-8080-exec-2] DEBUG o.s.w.s.m.m.a.HttpEntityMethodProcessor - Using 'application/json', given [application/json, text/plain, */*] and supported [application/hal+json, application/json]
2026-02-15 21:22:24.665 [http-nio-8080-exec-2] DEBUG o.s.w.s.m.m.a.HttpEntityMethodProcessor - Writing [PagedModel { content: [EntityModel { content: TaskEntity(idTarea=1, titulo=Configurar el entorno de  (truncated)...]
2026-02-15 21:22:24.668 [http-nio-8080-exec-2] DEBUG o.s.web.servlet.DispatcherServlet - Completed 200 OK
2026-02-15 21:22:26.699 [http-nio-8080-exec-4] DEBUG o.s.web.servlet.DispatcherServlet - OPTIONS "/api/tareas-rest/search/porUsuario?id=1&page=2&size=5&sort=id,desc", parameters={masked}
2026-02-15 21:22:26.700 [http-nio-8080-exec-4] DEBUG o.s.web.servlet.DispatcherServlet - Completed 200 OK
2026-02-15 21:22:26.702 [http-nio-8080-exec-5] DEBUG o.s.web.servlet.DispatcherServlet - GET "/api/tareas-rest/search/porUsuario?id=1&page=2&size=5&sort=id,desc", parameters={masked}
2026-02-15 21:22:26.713 [http-nio-8080-exec-5] DEBUG o.s.w.s.m.m.a.HttpEntityMethodProcessor - Using 'application/json', given [application/json, text/plain, */*] and supported [application/hal+json, application/json]
2026-02-15 21:22:26.714 [http-nio-8080-exec-5] DEBUG o.s.w.s.m.m.a.HttpEntityMethodProcessor - Writing [PagedModel { content: [EntityModel { content: TaskEntity(idTarea=48, titulo=Validacion de LOGGS en p (truncated)...]
2026-02-15 21:22:26.715 [http-nio-8080-exec-5] DEBUG o.s.web.servlet.DispatcherServlet - Completed 200 OK
2026-02-15 21:22:32.772 [http-nio-8080-exec-8] DEBUG o.s.web.servlet.DispatcherServlet - OPTIONS "/api/tareas-rest/55", parameters={}
2026-02-15 21:22:32.774 [http-nio-8080-exec-8] DEBUG o.s.web.servlet.DispatcherServlet - Completed 200 OK
2026-02-15 21:22:32.775 [http-nio-8080-exec-7] DEBUG o.s.web.servlet.DispatcherServlet - PATCH "/api/tareas-rest/55", parameters={}
2026-02-15 21:22:32.822 [http-nio-8080-exec-7] DEBUG o.s.w.s.m.m.a.HttpEntityMethodProcessor - Using 'application/json', given [application/json, text/plain, */*] and supported [application/hal+json, application/json]
2026-02-15 21:22:32.822 [http-nio-8080-exec-7] DEBUG o.s.w.s.m.m.a.HttpEntityMethodProcessor - Writing [EntityModel { content: TaskEntity(idTarea=55, titulo=Prueba 4, estado=Cancelado, fechaCreacion=2026- (truncated)...]
2026-02-15 21:22:32.823 [http-nio-8080-exec-7] DEBUG o.s.web.servlet.DispatcherServlet - Completed 200 OK
2026-02-15 21:22:32.826 [http-nio-8080-exec-9] DEBUG o.s.web.servlet.DispatcherServlet - GET "/api/tareas-rest/search/porUsuario?id=1&page=2&size=5&sort=id,desc", parameters={masked}
2026-02-15 21:22:32.836 [http-nio-8080-exec-9] DEBUG o.s.w.s.m.m.a.HttpEntityMethodProcessor - Using 'application/json', given [application/json, text/plain, */*] and supported [application/hal+json, application/json]
2026-02-15 21:22:32.836 [http-nio-8080-exec-9] DEBUG o.s.w.s.m.m.a.HttpEntityMethodProcessor - Writing [PagedModel { content: [EntityModel { content: TaskEntity(idTarea=48, titulo=Validacion de LOGGS en p (truncated)...]
2026-02-15 21:22:32.838 [http-nio-8080-exec-9] DEBUG o.s.web.servlet.DispatcherServlet - Completed 200 OK
2026-02-15 21:24:15.121 [http-nio-8080-exec-3] DEBUG o.s.web.servlet.DispatcherServlet - PUT "/api/tareas-rest/63", parameters={}
2026-02-15 21:24:15.131 [http-nio-8080-exec-3] DEBUG o.s.web.method.HandlerMethod - Could not resolve parameter [1] in public org.springframework.http.ResponseEntity<? extends org.springframework.hateoas.RepresentationModel<?>> org.springframework.data.rest.webmvc.RepositoryEntityController.putItemResource(org.springframework.data.rest.webmvc.RootResourceInformation,org.springframework.data.rest.webmvc.PersistentEntityResource,java.io.Serializable,org.springframework.data.rest.webmvc.PersistentEntityResourceAssembler,org.springframework.data.rest.webmvc.support.ETag,java.lang.String) throws org.springframework.web.HttpRequestMethodNotSupportedException: Could not read an object of type class com.example.ProyectoBackEnd.dao.entity.TaskEntity from the request
2026-02-15 21:24:15.131 [http-nio-8080-exec-3] DEBUG o.s.w.s.m.m.a.ExceptionHandlerExceptionResolver - Using @ExceptionHandler org.springframework.data.rest.webmvc.RepositoryRestExceptionHandler#handleNotReadable(HttpMessageNotReadableException)
2026-02-15 21:24:15.131 [http-nio-8080-exec-3] DEBUG o.s.w.s.m.m.a.HttpEntityMethodProcessor - Using 'application/json', given [*/*] and supported [application/json, application/*+json]
2026-02-15 21:24:15.131 [http-nio-8080-exec-3] DEBUG o.s.w.s.m.m.a.HttpEntityMethodProcessor - Writing [org.springframework.data.rest.webmvc.support.ExceptionMessage@74dc5d69]
2026-02-15 21:24:15.132 [http-nio-8080-exec-3] WARN  o.s.w.s.m.m.a.ExceptionHandlerExceptionResolver - Resolved [org.springframework.http.converter.HttpMessageNotReadableException: Could not read an object of type class com.example.ProyectoBackEnd.dao.entity.TaskEntity from the request]
2026-02-15 21:24:15.132 [http-nio-8080-exec-3] DEBUG o.s.web.servlet.DispatcherServlet - Completed 400 BAD_REQUEST
2026-02-15 21:25:46.531 [http-nio-8080-exec-4] DEBUG o.s.web.servlet.DispatcherServlet - PUT "/api/tareas-rest/63", parameters={}
2026-02-15 21:25:46.539 [http-nio-8080-exec-4] DEBUG o.s.web.method.HandlerMethod - Could not resolve parameter [1] in public org.springframework.http.ResponseEntity<? extends org.springframework.hateoas.RepresentationModel<?>> org.springframework.data.rest.webmvc.RepositoryEntityController.putItemResource(org.springframework.data.rest.webmvc.RootResourceInformation,org.springframework.data.rest.webmvc.PersistentEntityResource,java.io.Serializable,org.springframework.data.rest.webmvc.PersistentEntityResourceAssembler,org.springframework.data.rest.webmvc.support.ETag,java.lang.String) throws org.springframework.web.HttpRequestMethodNotSupportedException: Could not read an object of type class com.example.ProyectoBackEnd.dao.entity.TaskEntity from the request
2026-02-15 21:25:46.539 [http-nio-8080-exec-4] DEBUG o.s.w.s.m.m.a.ExceptionHandlerExceptionResolver - Using @ExceptionHandler org.springframework.data.rest.webmvc.RepositoryRestExceptionHandler#handleNotReadable(HttpMessageNotReadableException)
2026-02-15 21:25:46.540 [http-nio-8080-exec-4] DEBUG o.s.w.s.m.m.a.HttpEntityMethodProcessor - Using 'application/json', given [*/*] and supported [application/json, application/*+json]
2026-02-15 21:25:46.540 [http-nio-8080-exec-4] DEBUG o.s.w.s.m.m.a.HttpEntityMethodProcessor - Writing [org.springframework.data.rest.webmvc.support.ExceptionMessage@38d8506e]
2026-02-15 21:25:46.540 [http-nio-8080-exec-4] WARN  o.s.w.s.m.m.a.ExceptionHandlerExceptionResolver - Resolved [org.springframework.http.converter.HttpMessageNotReadableException: Could not read an object of type class com.example.ProyectoBackEnd.dao.entity.TaskEntity from the request]
2026-02-15 21:25:46.541 [http-nio-8080-exec-4] DEBUG o.s.web.servlet.DispatcherServlet - Completed 400 BAD_REQUEST
2026-02-15 21:31:41.394 [http-nio-8080-exec-8] DEBUG o.s.web.servlet.DispatcherServlet - DELETE "/api/tareas-rest/59", parameters={}
2026-02-15 21:31:41.410 [http-nio-8080-exec-8] DEBUG o.s.w.s.m.m.a.HttpEntityMethodProcessor - Using 'application/hal+json', given [*/*] and supported [application/hal+json]
2026-02-15 21:31:41.410 [http-nio-8080-exec-8] DEBUG o.s.w.s.m.m.a.HttpEntityMethodProcessor - Writing [EntityModel { content: TaskEntity(idTarea=59, titulo=Validando Colores, estado=Completada, fechaCrea (truncated)...]
2026-02-15 21:31:41.412 [http-nio-8080-exec-8] DEBUG o.s.web.servlet.DispatcherServlet - Completed 200 OK
2026-02-15 21:34:21.375 [http-nio-8080-exec-9] DEBUG o.s.web.servlet.DispatcherServlet - PUT "/api/tareas-rest/55", parameters={}
2026-02-15 21:34:21.384 [http-nio-8080-exec-9] DEBUG o.s.web.method.HandlerMethod - Could not resolve parameter [1] in public org.springframework.http.ResponseEntity<? extends org.springframework.hateoas.RepresentationModel<?>> org.springframework.data.rest.webmvc.RepositoryEntityController.putItemResource(org.springframework.data.rest.webmvc.RootResourceInformation,org.springframework.data.rest.webmvc.PersistentEntityResource,java.io.Serializable,org.springframework.data.rest.webmvc.PersistentEntityResourceAssembler,org.springframework.data.rest.webmvc.support.ETag,java.lang.String) throws org.springframework.web.HttpRequestMethodNotSupportedException: Could not read an object of type class com.example.ProyectoBackEnd.dao.entity.TaskEntity from the request
2026-02-15 21:34:21.384 [http-nio-8080-exec-9] DEBUG o.s.w.s.m.m.a.ExceptionHandlerExceptionResolver - Using @ExceptionHandler org.springframework.data.rest.webmvc.RepositoryRestExceptionHandler#handleNotReadable(HttpMessageNotReadableException)
2026-02-15 21:34:21.384 [http-nio-8080-exec-9] DEBUG o.s.w.s.m.m.a.HttpEntityMethodProcessor - Using 'application/json', given [*/*] and supported [application/json, application/*+json]
2026-02-15 21:34:21.384 [http-nio-8080-exec-9] DEBUG o.s.w.s.m.m.a.HttpEntityMethodProcessor - Writing [org.springframework.data.rest.webmvc.support.ExceptionMessage@198a4b16]
2026-02-15 21:34:21.385 [http-nio-8080-exec-9] WARN  o.s.w.s.m.m.a.ExceptionHandlerExceptionResolver - Resolved [org.springframework.http.converter.HttpMessageNotReadableException: Could not read an object of type class com.example.ProyectoBackEnd.dao.entity.TaskEntity from the request]
2026-02-15 21:34:21.385 [http-nio-8080-exec-9] DEBUG o.s.web.servlet.DispatcherServlet - Completed 400 BAD_REQUEST
2026-02-15 21:34:28.403 [http-nio-8080-exec-1] DEBUG o.s.web.servlet.DispatcherServlet - PUT "/api/tareas-rest/55", parameters={}
2026-02-15 21:34:28.412 [http-nio-8080-exec-1] DEBUG o.s.web.method.HandlerMethod - Could not resolve parameter [1] in public org.springframework.http.ResponseEntity<? extends org.springframework.hateoas.RepresentationModel<?>> org.springframework.data.rest.webmvc.RepositoryEntityController.putItemResource(org.springframework.data.rest.webmvc.RootResourceInformation,org.springframework.data.rest.webmvc.PersistentEntityResource,java.io.Serializable,org.springframework.data.rest.webmvc.PersistentEntityResourceAssembler,org.springframework.data.rest.webmvc.support.ETag,java.lang.String) throws org.springframework.web.HttpRequestMethodNotSupportedException: Could not read an object of type class com.example.ProyectoBackEnd.dao.entity.TaskEntity from the request
2026-02-15 21:34:28.412 [http-nio-8080-exec-1] DEBUG o.s.w.s.m.m.a.ExceptionHandlerExceptionResolver - Using @ExceptionHandler org.springframework.data.rest.webmvc.RepositoryRestExceptionHandler#handleNotReadable(HttpMessageNotReadableException)
2026-02-15 21:34:28.412 [http-nio-8080-exec-1] DEBUG o.s.w.s.m.m.a.HttpEntityMethodProcessor - Using 'application/json', given [*/*] and supported [application/json, application/*+json]
2026-02-15 21:34:28.412 [http-nio-8080-exec-1] DEBUG o.s.w.s.m.m.a.HttpEntityMethodProcessor - Writing [org.springframework.data.rest.webmvc.support.ExceptionMessage@6972616a]
2026-02-15 21:34:28.413 [http-nio-8080-exec-1] WARN  o.s.w.s.m.m.a.ExceptionHandlerExceptionResolver - Resolved [org.springframework.http.converter.HttpMessageNotReadableException: Could not read an object of type class com.example.ProyectoBackEnd.dao.entity.TaskEntity from the request]
2026-02-15 21:34:28.413 [http-nio-8080-exec-1] DEBUG o.s.web.servlet.DispatcherServlet - Completed 400 BAD_REQUEST
2026-02-15 21:36:17.036 [restartedMain] INFO  c.e.P.ProyectoBackEndApplication - Starting ProyectoBackEndApplication using Java 17.0.17 with PID 31072 (C:\Users\leofr\OneDrive\Escritorio\ESPECIALIZACION EN JAVA(CIBERTEC) Y OTRAS\JAVA BACK END\PROYECTO FINAL\ProyectoBackEnd (1)\ProyectoBackEnd\target\classes started by leofr in C:\Users\leofr\OneDrive\Escritorio\ESPECIALIZACION EN JAVA(CIBERTEC) Y OTRAS\JAVA BACK END\PROYECTO FINAL\ProyectoBackEnd (1)\ProyectoBackEnd)
2026-02-15 21:36:17.039 [restartedMain] DEBUG c.e.P.ProyectoBackEndApplication - Running with Spring Boot v3.5.10, Spring v6.2.15
2026-02-15 21:36:17.040 [restartedMain] INFO  c.e.P.ProyectoBackEndApplication - No active profile set, falling back to 1 default profile: "default"
2026-02-15 21:36:17.088 [restartedMain] INFO  o.s.b.d.e.DevToolsPropertyDefaultsPostProcessor - Devtools property defaults active! Set 'spring.devtools.add-properties' to 'false' to disable
2026-02-15 21:36:17.089 [restartedMain] INFO  o.s.b.d.e.DevToolsPropertyDefaultsPostProcessor - For additional web related logging consider setting the 'logging.level.web' property to 'DEBUG'
2026-02-15 21:36:17.787 [restartedMain] INFO  o.s.d.r.c.RepositoryConfigurationDelegate - Bootstrapping Spring Data JPA repositories in DEFAULT mode.
2026-02-15 21:36:17.865 [restartedMain] INFO  o.s.d.r.c.RepositoryConfigurationDelegate - Finished Spring Data repository scanning in 67 ms. Found 3 JPA repository interfaces.
2026-02-15 21:36:18.692 [restartedMain] INFO  o.s.b.w.e.tomcat.TomcatWebServer - Tomcat initialized with port 8080 (http)
2026-02-15 21:36:18.705 [restartedMain] INFO  o.a.coyote.http11.Http11NioProtocol - Initializing ProtocolHandler ["http-nio-8080"]
2026-02-15 21:36:18.709 [restartedMain] INFO  o.a.catalina.core.StandardService - Starting service [Tomcat]
2026-02-15 21:36:18.709 [restartedMain] INFO  o.a.catalina.core.StandardEngine - Starting Servlet engine: [Apache Tomcat/10.1.50]
2026-02-15 21:36:18.764 [restartedMain] INFO  o.a.c.c.C.[Tomcat].[localhost].[/] - Initializing Spring embedded WebApplicationContext
2026-02-15 21:36:18.765 [restartedMain] INFO  o.s.b.w.s.c.ServletWebServerApplicationContext - Root WebApplicationContext: initialization completed in 1675 ms
2026-02-15 21:36:18.988 [restartedMain] INFO  o.h.jpa.internal.util.LogHelper - HHH000204: Processing PersistenceUnitInfo [name: default]
2026-02-15 21:36:19.063 [restartedMain] INFO  org.hibernate.Version - HHH000412: Hibernate ORM core version 6.6.41.Final
2026-02-15 21:36:19.132 [restartedMain] INFO  o.h.c.i.RegionFactoryInitiator - HHH000026: Second-level cache disabled
2026-02-15 21:36:19.513 [restartedMain] INFO  o.s.o.j.p.SpringPersistenceUnitInfo - No LoadTimeWeaver setup: ignoring JPA class transformer
2026-02-15 21:36:19.559 [restartedMain] INFO  com.zaxxer.hikari.HikariDataSource - HikariPool-1 - Starting...
2026-02-15 21:36:19.756 [restartedMain] INFO  com.zaxxer.hikari.pool.HikariPool - HikariPool-1 - Added connection com.mysql.cj.jdbc.ConnectionImpl@79a57750
2026-02-15 21:36:19.757 [restartedMain] INFO  com.zaxxer.hikari.HikariDataSource - HikariPool-1 - Start completed.
2026-02-15 21:36:19.828 [restartedMain] WARN  org.hibernate.orm.deprecation - HHH90000025: MySQLDialect does not need to be specified explicitly using 'hibernate.dialect' (remove the property setting and it will be selected by default)
2026-02-15 21:36:19.859 [restartedMain] INFO  o.hibernate.orm.connections.pooling - HHH10001005: Database info:
	Database JDBC URL [Connecting through datasource 'HikariDataSource (HikariPool-1)']
	Database driver: undefined/unknown
	Database version: 8.0.32
	Autocommit mode: undefined/unknown
	Isolation level: undefined/unknown
	Minimum pool size: undefined/unknown
	Maximum pool size: undefined/unknown
2026-02-15 21:36:20.834 [restartedMain] INFO  o.h.e.t.j.p.i.JtaPlatformInitiator - HHH000489: No JTA platform available (set 'hibernate.transaction.jta.platform' to enable JTA platform integration)
2026-02-15 21:36:20.954 [restartedMain] INFO  o.s.o.j.LocalContainerEntityManagerFactoryBean - Initialized JPA EntityManagerFactory for persistence unit 'default'
2026-02-15 21:36:21.455 [restartedMain] INFO  o.s.d.j.r.query.QueryEnhancerFactory - Hibernate is in classpath; If applicable, HQL parser will be used.
2026-02-15 21:36:22.257 [restartedMain] WARN  o.s.b.a.o.j.JpaBaseConfiguration$JpaWebConfiguration - spring.jpa.open-in-view is enabled by default. Therefore, database queries may be performed during view rendering. Explicitly configure spring.jpa.open-in-view to disable this warning
2026-02-15 21:36:22.641 [restartedMain] DEBUG o.s.w.s.m.m.a.RequestMappingHandlerMapping - 16 mappings in 'requestMappingHandlerMapping'
2026-02-15 21:36:22.808 [restartedMain] DEBUG o.s.w.s.h.SimpleUrlHandlerMapping - Patterns [/webjars/**, /**] in 'resourceHandlerMapping'
2026-02-15 21:36:22.854 [restartedMain] DEBUG o.s.w.s.m.m.a.RequestMappingHandlerAdapter - ControllerAdvice beans: 0 @ModelAttribute, 0 @InitBinder, 1 RequestBodyAdvice, 1 ResponseBodyAdvice
2026-02-15 21:36:22.916 [restartedMain] WARN  o.s.b.a.t.ThymeleafAutoConfiguration$DefaultTemplateResolverConfiguration - Cannot find template location: classpath:/templates/ (please add some templates, check your Thymeleaf configuration, or set spring.thymeleaf.check-template-location=false)
2026-02-15 21:36:22.958 [restartedMain] DEBUG o.s.w.s.m.m.a.ExceptionHandlerExceptionResolver - ControllerAdvice beans: 1 @ExceptionHandler, 1 ResponseBodyAdvice
2026-02-15 21:36:23.007 [restartedMain] DEBUG o.s.w.s.m.m.a.ExceptionHandlerExceptionResolver - ControllerAdvice beans: 1 @ExceptionHandler, 0 ResponseBodyAdvice
2026-02-15 21:36:23.314 [restartedMain] INFO  o.s.b.d.a.OptionalLiveReloadServer - LiveReload server is running on port 35729
2026-02-15 21:36:23.331 [restartedMain] INFO  o.a.coyote.http11.Http11NioProtocol - Starting ProtocolHandler ["http-nio-8080"]
2026-02-15 21:36:23.363 [restartedMain] INFO  o.s.b.w.e.tomcat.TomcatWebServer - Tomcat started on port 8080 (http) with context path '/'
2026-02-15 21:36:23.372 [restartedMain] INFO  c.e.P.ProyectoBackEndApplication - Started ProyectoBackEndApplication in 6.718 seconds (process running for 7.255)
2026-02-15 21:37:28.470 [http-nio-8080-exec-2] INFO  o.a.c.c.C.[Tomcat].[localhost].[/] - Initializing Spring DispatcherServlet 'dispatcherServlet'
2026-02-15 21:37:28.470 [http-nio-8080-exec-2] INFO  o.s.web.servlet.DispatcherServlet - Initializing Servlet 'dispatcherServlet'
2026-02-15 21:37:28.470 [http-nio-8080-exec-2] DEBUG o.s.web.servlet.DispatcherServlet - Detected StandardServletMultipartResolver
2026-02-15 21:37:28.470 [http-nio-8080-exec-2] DEBUG o.s.web.servlet.DispatcherServlet - Detected AcceptHeaderLocaleResolver
2026-02-15 21:37:28.470 [http-nio-8080-exec-2] DEBUG o.s.web.servlet.DispatcherServlet - Detected FixedThemeResolver
2026-02-15 21:37:28.471 [http-nio-8080-exec-2] DEBUG o.s.web.servlet.DispatcherServlet - Detected org.springframework.web.servlet.view.DefaultRequestToViewNameTranslator@6ee28d1a
2026-02-15 21:37:28.472 [http-nio-8080-exec-2] DEBUG o.s.web.servlet.DispatcherServlet - Detected org.springframework.web.servlet.support.SessionFlashMapManager@10cb0a78
2026-02-15 21:37:28.472 [http-nio-8080-exec-2] DEBUG o.s.web.servlet.DispatcherServlet - enableLoggingRequestDetails='false': request parameters and headers will be masked to prevent unsafe logging of potentially sensitive data
2026-02-15 21:37:28.472 [http-nio-8080-exec-2] INFO  o.s.web.servlet.DispatcherServlet - Completed initialization in 2 ms
2026-02-15 21:37:28.483 [http-nio-8080-exec-2] DEBUG o.s.web.servlet.DispatcherServlet - PUT "/api/tareas-rest/63", parameters={}
2026-02-15 21:37:28.819 [http-nio-8080-exec-2] DEBUG o.s.web.method.HandlerMethod - Could not resolve parameter [1] in public org.springframework.http.ResponseEntity<? extends org.springframework.hateoas.RepresentationModel<?>> org.springframework.data.rest.webmvc.RepositoryEntityController.putItemResource(org.springframework.data.rest.webmvc.RootResourceInformation,org.springframework.data.rest.webmvc.PersistentEntityResource,java.io.Serializable,org.springframework.data.rest.webmvc.PersistentEntityResourceAssembler,org.springframework.data.rest.webmvc.support.ETag,java.lang.String) throws org.springframework.web.HttpRequestMethodNotSupportedException: Could not read an object of type class com.example.ProyectoBackEnd.dao.entity.TaskEntity from the request
2026-02-15 21:37:28.822 [http-nio-8080-exec-2] DEBUG o.s.w.s.m.m.a.ExceptionHandlerExceptionResolver - Using @ExceptionHandler org.springframework.data.rest.webmvc.RepositoryRestExceptionHandler#handleNotReadable(HttpMessageNotReadableException)
2026-02-15 21:37:28.841 [http-nio-8080-exec-2] DEBUG o.s.w.s.m.m.a.HttpEntityMethodProcessor - Using 'application/json', given [*/*] and supported [application/json, application/*+json]
2026-02-15 21:37:28.843 [http-nio-8080-exec-2] DEBUG o.s.w.s.m.m.a.HttpEntityMethodProcessor - Writing [org.springframework.data.rest.webmvc.support.ExceptionMessage@77902dac]
2026-02-15 21:37:28.857 [http-nio-8080-exec-2] WARN  o.s.w.s.m.m.a.ExceptionHandlerExceptionResolver - Resolved [org.springframework.http.converter.HttpMessageNotReadableException: Could not read an object of type class com.example.ProyectoBackEnd.dao.entity.TaskEntity from the request]
2026-02-15 21:37:28.858 [http-nio-8080-exec-2] DEBUG o.s.web.servlet.DispatcherServlet - Completed 400 BAD_REQUEST
2026-02-15 21:38:19.259 [http-nio-8080-exec-5] DEBUG o.s.web.servlet.DispatcherServlet - PUT "/api/tareas-rest/63", parameters={}
2026-02-15 21:38:19.270 [http-nio-8080-exec-5] DEBUG o.s.web.method.HandlerMethod - Could not resolve parameter [1] in public org.springframework.http.ResponseEntity<? extends org.springframework.hateoas.RepresentationModel<?>> org.springframework.data.rest.webmvc.RepositoryEntityController.putItemResource(org.springframework.data.rest.webmvc.RootResourceInformation,org.springframework.data.rest.webmvc.PersistentEntityResource,java.io.Serializable,org.springframework.data.rest.webmvc.PersistentEntityResourceAssembler,org.springframework.data.rest.webmvc.support.ETag,java.lang.String) throws org.springframework.web.HttpRequestMethodNotSupportedException: Could not read an object of type class com.example.ProyectoBackEnd.dao.entity.TaskEntity from the request
2026-02-15 21:38:19.271 [http-nio-8080-exec-5] DEBUG o.s.w.s.m.m.a.ExceptionHandlerExceptionResolver - Using @ExceptionHandler org.springframework.data.rest.webmvc.RepositoryRestExceptionHandler#handleNotReadable(HttpMessageNotReadableException)
2026-02-15 21:38:19.271 [http-nio-8080-exec-5] DEBUG o.s.w.s.m.m.a.HttpEntityMethodProcessor - Using 'application/json', given [*/*] and supported [application/json, application/*+json]
2026-02-15 21:38:19.271 [http-nio-8080-exec-5] DEBUG o.s.w.s.m.m.a.HttpEntityMethodProcessor - Writing [org.springframework.data.rest.webmvc.support.ExceptionMessage@424d8e32]
2026-02-15 21:38:19.272 [http-nio-8080-exec-5] WARN  o.s.w.s.m.m.a.ExceptionHandlerExceptionResolver - Resolved [org.springframework.http.converter.HttpMessageNotReadableException: Could not read an object of type class com.example.ProyectoBackEnd.dao.entity.TaskEntity from the request]
2026-02-15 21:38:19.272 [http-nio-8080-exec-5] DEBUG o.s.web.servlet.DispatcherServlet - Completed 400 BAD_REQUEST
2026-02-15 21:39:44.552 [http-nio-8080-exec-6] DEBUG o.s.web.servlet.DispatcherServlet - PUT "/api/tareas-rest/63", parameters={}
2026-02-15 21:39:44.561 [http-nio-8080-exec-6] DEBUG o.s.web.method.HandlerMethod - Could not resolve parameter [1] in public org.springframework.http.ResponseEntity<? extends org.springframework.hateoas.RepresentationModel<?>> org.springframework.data.rest.webmvc.RepositoryEntityController.putItemResource(org.springframework.data.rest.webmvc.RootResourceInformation,org.springframework.data.rest.webmvc.PersistentEntityResource,java.io.Serializable,org.springframework.data.rest.webmvc.PersistentEntityResourceAssembler,org.springframework.data.rest.webmvc.support.ETag,java.lang.String) throws org.springframework.web.HttpRequestMethodNotSupportedException: Could not read an object of type class com.example.ProyectoBackEnd.dao.entity.TaskEntity from the request
2026-02-15 21:39:44.562 [http-nio-8080-exec-6] DEBUG o.s.w.s.m.m.a.ExceptionHandlerExceptionResolver - Using @ExceptionHandler org.springframework.data.rest.webmvc.RepositoryRestExceptionHandler#handleNotReadable(HttpMessageNotReadableException)
2026-02-15 21:39:44.562 [http-nio-8080-exec-6] DEBUG o.s.w.s.m.m.a.HttpEntityMethodProcessor - Using 'application/json', given [*/*] and supported [application/json, application/*+json]
2026-02-15 21:39:44.562 [http-nio-8080-exec-6] DEBUG o.s.w.s.m.m.a.HttpEntityMethodProcessor - Writing [org.springframework.data.rest.webmvc.support.ExceptionMessage@18e5b236]
2026-02-15 21:39:44.563 [http-nio-8080-exec-6] WARN  o.s.w.s.m.m.a.ExceptionHandlerExceptionResolver - Resolved [org.springframework.http.converter.HttpMessageNotReadableException: Could not read an object of type class com.example.ProyectoBackEnd.dao.entity.TaskEntity from the request]
2026-02-15 21:39:44.563 [http-nio-8080-exec-6] DEBUG o.s.web.servlet.DispatcherServlet - Completed 400 BAD_REQUEST
2026-02-15 21:41:18.470 [http-nio-8080-exec-8] DEBUG o.s.web.servlet.DispatcherServlet - PUT "/api/tareas-rest/63", parameters={}
2026-02-15 21:41:18.485 [http-nio-8080-exec-8] DEBUG o.s.web.method.HandlerMethod - Could not resolve parameter [1] in public org.springframework.http.ResponseEntity<? extends org.springframework.hateoas.RepresentationModel<?>> org.springframework.data.rest.webmvc.RepositoryEntityController.putItemResource(org.springframework.data.rest.webmvc.RootResourceInformation,org.springframework.data.rest.webmvc.PersistentEntityResource,java.io.Serializable,org.springframework.data.rest.webmvc.PersistentEntityResourceAssembler,org.springframework.data.rest.webmvc.support.ETag,java.lang.String) throws org.springframework.web.HttpRequestMethodNotSupportedException: Could not read an object of type class com.example.ProyectoBackEnd.dao.entity.TaskEntity from the request
2026-02-15 21:41:18.485 [http-nio-8080-exec-8] DEBUG o.s.w.s.m.m.a.ExceptionHandlerExceptionResolver - Using @ExceptionHandler org.springframework.data.rest.webmvc.RepositoryRestExceptionHandler#handleNotReadable(HttpMessageNotReadableException)
2026-02-15 21:41:18.486 [http-nio-8080-exec-8] DEBUG o.s.w.s.m.m.a.HttpEntityMethodProcessor - Using 'application/json', given [*/*] and supported [application/json, application/*+json]
2026-02-15 21:41:18.486 [http-nio-8080-exec-8] DEBUG o.s.w.s.m.m.a.HttpEntityMethodProcessor - Writing [org.springframework.data.rest.webmvc.support.ExceptionMessage@46f73d26]
2026-02-15 21:41:18.486 [http-nio-8080-exec-8] WARN  o.s.w.s.m.m.a.ExceptionHandlerExceptionResolver - Resolved [org.springframework.http.converter.HttpMessageNotReadableException: Could not read an object of type class com.example.ProyectoBackEnd.dao.entity.TaskEntity from the request]
2026-02-15 21:41:18.487 [http-nio-8080-exec-8] DEBUG o.s.web.servlet.DispatcherServlet - Completed 400 BAD_REQUEST
2026-02-15 21:42:08.732 [restartedMain] INFO  c.e.P.ProyectoBackEndApplication - Starting ProyectoBackEndApplication using Java 17.0.17 with PID 27152 (C:\Users\leofr\OneDrive\Escritorio\ESPECIALIZACION EN JAVA(CIBERTEC) Y OTRAS\JAVA BACK END\PROYECTO FINAL\ProyectoBackEnd (1)\ProyectoBackEnd\target\classes started by leofr in C:\Users\leofr\OneDrive\Escritorio\ESPECIALIZACION EN JAVA(CIBERTEC) Y OTRAS\JAVA BACK END\PROYECTO FINAL\ProyectoBackEnd (1)\ProyectoBackEnd)
2026-02-15 21:42:08.736 [restartedMain] DEBUG c.e.P.ProyectoBackEndApplication - Running with Spring Boot v3.5.10, Spring v6.2.15
2026-02-15 21:42:08.737 [restartedMain] INFO  c.e.P.ProyectoBackEndApplication - No active profile set, falling back to 1 default profile: "default"
2026-02-15 21:42:08.800 [restartedMain] INFO  o.s.b.d.e.DevToolsPropertyDefaultsPostProcessor - Devtools property defaults active! Set 'spring.devtools.add-properties' to 'false' to disable
2026-02-15 21:42:08.801 [restartedMain] INFO  o.s.b.d.e.DevToolsPropertyDefaultsPostProcessor - For additional web related logging consider setting the 'logging.level.web' property to 'DEBUG'
2026-02-15 21:42:09.548 [restartedMain] INFO  o.s.d.r.c.RepositoryConfigurationDelegate - Bootstrapping Spring Data JPA repositories in DEFAULT mode.
2026-02-15 21:42:09.623 [restartedMain] INFO  o.s.d.r.c.RepositoryConfigurationDelegate - Finished Spring Data repository scanning in 64 ms. Found 3 JPA repository interfaces.
2026-02-15 21:42:10.409 [restartedMain] INFO  o.s.b.w.e.tomcat.TomcatWebServer - Tomcat initialized with port 8080 (http)
2026-02-15 21:42:10.422 [restartedMain] INFO  o.a.coyote.http11.Http11NioProtocol - Initializing ProtocolHandler ["http-nio-8080"]
2026-02-15 21:42:10.424 [restartedMain] INFO  o.a.catalina.core.StandardService - Starting service [Tomcat]
2026-02-15 21:42:10.424 [restartedMain] INFO  o.a.catalina.core.StandardEngine - Starting Servlet engine: [Apache Tomcat/10.1.50]
2026-02-15 21:42:10.477 [restartedMain] INFO  o.a.c.c.C.[Tomcat].[localhost].[/] - Initializing Spring embedded WebApplicationContext
2026-02-15 21:42:10.478 [restartedMain] INFO  o.s.b.w.s.c.ServletWebServerApplicationContext - Root WebApplicationContext: initialization completed in 1676 ms
2026-02-15 21:42:10.692 [restartedMain] INFO  o.h.jpa.internal.util.LogHelper - HHH000204: Processing PersistenceUnitInfo [name: default]
2026-02-15 21:42:10.746 [restartedMain] INFO  org.hibernate.Version - HHH000412: Hibernate ORM core version 6.6.41.Final
2026-02-15 21:42:10.798 [restartedMain] INFO  o.h.c.i.RegionFactoryInitiator - HHH000026: Second-level cache disabled
2026-02-15 21:42:11.183 [restartedMain] INFO  o.s.o.j.p.SpringPersistenceUnitInfo - No LoadTimeWeaver setup: ignoring JPA class transformer
2026-02-15 21:42:11.226 [restartedMain] INFO  com.zaxxer.hikari.HikariDataSource - HikariPool-1 - Starting...
2026-02-15 21:42:11.413 [restartedMain] INFO  com.zaxxer.hikari.pool.HikariPool - HikariPool-1 - Added connection com.mysql.cj.jdbc.ConnectionImpl@69fa944c
2026-02-15 21:42:11.415 [restartedMain] INFO  com.zaxxer.hikari.HikariDataSource - HikariPool-1 - Start completed.
2026-02-15 21:42:11.470 [restartedMain] WARN  org.hibernate.orm.deprecation - HHH90000025: MySQLDialect does not need to be specified explicitly using 'hibernate.dialect' (remove the property setting and it will be selected by default)
2026-02-15 21:42:11.493 [restartedMain] INFO  o.hibernate.orm.connections.pooling - HHH10001005: Database info:
	Database JDBC URL [Connecting through datasource 'HikariDataSource (HikariPool-1)']
	Database driver: undefined/unknown
	Database version: 8.0.32
	Autocommit mode: undefined/unknown
	Isolation level: undefined/unknown
	Minimum pool size: undefined/unknown
	Maximum pool size: undefined/unknown
2026-02-15 21:42:12.422 [restartedMain] INFO  o.h.e.t.j.p.i.JtaPlatformInitiator - HHH000489: No JTA platform available (set 'hibernate.transaction.jta.platform' to enable JTA platform integration)
2026-02-15 21:42:12.520 [restartedMain] INFO  o.s.o.j.LocalContainerEntityManagerFactoryBean - Initialized JPA EntityManagerFactory for persistence unit 'default'
2026-02-15 21:42:13.027 [restartedMain] INFO  o.s.d.j.r.query.QueryEnhancerFactory - Hibernate is in classpath; If applicable, HQL parser will be used.
2026-02-15 21:42:13.849 [restartedMain] WARN  o.s.b.a.o.j.JpaBaseConfiguration$JpaWebConfiguration - spring.jpa.open-in-view is enabled by default. Therefore, database queries may be performed during view rendering. Explicitly configure spring.jpa.open-in-view to disable this warning
2026-02-15 21:42:14.228 [restartedMain] DEBUG o.s.w.s.m.m.a.RequestMappingHandlerMapping - 16 mappings in 'requestMappingHandlerMapping'
2026-02-15 21:42:14.399 [restartedMain] DEBUG o.s.w.s.h.SimpleUrlHandlerMapping - Patterns [/webjars/**, /**] in 'resourceHandlerMapping'
2026-02-15 21:42:14.438 [restartedMain] DEBUG o.s.w.s.m.m.a.RequestMappingHandlerAdapter - ControllerAdvice beans: 0 @ModelAttribute, 0 @InitBinder, 1 RequestBodyAdvice, 1 ResponseBodyAdvice
2026-02-15 21:42:14.503 [restartedMain] WARN  o.s.b.a.t.ThymeleafAutoConfiguration$DefaultTemplateResolverConfiguration - Cannot find template location: classpath:/templates/ (please add some templates, check your Thymeleaf configuration, or set spring.thymeleaf.check-template-location=false)
2026-02-15 21:42:14.547 [restartedMain] DEBUG o.s.w.s.m.m.a.ExceptionHandlerExceptionResolver - ControllerAdvice beans: 1 @ExceptionHandler, 1 ResponseBodyAdvice
2026-02-15 21:42:14.601 [restartedMain] DEBUG o.s.w.s.m.m.a.ExceptionHandlerExceptionResolver - ControllerAdvice beans: 1 @ExceptionHandler, 0 ResponseBodyAdvice
2026-02-15 21:42:14.910 [restartedMain] INFO  o.s.b.d.a.OptionalLiveReloadServer - LiveReload server is running on port 35729
2026-02-15 21:42:14.928 [restartedMain] INFO  o.a.coyote.http11.Http11NioProtocol - Starting ProtocolHandler ["http-nio-8080"]
2026-02-15 21:42:14.952 [restartedMain] INFO  o.s.b.w.e.tomcat.TomcatWebServer - Tomcat started on port 8080 (http) with context path '/'
2026-02-15 21:42:14.962 [restartedMain] INFO  c.e.P.ProyectoBackEndApplication - Started ProyectoBackEndApplication in 6.591 seconds (process running for 7.142)
2026-02-15 21:42:21.999 [http-nio-8080-exec-2] INFO  o.a.c.c.C.[Tomcat].[localhost].[/] - Initializing Spring DispatcherServlet 'dispatcherServlet'
2026-02-15 21:42:21.999 [http-nio-8080-exec-2] INFO  o.s.web.servlet.DispatcherServlet - Initializing Servlet 'dispatcherServlet'
2026-02-15 21:42:21.999 [http-nio-8080-exec-2] DEBUG o.s.web.servlet.DispatcherServlet - Detected StandardServletMultipartResolver
2026-02-15 21:42:21.999 [http-nio-8080-exec-2] DEBUG o.s.web.servlet.DispatcherServlet - Detected AcceptHeaderLocaleResolver
2026-02-15 21:42:21.999 [http-nio-8080-exec-2] DEBUG o.s.web.servlet.DispatcherServlet - Detected FixedThemeResolver
2026-02-15 21:42:22.000 [http-nio-8080-exec-2] DEBUG o.s.web.servlet.DispatcherServlet - Detected org.springframework.web.servlet.view.DefaultRequestToViewNameTranslator@5926b4b4
2026-02-15 21:42:22.001 [http-nio-8080-exec-2] DEBUG o.s.web.servlet.DispatcherServlet - Detected org.springframework.web.servlet.support.SessionFlashMapManager@4a83c2d7
2026-02-15 21:42:22.001 [http-nio-8080-exec-2] DEBUG o.s.web.servlet.DispatcherServlet - enableLoggingRequestDetails='false': request parameters and headers will be masked to prevent unsafe logging of potentially sensitive data
2026-02-15 21:42:22.001 [http-nio-8080-exec-2] INFO  o.s.web.servlet.DispatcherServlet - Completed initialization in 2 ms
2026-02-15 21:42:22.012 [http-nio-8080-exec-2] DEBUG o.s.web.servlet.DispatcherServlet - PATCH "/api/tareas-rest/63", parameters={}
2026-02-15 21:42:22.383 [http-nio-8080-exec-2] DEBUG o.s.w.s.m.m.a.HttpEntityMethodProcessor - Using 'application/hal+json', given [*/*] and supported [application/hal+json]
2026-02-15 21:42:22.393 [http-nio-8080-exec-2] DEBUG o.s.w.s.m.m.a.HttpEntityMethodProcessor - Writing [EntityModel { content: TaskEntity(idTarea=63, titulo=Actualizado desde Postman, estado=Completado, f (truncated)...]
2026-02-15 21:42:22.464 [http-nio-8080-exec-2] DEBUG o.s.web.servlet.DispatcherServlet - Completed 200 OK
2026-02-15 22:14:42.678 [HikariPool-1:housekeeper] WARN  com.zaxxer.hikari.pool.HikariPool - HikariPool-1 - Thread starvation or clock leap detected (housekeeper delta=30m31s158ms740µs500ns).
2026-02-15 22:15:55.370 [http-nio-8080-exec-5] DEBUG o.s.web.servlet.DispatcherServlet - PUT "/api/tareas-rest/63", parameters={}
2026-02-15 22:15:55.407 [http-nio-8080-exec-5] DEBUG o.s.web.method.HandlerMethod - Could not resolve parameter [1] in public org.springframework.http.ResponseEntity<? extends org.springframework.hateoas.RepresentationModel<?>> org.springframework.data.rest.webmvc.RepositoryEntityController.putItemResource(org.springframework.data.rest.webmvc.RootResourceInformation,org.springframework.data.rest.webmvc.PersistentEntityResource,java.io.Serializable,org.springframework.data.rest.webmvc.PersistentEntityResourceAssembler,org.springframework.data.rest.webmvc.support.ETag,java.lang.String) throws org.springframework.web.HttpRequestMethodNotSupportedException: Could not read an object of type class com.example.ProyectoBackEnd.dao.entity.TaskEntity from the request
2026-02-15 22:15:55.409 [http-nio-8080-exec-5] DEBUG o.s.w.s.m.m.a.ExceptionHandlerExceptionResolver - Using @ExceptionHandler org.springframework.data.rest.webmvc.RepositoryRestExceptionHandler#handleNotReadable(HttpMessageNotReadableException)
2026-02-15 22:15:55.412 [http-nio-8080-exec-5] DEBUG o.s.w.s.m.m.a.HttpEntityMethodProcessor - Using 'application/json', given [*/*] and supported [application/json, application/*+json]
2026-02-15 22:15:55.413 [http-nio-8080-exec-5] DEBUG o.s.w.s.m.m.a.HttpEntityMethodProcessor - Writing [org.springframework.data.rest.webmvc.support.ExceptionMessage@75f34e22]
2026-02-15 22:15:55.416 [http-nio-8080-exec-5] WARN  o.s.w.s.m.m.a.ExceptionHandlerExceptionResolver - Resolved [org.springframework.http.converter.HttpMessageNotReadableException: Could not read an object of type class com.example.ProyectoBackEnd.dao.entity.TaskEntity from the request]
2026-02-15 22:15:55.417 [http-nio-8080-exec-5] DEBUG o.s.web.servlet.DispatcherServlet - Completed 400 BAD_REQUEST
